solid OpenSCAD_Model
  facet normal 1 -0 0
    outer loop
      vertex 10 -10 45
      vertex 10 10 25
      vertex 10 10 45
    endloop
  endfacet
  facet normal 1 0 0
    outer loop
      vertex 10 10 25
      vertex 10 -10 45
      vertex 10 -10 25
    endloop
  endfacet
  facet normal -0 0 1
    outer loop
      vertex -10 10 45
      vertex 10 -10 45
      vertex 10 10 45
    endloop
  endfacet
  facet normal 0 0 1
    outer loop
      vertex 10 -10 45
      vertex -10 10 45
      vertex -10 -10 45
    endloop
  endfacet
  facet normal 0 0 1
    outer loop
      vertex 10 10 25
      vertex 30 0 25
      vertex 29.9954 0.523572 25
    endloop
  endfacet
  facet normal 0 0 1
    outer loop
      vertex 10 10 25
      vertex 29.9954 0.523572 25
      vertex 29.9817 1.04698 25
    endloop
  endfacet
  facet normal 0 0 1
    outer loop
      vertex 10 -10 25
      vertex 30 0 25
      vertex 10 10 25
    endloop
  endfacet
  facet normal 0 0 1
    outer loop
      vertex 10 10 25
      vertex 29.9817 1.04698 25
      vertex 29.9589 1.57008 25
    endloop
  endfacet
  facet normal 0 0 1
    outer loop
      vertex 30 0 25
      vertex 10 -10 25
      vertex 29.9954 -0.523572 25
    endloop
  endfacet
  facet normal 0 0 1
    outer loop
      vertex 10 10 25
      vertex 29.9589 1.57008 25
      vertex 29.9269 2.09269 25
    endloop
  endfacet
  facet normal 0 0 1
    outer loop
      vertex 29.9954 -0.523572 25
      vertex 10 -10 25
      vertex 29.9817 -1.04698 25
    endloop
  endfacet
  facet normal 0 0 1
    outer loop
      vertex 10 10 25
      vertex 29.9269 2.09269 25
      vertex 29.8858 2.61467 25
    endloop
  endfacet
  facet normal 0 0 1
    outer loop
      vertex 29.9817 -1.04698 25
      vertex 10 -10 25
      vertex 29.9589 -1.57008 25
    endloop
  endfacet
  facet normal 0 0 1
    outer loop
      vertex 10 10 25
      vertex 29.8858 2.61467 25
      vertex 29.8357 3.13585 25
    endloop
  endfacet
  facet normal 0 0 1
    outer loop
      vertex 29.9589 -1.57008 25
      vertex 10 -10 25
      vertex 29.9269 -2.09269 25
    endloop
  endfacet
  facet normal 0 0 1
    outer loop
      vertex 10 10 25
      vertex 29.8357 3.13585 25
      vertex 29.7764 3.65608 25
    endloop
  endfacet
  facet normal 0 0 1
    outer loop
      vertex 29.9269 -2.09269 25
      vertex 10 -10 25
      vertex 29.8858 -2.61467 25
    endloop
  endfacet
  facet normal 0 0 1
    outer loop
      vertex 10 10 25
      vertex 29.7764 3.65608 25
      vertex 29.708 4.17519 25
    endloop
  endfacet
  facet normal 0 0 1
    outer loop
      vertex 29.8858 -2.61467 25
      vertex 10 -10 25
      vertex 29.8357 -3.13585 25
    endloop
  endfacet
  facet normal 0 0 1
    outer loop
      vertex 10 10 25
      vertex 29.708 4.17519 25
      vertex 29.6306 4.69303 25
    endloop
  endfacet
  facet normal 0 0 1
    outer loop
      vertex 29.8357 -3.13585 25
      vertex 10 -10 25
      vertex 29.7764 -3.65608 25
    endloop
  endfacet
  facet normal 0 0 1
    outer loop
      vertex 10 10 25
      vertex 29.6306 4.69303 25
      vertex 29.5442 5.20944 25
    endloop
  endfacet
  facet normal 0 0 1
    outer loop
      vertex 29.7764 -3.65608 25
      vertex 10 -10 25
      vertex 29.708 -4.17519 25
    endloop
  endfacet
  facet normal 0 0 1
    outer loop
      vertex 10 10 25
      vertex 29.5442 5.20944 25
      vertex 29.4488 5.72427 25
    endloop
  endfacet
  facet normal 0 0 1
    outer loop
      vertex 29.708 -4.17519 25
      vertex 10 -10 25
      vertex 29.6306 -4.69303 25
    endloop
  endfacet
  facet normal 0 0 1
    outer loop
      vertex 10 10 25
      vertex 29.4488 5.72427 25
      vertex 29.3444 6.23735 25
    endloop
  endfacet
  facet normal 0 0 1
    outer loop
      vertex 29.6306 -4.69303 25
      vertex 10 -10 25
      vertex 29.5442 -5.20944 25
    endloop
  endfacet
  facet normal 0 0 1
    outer loop
      vertex 10 10 25
      vertex 29.3444 6.23735 25
      vertex 29.2311 6.74853 25
    endloop
  endfacet
  facet normal 0 0 1
    outer loop
      vertex 29.5442 -5.20944 25
      vertex 10 -10 25
      vertex 29.4488 -5.72427 25
    endloop
  endfacet
  facet normal 0 0 1
    outer loop
      vertex 10 10 25
      vertex 29.2311 6.74853 25
      vertex 29.1089 7.25766 25
    endloop
  endfacet
  facet normal 0 0 1
    outer loop
      vertex 29.4488 -5.72427 25
      vertex 10 -10 25
      vertex 29.3444 -6.23735 25
    endloop
  endfacet
  facet normal 0 0 1
    outer loop
      vertex 10 10 25
      vertex 29.1089 7.25766 25
      vertex 28.9778 7.76457 25
    endloop
  endfacet
  facet normal 0 0 1
    outer loop
      vertex 29.3444 -6.23735 25
      vertex 10 -10 25
      vertex 29.2311 -6.74853 25
    endloop
  endfacet
  facet normal 0 0 1
    outer loop
      vertex 10 10 25
      vertex 28.9778 7.76457 25
      vertex 28.8379 8.26912 25
    endloop
  endfacet
  facet normal 0 0 1
    outer loop
      vertex 29.2311 -6.74853 25
      vertex 10 -10 25
      vertex 29.1089 -7.25766 25
    endloop
  endfacet
  facet normal 0 0 1
    outer loop
      vertex 10 10 25
      vertex 28.8379 8.26912 25
      vertex 28.6891 8.77115 25
    endloop
  endfacet
  facet normal 0 0 1
    outer loop
      vertex 29.1089 -7.25766 25
      vertex 10 -10 25
      vertex 28.9778 -7.76457 25
    endloop
  endfacet
  facet normal 0 0 1
    outer loop
      vertex 10 10 25
      vertex 28.6891 8.77115 25
      vertex 28.5317 9.27051 25
    endloop
  endfacet
  facet normal 0 0 1
    outer loop
      vertex 28.9778 -7.76457 25
      vertex 10 -10 25
      vertex 28.8379 -8.26912 25
    endloop
  endfacet
  facet normal 0 0 1
    outer loop
      vertex 10 10 25
      vertex 28.5317 9.27051 25
      vertex 28.3656 9.76704 25
    endloop
  endfacet
  facet normal 0 0 1
    outer loop
      vertex 28.8379 -8.26912 25
      vertex 10 -10 25
      vertex 28.6891 -8.77115 25
    endloop
  endfacet
  facet normal -0 0 1
    outer loop
      vertex 10 10 25
      vertex 28.3656 9.76704 25
      vertex 28.1908 10.2606 25
    endloop
  endfacet
  facet normal 0 0 1
    outer loop
      vertex 28.6891 -8.77115 25
      vertex 10 -10 25
      vertex 28.5317 -9.27051 25
    endloop
  endfacet
  facet normal 0 0 1
    outer loop
      vertex 10 10 25
      vertex 28.1908 10.2606 25
      vertex 28.0074 10.751 25
    endloop
  endfacet
  facet normal 0 0 1
    outer loop
      vertex 28.5317 -9.27051 25
      vertex 10 -10 25
      vertex 28.3656 -9.76704 25
    endloop
  endfacet
  facet normal 0 0 1
    outer loop
      vertex 10 10 25
      vertex 28.0074 10.751 25
      vertex 27.8155 11.2382 25
    endloop
  endfacet
  facet normal 0 0 1
    outer loop
      vertex 28.3656 -9.76704 25
      vertex 10 -10 25
      vertex 28.1908 -10.2606 25
    endloop
  endfacet
  facet normal 0 0 1
    outer loop
      vertex 10 10 25
      vertex 27.8155 11.2382 25
      vertex 27.6151 11.7219 25
    endloop
  endfacet
  facet normal 0 0 1
    outer loop
      vertex 28.1908 -10.2606 25
      vertex 10 -10 25
      vertex 28.0074 -10.751 25
    endloop
  endfacet
  facet normal 0 0 1
    outer loop
      vertex 10 10 25
      vertex 27.6151 11.7219 25
      vertex 27.4064 12.2021 25
    endloop
  endfacet
  facet normal 0 0 1
    outer loop
      vertex 28.0074 -10.751 25
      vertex 10 -10 25
      vertex 27.8155 -11.2382 25
    endloop
  endfacet
  facet normal 0 0 1
    outer loop
      vertex 10 10 25
      vertex 27.4064 12.2021 25
      vertex 27.1892 12.6785 25
    endloop
  endfacet
  facet normal 0 0 1
    outer loop
      vertex 27.8155 -11.2382 25
      vertex 10 -10 25
      vertex 27.6151 -11.7219 25
    endloop
  endfacet
  facet normal 0 0 1
    outer loop
      vertex 10 10 25
      vertex 27.1892 12.6785 25
      vertex 26.9638 13.1511 25
    endloop
  endfacet
  facet normal 0 0 1
    outer loop
      vertex 27.6151 -11.7219 25
      vertex 10 -10 25
      vertex 27.4064 -12.2021 25
    endloop
  endfacet
  facet normal 0 0 1
    outer loop
      vertex 10 10 25
      vertex 26.9638 13.1511 25
      vertex 26.7302 13.6197 25
    endloop
  endfacet
  facet normal 0 0 1
    outer loop
      vertex 27.4064 -12.2021 25
      vertex 10 -10 25
      vertex 27.1892 -12.6785 25
    endloop
  endfacet
  facet normal 0 0 1
    outer loop
      vertex 10 10 25
      vertex 26.7302 13.6197 25
      vertex 26.4884 14.0841 25
    endloop
  endfacet
  facet normal 0 0 1
    outer loop
      vertex 27.1892 -12.6785 25
      vertex 10 -10 25
      vertex 26.9638 -13.1511 25
    endloop
  endfacet
  facet normal 0 0 1
    outer loop
      vertex 10 10 25
      vertex 26.4884 14.0841 25
      vertex 26.2386 14.5443 25
    endloop
  endfacet
  facet normal 0 0 1
    outer loop
      vertex 26.9638 -13.1511 25
      vertex 10 -10 25
      vertex 26.7302 -13.6197 25
    endloop
  endfacet
  facet normal 0 0 1
    outer loop
      vertex 10 10 25
      vertex 26.2386 14.5443 25
      vertex 25.9808 15 25
    endloop
  endfacet
  facet normal 0 0 1
    outer loop
      vertex 26.7302 -13.6197 25
      vertex 10 -10 25
      vertex 26.4884 -14.0841 25
    endloop
  endfacet
  facet normal 0 0 1
    outer loop
      vertex 10 10 25
      vertex 25.9808 15 25
      vertex 25.715 15.4511 25
    endloop
  endfacet
  facet normal 0 0 1
    outer loop
      vertex 26.4884 -14.0841 25
      vertex 10 -10 25
      vertex 26.2386 -14.5443 25
    endloop
  endfacet
  facet normal 0 0 1
    outer loop
      vertex 10 10 25
      vertex 25.715 15.4511 25
      vertex 25.4414 15.8976 25
    endloop
  endfacet
  facet normal 0 0 1
    outer loop
      vertex 26.2386 -14.5443 25
      vertex 10 -10 25
      vertex 25.9808 -15 25
    endloop
  endfacet
  facet normal 0 0 1
    outer loop
      vertex 10 10 25
      vertex 25.4414 15.8976 25
      vertex 25.1601 16.3392 25
    endloop
  endfacet
  facet normal 0 0 1
    outer loop
      vertex 25.9808 -15 25
      vertex 10 -10 25
      vertex 25.715 -15.4511 25
    endloop
  endfacet
  facet normal 0 0 1
    outer loop
      vertex 10 10 25
      vertex 25.1601 16.3392 25
      vertex 24.8711 16.7758 25
    endloop
  endfacet
  facet normal 0 0 1
    outer loop
      vertex 25.715 -15.4511 25
      vertex 10 -10 25
      vertex 25.4414 -15.8976 25
    endloop
  endfacet
  facet normal 0 0 1
    outer loop
      vertex 10 10 25
      vertex 24.8711 16.7758 25
      vertex 24.5746 17.2073 25
    endloop
  endfacet
  facet normal 0 0 1
    outer loop
      vertex 25.4414 -15.8976 25
      vertex 10 -10 25
      vertex 25.1601 -16.3392 25
    endloop
  endfacet
  facet normal 0 0 1
    outer loop
      vertex 10 10 25
      vertex 24.5746 17.2073 25
      vertex 24.2705 17.6336 25
    endloop
  endfacet
  facet normal 0 0 1
    outer loop
      vertex 25.1601 -16.3392 25
      vertex 10 -10 25
      vertex 24.8711 -16.7758 25
    endloop
  endfacet
  facet normal 0 0 1
    outer loop
      vertex 10 10 25
      vertex 24.2705 17.6336 25
      vertex 23.9591 18.0545 25
    endloop
  endfacet
  facet normal 0 0 1
    outer loop
      vertex 24.8711 -16.7758 25
      vertex 10 -10 25
      vertex 24.5746 -17.2073 25
    endloop
  endfacet
  facet normal 0 0 1
    outer loop
      vertex 10 10 25
      vertex 23.9591 18.0545 25
      vertex 23.6403 18.4698 25
    endloop
  endfacet
  facet normal 0 0 1
    outer loop
      vertex 24.5746 -17.2073 25
      vertex 10 -10 25
      vertex 24.2705 -17.6336 25
    endloop
  endfacet
  facet normal 0 0 1
    outer loop
      vertex 10 10 25
      vertex 23.6403 18.4698 25
      vertex 23.3144 18.8796 25
    endloop
  endfacet
  facet normal 0 0 1
    outer loop
      vertex 24.2705 -17.6336 25
      vertex 10 -10 25
      vertex 23.9591 -18.0545 25
    endloop
  endfacet
  facet normal 0 0 1
    outer loop
      vertex 10 10 25
      vertex 23.3144 18.8796 25
      vertex 22.9813 19.2836 25
    endloop
  endfacet
  facet normal 0 0 1
    outer loop
      vertex 23.9591 -18.0545 25
      vertex 10 -10 25
      vertex 23.6403 -18.4698 25
    endloop
  endfacet
  facet normal 0 0 1
    outer loop
      vertex 10 10 25
      vertex 22.9813 19.2836 25
      vertex 22.6413 19.6818 25
    endloop
  endfacet
  facet normal 0 0 1
    outer loop
      vertex 23.6403 -18.4698 25
      vertex 10 -10 25
      vertex 23.3144 -18.8796 25
    endloop
  endfacet
  facet normal 0 0 1
    outer loop
      vertex 10 10 25
      vertex 22.6413 19.6818 25
      vertex 22.2943 20.0739 25
    endloop
  endfacet
  facet normal 0 0 1
    outer loop
      vertex 23.3144 -18.8796 25
      vertex 10 -10 25
      vertex 22.9813 -19.2836 25
    endloop
  endfacet
  facet normal 0 0 1
    outer loop
      vertex 10 10 25
      vertex 22.2943 20.0739 25
      vertex 21.9406 20.4599 25
    endloop
  endfacet
  facet normal 0 0 1
    outer loop
      vertex 22.9813 -19.2836 25
      vertex 10 -10 25
      vertex 22.6413 -19.6818 25
    endloop
  endfacet
  facet normal 0 0 1
    outer loop
      vertex 10 10 25
      vertex 21.9406 20.4599 25
      vertex 21.5802 20.8398 25
    endloop
  endfacet
  facet normal 0 0 1
    outer loop
      vertex 22.6413 -19.6818 25
      vertex 10 -10 25
      vertex 22.2943 -20.0739 25
    endloop
  endfacet
  facet normal 0 0 1
    outer loop
      vertex 10 10 25
      vertex 21.5802 20.8398 25
      vertex 21.2132 21.2132 25
    endloop
  endfacet
  facet normal 0 0 1
    outer loop
      vertex 22.2943 -20.0739 25
      vertex 10 -10 25
      vertex 21.9406 -20.4599 25
    endloop
  endfacet
  facet normal 0 0 1
    outer loop
      vertex 10 10 25
      vertex 21.2132 21.2132 25
      vertex 20.8398 21.5802 25
    endloop
  endfacet
  facet normal 0 0 1
    outer loop
      vertex 21.9406 -20.4599 25
      vertex 10 -10 25
      vertex 21.5802 -20.8398 25
    endloop
  endfacet
  facet normal 0 0 1
    outer loop
      vertex 10 10 25
      vertex 20.8398 21.5802 25
      vertex 20.4599 21.9406 25
    endloop
  endfacet
  facet normal 0 0 1
    outer loop
      vertex 21.5802 -20.8398 25
      vertex 10 -10 25
      vertex 21.2132 -21.2132 25
    endloop
  endfacet
  facet normal 0 0 1
    outer loop
      vertex 10 10 25
      vertex 20.4599 21.9406 25
      vertex 20.0739 22.2943 25
    endloop
  endfacet
  facet normal 0 0 1
    outer loop
      vertex 21.2132 -21.2132 25
      vertex 10 -10 25
      vertex 20.8398 -21.5802 25
    endloop
  endfacet
  facet normal 0 0 1
    outer loop
      vertex 10 10 25
      vertex 20.0739 22.2943 25
      vertex 19.6818 22.6413 25
    endloop
  endfacet
  facet normal 0 0 1
    outer loop
      vertex 20.8398 -21.5802 25
      vertex 10 -10 25
      vertex 20.4599 -21.9406 25
    endloop
  endfacet
  facet normal 0 0 1
    outer loop
      vertex 10 10 25
      vertex 19.6818 22.6413 25
      vertex 19.2836 22.9813 25
    endloop
  endfacet
  facet normal 0 0 1
    outer loop
      vertex 20.4599 -21.9406 25
      vertex 10 -10 25
      vertex 20.0739 -22.2943 25
    endloop
  endfacet
  facet normal 0 0 1
    outer loop
      vertex 10 10 25
      vertex 19.2836 22.9813 25
      vertex 18.8796 23.3144 25
    endloop
  endfacet
  facet normal 0 0 1
    outer loop
      vertex 20.0739 -22.2943 25
      vertex 10 -10 25
      vertex 19.6818 -22.6413 25
    endloop
  endfacet
  facet normal 0 0 1
    outer loop
      vertex 10 10 25
      vertex 18.8796 23.3144 25
      vertex 18.4698 23.6403 25
    endloop
  endfacet
  facet normal 0 0 1
    outer loop
      vertex 19.6818 -22.6413 25
      vertex 10 -10 25
      vertex 19.2836 -22.9813 25
    endloop
  endfacet
  facet normal 0 0 1
    outer loop
      vertex 10 10 25
      vertex 18.4698 23.6403 25
      vertex 18.0545 23.9591 25
    endloop
  endfacet
  facet normal 0 0 1
    outer loop
      vertex 19.2836 -22.9813 25
      vertex 10 -10 25
      vertex 18.8796 -23.3144 25
    endloop
  endfacet
  facet normal 0 0 1
    outer loop
      vertex 10 10 25
      vertex 18.0545 23.9591 25
      vertex 17.6336 24.2705 25
    endloop
  endfacet
  facet normal 0 0 1
    outer loop
      vertex 18.8796 -23.3144 25
      vertex 10 -10 25
      vertex 18.4698 -23.6403 25
    endloop
  endfacet
  facet normal 0 0 1
    outer loop
      vertex 10 10 25
      vertex 17.6336 24.2705 25
      vertex 17.2073 24.5746 25
    endloop
  endfacet
  facet normal 0 0 1
    outer loop
      vertex 18.4698 -23.6403 25
      vertex 10 -10 25
      vertex 18.0545 -23.9591 25
    endloop
  endfacet
  facet normal 0 0 1
    outer loop
      vertex 10 10 25
      vertex 17.2073 24.5746 25
      vertex 16.7758 24.8711 25
    endloop
  endfacet
  facet normal 0 0 1
    outer loop
      vertex 18.0545 -23.9591 25
      vertex 10 -10 25
      vertex 17.6336 -24.2705 25
    endloop
  endfacet
  facet normal 0 0 1
    outer loop
      vertex 10 10 25
      vertex 16.7758 24.8711 25
      vertex 16.3392 25.1601 25
    endloop
  endfacet
  facet normal 0 0 1
    outer loop
      vertex 17.6336 -24.2705 25
      vertex 10 -10 25
      vertex 17.2073 -24.5746 25
    endloop
  endfacet
  facet normal 0 0 1
    outer loop
      vertex 10 10 25
      vertex 16.3392 25.1601 25
      vertex 15.8976 25.4414 25
    endloop
  endfacet
  facet normal 0 0 1
    outer loop
      vertex 17.2073 -24.5746 25
      vertex 10 -10 25
      vertex 16.7758 -24.8711 25
    endloop
  endfacet
  facet normal 0 0 1
    outer loop
      vertex 10 10 25
      vertex 15.8976 25.4414 25
      vertex 15.4511 25.715 25
    endloop
  endfacet
  facet normal 0 0 1
    outer loop
      vertex 16.7758 -24.8711 25
      vertex 10 -10 25
      vertex 16.3392 -25.1601 25
    endloop
  endfacet
  facet normal 0 0 1
    outer loop
      vertex 10 10 25
      vertex 15.4511 25.715 25
      vertex 15 25.9808 25
    endloop
  endfacet
  facet normal 0 0 1
    outer loop
      vertex 16.3392 -25.1601 25
      vertex 10 -10 25
      vertex 15.8976 -25.4414 25
    endloop
  endfacet
  facet normal 0 0 1
    outer loop
      vertex 10 10 25
      vertex 15 25.9808 25
      vertex 14.5443 26.2386 25
    endloop
  endfacet
  facet normal 0 0 1
    outer loop
      vertex 15.8976 -25.4414 25
      vertex 10 -10 25
      vertex 15.4511 -25.715 25
    endloop
  endfacet
  facet normal 0 0 1
    outer loop
      vertex 10 10 25
      vertex 14.5443 26.2386 25
      vertex 14.0841 26.4884 25
    endloop
  endfacet
  facet normal 0 0 1
    outer loop
      vertex 15.4511 -25.715 25
      vertex 10 -10 25
      vertex 15 -25.9808 25
    endloop
  endfacet
  facet normal 0 0 1
    outer loop
      vertex 10 10 25
      vertex 14.0841 26.4884 25
      vertex 13.6197 26.7302 25
    endloop
  endfacet
  facet normal 0 0 1
    outer loop
      vertex 15 -25.9808 25
      vertex 10 -10 25
      vertex 14.5443 -26.2386 25
    endloop
  endfacet
  facet normal 0 0 1
    outer loop
      vertex 10 10 25
      vertex 13.6197 26.7302 25
      vertex 13.1511 26.9638 25
    endloop
  endfacet
  facet normal 0 0 1
    outer loop
      vertex 14.5443 -26.2386 25
      vertex 10 -10 25
      vertex 14.0841 -26.4884 25
    endloop
  endfacet
  facet normal 0 0 1
    outer loop
      vertex 10 10 25
      vertex 13.1511 26.9638 25
      vertex 12.6785 27.1892 25
    endloop
  endfacet
  facet normal 0 0 1
    outer loop
      vertex 14.0841 -26.4884 25
      vertex 10 -10 25
      vertex 13.6197 -26.7302 25
    endloop
  endfacet
  facet normal 0 0 1
    outer loop
      vertex 10 10 25
      vertex 12.6785 27.1892 25
      vertex 12.2021 27.4064 25
    endloop
  endfacet
  facet normal 0 0 1
    outer loop
      vertex 13.6197 -26.7302 25
      vertex 10 -10 25
      vertex 13.1511 -26.9638 25
    endloop
  endfacet
  facet normal 0 0 1
    outer loop
      vertex 10 10 25
      vertex 12.2021 27.4064 25
      vertex 11.7219 27.6151 25
    endloop
  endfacet
  facet normal 0 0 1
    outer loop
      vertex 13.1511 -26.9638 25
      vertex 10 -10 25
      vertex 12.6785 -27.1892 25
    endloop
  endfacet
  facet normal 0 0 1
    outer loop
      vertex 10 10 25
      vertex 11.7219 27.6151 25
      vertex 11.2382 27.8155 25
    endloop
  endfacet
  facet normal 0 0 1
    outer loop
      vertex 12.6785 -27.1892 25
      vertex 10 -10 25
      vertex 12.2021 -27.4064 25
    endloop
  endfacet
  facet normal 0 0 1
    outer loop
      vertex 10 10 25
      vertex 11.2382 27.8155 25
      vertex 10.751 28.0074 25
    endloop
  endfacet
  facet normal 0 0 1
    outer loop
      vertex 12.2021 -27.4064 25
      vertex 10 -10 25
      vertex 11.7219 -27.6151 25
    endloop
  endfacet
  facet normal 0 0 1
    outer loop
      vertex 10 10 25
      vertex 10.751 28.0074 25
      vertex 10.2606 28.1908 25
    endloop
  endfacet
  facet normal 0 0 1
    outer loop
      vertex 11.7219 -27.6151 25
      vertex 10 -10 25
      vertex 11.2382 -27.8155 25
    endloop
  endfacet
  facet normal 0 0 1
    outer loop
      vertex 11.2382 -27.8155 25
      vertex 10 -10 25
      vertex 10.751 -28.0074 25
    endloop
  endfacet
  facet normal 0 0 1
    outer loop
      vertex 9.76704 28.3656 25
      vertex 10 10 25
      vertex 10.2606 28.1908 25
    endloop
  endfacet
  facet normal 0 0 1
    outer loop
      vertex 9.27051 28.5317 25
      vertex 10 10 25
      vertex 9.76704 28.3656 25
    endloop
  endfacet
  facet normal 0 0 1
    outer loop
      vertex 8.77115 28.6891 25
      vertex 10 10 25
      vertex 9.27051 28.5317 25
    endloop
  endfacet
  facet normal 0 0 1
    outer loop
      vertex 8.26912 28.8379 25
      vertex 10 10 25
      vertex 8.77115 28.6891 25
    endloop
  endfacet
  facet normal 0 0 1
    outer loop
      vertex 7.76457 28.9778 25
      vertex 10 10 25
      vertex 8.26912 28.8379 25
    endloop
  endfacet
  facet normal 0 0 1
    outer loop
      vertex 7.25766 29.1089 25
      vertex 10 10 25
      vertex 7.76457 28.9778 25
    endloop
  endfacet
  facet normal 0 0 1
    outer loop
      vertex 6.74853 29.2311 25
      vertex 10 10 25
      vertex 7.25766 29.1089 25
    endloop
  endfacet
  facet normal 0 0 1
    outer loop
      vertex 6.23735 29.3444 25
      vertex 10 10 25
      vertex 6.74853 29.2311 25
    endloop
  endfacet
  facet normal 0 0 1
    outer loop
      vertex 5.72427 29.4488 25
      vertex 10 10 25
      vertex 6.23735 29.3444 25
    endloop
  endfacet
  facet normal 0 0 1
    outer loop
      vertex 5.20944 29.5442 25
      vertex 10 10 25
      vertex 5.72427 29.4488 25
    endloop
  endfacet
  facet normal 0 0 1
    outer loop
      vertex 4.69303 29.6306 25
      vertex 10 10 25
      vertex 5.20944 29.5442 25
    endloop
  endfacet
  facet normal 0 0 1
    outer loop
      vertex 4.17519 29.708 25
      vertex 10 10 25
      vertex 4.69303 29.6306 25
    endloop
  endfacet
  facet normal 0 0 1
    outer loop
      vertex 3.65608 29.7764 25
      vertex 10 10 25
      vertex 4.17519 29.708 25
    endloop
  endfacet
  facet normal 0 0 1
    outer loop
      vertex 3.13585 29.8357 25
      vertex 10 10 25
      vertex 3.65608 29.7764 25
    endloop
  endfacet
  facet normal 0 0 1
    outer loop
      vertex 2.61467 29.8858 25
      vertex 10 10 25
      vertex 3.13585 29.8357 25
    endloop
  endfacet
  facet normal 0 0 1
    outer loop
      vertex 2.09269 29.9269 25
      vertex 10 10 25
      vertex 2.61467 29.8858 25
    endloop
  endfacet
  facet normal 0 0 1
    outer loop
      vertex 1.57008 29.9589 25
      vertex 10 10 25
      vertex 2.09269 29.9269 25
    endloop
  endfacet
  facet normal 0 0 1
    outer loop
      vertex 1.04698 29.9817 25
      vertex 10 10 25
      vertex 1.57008 29.9589 25
    endloop
  endfacet
  facet normal 0 0 1
    outer loop
      vertex 0.523572 29.9954 25
      vertex 10 10 25
      vertex 1.04698 29.9817 25
    endloop
  endfacet
  facet normal 0 0 1
    outer loop
      vertex 0 30 25
      vertex 10 10 25
      vertex 0.523572 29.9954 25
    endloop
  endfacet
  facet normal 0 0 1
    outer loop
      vertex -10 10 25
      vertex 0 30 25
      vertex -0.523572 29.9954 25
    endloop
  endfacet
  facet normal 0 0 1
    outer loop
      vertex -10 10 25
      vertex -0.523572 29.9954 25
      vertex -1.04698 29.9817 25
    endloop
  endfacet
  facet normal 0 0 1
    outer loop
      vertex -10 10 25
      vertex -1.04698 29.9817 25
      vertex -1.57008 29.9589 25
    endloop
  endfacet
  facet normal 0 0 1
    outer loop
      vertex -10 10 25
      vertex -1.57008 29.9589 25
      vertex -2.09269 29.9269 25
    endloop
  endfacet
  facet normal 0 0 1
    outer loop
      vertex -10 10 25
      vertex -2.09269 29.9269 25
      vertex -2.61467 29.8858 25
    endloop
  endfacet
  facet normal 0 0 1
    outer loop
      vertex -10 10 25
      vertex -2.61467 29.8858 25
      vertex -3.13585 29.8357 25
    endloop
  endfacet
  facet normal 0 0 1
    outer loop
      vertex -10 10 25
      vertex -3.13585 29.8357 25
      vertex -3.65608 29.7764 25
    endloop
  endfacet
  facet normal 0 0 1
    outer loop
      vertex -10 10 25
      vertex -3.65608 29.7764 25
      vertex -4.17519 29.708 25
    endloop
  endfacet
  facet normal 0 0 1
    outer loop
      vertex -10 10 25
      vertex -4.17519 29.708 25
      vertex -4.69303 29.6306 25
    endloop
  endfacet
  facet normal 0 0 1
    outer loop
      vertex -10 10 25
      vertex -4.69303 29.6306 25
      vertex -5.20944 29.5442 25
    endloop
  endfacet
  facet normal 0 0 1
    outer loop
      vertex -10 10 25
      vertex -5.20944 29.5442 25
      vertex -5.72427 29.4488 25
    endloop
  endfacet
  facet normal 0 0 1
    outer loop
      vertex -10 10 25
      vertex -5.72427 29.4488 25
      vertex -6.23735 29.3444 25
    endloop
  endfacet
  facet normal 0 0 1
    outer loop
      vertex -10 10 25
      vertex -6.23735 29.3444 25
      vertex -6.74853 29.2311 25
    endloop
  endfacet
  facet normal 0 0 1
    outer loop
      vertex -10 10 25
      vertex -6.74853 29.2311 25
      vertex -7.25766 29.1089 25
    endloop
  endfacet
  facet normal 0 0 1
    outer loop
      vertex -10 10 25
      vertex -7.25766 29.1089 25
      vertex -7.76457 28.9778 25
    endloop
  endfacet
  facet normal 0 0 1
    outer loop
      vertex -10 10 25
      vertex -7.76457 28.9778 25
      vertex -8.26912 28.8379 25
    endloop
  endfacet
  facet normal 0 0 1
    outer loop
      vertex -10 10 25
      vertex -8.26912 28.8379 25
      vertex -8.77115 28.6891 25
    endloop
  endfacet
  facet normal 0 0 1
    outer loop
      vertex -10 10 25
      vertex -8.77115 28.6891 25
      vertex -9.27051 28.5317 25
    endloop
  endfacet
  facet normal 0 0 1
    outer loop
      vertex -10 10 25
      vertex -9.27051 28.5317 25
      vertex -9.76704 28.3656 25
    endloop
  endfacet
  facet normal 0 0 1
    outer loop
      vertex 0 30 25
      vertex -10 10 25
      vertex 10 10 25
    endloop
  endfacet
  facet normal -0 0 1
    outer loop
      vertex -10.751 28.0074 25
      vertex -10 10 25
      vertex -10.2606 28.1908 25
    endloop
  endfacet
  facet normal -0 0 1
    outer loop
      vertex -10.2606 28.1908 25
      vertex -10 10 25
      vertex -9.76704 28.3656 25
    endloop
  endfacet
  facet normal 0 0 1
    outer loop
      vertex 10.751 -28.0074 25
      vertex 10 -10 25
      vertex 10.2606 -28.1908 25
    endloop
  endfacet
  facet normal 0 0 1
    outer loop
      vertex 10 -10 25
      vertex 9.76704 -28.3656 25
      vertex 10.2606 -28.1908 25
    endloop
  endfacet
  facet normal 0 0 1
    outer loop
      vertex 10 -10 25
      vertex 9.27051 -28.5317 25
      vertex 9.76704 -28.3656 25
    endloop
  endfacet
  facet normal 0 0 1
    outer loop
      vertex 10 -10 25
      vertex 8.77115 -28.6891 25
      vertex 9.27051 -28.5317 25
    endloop
  endfacet
  facet normal 0 0 1
    outer loop
      vertex 10 -10 25
      vertex 8.26912 -28.8379 25
      vertex 8.77115 -28.6891 25
    endloop
  endfacet
  facet normal 0 0 1
    outer loop
      vertex 10 -10 25
      vertex 7.76457 -28.9778 25
      vertex 8.26912 -28.8379 25
    endloop
  endfacet
  facet normal 0 0 1
    outer loop
      vertex 10 -10 25
      vertex 7.25766 -29.1089 25
      vertex 7.76457 -28.9778 25
    endloop
  endfacet
  facet normal 0 0 1
    outer loop
      vertex 10 -10 25
      vertex 6.74853 -29.2311 25
      vertex 7.25766 -29.1089 25
    endloop
  endfacet
  facet normal 0 0 1
    outer loop
      vertex 10 -10 25
      vertex 6.23735 -29.3444 25
      vertex 6.74853 -29.2311 25
    endloop
  endfacet
  facet normal 0 0 1
    outer loop
      vertex 10 -10 25
      vertex 5.72427 -29.4488 25
      vertex 6.23735 -29.3444 25
    endloop
  endfacet
  facet normal 0 0 1
    outer loop
      vertex 10 -10 25
      vertex 5.20944 -29.5442 25
      vertex 5.72427 -29.4488 25
    endloop
  endfacet
  facet normal 0 0 1
    outer loop
      vertex 10 -10 25
      vertex 4.69303 -29.6306 25
      vertex 5.20944 -29.5442 25
    endloop
  endfacet
  facet normal 0 0 1
    outer loop
      vertex 10 -10 25
      vertex 4.17519 -29.708 25
      vertex 4.69303 -29.6306 25
    endloop
  endfacet
  facet normal 0 0 1
    outer loop
      vertex 10 -10 25
      vertex 3.65608 -29.7764 25
      vertex 4.17519 -29.708 25
    endloop
  endfacet
  facet normal 0 0 1
    outer loop
      vertex 10 -10 25
      vertex 3.13585 -29.8357 25
      vertex 3.65608 -29.7764 25
    endloop
  endfacet
  facet normal 0 0 1
    outer loop
      vertex 10 -10 25
      vertex 2.61467 -29.8858 25
      vertex 3.13585 -29.8357 25
    endloop
  endfacet
  facet normal 0 0 1
    outer loop
      vertex 10 -10 25
      vertex 2.09269 -29.9269 25
      vertex 2.61467 -29.8858 25
    endloop
  endfacet
  facet normal 0 0 1
    outer loop
      vertex 10 -10 25
      vertex 1.57008 -29.9589 25
      vertex 2.09269 -29.9269 25
    endloop
  endfacet
  facet normal 0 0 1
    outer loop
      vertex 10 -10 25
      vertex 1.04698 -29.9817 25
      vertex 1.57008 -29.9589 25
    endloop
  endfacet
  facet normal 0 0 1
    outer loop
      vertex 10 -10 25
      vertex 0.523572 -29.9954 25
      vertex 1.04698 -29.9817 25
    endloop
  endfacet
  facet normal 0 0 1
    outer loop
      vertex 10 -10 25
      vertex 0 -30 25
      vertex 0.523572 -29.9954 25
    endloop
  endfacet
  facet normal -0 0 1
    outer loop
      vertex -10 -10 25
      vertex 0 -30 25
      vertex 10 -10 25
    endloop
  endfacet
  facet normal 0 0 1
    outer loop
      vertex 0 -30 25
      vertex -10 -10 25
      vertex -0.523572 -29.9954 25
    endloop
  endfacet
  facet normal 0 0 1
    outer loop
      vertex -0.523572 -29.9954 25
      vertex -10 -10 25
      vertex -1.04698 -29.9817 25
    endloop
  endfacet
  facet normal 0 0 1
    outer loop
      vertex -1.04698 -29.9817 25
      vertex -10 -10 25
      vertex -1.57008 -29.9589 25
    endloop
  endfacet
  facet normal 0 0 1
    outer loop
      vertex -1.57008 -29.9589 25
      vertex -10 -10 25
      vertex -2.09269 -29.9269 25
    endloop
  endfacet
  facet normal 0 0 1
    outer loop
      vertex -2.09269 -29.9269 25
      vertex -10 -10 25
      vertex -2.61467 -29.8858 25
    endloop
  endfacet
  facet normal 0 0 1
    outer loop
      vertex -2.61467 -29.8858 25
      vertex -10 -10 25
      vertex -3.13585 -29.8357 25
    endloop
  endfacet
  facet normal 0 0 1
    outer loop
      vertex -3.13585 -29.8357 25
      vertex -10 -10 25
      vertex -3.65608 -29.7764 25
    endloop
  endfacet
  facet normal 0 0 1
    outer loop
      vertex -3.65608 -29.7764 25
      vertex -10 -10 25
      vertex -4.17519 -29.708 25
    endloop
  endfacet
  facet normal 0 0 1
    outer loop
      vertex -4.17519 -29.708 25
      vertex -10 -10 25
      vertex -4.69303 -29.6306 25
    endloop
  endfacet
  facet normal 0 0 1
    outer loop
      vertex -4.69303 -29.6306 25
      vertex -10 -10 25
      vertex -5.20944 -29.5442 25
    endloop
  endfacet
  facet normal 0 0 1
    outer loop
      vertex -5.20944 -29.5442 25
      vertex -10 -10 25
      vertex -5.72427 -29.4488 25
    endloop
  endfacet
  facet normal 0 0 1
    outer loop
      vertex -5.72427 -29.4488 25
      vertex -10 -10 25
      vertex -6.23735 -29.3444 25
    endloop
  endfacet
  facet normal 0 0 1
    outer loop
      vertex -6.23735 -29.3444 25
      vertex -10 -10 25
      vertex -6.74853 -29.2311 25
    endloop
  endfacet
  facet normal 0 0 1
    outer loop
      vertex -6.74853 -29.2311 25
      vertex -10 -10 25
      vertex -7.25766 -29.1089 25
    endloop
  endfacet
  facet normal 0 0 1
    outer loop
      vertex -7.25766 -29.1089 25
      vertex -10 -10 25
      vertex -7.76457 -28.9778 25
    endloop
  endfacet
  facet normal 0 0 1
    outer loop
      vertex -7.76457 -28.9778 25
      vertex -10 -10 25
      vertex -8.26912 -28.8379 25
    endloop
  endfacet
  facet normal 0 0 1
    outer loop
      vertex -8.26912 -28.8379 25
      vertex -10 -10 25
      vertex -8.77115 -28.6891 25
    endloop
  endfacet
  facet normal 0 0 1
    outer loop
      vertex -8.77115 -28.6891 25
      vertex -10 -10 25
      vertex -9.27051 -28.5317 25
    endloop
  endfacet
  facet normal 0 0 1
    outer loop
      vertex -9.27051 -28.5317 25
      vertex -10 -10 25
      vertex -9.76704 -28.3656 25
    endloop
  endfacet
  facet normal 0 0 1
    outer loop
      vertex -10 -10 25
      vertex -10.2606 -28.1908 25
      vertex -9.76704 -28.3656 25
    endloop
  endfacet
  facet normal -0 0 1
    outer loop
      vertex -11.2382 27.8155 25
      vertex -10 10 25
      vertex -10.751 28.0074 25
    endloop
  endfacet
  facet normal -0 0 1
    outer loop
      vertex -11.7219 27.6151 25
      vertex -10 10 25
      vertex -11.2382 27.8155 25
    endloop
  endfacet
  facet normal 0 0 1
    outer loop
      vertex -10 -10 25
      vertex -10.751 -28.0074 25
      vertex -10.2606 -28.1908 25
    endloop
  endfacet
  facet normal -0 0 1
    outer loop
      vertex -12.2021 27.4064 25
      vertex -10 10 25
      vertex -11.7219 27.6151 25
    endloop
  endfacet
  facet normal 0 0 1
    outer loop
      vertex -10 -10 25
      vertex -11.2382 -27.8155 25
      vertex -10.751 -28.0074 25
    endloop
  endfacet
  facet normal -0 0 1
    outer loop
      vertex -12.6785 27.1892 25
      vertex -10 10 25
      vertex -12.2021 27.4064 25
    endloop
  endfacet
  facet normal 0 0 1
    outer loop
      vertex -10 -10 25
      vertex -11.7219 -27.6151 25
      vertex -11.2382 -27.8155 25
    endloop
  endfacet
  facet normal -0 0 1
    outer loop
      vertex -13.1511 26.9638 25
      vertex -10 10 25
      vertex -12.6785 27.1892 25
    endloop
  endfacet
  facet normal 0 0 1
    outer loop
      vertex -10 -10 25
      vertex -12.2021 -27.4064 25
      vertex -11.7219 -27.6151 25
    endloop
  endfacet
  facet normal -0 0 1
    outer loop
      vertex -13.6197 26.7302 25
      vertex -10 10 25
      vertex -13.1511 26.9638 25
    endloop
  endfacet
  facet normal 0 0 1
    outer loop
      vertex -10 -10 25
      vertex -12.6785 -27.1892 25
      vertex -12.2021 -27.4064 25
    endloop
  endfacet
  facet normal -0 0 1
    outer loop
      vertex -14.0841 26.4884 25
      vertex -10 10 25
      vertex -13.6197 26.7302 25
    endloop
  endfacet
  facet normal 0 0 1
    outer loop
      vertex -10 -10 25
      vertex -13.1511 -26.9638 25
      vertex -12.6785 -27.1892 25
    endloop
  endfacet
  facet normal -0 0 1
    outer loop
      vertex -14.5443 26.2386 25
      vertex -10 10 25
      vertex -14.0841 26.4884 25
    endloop
  endfacet
  facet normal 0 0 1
    outer loop
      vertex -10 -10 25
      vertex -13.6197 -26.7302 25
      vertex -13.1511 -26.9638 25
    endloop
  endfacet
  facet normal -0 0 1
    outer loop
      vertex -15 25.9808 25
      vertex -10 10 25
      vertex -14.5443 26.2386 25
    endloop
  endfacet
  facet normal 0 0 1
    outer loop
      vertex -10 -10 25
      vertex -14.0841 -26.4884 25
      vertex -13.6197 -26.7302 25
    endloop
  endfacet
  facet normal -0 0 1
    outer loop
      vertex -15.4511 25.715 25
      vertex -10 10 25
      vertex -15 25.9808 25
    endloop
  endfacet
  facet normal 0 0 1
    outer loop
      vertex -10 -10 25
      vertex -14.5443 -26.2386 25
      vertex -14.0841 -26.4884 25
    endloop
  endfacet
  facet normal -0 0 1
    outer loop
      vertex -15.8976 25.4414 25
      vertex -10 10 25
      vertex -15.4511 25.715 25
    endloop
  endfacet
  facet normal 0 0 1
    outer loop
      vertex -10 -10 25
      vertex -15 -25.9808 25
      vertex -14.5443 -26.2386 25
    endloop
  endfacet
  facet normal -0 0 1
    outer loop
      vertex -16.3392 25.1601 25
      vertex -10 10 25
      vertex -15.8976 25.4414 25
    endloop
  endfacet
  facet normal 0 0 1
    outer loop
      vertex -10 -10 25
      vertex -15.4511 -25.715 25
      vertex -15 -25.9808 25
    endloop
  endfacet
  facet normal -0 0 1
    outer loop
      vertex -16.7758 24.8711 25
      vertex -10 10 25
      vertex -16.3392 25.1601 25
    endloop
  endfacet
  facet normal 0 0 1
    outer loop
      vertex -10 -10 25
      vertex -15.8976 -25.4414 25
      vertex -15.4511 -25.715 25
    endloop
  endfacet
  facet normal -0 0 1
    outer loop
      vertex -17.2073 24.5746 25
      vertex -10 10 25
      vertex -16.7758 24.8711 25
    endloop
  endfacet
  facet normal 0 0 1
    outer loop
      vertex -10 -10 25
      vertex -16.3392 -25.1601 25
      vertex -15.8976 -25.4414 25
    endloop
  endfacet
  facet normal -0 0 1
    outer loop
      vertex -17.6336 24.2705 25
      vertex -10 10 25
      vertex -17.2073 24.5746 25
    endloop
  endfacet
  facet normal 0 0 1
    outer loop
      vertex -10 -10 25
      vertex -16.7758 -24.8711 25
      vertex -16.3392 -25.1601 25
    endloop
  endfacet
  facet normal -0 0 1
    outer loop
      vertex -18.0545 23.9591 25
      vertex -10 10 25
      vertex -17.6336 24.2705 25
    endloop
  endfacet
  facet normal 0 0 1
    outer loop
      vertex -10 -10 25
      vertex -17.2073 -24.5746 25
      vertex -16.7758 -24.8711 25
    endloop
  endfacet
  facet normal -0 0 1
    outer loop
      vertex -18.4698 23.6403 25
      vertex -10 10 25
      vertex -18.0545 23.9591 25
    endloop
  endfacet
  facet normal 0 0 1
    outer loop
      vertex -10 -10 25
      vertex -17.6336 -24.2705 25
      vertex -17.2073 -24.5746 25
    endloop
  endfacet
  facet normal -0 0 1
    outer loop
      vertex -18.8796 23.3144 25
      vertex -10 10 25
      vertex -18.4698 23.6403 25
    endloop
  endfacet
  facet normal 0 0 1
    outer loop
      vertex -10 -10 25
      vertex -18.0545 -23.9591 25
      vertex -17.6336 -24.2705 25
    endloop
  endfacet
  facet normal -0 0 1
    outer loop
      vertex -19.2836 22.9813 25
      vertex -10 10 25
      vertex -18.8796 23.3144 25
    endloop
  endfacet
  facet normal 0 0 1
    outer loop
      vertex -10 -10 25
      vertex -18.4698 -23.6403 25
      vertex -18.0545 -23.9591 25
    endloop
  endfacet
  facet normal -0 0 1
    outer loop
      vertex -19.6818 22.6413 25
      vertex -10 10 25
      vertex -19.2836 22.9813 25
    endloop
  endfacet
  facet normal 0 0 1
    outer loop
      vertex -10 -10 25
      vertex -18.8796 -23.3144 25
      vertex -18.4698 -23.6403 25
    endloop
  endfacet
  facet normal -0 0 1
    outer loop
      vertex -20.0739 22.2943 25
      vertex -10 10 25
      vertex -19.6818 22.6413 25
    endloop
  endfacet
  facet normal 0 0 1
    outer loop
      vertex -10 -10 25
      vertex -19.2836 -22.9813 25
      vertex -18.8796 -23.3144 25
    endloop
  endfacet
  facet normal -0 0 1
    outer loop
      vertex -20.4599 21.9406 25
      vertex -10 10 25
      vertex -20.0739 22.2943 25
    endloop
  endfacet
  facet normal 0 0 1
    outer loop
      vertex -10 -10 25
      vertex -19.6818 -22.6413 25
      vertex -19.2836 -22.9813 25
    endloop
  endfacet
  facet normal -0 0 1
    outer loop
      vertex -20.8398 21.5802 25
      vertex -10 10 25
      vertex -20.4599 21.9406 25
    endloop
  endfacet
  facet normal 0 0 1
    outer loop
      vertex -10 -10 25
      vertex -20.0739 -22.2943 25
      vertex -19.6818 -22.6413 25
    endloop
  endfacet
  facet normal -0 0 1
    outer loop
      vertex -21.2132 21.2132 25
      vertex -10 10 25
      vertex -20.8398 21.5802 25
    endloop
  endfacet
  facet normal 0 0 1
    outer loop
      vertex -10 -10 25
      vertex -20.4599 -21.9406 25
      vertex -20.0739 -22.2943 25
    endloop
  endfacet
  facet normal -0 0 1
    outer loop
      vertex -21.5802 20.8398 25
      vertex -10 10 25
      vertex -21.2132 21.2132 25
    endloop
  endfacet
  facet normal 0 0 1
    outer loop
      vertex -10 -10 25
      vertex -20.8398 -21.5802 25
      vertex -20.4599 -21.9406 25
    endloop
  endfacet
  facet normal -0 0 1
    outer loop
      vertex -21.9406 20.4599 25
      vertex -10 10 25
      vertex -21.5802 20.8398 25
    endloop
  endfacet
  facet normal 0 0 1
    outer loop
      vertex -10 -10 25
      vertex -21.2132 -21.2132 25
      vertex -20.8398 -21.5802 25
    endloop
  endfacet
  facet normal -0 0 1
    outer loop
      vertex -22.2943 20.0739 25
      vertex -10 10 25
      vertex -21.9406 20.4599 25
    endloop
  endfacet
  facet normal 0 0 1
    outer loop
      vertex -10 -10 25
      vertex -21.5802 -20.8398 25
      vertex -21.2132 -21.2132 25
    endloop
  endfacet
  facet normal -0 0 1
    outer loop
      vertex -22.6413 19.6818 25
      vertex -10 10 25
      vertex -22.2943 20.0739 25
    endloop
  endfacet
  facet normal 0 0 1
    outer loop
      vertex -10 -10 25
      vertex -21.9406 -20.4599 25
      vertex -21.5802 -20.8398 25
    endloop
  endfacet
  facet normal -0 0 1
    outer loop
      vertex -22.9813 19.2836 25
      vertex -10 10 25
      vertex -22.6413 19.6818 25
    endloop
  endfacet
  facet normal 0 0 1
    outer loop
      vertex -10 -10 25
      vertex -22.2943 -20.0739 25
      vertex -21.9406 -20.4599 25
    endloop
  endfacet
  facet normal -0 0 1
    outer loop
      vertex -23.3144 18.8796 25
      vertex -10 10 25
      vertex -22.9813 19.2836 25
    endloop
  endfacet
  facet normal 0 0 1
    outer loop
      vertex -10 -10 25
      vertex -22.6413 -19.6818 25
      vertex -22.2943 -20.0739 25
    endloop
  endfacet
  facet normal -0 0 1
    outer loop
      vertex -23.6403 18.4698 25
      vertex -10 10 25
      vertex -23.3144 18.8796 25
    endloop
  endfacet
  facet normal 0 0 1
    outer loop
      vertex -10 -10 25
      vertex -22.9813 -19.2836 25
      vertex -22.6413 -19.6818 25
    endloop
  endfacet
  facet normal -0 0 1
    outer loop
      vertex -23.9591 18.0545 25
      vertex -10 10 25
      vertex -23.6403 18.4698 25
    endloop
  endfacet
  facet normal 0 0 1
    outer loop
      vertex -10 -10 25
      vertex -23.3144 -18.8796 25
      vertex -22.9813 -19.2836 25
    endloop
  endfacet
  facet normal -0 0 1
    outer loop
      vertex -24.2705 17.6336 25
      vertex -10 10 25
      vertex -23.9591 18.0545 25
    endloop
  endfacet
  facet normal 0 0 1
    outer loop
      vertex -10 -10 25
      vertex -23.6403 -18.4698 25
      vertex -23.3144 -18.8796 25
    endloop
  endfacet
  facet normal -0 0 1
    outer loop
      vertex -24.5746 17.2073 25
      vertex -10 10 25
      vertex -24.2705 17.6336 25
    endloop
  endfacet
  facet normal 0 0 1
    outer loop
      vertex -10 -10 25
      vertex -23.9591 -18.0545 25
      vertex -23.6403 -18.4698 25
    endloop
  endfacet
  facet normal -0 0 1
    outer loop
      vertex -24.8711 16.7758 25
      vertex -10 10 25
      vertex -24.5746 17.2073 25
    endloop
  endfacet
  facet normal 0 0 1
    outer loop
      vertex -10 -10 25
      vertex -24.2705 -17.6336 25
      vertex -23.9591 -18.0545 25
    endloop
  endfacet
  facet normal -0 0 1
    outer loop
      vertex -25.1601 16.3392 25
      vertex -10 10 25
      vertex -24.8711 16.7758 25
    endloop
  endfacet
  facet normal 0 0 1
    outer loop
      vertex -10 -10 25
      vertex -24.5746 -17.2073 25
      vertex -24.2705 -17.6336 25
    endloop
  endfacet
  facet normal -0 0 1
    outer loop
      vertex -25.4414 15.8976 25
      vertex -10 10 25
      vertex -25.1601 16.3392 25
    endloop
  endfacet
  facet normal 0 0 1
    outer loop
      vertex -10 -10 25
      vertex -24.8711 -16.7758 25
      vertex -24.5746 -17.2073 25
    endloop
  endfacet
  facet normal -0 0 1
    outer loop
      vertex -25.715 15.4511 25
      vertex -10 10 25
      vertex -25.4414 15.8976 25
    endloop
  endfacet
  facet normal 0 0 1
    outer loop
      vertex -10 -10 25
      vertex -25.1601 -16.3392 25
      vertex -24.8711 -16.7758 25
    endloop
  endfacet
  facet normal -0 0 1
    outer loop
      vertex -25.9808 15 25
      vertex -10 10 25
      vertex -25.715 15.4511 25
    endloop
  endfacet
  facet normal 0 0 1
    outer loop
      vertex -10 -10 25
      vertex -25.4414 -15.8976 25
      vertex -25.1601 -16.3392 25
    endloop
  endfacet
  facet normal -0 0 1
    outer loop
      vertex -26.2386 14.5443 25
      vertex -10 10 25
      vertex -25.9808 15 25
    endloop
  endfacet
  facet normal 0 0 1
    outer loop
      vertex -10 -10 25
      vertex -25.715 -15.4511 25
      vertex -25.4414 -15.8976 25
    endloop
  endfacet
  facet normal -0 0 1
    outer loop
      vertex -26.4884 14.0841 25
      vertex -10 10 25
      vertex -26.2386 14.5443 25
    endloop
  endfacet
  facet normal 0 0 1
    outer loop
      vertex -10 -10 25
      vertex -25.9808 -15 25
      vertex -25.715 -15.4511 25
    endloop
  endfacet
  facet normal -0 0 1
    outer loop
      vertex -26.7302 13.6197 25
      vertex -10 10 25
      vertex -26.4884 14.0841 25
    endloop
  endfacet
  facet normal 0 0 1
    outer loop
      vertex -10 -10 25
      vertex -26.2386 -14.5443 25
      vertex -25.9808 -15 25
    endloop
  endfacet
  facet normal -0 0 1
    outer loop
      vertex -26.9638 13.1511 25
      vertex -10 10 25
      vertex -26.7302 13.6197 25
    endloop
  endfacet
  facet normal 0 0 1
    outer loop
      vertex -10 -10 25
      vertex -26.4884 -14.0841 25
      vertex -26.2386 -14.5443 25
    endloop
  endfacet
  facet normal -0 0 1
    outer loop
      vertex -27.1892 12.6785 25
      vertex -10 10 25
      vertex -26.9638 13.1511 25
    endloop
  endfacet
  facet normal 0 0 1
    outer loop
      vertex -10 -10 25
      vertex -26.7302 -13.6197 25
      vertex -26.4884 -14.0841 25
    endloop
  endfacet
  facet normal -0 0 1
    outer loop
      vertex -27.4064 12.2021 25
      vertex -10 10 25
      vertex -27.1892 12.6785 25
    endloop
  endfacet
  facet normal 0 0 1
    outer loop
      vertex -10 -10 25
      vertex -26.9638 -13.1511 25
      vertex -26.7302 -13.6197 25
    endloop
  endfacet
  facet normal -0 0 1
    outer loop
      vertex -27.6151 11.7219 25
      vertex -10 10 25
      vertex -27.4064 12.2021 25
    endloop
  endfacet
  facet normal 0 0 1
    outer loop
      vertex -10 -10 25
      vertex -27.1892 -12.6785 25
      vertex -26.9638 -13.1511 25
    endloop
  endfacet
  facet normal -0 0 1
    outer loop
      vertex -27.8155 11.2382 25
      vertex -10 10 25
      vertex -27.6151 11.7219 25
    endloop
  endfacet
  facet normal 0 0 1
    outer loop
      vertex -10 -10 25
      vertex -27.4064 -12.2021 25
      vertex -27.1892 -12.6785 25
    endloop
  endfacet
  facet normal -0 0 1
    outer loop
      vertex -28.0074 10.751 25
      vertex -10 10 25
      vertex -27.8155 11.2382 25
    endloop
  endfacet
  facet normal 0 0 1
    outer loop
      vertex -10 -10 25
      vertex -27.6151 -11.7219 25
      vertex -27.4064 -12.2021 25
    endloop
  endfacet
  facet normal -0 0 1
    outer loop
      vertex -28.1908 10.2606 25
      vertex -10 10 25
      vertex -28.0074 10.751 25
    endloop
  endfacet
  facet normal 0 0 1
    outer loop
      vertex -10 -10 25
      vertex -27.8155 -11.2382 25
      vertex -27.6151 -11.7219 25
    endloop
  endfacet
  facet normal 0 0 1
    outer loop
      vertex -28.3656 9.76704 25
      vertex -10 10 25
      vertex -28.1908 10.2606 25
    endloop
  endfacet
  facet normal 0 0 1
    outer loop
      vertex -10 -10 25
      vertex -28.0074 -10.751 25
      vertex -27.8155 -11.2382 25
    endloop
  endfacet
  facet normal 0 0 1
    outer loop
      vertex -28.5317 9.27051 25
      vertex -10 10 25
      vertex -28.3656 9.76704 25
    endloop
  endfacet
  facet normal 0 0 1
    outer loop
      vertex -10 -10 25
      vertex -28.1908 -10.2606 25
      vertex -28.0074 -10.751 25
    endloop
  endfacet
  facet normal 0 0 1
    outer loop
      vertex -28.6891 8.77115 25
      vertex -10 10 25
      vertex -28.5317 9.27051 25
    endloop
  endfacet
  facet normal 0 0 1
    outer loop
      vertex -10 -10 25
      vertex -28.3656 -9.76704 25
      vertex -28.1908 -10.2606 25
    endloop
  endfacet
  facet normal 0 0 1
    outer loop
      vertex -28.8379 8.26912 25
      vertex -10 10 25
      vertex -28.6891 8.77115 25
    endloop
  endfacet
  facet normal 0 0 1
    outer loop
      vertex -10 -10 25
      vertex -28.5317 -9.27051 25
      vertex -28.3656 -9.76704 25
    endloop
  endfacet
  facet normal 0 0 1
    outer loop
      vertex -28.9778 7.76457 25
      vertex -10 10 25
      vertex -28.8379 8.26912 25
    endloop
  endfacet
  facet normal 0 0 1
    outer loop
      vertex -10 -10 25
      vertex -28.6891 -8.77115 25
      vertex -28.5317 -9.27051 25
    endloop
  endfacet
  facet normal 0 0 1
    outer loop
      vertex -29.1089 7.25766 25
      vertex -10 10 25
      vertex -28.9778 7.76457 25
    endloop
  endfacet
  facet normal 0 0 1
    outer loop
      vertex -10 -10 25
      vertex -28.8379 -8.26912 25
      vertex -28.6891 -8.77115 25
    endloop
  endfacet
  facet normal 0 0 1
    outer loop
      vertex -29.2311 6.74853 25
      vertex -10 10 25
      vertex -29.1089 7.25766 25
    endloop
  endfacet
  facet normal 0 0 1
    outer loop
      vertex -10 -10 25
      vertex -28.9778 -7.76457 25
      vertex -28.8379 -8.26912 25
    endloop
  endfacet
  facet normal 0 0 1
    outer loop
      vertex -29.3444 6.23735 25
      vertex -10 10 25
      vertex -29.2311 6.74853 25
    endloop
  endfacet
  facet normal 0 0 1
    outer loop
      vertex -10 -10 25
      vertex -29.1089 -7.25766 25
      vertex -28.9778 -7.76457 25
    endloop
  endfacet
  facet normal 0 0 1
    outer loop
      vertex -29.4488 5.72427 25
      vertex -10 10 25
      vertex -29.3444 6.23735 25
    endloop
  endfacet
  facet normal 0 0 1
    outer loop
      vertex -10 -10 25
      vertex -29.2311 -6.74853 25
      vertex -29.1089 -7.25766 25
    endloop
  endfacet
  facet normal 0 0 1
    outer loop
      vertex -29.5442 5.20944 25
      vertex -10 10 25
      vertex -29.4488 5.72427 25
    endloop
  endfacet
  facet normal 0 0 1
    outer loop
      vertex -10 -10 25
      vertex -29.3444 -6.23735 25
      vertex -29.2311 -6.74853 25
    endloop
  endfacet
  facet normal 0 0 1
    outer loop
      vertex -29.6306 4.69303 25
      vertex -10 10 25
      vertex -29.5442 5.20944 25
    endloop
  endfacet
  facet normal 0 0 1
    outer loop
      vertex -10 -10 25
      vertex -29.4488 -5.72427 25
      vertex -29.3444 -6.23735 25
    endloop
  endfacet
  facet normal 0 0 1
    outer loop
      vertex -29.708 4.17519 25
      vertex -10 10 25
      vertex -29.6306 4.69303 25
    endloop
  endfacet
  facet normal 0 0 1
    outer loop
      vertex -10 -10 25
      vertex -29.5442 -5.20944 25
      vertex -29.4488 -5.72427 25
    endloop
  endfacet
  facet normal 0 0 1
    outer loop
      vertex -29.7764 3.65608 25
      vertex -10 10 25
      vertex -29.708 4.17519 25
    endloop
  endfacet
  facet normal 0 0 1
    outer loop
      vertex -10 -10 25
      vertex -29.6306 -4.69303 25
      vertex -29.5442 -5.20944 25
    endloop
  endfacet
  facet normal 0 0 1
    outer loop
      vertex -29.8357 3.13585 25
      vertex -10 10 25
      vertex -29.7764 3.65608 25
    endloop
  endfacet
  facet normal 0 0 1
    outer loop
      vertex -10 -10 25
      vertex -29.708 -4.17519 25
      vertex -29.6306 -4.69303 25
    endloop
  endfacet
  facet normal 0 0 1
    outer loop
      vertex -29.8858 2.61467 25
      vertex -10 10 25
      vertex -29.8357 3.13585 25
    endloop
  endfacet
  facet normal 0 0 1
    outer loop
      vertex -10 -10 25
      vertex -29.7764 -3.65608 25
      vertex -29.708 -4.17519 25
    endloop
  endfacet
  facet normal 0 0 1
    outer loop
      vertex -29.9269 2.09269 25
      vertex -10 10 25
      vertex -29.8858 2.61467 25
    endloop
  endfacet
  facet normal 0 0 1
    outer loop
      vertex -10 -10 25
      vertex -29.8357 -3.13585 25
      vertex -29.7764 -3.65608 25
    endloop
  endfacet
  facet normal 0 0 1
    outer loop
      vertex -29.9589 1.57008 25
      vertex -10 10 25
      vertex -29.9269 2.09269 25
    endloop
  endfacet
  facet normal 0 0 1
    outer loop
      vertex -10 -10 25
      vertex -29.8858 -2.61467 25
      vertex -29.8357 -3.13585 25
    endloop
  endfacet
  facet normal 0 0 1
    outer loop
      vertex -29.9817 1.04698 25
      vertex -10 10 25
      vertex -29.9589 1.57008 25
    endloop
  endfacet
  facet normal 0 0 1
    outer loop
      vertex -10 -10 25
      vertex -29.9269 -2.09269 25
      vertex -29.8858 -2.61467 25
    endloop
  endfacet
  facet normal 0 0 1
    outer loop
      vertex -29.9954 0.523572 25
      vertex -10 10 25
      vertex -29.9817 1.04698 25
    endloop
  endfacet
  facet normal 0 0 1
    outer loop
      vertex -10 -10 25
      vertex -29.9589 -1.57008 25
      vertex -29.9269 -2.09269 25
    endloop
  endfacet
  facet normal 0 0 1
    outer loop
      vertex -30 0 25
      vertex -10 10 25
      vertex -29.9954 0.523572 25
    endloop
  endfacet
  facet normal 0 0 1
    outer loop
      vertex -10 -10 25
      vertex -29.9817 -1.04698 25
      vertex -29.9589 -1.57008 25
    endloop
  endfacet
  facet normal 0 0 1
    outer loop
      vertex -10 10 25
      vertex -30 0 25
      vertex -10 -10 25
    endloop
  endfacet
  facet normal 0 0 1
    outer loop
      vertex -10 -10 25
      vertex -29.9954 -0.523572 25
      vertex -29.9817 -1.04698 25
    endloop
  endfacet
  facet normal 0 0 1
    outer loop
      vertex -10 -10 25
      vertex -30 0 25
      vertex -29.9954 -0.523572 25
    endloop
  endfacet
  facet normal -1 0 0
    outer loop
      vertex -10 -10 25
      vertex -10 10 45
      vertex -10 10 25
    endloop
  endfacet
  facet normal -1 -0 0
    outer loop
      vertex -10 10 45
      vertex -10 -10 25
      vertex -10 -10 45
    endloop
  endfacet
  facet normal 0 1 -0
    outer loop
      vertex 10 10 25
      vertex -10 10 45
      vertex 10 10 45
    endloop
  endfacet
  facet normal 0 1 0
    outer loop
      vertex -10 10 45
      vertex 10 10 25
      vertex -10 10 25
    endloop
  endfacet
  facet normal 0 -1 0
    outer loop
      vertex -10 -10 25
      vertex 10 -10 45
      vertex -10 -10 45
    endloop
  endfacet
  facet normal 0 -1 -0
    outer loop
      vertex 10 -10 45
      vertex -10 -10 25
      vertex 10 -10 25
    endloop
  endfacet
  facet normal 0.999658 0.0261656 0
    outer loop
      vertex 29.9954 0.523572 25
      vertex 29.9817 1.04698 -25
      vertex 29.9817 1.04698 25
    endloop
  endfacet
  facet normal 0.999658 0.0261656 0
    outer loop
      vertex 29.9817 1.04698 -25
      vertex 29.9954 0.523572 25
      vertex 29.9954 0.523572 -25
    endloop
  endfacet
  facet normal 0.999961 0.00878546 0
    outer loop
      vertex 30 0 25
      vertex 29.9954 0.523572 -25
      vertex 29.9954 0.523572 25
    endloop
  endfacet
  facet normal 0.999961 0.00878546 0
    outer loop
      vertex 29.9954 0.523572 -25
      vertex 30 0 25
      vertex 30 0 -25
    endloop
  endfacet
  facet normal 0.97992 0.199391 0
    outer loop
      vertex 29.4488 5.72427 25
      vertex 29.3444 6.23735 -25
      vertex 29.3444 6.23735 25
    endloop
  endfacet
  facet normal 0.97992 0.199391 0
    outer loop
      vertex 29.3444 6.23735 -25
      vertex 29.4488 5.72427 25
      vertex 29.4488 5.72427 -25
    endloop
  endfacet
  facet normal -0.284177 -0.958772 0
    outer loop
      vertex -8.77115 -28.6891 -25
      vertex -8.26912 -28.8379 25
      vertex -8.77115 -28.6891 25
    endloop
  endfacet
  facet normal -0.284177 -0.958772 -0
    outer loop
      vertex -8.26912 -28.8379 25
      vertex -8.77115 -28.6891 -25
      vertex -8.26912 -28.8379 -25
    endloop
  endfacet
  facet normal 0.993566 -0.113255 0
    outer loop
      vertex 29.7764 -3.65608 25
      vertex 29.8357 -3.13585 -25
      vertex 29.8357 -3.13585 25
    endloop
  endfacet
  facet normal 0.993566 -0.113255 0
    outer loop
      vertex 29.8357 -3.13585 -25
      vertex 29.7764 -3.65608 25
      vertex 29.7764 -3.65608 -25
    endloop
  endfacet
  facet normal -0.608917 0.793234 0
    outer loop
      vertex -18.0545 23.9591 -25
      vertex -18.4698 23.6403 25
      vertex -18.0545 23.9591 25
    endloop
  endfacet
  facet normal -0.608917 0.793234 0
    outer loop
      vertex -18.4698 23.6403 25
      vertex -18.0545 23.9591 -25
      vertex -18.4698 23.6403 -25
    endloop
  endfacet
  facet normal 0.713192 0.700968 0
    outer loop
      vertex 21.5802 20.8398 25
      vertex 21.2132 21.2132 -25
      vertex 21.2132 21.2132 25
    endloop
  endfacet
  facet normal 0.713192 0.700968 0
    outer loop
      vertex 21.2132 21.2132 -25
      vertex 21.5802 20.8398 25
      vertex 21.5802 20.8398 -25
    endloop
  endfacet
  facet normal -0.894961 0.446144 0
    outer loop
      vertex -26.9638 13.1511 -25
      vertex -26.7302 13.6197 25
      vertex -26.7302 13.6197 -25
    endloop
  endfacet
  facet normal -0.894961 0.446144 0
    outer loop
      vertex -26.7302 13.6197 25
      vertex -26.9638 13.1511 -25
      vertex -26.9638 13.1511 25
    endloop
  endfacet
  facet normal 0.948345 -0.317242 0
    outer loop
      vertex 28.3656 -9.76704 25
      vertex 28.5317 -9.27051 -25
      vertex 28.5317 -9.27051 25
    endloop
  endfacet
  facet normal 0.948345 -0.317242 0
    outer loop
      vertex 28.5317 -9.27051 -25
      vertex 28.3656 -9.76704 25
      vertex 28.3656 -9.76704 -25
    endloop
  endfacet
  facet normal -0.233389 0.972383 0
    outer loop
      vertex -6.74853 29.2311 -25
      vertex -7.25766 29.1089 25
      vertex -6.74853 29.2311 25
    endloop
  endfacet
  facet normal -0.233389 0.972383 0
    outer loop
      vertex -7.25766 29.1089 25
      vertex -6.74853 29.2311 -25
      vertex -7.25766 29.1089 -25
    endloop
  endfacet
  facet normal 0.894961 0.446144 0
    outer loop
      vertex 26.9638 13.1511 25
      vertex 26.7302 13.6197 -25
      vertex 26.7302 13.6197 25
    endloop
  endfacet
  facet normal 0.894961 0.446144 0
    outer loop
      vertex 26.7302 13.6197 -25
      vertex 26.9638 13.1511 25
      vertex 26.9638 13.1511 -25
    endloop
  endfacet
  facet normal 0.130635 0.991431 -0
    outer loop
      vertex 4.17519 29.708 -25
      vertex 3.65608 29.7764 25
      vertex 4.17519 29.708 25
    endloop
  endfacet
  facet normal 0.130635 0.991431 0
    outer loop
      vertex 3.65608 29.7764 25
      vertex 4.17519 29.708 -25
      vertex 3.65608 29.7764 -25
    endloop
  endfacet
  facet normal -0.968146 -0.250387 0
    outer loop
      vertex -28.9778 -7.76457 -25
      vertex -29.1089 -7.25766 25
      vertex -29.1089 -7.25766 -25
    endloop
  endfacet
  facet normal -0.968146 -0.250387 0
    outer loop
      vertex -29.1089 -7.25766 25
      vertex -28.9778 -7.76457 -25
      vertex -28.9778 -7.76457 25
    endloop
  endfacet
  facet normal 0.97992 -0.199391 0
    outer loop
      vertex 29.3444 -6.23735 25
      vertex 29.4488 -5.72427 -25
      vertex 29.4488 -5.72427 25
    endloop
  endfacet
  facet normal 0.97992 -0.199391 0
    outer loop
      vertex 29.4488 -5.72427 -25
      vertex 29.3444 -6.23735 25
      vertex 29.3444 -6.23735 -25
    endloop
  endfacet
  facet normal -0.996914 0.0784957 0
    outer loop
      vertex -29.9269 2.09269 -25
      vertex -29.8858 2.61467 25
      vertex -29.8858 2.61467 -25
    endloop
  endfacet
  facet normal -0.996914 0.0784957 0
    outer loop
      vertex -29.8858 2.61467 25
      vertex -29.9269 2.09269 -25
      vertex -29.9269 2.09269 25
    endloop
  endfacet
  facet normal 0.989014 -0.147825 0
    outer loop
      vertex 29.6306 -4.69303 25
      vertex 29.708 -4.17519 -25
      vertex 29.708 -4.17519 25
    endloop
  endfacet
  facet normal 0.989014 -0.147825 0
    outer loop
      vertex 29.708 -4.17519 -25
      vertex 29.6306 -4.69303 25
      vertex 29.6306 -4.69303 -25
    endloop
  endfacet
  facet normal 0.461822 -0.886973 0
    outer loop
      vertex 13.6197 -26.7302 -25
      vertex 14.0841 -26.4884 25
      vertex 13.6197 -26.7302 25
    endloop
  endfacet
  facet normal 0.461822 -0.886973 0
    outer loop
      vertex 14.0841 -26.4884 25
      vertex 13.6197 -26.7302 -25
      vertex 14.0841 -26.4884 -25
    endloop
  endfacet
  facet normal 0.972383 -0.233389 0
    outer loop
      vertex 29.1089 -7.25766 25
      vertex 29.2311 -6.74853 -25
      vertex 29.2311 -6.74853 25
    endloop
  endfacet
  facet normal 0.972383 -0.233389 0
    outer loop
      vertex 29.2311 -6.74853 -25
      vertex 29.1089 -7.25766 25
      vertex 29.1089 -7.25766 -25
    endloop
  endfacet
  facet normal 0.814095 -0.580732 0
    outer loop
      vertex 24.2705 -17.6336 25
      vertex 24.5746 -17.2073 -25
      vertex 24.5746 -17.2073 25
    endloop
  endfacet
  facet normal 0.814095 -0.580732 0
    outer loop
      vertex 24.5746 -17.2073 -25
      vertex 24.2705 -17.6336 25
      vertex 24.2705 -17.6336 -25
    endloop
  endfacet
  facet normal -0.930426 -0.366479 0
    outer loop
      vertex -27.8155 -11.2382 -25
      vertex -28.0074 -10.751 25
      vertex -28.0074 -10.751 -25
    endloop
  endfacet
  facet normal -0.930426 -0.366479 0
    outer loop
      vertex -28.0074 -10.751 25
      vertex -27.8155 -11.2382 -25
      vertex -27.8155 -11.2382 25
    endloop
  endfacet
  facet normal -0.622433 0.782673 0
    outer loop
      vertex -18.4698 23.6403 -25
      vertex -18.8796 23.3144 25
      vertex -18.4698 23.6403 25
    endloop
  endfacet
  facet normal -0.622433 0.782673 0
    outer loop
      vertex -18.8796 23.3144 25
      vertex -18.4698 23.6403 -25
      vertex -18.8796 23.3144 -25
    endloop
  endfacet
  facet normal -0.0784957 0.996914 0
    outer loop
      vertex -2.09269 29.9269 -25
      vertex -2.61467 29.8858 25
      vertex -2.09269 29.9269 25
    endloop
  endfacet
  facet normal -0.0784957 0.996914 0
    outer loop
      vertex -2.61467 29.8858 25
      vertex -2.09269 29.9269 -25
      vertex -2.61467 29.8858 -25
    endloop
  endfacet
  facet normal 0.824181 0.566326 0
    outer loop
      vertex 24.8711 16.7758 25
      vertex 24.5746 17.2073 -25
      vertex 24.5746 17.2073 25
    endloop
  endfacet
  facet normal 0.824181 0.566326 0
    outer loop
      vertex 24.5746 17.2073 -25
      vertex 24.8711 16.7758 25
      vertex 24.8711 16.7758 -25
    endloop
  endfacet
  facet normal -0.942629 0.333843 0
    outer loop
      vertex -28.3656 9.76704 -25
      vertex -28.1908 10.2606 25
      vertex -28.1908 10.2606 -25
    endloop
  endfacet
  facet normal -0.942629 0.333843 0
    outer loop
      vertex -28.1908 10.2606 25
      vertex -28.3656 9.76704 -25
      vertex -28.3656 9.76704 25
    endloop
  endfacet
  facet normal 0.199391 -0.97992 0
    outer loop
      vertex 5.72427 -29.4488 -25
      vertex 6.23735 -29.3444 25
      vertex 5.72427 -29.4488 25
    endloop
  endfacet
  facet normal 0.199391 -0.97992 0
    outer loop
      vertex 6.23735 -29.3444 25
      vertex 5.72427 -29.4488 -25
      vertex 6.23735 -29.3444 -25
    endloop
  endfacet
  facet normal -0.737281 0.675586 0
    outer loop
      vertex -22.2943 20.0739 -25
      vertex -21.9406 20.4599 25
      vertex -21.9406 20.4599 -25
    endloop
  endfacet
  facet normal -0.737281 0.675586 0
    outer loop
      vertex -21.9406 20.4599 25
      vertex -22.2943 20.0739 -25
      vertex -22.2943 20.0739 25
    endloop
  endfacet
  facet normal 0.936643 0.350286 0
    outer loop
      vertex 28.1908 10.2606 25
      vertex 28.0074 10.751 -25
      vertex 28.0074 10.751 25
    endloop
  endfacet
  facet normal 0.936643 0.350286 0
    outer loop
      vertex 28.0074 10.751 -25
      vertex 28.1908 10.2606 25
      vertex 28.1908 10.2606 -25
    endloop
  endfacet
  facet normal 0.998131 0.0611167 0
    outer loop
      vertex 29.9589 1.57008 25
      vertex 29.9269 2.09269 -25
      vertex 29.9269 2.09269 25
    endloop
  endfacet
  facet normal 0.998131 0.0611167 0
    outer loop
      vertex 29.9269 2.09269 -25
      vertex 29.9589 1.57008 25
      vertex 29.9589 1.57008 -25
    endloop
  endfacet
  facet normal -0.725481 0.688242 0
    outer loop
      vertex -21.9406 20.4599 -25
      vertex -21.5802 20.8398 25
      vertex -21.5802 20.8398 -25
    endloop
  endfacet
  facet normal -0.725481 0.688242 0
    outer loop
      vertex -21.5802 20.8398 25
      vertex -21.9406 20.4599 -25
      vertex -21.9406 20.4599 25
    endloop
  endfacet
  facet normal -0.182202 0.983261 0
    outer loop
      vertex -5.20944 29.5442 -25
      vertex -5.72427 29.4488 25
      vertex -5.20944 29.5442 25
    endloop
  endfacet
  facet normal -0.182202 0.983261 0
    outer loop
      vertex -5.72427 29.4488 25
      vertex -5.20944 29.5442 -25
      vertex -5.72427 29.4488 -25
    endloop
  endfacet
  facet normal -0.594762 -0.803902 0
    outer loop
      vertex -18.0545 -23.9591 -25
      vertex -17.6336 -24.2705 25
      vertex -18.0545 -23.9591 25
    endloop
  endfacet
  facet normal -0.594762 -0.803902 -0
    outer loop
      vertex -17.6336 -24.2705 25
      vertex -18.0545 -23.9591 -25
      vertex -17.6336 -24.2705 -25
    endloop
  endfacet
  facet normal 0.675586 -0.737281 0
    outer loop
      vertex 20.0739 -22.2943 -25
      vertex 20.4599 -21.9406 25
      vertex 20.0739 -22.2943 25
    endloop
  endfacet
  facet normal 0.675586 -0.737281 0
    outer loop
      vertex 20.4599 -21.9406 25
      vertex 20.0739 -22.2943 -25
      vertex 20.4599 -21.9406 -25
    endloop
  endfacet
  facet normal 0.333843 0.942629 -0
    outer loop
      vertex 10.2606 28.1908 -25
      vertex 9.76704 28.3656 25
      vertex 10.2606 28.1908 25
    endloop
  endfacet
  facet normal 0.333843 0.942629 0
    outer loop
      vertex 9.76704 28.3656 25
      vertex 10.2606 28.1908 -25
      vertex 9.76704 28.3656 -25
    endloop
  endfacet
  facet normal -0.0261656 0.999658 0
    outer loop
      vertex -0.523572 29.9954 -25
      vertex -1.04698 29.9817 25
      vertex -0.523572 29.9954 25
    endloop
  endfacet
  facet normal -0.0261656 0.999658 0
    outer loop
      vertex -1.04698 29.9817 25
      vertex -0.523572 29.9954 -25
      vertex -1.04698 29.9817 -25
    endloop
  endfacet
  facet normal -0.999658 -0.0261656 0
    outer loop
      vertex -29.9817 -1.04698 -25
      vertex -29.9954 -0.523572 25
      vertex -29.9954 -0.523572 -25
    endloop
  endfacet
  facet normal -0.999658 -0.0261656 0
    outer loop
      vertex -29.9954 -0.523572 25
      vertex -29.9817 -1.04698 -25
      vertex -29.9817 -1.04698 25
    endloop
  endfacet
  facet normal 0.902599 -0.430482 0
    outer loop
      vertex 26.9638 -13.1511 25
      vertex 27.1892 -12.6785 -25
      vertex 27.1892 -12.6785 25
    endloop
  endfacet
  facet normal 0.902599 -0.430482 0
    outer loop
      vertex 27.1892 -12.6785 -25
      vertex 26.9638 -13.1511 25
      vertex 26.9638 -13.1511 -25
    endloop
  endfacet
  facet normal 0.713192 -0.700968 0
    outer loop
      vertex 21.2132 -21.2132 25
      vertex 21.5802 -20.8398 -25
      vertex 21.5802 -20.8398 25
    endloop
  endfacet
  facet normal 0.713192 -0.700968 0
    outer loop
      vertex 21.5802 -20.8398 -25
      vertex 21.2132 -21.2132 25
      vertex 21.2132 -21.2132 -25
    endloop
  endfacet
  facet normal -0.852653 -0.522477 0
    outer loop
      vertex -25.4414 -15.8976 -25
      vertex -25.715 -15.4511 25
      vertex -25.715 -15.4511 -25
    endloop
  endfacet
  facet normal -0.852653 -0.522477 0
    outer loop
      vertex -25.715 -15.4511 25
      vertex -25.4414 -15.8976 -25
      vertex -25.4414 -15.8976 25
    endloop
  endfacet
  facet normal 0.870374 0.492391 0
    outer loop
      vertex 26.2386 14.5443 25
      vertex 25.9808 15 -25
      vertex 25.9808 15 25
    endloop
  endfacet
  facet normal 0.870374 0.492391 0
    outer loop
      vertex 25.9808 15 -25
      vertex 26.2386 14.5443 25
      vertex 26.2386 14.5443 -25
    endloop
  endfacet
  facet normal -0.930426 0.366479 0
    outer loop
      vertex -28.0074 10.751 -25
      vertex -27.8155 11.2382 25
      vertex -27.8155 11.2382 -25
    endloop
  endfacet
  facet normal -0.930426 0.366479 0
    outer loop
      vertex -27.8155 11.2382 25
      vertex -28.0074 10.751 -25
      vertex -28.0074 10.751 25
    endloop
  endfacet
  facet normal -0.972383 -0.233389 0
    outer loop
      vertex -29.1089 -7.25766 -25
      vertex -29.2311 -6.74853 25
      vertex -29.2311 -6.74853 -25
    endloop
  endfacet
  facet normal -0.972383 -0.233389 0
    outer loop
      vertex -29.2311 -6.74853 25
      vertex -29.1089 -7.25766 -25
      vertex -29.1089 -7.25766 25
    endloop
  endfacet
  facet normal -0.996914 -0.0784957 0
    outer loop
      vertex -29.8858 -2.61467 -25
      vertex -29.9269 -2.09269 25
      vertex -29.9269 -2.09269 -25
    endloop
  endfacet
  facet normal -0.996914 -0.0784957 0
    outer loop
      vertex -29.9269 -2.09269 25
      vertex -29.8858 -2.61467 -25
      vertex -29.8858 -2.61467 25
    endloop
  endfacet
  facet normal -0.398593 -0.917128 0
    outer loop
      vertex -12.2021 -27.4064 -25
      vertex -11.7219 -27.6151 25
      vertex -12.2021 -27.4064 25
    endloop
  endfacet
  facet normal -0.398593 -0.917128 -0
    outer loop
      vertex -11.7219 -27.6151 25
      vertex -12.2021 -27.4064 -25
      vertex -11.7219 -27.6151 -25
    endloop
  endfacet
  facet normal 0.833868 0.551965 0
    outer loop
      vertex 25.1601 16.3392 25
      vertex 24.8711 16.7758 -25
      vertex 24.8711 16.7758 25
    endloop
  endfacet
  facet normal 0.833868 0.551965 0
    outer loop
      vertex 24.8711 16.7758 -25
      vertex 25.1601 16.3392 25
      vertex 25.1601 16.3392 -25
    endloop
  endfacet
  facet normal -0.317242 0.948345 0
    outer loop
      vertex -9.27051 28.5317 -25
      vertex -9.76704 28.3656 25
      vertex -9.27051 28.5317 25
    endloop
  endfacet
  facet normal -0.317242 0.948345 0
    outer loop
      vertex -9.76704 28.3656 25
      vertex -9.27051 28.5317 -25
      vertex -9.76704 28.3656 -25
    endloop
  endfacet
  facet normal -0.430482 0.902599 0
    outer loop
      vertex -12.6785 27.1892 -25
      vertex -13.1511 26.9638 25
      vertex -12.6785 27.1892 25
    endloop
  endfacet
  facet normal -0.430482 0.902599 0
    outer loop
      vertex -13.1511 26.9638 25
      vertex -12.6785 27.1892 -25
      vertex -13.1511 26.9638 -25
    endloop
  endfacet
  facet normal -0.843418 -0.537259 0
    outer loop
      vertex -25.1601 -16.3392 -25
      vertex -25.4414 -15.8976 25
      vertex -25.4414 -15.8976 -25
    endloop
  endfacet
  facet normal -0.843418 -0.537259 0
    outer loop
      vertex -25.4414 -15.8976 25
      vertex -25.1601 -16.3392 -25
      vertex -25.1601 -16.3392 25
    endloop
  endfacet
  facet normal 0.0611167 0.998131 -0
    outer loop
      vertex 2.09269 29.9269 -25
      vertex 1.57008 29.9589 25
      vertex 2.09269 29.9269 25
    endloop
  endfacet
  facet normal 0.0611167 0.998131 0
    outer loop
      vertex 1.57008 29.9589 25
      vertex 2.09269 29.9269 -25
      vertex 1.57008 29.9589 -25
    endloop
  endfacet
  facet normal 0.852653 0.522477 0
    outer loop
      vertex 25.715 15.4511 25
      vertex 25.4414 15.8976 -25
      vertex 25.4414 15.8976 25
    endloop
  endfacet
  facet normal 0.852653 0.522477 0
    outer loop
      vertex 25.4414 15.8976 -25
      vertex 25.715 15.4511 25
      vertex 25.715 15.4511 -25
    endloop
  endfacet
  facet normal -0.976306 -0.216393 0
    outer loop
      vertex -29.2311 -6.74853 -25
      vertex -29.3444 -6.23735 25
      vertex -29.3444 -6.23735 -25
    endloop
  endfacet
  facet normal -0.976306 -0.216393 0
    outer loop
      vertex -29.3444 -6.23735 25
      vertex -29.2311 -6.74853 -25
      vertex -29.2311 -6.74853 25
    endloop
  endfacet
  facet normal 0.0261656 -0.999658 0
    outer loop
      vertex 0.523572 -29.9954 -25
      vertex 1.04698 -29.9817 25
      vertex 0.523572 -29.9954 25
    endloop
  endfacet
  facet normal 0.0261656 -0.999658 0
    outer loop
      vertex 1.04698 -29.9817 25
      vertex 0.523572 -29.9954 -25
      vertex 1.04698 -29.9817 -25
    endloop
  endfacet
  facet normal -0.942629 -0.333843 0
    outer loop
      vertex -28.1908 -10.2606 -25
      vertex -28.3656 -9.76704 25
      vertex -28.3656 -9.76704 -25
    endloop
  endfacet
  facet normal -0.942629 -0.333843 0
    outer loop
      vertex -28.3656 -9.76704 25
      vertex -28.1908 -10.2606 -25
      vertex -28.1908 -10.2606 25
    endloop
  endfacet
  facet normal -0.492391 0.870374 0
    outer loop
      vertex -14.5443 26.2386 -25
      vertex -15 25.9808 25
      vertex -14.5443 26.2386 25
    endloop
  endfacet
  facet normal -0.492391 0.870374 0
    outer loop
      vertex -15 25.9808 25
      vertex -14.5443 26.2386 -25
      vertex -15 25.9808 -25
    endloop
  endfacet
  facet normal -0.995411 0.0956869 0
    outer loop
      vertex -29.8858 2.61467 -25
      vertex -29.8357 3.13585 25
      vertex -29.8357 3.13585 -25
    endloop
  endfacet
  facet normal -0.995411 0.0956869 0
    outer loop
      vertex -29.8357 3.13585 25
      vertex -29.8858 2.61467 -25
      vertex -29.8858 2.61467 25
    endloop
  endfacet
  facet normal -0.461822 -0.886973 0
    outer loop
      vertex -14.0841 -26.4884 -25
      vertex -13.6197 -26.7302 25
      vertex -14.0841 -26.4884 25
    endloop
  endfacet
  facet normal -0.461822 -0.886973 -0
    outer loop
      vertex -13.6197 -26.7302 25
      vertex -14.0841 -26.4884 -25
      vertex -13.6197 -26.7302 -25
    endloop
  endfacet
  facet normal 0.996914 0.0784957 0
    outer loop
      vertex 29.9269 2.09269 25
      vertex 29.8858 2.61467 -25
      vertex 29.8858 2.61467 25
    endloop
  endfacet
  facet normal 0.996914 0.0784957 0
    outer loop
      vertex 29.8858 2.61467 -25
      vertex 29.9269 2.09269 25
      vertex 29.9269 2.09269 -25
    endloop
  endfacet
  facet normal 0.999051 -0.043545 0
    outer loop
      vertex 29.9589 -1.57008 25
      vertex 29.9817 -1.04698 -25
      vertex 29.9817 -1.04698 25
    endloop
  endfacet
  facet normal 0.999051 -0.043545 0
    outer loop
      vertex 29.9817 -1.04698 -25
      vertex 29.9589 -1.57008 25
      vertex 29.9589 -1.57008 -25
    endloop
  endfacet
  facet normal 0.760495 -0.649343 0
    outer loop
      vertex 22.6413 -19.6818 25
      vertex 22.9813 -19.2836 -25
      vertex 22.9813 -19.2836 25
    endloop
  endfacet
  facet normal 0.760495 -0.649343 0
    outer loop
      vertex 22.9813 -19.2836 -25
      vertex 22.6413 -19.6818 25
      vertex 22.6413 -19.6818 -25
    endloop
  endfacet
  facet normal -0.113255 -0.993566 0
    outer loop
      vertex -3.65608 -29.7764 -25
      vertex -3.13585 -29.8357 25
      vertex -3.65608 -29.7764 25
    endloop
  endfacet
  facet normal -0.113255 -0.993566 -0
    outer loop
      vertex -3.13585 -29.8357 25
      vertex -3.65608 -29.7764 -25
      vertex -3.13585 -29.8357 -25
    endloop
  endfacet
  facet normal -0.147825 -0.989014 0
    outer loop
      vertex -4.69303 -29.6306 -25
      vertex -4.17519 -29.708 25
      vertex -4.69303 -29.6306 25
    endloop
  endfacet
  facet normal -0.147825 -0.989014 -0
    outer loop
      vertex -4.17519 -29.708 25
      vertex -4.69303 -29.6306 -25
      vertex -4.17519 -29.708 -25
    endloop
  endfacet
  facet normal 0.398593 -0.917128 0
    outer loop
      vertex 11.7219 -27.6151 -25
      vertex 12.2021 -27.4064 25
      vertex 11.7219 -27.6151 25
    endloop
  endfacet
  facet normal 0.398593 -0.917128 0
    outer loop
      vertex 12.2021 -27.4064 25
      vertex 11.7219 -27.6151 -25
      vertex 12.2021 -27.4064 -25
    endloop
  endfacet
  facet normal -0.350286 0.936643 0
    outer loop
      vertex -10.2606 28.1908 -25
      vertex -10.751 28.0074 25
      vertex -10.2606 28.1908 25
    endloop
  endfacet
  facet normal -0.350286 0.936643 0
    outer loop
      vertex -10.751 28.0074 25
      vertex -10.2606 28.1908 -25
      vertex -10.751 28.0074 -25
    endloop
  endfacet
  facet normal -0.649343 0.760495 0
    outer loop
      vertex -19.2836 22.9813 -25
      vertex -19.6818 22.6413 25
      vertex -19.2836 22.9813 25
    endloop
  endfacet
  facet normal -0.649343 0.760495 0
    outer loop
      vertex -19.6818 22.6413 25
      vertex -19.2836 22.9813 -25
      vertex -19.6818 22.6413 -25
    endloop
  endfacet
  facet normal 0.999658 -0.0261656 0
    outer loop
      vertex 29.9817 -1.04698 25
      vertex 29.9954 -0.523572 -25
      vertex 29.9954 -0.523572 25
    endloop
  endfacet
  facet normal 0.999658 -0.0261656 0
    outer loop
      vertex 29.9954 -0.523572 -25
      vertex 29.9817 -1.04698 25
      vertex 29.9817 -1.04698 -25
    endloop
  endfacet
  facet normal -0.999961 -0.00878546 0
    outer loop
      vertex -29.9954 -0.523572 -25
      vertex -30 0 25
      vertex -30 0 -25
    endloop
  endfacet
  facet normal -0.999961 -0.00878546 0
    outer loop
      vertex -30 0 25
      vertex -29.9954 -0.523572 -25
      vertex -29.9954 -0.523572 25
    endloop
  endfacet
  facet normal 0.894961 -0.446144 0
    outer loop
      vertex 26.7302 -13.6197 25
      vertex 26.9638 -13.1511 -25
      vertex 26.9638 -13.1511 25
    endloop
  endfacet
  facet normal 0.894961 -0.446144 0
    outer loop
      vertex 26.9638 -13.1511 -25
      vertex 26.7302 -13.6197 25
      vertex 26.7302 -13.6197 -25
    endloop
  endfacet
  facet normal 0.737281 -0.675586 0
    outer loop
      vertex 21.9406 -20.4599 25
      vertex 22.2943 -20.0739 -25
      vertex 22.2943 -20.0739 25
    endloop
  endfacet
  facet normal 0.737281 -0.675586 0
    outer loop
      vertex 22.2943 -20.0739 -25
      vertex 21.9406 -20.4599 25
      vertex 21.9406 -20.4599 -25
    endloop
  endfacet
  facet normal 0.700968 0.713192 -0
    outer loop
      vertex 21.2132 21.2132 -25
      vertex 20.8398 21.5802 25
      vertex 21.2132 21.2132 25
    endloop
  endfacet
  facet normal 0.700968 0.713192 0
    outer loop
      vertex 20.8398 21.5802 25
      vertex 21.2132 21.2132 -25
      vertex 20.8398 21.5802 -25
    endloop
  endfacet
  facet normal 0.537259 -0.843418 0
    outer loop
      vertex 15.8976 -25.4414 -25
      vertex 16.3392 -25.1601 25
      vertex 15.8976 -25.4414 25
    endloop
  endfacet
  facet normal 0.537259 -0.843418 0
    outer loop
      vertex 16.3392 -25.1601 25
      vertex 15.8976 -25.4414 -25
      vertex 16.3392 -25.1601 -25
    endloop
  endfacet
  facet normal -0.165015 0.986291 0
    outer loop
      vertex -4.69303 29.6306 -25
      vertex -5.20944 29.5442 25
      vertex -4.69303 29.6306 25
    endloop
  endfacet
  facet normal -0.165015 0.986291 0
    outer loop
      vertex -5.20944 29.5442 25
      vertex -4.69303 29.6306 -25
      vertex -5.20944 29.5442 -25
    endloop
  endfacet
  facet normal -0.522477 -0.852653 0
    outer loop
      vertex -15.8976 -25.4414 -25
      vertex -15.4511 -25.715 25
      vertex -15.8976 -25.4414 25
    endloop
  endfacet
  facet normal -0.522477 -0.852653 -0
    outer loop
      vertex -15.4511 -25.715 25
      vertex -15.8976 -25.4414 -25
      vertex -15.4511 -25.715 -25
    endloop
  endfacet
  facet normal -0.936643 -0.350286 0
    outer loop
      vertex -28.0074 -10.751 -25
      vertex -28.1908 -10.2606 25
      vertex -28.1908 -10.2606 -25
    endloop
  endfacet
  facet normal -0.936643 -0.350286 0
    outer loop
      vertex -28.1908 -10.2606 25
      vertex -28.0074 -10.751 -25
      vertex -28.0074 -10.751 25
    endloop
  endfacet
  facet normal 0.963642 -0.267196 0
    outer loop
      vertex 28.8379 -8.26912 25
      vertex 28.9778 -7.76457 -25
      vertex 28.9778 -7.76457 25
    endloop
  endfacet
  facet normal 0.963642 -0.267196 0
    outer loop
      vertex 28.9778 -7.76457 -25
      vertex 28.8379 -8.26912 25
      vertex 28.8379 -8.26912 -25
    endloop
  endfacet
  facet normal 0.861561 0.507654 0
    outer loop
      vertex 25.9808 15 25
      vertex 25.715 15.4511 -25
      vertex 25.715 15.4511 25
    endloop
  endfacet
  facet normal 0.861561 0.507654 0
    outer loop
      vertex 25.715 15.4511 -25
      vertex 25.9808 15 25
      vertex 25.9808 15 -25
    endloop
  endfacet
  facet normal 0.861561 -0.507654 0
    outer loop
      vertex 25.715 -15.4511 25
      vertex 25.9808 -15 -25
      vertex 25.9808 -15 25
    endloop
  endfacet
  facet normal 0.861561 -0.507654 0
    outer loop
      vertex 25.9808 -15 -25
      vertex 25.715 -15.4511 25
      vertex 25.715 -15.4511 -25
    endloop
  endfacet
  facet normal -0.566326 -0.824181 0
    outer loop
      vertex -17.2073 -24.5746 -25
      vertex -16.7758 -24.8711 25
      vertex -17.2073 -24.5746 25
    endloop
  endfacet
  facet normal -0.566326 -0.824181 -0
    outer loop
      vertex -16.7758 -24.8711 25
      vertex -17.2073 -24.5746 -25
      vertex -16.7758 -24.8711 -25
    endloop
  endfacet
  facet normal 0.147825 0.989014 -0
    outer loop
      vertex 4.69303 29.6306 -25
      vertex 4.17519 29.708 25
      vertex 4.69303 29.6306 25
    endloop
  endfacet
  facet normal 0.147825 0.989014 0
    outer loop
      vertex 4.17519 29.708 25
      vertex 4.69303 29.6306 -25
      vertex 4.17519 29.708 -25
    endloop
  endfacet
  facet normal 0.043545 -0.999051 0
    outer loop
      vertex 1.04698 -29.9817 -25
      vertex 1.57008 -29.9589 25
      vertex 1.04698 -29.9817 25
    endloop
  endfacet
  facet normal 0.043545 -0.999051 0
    outer loop
      vertex 1.57008 -29.9589 25
      vertex 1.04698 -29.9817 -25
      vertex 1.57008 -29.9589 -25
    endloop
  endfacet
  facet normal 0.996914 -0.0784957 0
    outer loop
      vertex 29.8858 -2.61467 25
      vertex 29.9269 -2.09269 -25
      vertex 29.9269 -2.09269 25
    endloop
  endfacet
  facet normal 0.996914 -0.0784957 0
    outer loop
      vertex 29.9269 -2.09269 -25
      vertex 29.8858 -2.61467 25
      vertex 29.8858 -2.61467 -25
    endloop
  endfacet
  facet normal -0.833868 0.551965 0
    outer loop
      vertex -25.1601 16.3392 -25
      vertex -24.8711 16.7758 25
      vertex -24.8711 16.7758 -25
    endloop
  endfacet
  facet normal -0.833868 0.551965 0
    outer loop
      vertex -24.8711 16.7758 25
      vertex -25.1601 16.3392 -25
      vertex -25.1601 16.3392 25
    endloop
  endfacet
  facet normal -0.993566 -0.113255 0
    outer loop
      vertex -29.7764 -3.65608 -25
      vertex -29.8357 -3.13585 25
      vertex -29.8357 -3.13585 -25
    endloop
  endfacet
  facet normal -0.993566 -0.113255 0
    outer loop
      vertex -29.8357 -3.13585 25
      vertex -29.7764 -3.65608 -25
      vertex -29.7764 -3.65608 25
    endloop
  endfacet
  facet normal -0.608917 -0.793234 0
    outer loop
      vertex -18.4698 -23.6403 -25
      vertex -18.0545 -23.9591 25
      vertex -18.4698 -23.6403 25
    endloop
  endfacet
  facet normal -0.608917 -0.793234 -0
    outer loop
      vertex -18.0545 -23.9591 25
      vertex -18.4698 -23.6403 -25
      vertex -18.0545 -23.9591 -25
    endloop
  endfacet
  facet normal -0.366479 0.930426 0
    outer loop
      vertex -10.751 28.0074 -25
      vertex -11.2382 27.8155 25
      vertex -10.751 28.0074 25
    endloop
  endfacet
  facet normal -0.366479 0.930426 0
    outer loop
      vertex -11.2382 27.8155 25
      vertex -10.751 28.0074 -25
      vertex -11.2382 27.8155 -25
    endloop
  endfacet
  facet normal 0.300623 -0.953743 0
    outer loop
      vertex 8.77115 -28.6891 -25
      vertex 9.27051 -28.5317 25
      vertex 8.77115 -28.6891 25
    endloop
  endfacet
  facet normal 0.300623 -0.953743 0
    outer loop
      vertex 9.27051 -28.5317 25
      vertex 8.77115 -28.6891 -25
      vertex 9.27051 -28.5317 -25
    endloop
  endfacet
  facet normal 0.748862 0.662726 0
    outer loop
      vertex 22.6413 19.6818 25
      vertex 22.2943 20.0739 -25
      vertex 22.2943 20.0739 25
    endloop
  endfacet
  facet normal 0.748862 0.662726 0
    outer loop
      vertex 22.2943 20.0739 -25
      vertex 22.6413 19.6818 25
      vertex 22.6413 19.6818 -25
    endloop
  endfacet
  facet normal 0.0784957 0.996914 -0
    outer loop
      vertex 2.61467 29.8858 -25
      vertex 2.09269 29.9269 25
      vertex 2.61467 29.8858 25
    endloop
  endfacet
  facet normal 0.0784957 0.996914 0
    outer loop
      vertex 2.09269 29.9269 25
      vertex 2.61467 29.8858 -25
      vertex 2.09269 29.9269 -25
    endloop
  endfacet
  facet normal 0.852653 -0.522477 0
    outer loop
      vertex 25.4414 -15.8976 25
      vertex 25.715 -15.4511 -25
      vertex 25.715 -15.4511 25
    endloop
  endfacet
  facet normal 0.852653 -0.522477 0
    outer loop
      vertex 25.715 -15.4511 -25
      vertex 25.4414 -15.8976 25
      vertex 25.4414 -15.8976 -25
    endloop
  endfacet
  facet normal -0.0956869 0.995411 0
    outer loop
      vertex -2.61467 29.8858 -25
      vertex -3.13585 29.8357 25
      vertex -2.61467 29.8858 25
    endloop
  endfacet
  facet normal -0.0956869 0.995411 0
    outer loop
      vertex -3.13585 29.8357 25
      vertex -2.61467 29.8858 -25
      vertex -3.13585 29.8357 -25
    endloop
  endfacet
  facet normal 0.991431 -0.130635 0
    outer loop
      vertex 29.708 -4.17519 25
      vertex 29.7764 -3.65608 -25
      vertex 29.7764 -3.65608 25
    endloop
  endfacet
  facet normal 0.991431 -0.130635 0
    outer loop
      vertex 29.7764 -3.65608 -25
      vertex 29.708 -4.17519 25
      vertex 29.708 -4.17519 -25
    endloop
  endfacet
  facet normal -0.350286 -0.936643 0
    outer loop
      vertex -10.751 -28.0074 -25
      vertex -10.2606 -28.1908 25
      vertex -10.751 -28.0074 25
    endloop
  endfacet
  facet normal -0.350286 -0.936643 -0
    outer loop
      vertex -10.2606 -28.1908 25
      vertex -10.751 -28.0074 -25
      vertex -10.2606 -28.1908 -25
    endloop
  endfacet
  facet normal 0.902599 0.430482 0
    outer loop
      vertex 27.1892 12.6785 25
      vertex 26.9638 13.1511 -25
      vertex 26.9638 13.1511 25
    endloop
  endfacet
  facet normal 0.902599 0.430482 0
    outer loop
      vertex 26.9638 13.1511 -25
      vertex 27.1892 12.6785 25
      vertex 27.1892 12.6785 -25
    endloop
  endfacet
  facet normal 0.580732 -0.814095 0
    outer loop
      vertex 17.2073 -24.5746 -25
      vertex 17.6336 -24.2705 25
      vertex 17.2073 -24.5746 25
    endloop
  endfacet
  facet normal 0.580732 -0.814095 0
    outer loop
      vertex 17.6336 -24.2705 25
      vertex 17.2073 -24.5746 -25
      vertex 17.6336 -24.2705 -25
    endloop
  endfacet
  facet normal 0.803902 0.594762 0
    outer loop
      vertex 24.2705 17.6336 25
      vertex 23.9591 18.0545 -25
      vertex 23.9591 18.0545 25
    endloop
  endfacet
  facet normal 0.803902 0.594762 0
    outer loop
      vertex 23.9591 18.0545 -25
      vertex 24.2705 17.6336 25
      vertex 24.2705 17.6336 -25
    endloop
  endfacet
  facet normal -0.748862 -0.662726 0
    outer loop
      vertex -22.2943 -20.0739 -25
      vertex -22.6413 -19.6818 25
      vertex -22.6413 -19.6818 -25
    endloop
  endfacet
  facet normal -0.748862 -0.662726 0
    outer loop
      vertex -22.6413 -19.6818 25
      vertex -22.2943 -20.0739 -25
      vertex -22.2943 -20.0739 25
    endloop
  endfacet
  facet normal 0.00878546 0.999961 -0
    outer loop
      vertex 0.523572 29.9954 -25
      vertex 0 30 25
      vertex 0.523572 29.9954 25
    endloop
  endfacet
  facet normal 0.00878546 0.999961 0
    outer loop
      vertex 0 30 25
      vertex 0.523572 29.9954 -25
      vertex 0 30 -25
    endloop
  endfacet
  facet normal -0.594762 0.803902 0
    outer loop
      vertex -17.6336 24.2705 -25
      vertex -18.0545 23.9591 25
      vertex -17.6336 24.2705 25
    endloop
  endfacet
  facet normal -0.594762 0.803902 0
    outer loop
      vertex -18.0545 23.9591 25
      vertex -17.6336 24.2705 -25
      vertex -18.0545 23.9591 -25
    endloop
  endfacet
  facet normal -0.446144 0.894961 0
    outer loop
      vertex -13.1511 26.9638 -25
      vertex -13.6197 26.7302 25
      vertex -13.1511 26.9638 25
    endloop
  endfacet
  facet normal -0.446144 0.894961 0
    outer loop
      vertex -13.6197 26.7302 25
      vertex -13.1511 26.9638 -25
      vertex -13.6197 26.7302 -25
    endloop
  endfacet
  facet normal 0.113255 0.993566 -0
    outer loop
      vertex 3.65608 29.7764 -25
      vertex 3.13585 29.8357 25
      vertex 3.65608 29.7764 25
    endloop
  endfacet
  facet normal 0.113255 0.993566 0
    outer loop
      vertex 3.13585 29.8357 25
      vertex 3.65608 29.7764 -25
      vertex 3.13585 29.8357 -25
    endloop
  endfacet
  facet normal 0.793234 -0.608917 0
    outer loop
      vertex 23.6403 -18.4698 25
      vertex 23.9591 -18.0545 -25
      vertex 23.9591 -18.0545 25
    endloop
  endfacet
  facet normal 0.793234 -0.608917 0
    outer loop
      vertex 23.9591 -18.0545 -25
      vertex 23.6403 -18.4698 25
      vertex 23.6403 -18.4698 -25
    endloop
  endfacet
  facet normal 0.130635 -0.991431 0
    outer loop
      vertex 3.65608 -29.7764 -25
      vertex 4.17519 -29.708 25
      vertex 3.65608 -29.7764 25
    endloop
  endfacet
  facet normal 0.130635 -0.991431 0
    outer loop
      vertex 4.17519 -29.708 25
      vertex 3.65608 -29.7764 -25
      vertex 4.17519 -29.708 -25
    endloop
  endfacet
  facet normal 0.477058 0.878872 -0
    outer loop
      vertex 14.5443 26.2386 -25
      vertex 14.0841 26.4884 25
      vertex 14.5443 26.2386 25
    endloop
  endfacet
  facet normal 0.477058 0.878872 0
    outer loop
      vertex 14.0841 26.4884 25
      vertex 14.5443 26.2386 -25
      vertex 14.0841 26.4884 -25
    endloop
  endfacet
  facet normal 0.737281 0.675586 0
    outer loop
      vertex 22.2943 20.0739 25
      vertex 21.9406 20.4599 -25
      vertex 21.9406 20.4599 25
    endloop
  endfacet
  facet normal 0.737281 0.675586 0
    outer loop
      vertex 21.9406 20.4599 -25
      vertex 22.2943 20.0739 25
      vertex 22.2943 20.0739 -25
    endloop
  endfacet
  facet normal -0.267196 0.963642 0
    outer loop
      vertex -7.76457 28.9778 -25
      vertex -8.26912 28.8379 25
      vertex -7.76457 28.9778 25
    endloop
  endfacet
  facet normal -0.267196 0.963642 0
    outer loop
      vertex -8.26912 28.8379 25
      vertex -7.76457 28.9778 -25
      vertex -8.26912 28.8379 -25
    endloop
  endfacet
  facet normal 0.942629 -0.333843 0
    outer loop
      vertex 28.1908 -10.2606 25
      vertex 28.3656 -9.76704 -25
      vertex 28.3656 -9.76704 25
    endloop
  endfacet
  facet normal 0.942629 -0.333843 0
    outer loop
      vertex 28.3656 -9.76704 -25
      vertex 28.1908 -10.2606 25
      vertex 28.1908 -10.2606 -25
    endloop
  endfacet
  facet normal -0.713192 -0.700968 0
    outer loop
      vertex -21.2132 -21.2132 -25
      vertex -21.5802 -20.8398 25
      vertex -21.5802 -20.8398 -25
    endloop
  endfacet
  facet normal -0.713192 -0.700968 0
    outer loop
      vertex -21.5802 -20.8398 25
      vertex -21.2132 -21.2132 -25
      vertex -21.2132 -21.2132 25
    endloop
  endfacet
  facet normal 0.113255 -0.993566 0
    outer loop
      vertex 3.13585 -29.8357 -25
      vertex 3.65608 -29.7764 25
      vertex 3.13585 -29.8357 25
    endloop
  endfacet
  facet normal 0.113255 -0.993566 0
    outer loop
      vertex 3.65608 -29.7764 25
      vertex 3.13585 -29.8357 -25
      vertex 3.65608 -29.7764 -25
    endloop
  endfacet
  facet normal 0.477058 -0.878872 0
    outer loop
      vertex 14.0841 -26.4884 -25
      vertex 14.5443 -26.2386 25
      vertex 14.0841 -26.4884 25
    endloop
  endfacet
  facet normal 0.477058 -0.878872 0
    outer loop
      vertex 14.5443 -26.2386 25
      vertex 14.0841 -26.4884 -25
      vertex 14.5443 -26.2386 -25
    endloop
  endfacet
  facet normal -0.414839 -0.909895 0
    outer loop
      vertex -12.6785 -27.1892 -25
      vertex -12.2021 -27.4064 25
      vertex -12.6785 -27.1892 25
    endloop
  endfacet
  facet normal -0.414839 -0.909895 -0
    outer loop
      vertex -12.2021 -27.4064 25
      vertex -12.6785 -27.1892 -25
      vertex -12.2021 -27.4064 -25
    endloop
  endfacet
  facet normal 0.00878546 -0.999961 0
    outer loop
      vertex 0 -30 -25
      vertex 0.523572 -29.9954 25
      vertex 0 -30 25
    endloop
  endfacet
  facet normal 0.00878546 -0.999961 0
    outer loop
      vertex 0.523572 -29.9954 25
      vertex 0 -30 -25
      vertex 0.523572 -29.9954 -25
    endloop
  endfacet
  facet normal 0.983261 0.182202 0
    outer loop
      vertex 29.5442 5.20944 25
      vertex 29.4488 5.72427 -25
      vertex 29.4488 5.72427 25
    endloop
  endfacet
  facet normal 0.983261 0.182202 0
    outer loop
      vertex 29.4488 5.72427 -25
      vertex 29.5442 5.20944 25
      vertex 29.5442 5.20944 -25
    endloop
  endfacet
  facet normal 0.803902 -0.594762 0
    outer loop
      vertex 23.9591 -18.0545 25
      vertex 24.2705 -17.6336 -25
      vertex 24.2705 -17.6336 25
    endloop
  endfacet
  facet normal 0.803902 -0.594762 0
    outer loop
      vertex 24.2705 -17.6336 -25
      vertex 23.9591 -18.0545 25
      vertex 23.9591 -18.0545 -25
    endloop
  endfacet
  facet normal -0.824181 -0.566326 0
    outer loop
      vertex -24.5746 -17.2073 -25
      vertex -24.8711 -16.7758 25
      vertex -24.8711 -16.7758 -25
    endloop
  endfacet
  facet normal -0.824181 -0.566326 0
    outer loop
      vertex -24.8711 -16.7758 25
      vertex -24.5746 -17.2073 -25
      vertex -24.5746 -17.2073 25
    endloop
  endfacet
  facet normal 0.930426 0.366479 0
    outer loop
      vertex 28.0074 10.751 25
      vertex 27.8155 11.2382 -25
      vertex 27.8155 11.2382 25
    endloop
  endfacet
  facet normal 0.930426 0.366479 0
    outer loop
      vertex 27.8155 11.2382 -25
      vertex 28.0074 10.751 25
      vertex 28.0074 10.751 -25
    endloop
  endfacet
  facet normal 0.566326 -0.824181 0
    outer loop
      vertex 16.7758 -24.8711 -25
      vertex 17.2073 -24.5746 25
      vertex 16.7758 -24.8711 25
    endloop
  endfacet
  facet normal 0.566326 -0.824181 0
    outer loop
      vertex 17.2073 -24.5746 25
      vertex 16.7758 -24.8711 -25
      vertex 17.2073 -24.5746 -25
    endloop
  endfacet
  facet normal -0.725481 -0.688242 0
    outer loop
      vertex -21.5802 -20.8398 -25
      vertex -21.9406 -20.4599 25
      vertex -21.9406 -20.4599 -25
    endloop
  endfacet
  facet normal -0.725481 -0.688242 0
    outer loop
      vertex -21.9406 -20.4599 25
      vertex -21.5802 -20.8398 -25
      vertex -21.5802 -20.8398 25
    endloop
  endfacet
  facet normal 0.662726 -0.748862 0
    outer loop
      vertex 19.6818 -22.6413 -25
      vertex 20.0739 -22.2943 25
      vertex 19.6818 -22.6413 25
    endloop
  endfacet
  facet normal 0.662726 -0.748862 0
    outer loop
      vertex 20.0739 -22.2943 25
      vertex 19.6818 -22.6413 -25
      vertex 20.0739 -22.2943 -25
    endloop
  endfacet
  facet normal -0.713192 0.700968 0
    outer loop
      vertex -21.5802 20.8398 -25
      vertex -21.2132 21.2132 25
      vertex -21.2132 21.2132 -25
    endloop
  endfacet
  facet normal -0.713192 0.700968 0
    outer loop
      vertex -21.2132 21.2132 25
      vertex -21.5802 20.8398 -25
      vertex -21.5802 20.8398 25
    endloop
  endfacet
  facet normal 0.199391 0.97992 -0
    outer loop
      vertex 6.23735 29.3444 -25
      vertex 5.72427 29.4488 25
      vertex 6.23735 29.3444 25
    endloop
  endfacet
  facet normal 0.199391 0.97992 0
    outer loop
      vertex 5.72427 29.4488 25
      vertex 6.23735 29.3444 -25
      vertex 5.72427 29.4488 -25
    endloop
  endfacet
  facet normal 0.636156 0.771561 -0
    outer loop
      vertex 19.2836 22.9813 -25
      vertex 18.8796 23.3144 25
      vertex 19.2836 22.9813 25
    endloop
  endfacet
  facet normal 0.636156 0.771561 0
    outer loop
      vertex 18.8796 23.3144 25
      vertex 19.2836 22.9813 -25
      vertex 18.8796 23.3144 -25
    endloop
  endfacet
  facet normal -0.953743 -0.300623 0
    outer loop
      vertex -28.5317 -9.27051 -25
      vertex -28.6891 -8.77115 25
      vertex -28.6891 -8.77115 -25
    endloop
  endfacet
  facet normal -0.953743 -0.300623 0
    outer loop
      vertex -28.6891 -8.77115 25
      vertex -28.5317 -9.27051 -25
      vertex -28.5317 -9.27051 25
    endloop
  endfacet
  facet normal -0.983261 -0.182202 0
    outer loop
      vertex -29.4488 -5.72427 -25
      vertex -29.5442 -5.20944 25
      vertex -29.5442 -5.20944 -25
    endloop
  endfacet
  facet normal -0.983261 -0.182202 0
    outer loop
      vertex -29.5442 -5.20944 25
      vertex -29.4488 -5.72427 -25
      vertex -29.4488 -5.72427 25
    endloop
  endfacet
  facet normal -0.999961 0.00878546 0
    outer loop
      vertex -30 0 -25
      vertex -29.9954 0.523572 25
      vertex -29.9954 0.523572 -25
    endloop
  endfacet
  facet normal -0.999961 0.00878546 0
    outer loop
      vertex -29.9954 0.523572 25
      vertex -30 0 -25
      vertex -30 0 25
    endloop
  endfacet
  facet normal 0.0611167 -0.998131 0
    outer loop
      vertex 1.57008 -29.9589 -25
      vertex 2.09269 -29.9269 25
      vertex 1.57008 -29.9589 25
    endloop
  endfacet
  facet normal 0.0611167 -0.998131 0
    outer loop
      vertex 2.09269 -29.9269 25
      vertex 1.57008 -29.9589 -25
      vertex 2.09269 -29.9269 -25
    endloop
  endfacet
  facet normal 0.662726 0.748862 -0
    outer loop
      vertex 20.0739 22.2943 -25
      vertex 19.6818 22.6413 25
      vertex 20.0739 22.2943 25
    endloop
  endfacet
  facet normal 0.662726 0.748862 0
    outer loop
      vertex 19.6818 22.6413 25
      vertex 20.0739 22.2943 -25
      vertex 19.6818 22.6413 -25
    endloop
  endfacet
  facet normal 0.843418 0.537259 0
    outer loop
      vertex 25.4414 15.8976 25
      vertex 25.1601 16.3392 -25
      vertex 25.1601 16.3392 25
    endloop
  endfacet
  facet normal 0.843418 0.537259 0
    outer loop
      vertex 25.1601 16.3392 -25
      vertex 25.4414 15.8976 25
      vertex 25.4414 15.8976 -25
    endloop
  endfacet
  facet normal 0.917128 0.398593 0
    outer loop
      vertex 27.6151 11.7219 25
      vertex 27.4064 12.2021 -25
      vertex 27.4064 12.2021 25
    endloop
  endfacet
  facet normal 0.917128 0.398593 0
    outer loop
      vertex 27.4064 12.2021 -25
      vertex 27.6151 11.7219 25
      vertex 27.6151 11.7219 -25
    endloop
  endfacet
  facet normal 0.566326 0.824181 -0
    outer loop
      vertex 17.2073 24.5746 -25
      vertex 16.7758 24.8711 25
      vertex 17.2073 24.5746 25
    endloop
  endfacet
  facet normal 0.566326 0.824181 0
    outer loop
      vertex 16.7758 24.8711 25
      vertex 17.2073 24.5746 -25
      vertex 16.7758 24.8711 -25
    endloop
  endfacet
  facet normal 0.923849 0.382757 0
    outer loop
      vertex 27.8155 11.2382 25
      vertex 27.6151 11.7219 -25
      vertex 27.6151 11.7219 25
    endloop
  endfacet
  facet normal 0.923849 0.382757 0
    outer loop
      vertex 27.6151 11.7219 -25
      vertex 27.8155 11.2382 25
      vertex 27.8155 11.2382 -25
    endloop
  endfacet
  facet normal -0.909895 0.414839 0
    outer loop
      vertex -27.4064 12.2021 -25
      vertex -27.1892 12.6785 25
      vertex -27.1892 12.6785 -25
    endloop
  endfacet
  facet normal -0.909895 0.414839 0
    outer loop
      vertex -27.1892 12.6785 25
      vertex -27.4064 12.2021 -25
      vertex -27.4064 12.2021 25
    endloop
  endfacet
  facet normal -0.748862 0.662726 0
    outer loop
      vertex -22.6413 19.6818 -25
      vertex -22.2943 20.0739 25
      vertex -22.2943 20.0739 -25
    endloop
  endfacet
  facet normal -0.748862 0.662726 0
    outer loop
      vertex -22.2943 20.0739 25
      vertex -22.6413 19.6818 -25
      vertex -22.6413 19.6818 25
    endloop
  endfacet
  facet normal 0.986291 -0.165015 0
    outer loop
      vertex 29.5442 -5.20944 25
      vertex 29.6306 -4.69303 -25
      vertex 29.6306 -4.69303 25
    endloop
  endfacet
  facet normal 0.986291 -0.165015 0
    outer loop
      vertex 29.6306 -4.69303 -25
      vertex 29.5442 -5.20944 25
      vertex 29.5442 -5.20944 -25
    endloop
  endfacet
  facet normal -0.963642 0.267196 0
    outer loop
      vertex -28.9778 7.76457 -25
      vertex -28.8379 8.26912 25
      vertex -28.8379 8.26912 -25
    endloop
  endfacet
  facet normal -0.963642 0.267196 0
    outer loop
      vertex -28.8379 8.26912 25
      vertex -28.9778 7.76457 -25
      vertex -28.9778 7.76457 25
    endloop
  endfacet
  facet normal -0.507654 -0.861561 0
    outer loop
      vertex -15.4511 -25.715 -25
      vertex -15 -25.9808 25
      vertex -15.4511 -25.715 25
    endloop
  endfacet
  facet normal -0.507654 -0.861561 -0
    outer loop
      vertex -15 -25.9808 25
      vertex -15.4511 -25.715 -25
      vertex -15 -25.9808 -25
    endloop
  endfacet
  facet normal 0.250387 0.968146 -0
    outer loop
      vertex 7.76457 28.9778 -25
      vertex 7.25766 29.1089 25
      vertex 7.76457 28.9778 25
    endloop
  endfacet
  facet normal 0.250387 0.968146 0
    outer loop
      vertex 7.25766 29.1089 25
      vertex 7.76457 28.9778 -25
      vertex 7.25766 29.1089 -25
    endloop
  endfacet
  facet normal 0.953743 0.300623 0
    outer loop
      vertex 28.6891 8.77115 25
      vertex 28.5317 9.27051 -25
      vertex 28.5317 9.27051 25
    endloop
  endfacet
  facet normal 0.953743 0.300623 0
    outer loop
      vertex 28.5317 9.27051 -25
      vertex 28.6891 8.77115 25
      vertex 28.6891 8.77115 -25
    endloop
  endfacet
  facet normal 0.989014 0.147825 0
    outer loop
      vertex 29.708 4.17519 25
      vertex 29.6306 4.69303 -25
      vertex 29.6306 4.69303 25
    endloop
  endfacet
  facet normal 0.989014 0.147825 0
    outer loop
      vertex 29.6306 4.69303 -25
      vertex 29.708 4.17519 25
      vertex 29.708 4.17519 -25
    endloop
  endfacet
  facet normal -0.00878546 0.999961 0
    outer loop
      vertex 0 30 -25
      vertex -0.523572 29.9954 25
      vertex 0 30 25
    endloop
  endfacet
  facet normal -0.00878546 0.999961 0
    outer loop
      vertex -0.523572 29.9954 25
      vertex 0 30 -25
      vertex -0.523572 29.9954 -25
    endloop
  endfacet
  facet normal -0.622433 -0.782673 0
    outer loop
      vertex -18.8796 -23.3144 -25
      vertex -18.4698 -23.6403 25
      vertex -18.8796 -23.3144 25
    endloop
  endfacet
  facet normal -0.622433 -0.782673 -0
    outer loop
      vertex -18.4698 -23.6403 25
      vertex -18.8796 -23.3144 -25
      vertex -18.4698 -23.6403 -25
    endloop
  endfacet
  facet normal 0.968146 0.250387 0
    outer loop
      vertex 29.1089 7.25766 25
      vertex 28.9778 7.76457 -25
      vertex 28.9778 7.76457 25
    endloop
  endfacet
  facet normal 0.968146 0.250387 0
    outer loop
      vertex 28.9778 7.76457 -25
      vertex 29.1089 7.25766 25
      vertex 29.1089 7.25766 -25
    endloop
  endfacet
  facet normal 0.963642 0.267196 0
    outer loop
      vertex 28.9778 7.76457 25
      vertex 28.8379 8.26912 -25
      vertex 28.8379 8.26912 25
    endloop
  endfacet
  facet normal 0.963642 0.267196 0
    outer loop
      vertex 28.8379 8.26912 -25
      vertex 28.9778 7.76457 25
      vertex 28.9778 7.76457 -25
    endloop
  endfacet
  facet normal 0.986291 0.165015 0
    outer loop
      vertex 29.6306 4.69303 25
      vertex 29.5442 5.20944 -25
      vertex 29.5442 5.20944 25
    endloop
  endfacet
  facet normal 0.986291 0.165015 0
    outer loop
      vertex 29.5442 5.20944 -25
      vertex 29.6306 4.69303 25
      vertex 29.6306 4.69303 -25
    endloop
  endfacet
  facet normal -0.0611167 0.998131 0
    outer loop
      vertex -1.57008 29.9589 -25
      vertex -2.09269 29.9269 25
      vertex -1.57008 29.9589 25
    endloop
  endfacet
  facet normal -0.0611167 0.998131 0
    outer loop
      vertex -2.09269 29.9269 25
      vertex -1.57008 29.9589 -25
      vertex -2.09269 29.9269 -25
    endloop
  endfacet
  facet normal 0.991431 0.130635 0
    outer loop
      vertex 29.7764 3.65608 25
      vertex 29.708 4.17519 -25
      vertex 29.708 4.17519 25
    endloop
  endfacet
  facet normal 0.991431 0.130635 0
    outer loop
      vertex 29.708 4.17519 -25
      vertex 29.7764 3.65608 25
      vertex 29.7764 3.65608 -25
    endloop
  endfacet
  facet normal -0.814095 -0.580732 0
    outer loop
      vertex -24.2705 -17.6336 -25
      vertex -24.5746 -17.2073 25
      vertex -24.5746 -17.2073 -25
    endloop
  endfacet
  facet normal -0.814095 -0.580732 0
    outer loop
      vertex -24.5746 -17.2073 25
      vertex -24.2705 -17.6336 -25
      vertex -24.2705 -17.6336 25
    endloop
  endfacet
  facet normal -0.976306 0.216393 0
    outer loop
      vertex -29.3444 6.23735 -25
      vertex -29.2311 6.74853 25
      vertex -29.2311 6.74853 -25
    endloop
  endfacet
  facet normal -0.976306 0.216393 0
    outer loop
      vertex -29.2311 6.74853 25
      vertex -29.3444 6.23735 -25
      vertex -29.3444 6.23735 25
    endloop
  endfacet
  facet normal -0.165015 -0.986291 0
    outer loop
      vertex -5.20944 -29.5442 -25
      vertex -4.69303 -29.6306 25
      vertex -5.20944 -29.5442 25
    endloop
  endfacet
  facet normal -0.165015 -0.986291 -0
    outer loop
      vertex -4.69303 -29.6306 25
      vertex -5.20944 -29.5442 -25
      vertex -4.69303 -29.6306 -25
    endloop
  endfacet
  facet normal -0.0261656 -0.999658 0
    outer loop
      vertex -1.04698 -29.9817 -25
      vertex -0.523572 -29.9954 25
      vertex -1.04698 -29.9817 25
    endloop
  endfacet
  facet normal -0.0261656 -0.999658 -0
    outer loop
      vertex -0.523572 -29.9954 25
      vertex -1.04698 -29.9817 -25
      vertex -0.523572 -29.9954 -25
    endloop
  endfacet
  facet normal 0.968146 -0.250387 0
    outer loop
      vertex 28.9778 -7.76457 25
      vertex 29.1089 -7.25766 -25
      vertex 29.1089 -7.25766 25
    endloop
  endfacet
  facet normal 0.968146 -0.250387 0
    outer loop
      vertex 29.1089 -7.25766 -25
      vertex 28.9778 -7.76457 25
      vertex 28.9778 -7.76457 -25
    endloop
  endfacet
  facet normal 0.886973 -0.461822 0
    outer loop
      vertex 26.4884 -14.0841 25
      vertex 26.7302 -13.6197 -25
      vertex 26.7302 -13.6197 25
    endloop
  endfacet
  facet normal 0.886973 -0.461822 0
    outer loop
      vertex 26.7302 -13.6197 -25
      vertex 26.4884 -14.0841 25
      vertex 26.4884 -14.0841 -25
    endloop
  endfacet
  facet normal 0.267196 -0.963642 0
    outer loop
      vertex 7.76457 -28.9778 -25
      vertex 8.26912 -28.8379 25
      vertex 7.76457 -28.9778 25
    endloop
  endfacet
  facet normal 0.267196 -0.963642 0
    outer loop
      vertex 8.26912 -28.8379 25
      vertex 7.76457 -28.9778 -25
      vertex 8.26912 -28.8379 -25
    endloop
  endfacet
  facet normal 0.250387 -0.968146 0
    outer loop
      vertex 7.25766 -29.1089 -25
      vertex 7.76457 -28.9778 25
      vertex 7.25766 -29.1089 25
    endloop
  endfacet
  facet normal 0.250387 -0.968146 0
    outer loop
      vertex 7.76457 -28.9778 25
      vertex 7.25766 -29.1089 -25
      vertex 7.76457 -28.9778 -25
    endloop
  endfacet
  facet normal -0.917128 -0.398593 0
    outer loop
      vertex -27.4064 -12.2021 -25
      vertex -27.6151 -11.7219 25
      vertex -27.6151 -11.7219 -25
    endloop
  endfacet
  facet normal -0.917128 -0.398593 0
    outer loop
      vertex -27.6151 -11.7219 25
      vertex -27.4064 -12.2021 -25
      vertex -27.4064 -12.2021 25
    endloop
  endfacet
  facet normal 0.999961 -0.00878546 0
    outer loop
      vertex 29.9954 -0.523572 25
      vertex 30 0 -25
      vertex 30 0 25
    endloop
  endfacet
  facet normal 0.999961 -0.00878546 0
    outer loop
      vertex 30 0 -25
      vertex 29.9954 -0.523572 25
      vertex 29.9954 -0.523572 -25
    endloop
  endfacet
  facet normal -0.537259 0.843418 0
    outer loop
      vertex -15.8976 25.4414 -25
      vertex -16.3392 25.1601 25
      vertex -15.8976 25.4414 25
    endloop
  endfacet
  facet normal -0.537259 0.843418 0
    outer loop
      vertex -16.3392 25.1601 25
      vertex -15.8976 25.4414 -25
      vertex -16.3392 25.1601 -25
    endloop
  endfacet
  facet normal 0.414839 0.909895 -0
    outer loop
      vertex 12.6785 27.1892 -25
      vertex 12.2021 27.4064 25
      vertex 12.6785 27.1892 25
    endloop
  endfacet
  facet normal 0.414839 0.909895 0
    outer loop
      vertex 12.2021 27.4064 25
      vertex 12.6785 27.1892 -25
      vertex 12.2021 27.4064 -25
    endloop
  endfacet
  facet normal -0.522477 0.852653 0
    outer loop
      vertex -15.4511 25.715 -25
      vertex -15.8976 25.4414 25
      vertex -15.4511 25.715 25
    endloop
  endfacet
  facet normal -0.522477 0.852653 0
    outer loop
      vertex -15.8976 25.4414 25
      vertex -15.4511 25.715 -25
      vertex -15.8976 25.4414 -25
    endloop
  endfacet
  facet normal 0.930426 -0.366479 0
    outer loop
      vertex 27.8155 -11.2382 25
      vertex 28.0074 -10.751 -25
      vertex 28.0074 -10.751 25
    endloop
  endfacet
  facet normal 0.930426 -0.366479 0
    outer loop
      vertex 28.0074 -10.751 -25
      vertex 27.8155 -11.2382 25
      vertex 27.8155 -11.2382 -25
    endloop
  endfacet
  facet normal 0.936643 -0.350286 0
    outer loop
      vertex 28.0074 -10.751 25
      vertex 28.1908 -10.2606 -25
      vertex 28.1908 -10.2606 25
    endloop
  endfacet
  facet normal 0.936643 -0.350286 0
    outer loop
      vertex 28.1908 -10.2606 -25
      vertex 28.0074 -10.751 25
      vertex 28.0074 -10.751 -25
    endloop
  endfacet
  facet normal 0.886973 0.461822 0
    outer loop
      vertex 26.7302 13.6197 25
      vertex 26.4884 14.0841 -25
      vertex 26.4884 14.0841 25
    endloop
  endfacet
  facet normal 0.886973 0.461822 0
    outer loop
      vertex 26.4884 14.0841 -25
      vertex 26.7302 13.6197 25
      vertex 26.7302 13.6197 -25
    endloop
  endfacet
  facet normal 0.043545 0.999051 -0
    outer loop
      vertex 1.57008 29.9589 -25
      vertex 1.04698 29.9817 25
      vertex 1.57008 29.9589 25
    endloop
  endfacet
  facet normal 0.043545 0.999051 0
    outer loop
      vertex 1.04698 29.9817 25
      vertex 1.57008 29.9589 -25
      vertex 1.04698 29.9817 -25
    endloop
  endfacet
  facet normal 0.843418 -0.537259 0
    outer loop
      vertex 25.1601 -16.3392 25
      vertex 25.4414 -15.8976 -25
      vertex 25.4414 -15.8976 25
    endloop
  endfacet
  facet normal 0.843418 -0.537259 0
    outer loop
      vertex 25.4414 -15.8976 -25
      vertex 25.1601 -16.3392 25
      vertex 25.1601 -16.3392 -25
    endloop
  endfacet
  facet normal -0.861561 -0.507654 0
    outer loop
      vertex -25.715 -15.4511 -25
      vertex -25.9808 -15 25
      vertex -25.9808 -15 -25
    endloop
  endfacet
  facet normal -0.861561 -0.507654 0
    outer loop
      vertex -25.9808 -15 25
      vertex -25.715 -15.4511 -25
      vertex -25.715 -15.4511 25
    endloop
  endfacet
  facet normal 0.398593 0.917128 -0
    outer loop
      vertex 12.2021 27.4064 -25
      vertex 11.7219 27.6151 25
      vertex 12.2021 27.4064 25
    endloop
  endfacet
  facet normal 0.398593 0.917128 0
    outer loop
      vertex 11.7219 27.6151 25
      vertex 12.2021 27.4064 -25
      vertex 11.7219 27.6151 -25
    endloop
  endfacet
  facet normal -0.043545 0.999051 0
    outer loop
      vertex -1.04698 29.9817 -25
      vertex -1.57008 29.9589 25
      vertex -1.04698 29.9817 25
    endloop
  endfacet
  facet normal -0.043545 0.999051 0
    outer loop
      vertex -1.57008 29.9589 25
      vertex -1.04698 29.9817 -25
      vertex -1.57008 29.9589 -25
    endloop
  endfacet
  facet normal 0.675586 0.737281 -0
    outer loop
      vertex 20.4599 21.9406 -25
      vertex 20.0739 22.2943 25
      vertex 20.4599 21.9406 25
    endloop
  endfacet
  facet normal 0.675586 0.737281 0
    outer loop
      vertex 20.0739 22.2943 25
      vertex 20.4599 21.9406 -25
      vertex 20.0739 22.2943 -25
    endloop
  endfacet
  facet normal 0.382757 0.923849 -0
    outer loop
      vertex 11.7219 27.6151 -25
      vertex 11.2382 27.8155 25
      vertex 11.7219 27.6151 25
    endloop
  endfacet
  facet normal 0.382757 0.923849 0
    outer loop
      vertex 11.2382 27.8155 25
      vertex 11.7219 27.6151 -25
      vertex 11.2382 27.8155 -25
    endloop
  endfacet
  facet normal -0.0784957 -0.996914 0
    outer loop
      vertex -2.61467 -29.8858 -25
      vertex -2.09269 -29.9269 25
      vertex -2.61467 -29.8858 25
    endloop
  endfacet
  facet normal -0.0784957 -0.996914 -0
    outer loop
      vertex -2.09269 -29.9269 25
      vertex -2.61467 -29.8858 -25
      vertex -2.09269 -29.9269 -25
    endloop
  endfacet
  facet normal -0.382757 0.923849 0
    outer loop
      vertex -11.2382 27.8155 -25
      vertex -11.7219 27.6151 25
      vertex -11.2382 27.8155 25
    endloop
  endfacet
  facet normal -0.382757 0.923849 0
    outer loop
      vertex -11.7219 27.6151 25
      vertex -11.2382 27.8155 -25
      vertex -11.7219 27.6151 -25
    endloop
  endfacet
  facet normal 0.580732 0.814095 -0
    outer loop
      vertex 17.6336 24.2705 -25
      vertex 17.2073 24.5746 25
      vertex 17.6336 24.2705 25
    endloop
  endfacet
  facet normal 0.580732 0.814095 0
    outer loop
      vertex 17.2073 24.5746 25
      vertex 17.6336 24.2705 -25
      vertex 17.2073 24.5746 -25
    endloop
  endfacet
  facet normal -0.814095 0.580732 0
    outer loop
      vertex -24.5746 17.2073 -25
      vertex -24.2705 17.6336 25
      vertex -24.2705 17.6336 -25
    endloop
  endfacet
  facet normal -0.814095 0.580732 0
    outer loop
      vertex -24.2705 17.6336 25
      vertex -24.5746 17.2073 -25
      vertex -24.5746 17.2073 25
    endloop
  endfacet
  facet normal 0.594762 0.803902 -0
    outer loop
      vertex 18.0545 23.9591 -25
      vertex 17.6336 24.2705 25
      vertex 18.0545 23.9591 25
    endloop
  endfacet
  facet normal 0.594762 0.803902 0
    outer loop
      vertex 17.6336 24.2705 25
      vertex 18.0545 23.9591 -25
      vertex 17.6336 24.2705 -25
    endloop
  endfacet
  facet normal -0.333843 0.942629 0
    outer loop
      vertex -9.76704 28.3656 -25
      vertex -10.2606 28.1908 25
      vertex -9.76704 28.3656 25
    endloop
  endfacet
  facet normal -0.333843 0.942629 0
    outer loop
      vertex -10.2606 28.1908 25
      vertex -9.76704 28.3656 -25
      vertex -10.2606 28.1908 -25
    endloop
  endfacet
  facet normal -0.963642 -0.267196 0
    outer loop
      vertex -28.8379 -8.26912 -25
      vertex -28.9778 -7.76457 25
      vertex -28.9778 -7.76457 -25
    endloop
  endfacet
  facet normal -0.963642 -0.267196 0
    outer loop
      vertex -28.9778 -7.76457 25
      vertex -28.8379 -8.26912 -25
      vertex -28.8379 -8.26912 25
    endloop
  endfacet
  facet normal 0.909895 -0.414839 0
    outer loop
      vertex 27.1892 -12.6785 25
      vertex 27.4064 -12.2021 -25
      vertex 27.4064 -12.2021 25
    endloop
  endfacet
  facet normal 0.909895 -0.414839 0
    outer loop
      vertex 27.4064 -12.2021 -25
      vertex 27.1892 -12.6785 25
      vertex 27.1892 -12.6785 -25
    endloop
  endfacet
  facet normal 0.622433 0.782673 -0
    outer loop
      vertex 18.8796 23.3144 -25
      vertex 18.4698 23.6403 25
      vertex 18.8796 23.3144 25
    endloop
  endfacet
  facet normal 0.622433 0.782673 0
    outer loop
      vertex 18.4698 23.6403 25
      vertex 18.8796 23.3144 -25
      vertex 18.4698 23.6403 -25
    endloop
  endfacet
  facet normal 0.233389 -0.972383 0
    outer loop
      vertex 6.74853 -29.2311 -25
      vertex 7.25766 -29.1089 25
      vertex 6.74853 -29.2311 25
    endloop
  endfacet
  facet normal 0.233389 -0.972383 0
    outer loop
      vertex 7.25766 -29.1089 25
      vertex 6.74853 -29.2311 -25
      vertex 7.25766 -29.1089 -25
    endloop
  endfacet
  facet normal 0.182202 0.983261 -0
    outer loop
      vertex 5.72427 29.4488 -25
      vertex 5.20944 29.5442 25
      vertex 5.72427 29.4488 25
    endloop
  endfacet
  facet normal 0.182202 0.983261 0
    outer loop
      vertex 5.20944 29.5442 25
      vertex 5.72427 29.4488 -25
      vertex 5.20944 29.5442 -25
    endloop
  endfacet
  facet normal -0.675586 0.737281 0
    outer loop
      vertex -20.0739 22.2943 -25
      vertex -20.4599 21.9406 25
      vertex -20.0739 22.2943 25
    endloop
  endfacet
  facet normal -0.675586 0.737281 0
    outer loop
      vertex -20.4599 21.9406 25
      vertex -20.0739 22.2943 -25
      vertex -20.4599 21.9406 -25
    endloop
  endfacet
  facet normal 0.492391 -0.870374 0
    outer loop
      vertex 14.5443 -26.2386 -25
      vertex 15 -25.9808 25
      vertex 14.5443 -26.2386 25
    endloop
  endfacet
  facet normal 0.492391 -0.870374 0
    outer loop
      vertex 15 -25.9808 25
      vertex 14.5443 -26.2386 -25
      vertex 15 -25.9808 -25
    endloop
  endfacet
  facet normal -0.636156 -0.771561 0
    outer loop
      vertex -19.2836 -22.9813 -25
      vertex -18.8796 -23.3144 25
      vertex -19.2836 -22.9813 25
    endloop
  endfacet
  facet normal -0.636156 -0.771561 -0
    outer loop
      vertex -18.8796 -23.3144 25
      vertex -19.2836 -22.9813 -25
      vertex -18.8796 -23.3144 -25
    endloop
  endfacet
  facet normal -0.688242 0.725481 0
    outer loop
      vertex -20.4599 21.9406 -25
      vertex -20.8398 21.5802 25
      vertex -20.4599 21.9406 25
    endloop
  endfacet
  facet normal -0.688242 0.725481 0
    outer loop
      vertex -20.8398 21.5802 25
      vertex -20.4599 21.9406 -25
      vertex -20.8398 21.5802 -25
    endloop
  endfacet
  facet normal -0.986291 0.165015 0
    outer loop
      vertex -29.6306 4.69303 -25
      vertex -29.5442 5.20944 25
      vertex -29.5442 5.20944 -25
    endloop
  endfacet
  facet normal -0.986291 0.165015 0
    outer loop
      vertex -29.5442 5.20944 25
      vertex -29.6306 4.69303 -25
      vertex -29.6306 4.69303 25
    endloop
  endfacet
  facet normal 0.748862 -0.662726 0
    outer loop
      vertex 22.2943 -20.0739 25
      vertex 22.6413 -19.6818 -25
      vertex 22.6413 -19.6818 25
    endloop
  endfacet
  facet normal 0.748862 -0.662726 0
    outer loop
      vertex 22.6413 -19.6818 -25
      vertex 22.2943 -20.0739 25
      vertex 22.2943 -20.0739 -25
    endloop
  endfacet
  facet normal -0.998131 0.0611167 0
    outer loop
      vertex -29.9589 1.57008 -25
      vertex -29.9269 2.09269 25
      vertex -29.9269 2.09269 -25
    endloop
  endfacet
  facet normal -0.998131 0.0611167 0
    outer loop
      vertex -29.9269 2.09269 25
      vertex -29.9589 1.57008 -25
      vertex -29.9589 1.57008 25
    endloop
  endfacet
  facet normal 0.522477 -0.852653 0
    outer loop
      vertex 15.4511 -25.715 -25
      vertex 15.8976 -25.4414 25
      vertex 15.4511 -25.715 25
    endloop
  endfacet
  facet normal 0.522477 -0.852653 0
    outer loop
      vertex 15.8976 -25.4414 25
      vertex 15.4511 -25.715 -25
      vertex 15.8976 -25.4414 -25
    endloop
  endfacet
  facet normal 0.878872 0.477058 0
    outer loop
      vertex 26.4884 14.0841 25
      vertex 26.2386 14.5443 -25
      vertex 26.2386 14.5443 25
    endloop
  endfacet
  facet normal 0.878872 0.477058 0
    outer loop
      vertex 26.2386 14.5443 -25
      vertex 26.4884 14.0841 25
      vertex 26.4884 14.0841 -25
    endloop
  endfacet
  facet normal 0.976306 0.216393 0
    outer loop
      vertex 29.3444 6.23735 25
      vertex 29.2311 6.74853 -25
      vertex 29.2311 6.74853 25
    endloop
  endfacet
  facet normal 0.976306 0.216393 0
    outer loop
      vertex 29.2311 6.74853 -25
      vertex 29.3444 6.23735 25
      vertex 29.3444 6.23735 -25
    endloop
  endfacet
  facet normal 0.0261656 0.999658 -0
    outer loop
      vertex 1.04698 29.9817 -25
      vertex 0.523572 29.9954 25
      vertex 1.04698 29.9817 25
    endloop
  endfacet
  facet normal 0.0261656 0.999658 0
    outer loop
      vertex 0.523572 29.9954 25
      vertex 1.04698 29.9817 -25
      vertex 0.523572 29.9954 -25
    endloop
  endfacet
  facet normal -0.909895 -0.414839 0
    outer loop
      vertex -27.1892 -12.6785 -25
      vertex -27.4064 -12.2021 25
      vertex -27.4064 -12.2021 -25
    endloop
  endfacet
  facet normal -0.909895 -0.414839 0
    outer loop
      vertex -27.4064 -12.2021 25
      vertex -27.1892 -12.6785 -25
      vertex -27.1892 -12.6785 25
    endloop
  endfacet
  facet normal 0.870374 -0.492391 0
    outer loop
      vertex 25.9808 -15 25
      vertex 26.2386 -14.5443 -25
      vertex 26.2386 -14.5443 25
    endloop
  endfacet
  facet normal 0.870374 -0.492391 0
    outer loop
      vertex 26.2386 -14.5443 -25
      vertex 25.9808 -15 25
      vertex 25.9808 -15 -25
    endloop
  endfacet
  facet normal 0.688242 0.725481 -0
    outer loop
      vertex 20.8398 21.5802 -25
      vertex 20.4599 21.9406 25
      vertex 20.8398 21.5802 25
    endloop
  endfacet
  facet normal 0.688242 0.725481 0
    outer loop
      vertex 20.4599 21.9406 25
      vertex 20.8398 21.5802 -25
      vertex 20.4599 21.9406 -25
    endloop
  endfacet
  facet normal 0.760495 0.649343 0
    outer loop
      vertex 22.9813 19.2836 25
      vertex 22.6413 19.6818 -25
      vertex 22.6413 19.6818 25
    endloop
  endfacet
  facet normal 0.760495 0.649343 0
    outer loop
      vertex 22.6413 19.6818 -25
      vertex 22.9813 19.2836 25
      vertex 22.9813 19.2836 -25
    endloop
  endfacet
  facet normal -0.986291 -0.165015 0
    outer loop
      vertex -29.5442 -5.20944 -25
      vertex -29.6306 -4.69303 25
      vertex -29.6306 -4.69303 -25
    endloop
  endfacet
  facet normal -0.986291 -0.165015 0
    outer loop
      vertex -29.6306 -4.69303 25
      vertex -29.5442 -5.20944 -25
      vertex -29.5442 -5.20944 25
    endloop
  endfacet
  facet normal -0.580732 -0.814095 0
    outer loop
      vertex -17.6336 -24.2705 -25
      vertex -17.2073 -24.5746 25
      vertex -17.6336 -24.2705 25
    endloop
  endfacet
  facet normal -0.580732 -0.814095 -0
    outer loop
      vertex -17.2073 -24.5746 25
      vertex -17.6336 -24.2705 -25
      vertex -17.2073 -24.5746 -25
    endloop
  endfacet
  facet normal -0.870374 -0.492391 0
    outer loop
      vertex -25.9808 -15 -25
      vertex -26.2386 -14.5443 25
      vertex -26.2386 -14.5443 -25
    endloop
  endfacet
  facet normal -0.870374 -0.492391 0
    outer loop
      vertex -26.2386 -14.5443 25
      vertex -25.9808 -15 -25
      vertex -25.9808 -15 25
    endloop
  endfacet
  facet normal -0.989014 -0.147825 0
    outer loop
      vertex -29.6306 -4.69303 -25
      vertex -29.708 -4.17519 25
      vertex -29.708 -4.17519 -25
    endloop
  endfacet
  facet normal -0.989014 -0.147825 0
    outer loop
      vertex -29.708 -4.17519 25
      vertex -29.6306 -4.69303 -25
      vertex -29.6306 -4.69303 25
    endloop
  endfacet
  facet normal -0.803902 -0.594762 0
    outer loop
      vertex -23.9591 -18.0545 -25
      vertex -24.2705 -17.6336 25
      vertex -24.2705 -17.6336 -25
    endloop
  endfacet
  facet normal -0.803902 -0.594762 0
    outer loop
      vertex -24.2705 -17.6336 25
      vertex -23.9591 -18.0545 -25
      vertex -23.9591 -18.0545 25
    endloop
  endfacet
  facet normal -0.737281 -0.675586 0
    outer loop
      vertex -21.9406 -20.4599 -25
      vertex -22.2943 -20.0739 25
      vertex -22.2943 -20.0739 -25
    endloop
  endfacet
  facet normal -0.737281 -0.675586 0
    outer loop
      vertex -22.2943 -20.0739 25
      vertex -21.9406 -20.4599 -25
      vertex -21.9406 -20.4599 25
    endloop
  endfacet
  facet normal 0.649343 -0.760495 0
    outer loop
      vertex 19.2836 -22.9813 -25
      vertex 19.6818 -22.6413 25
      vertex 19.2836 -22.9813 25
    endloop
  endfacet
  facet normal 0.649343 -0.760495 0
    outer loop
      vertex 19.6818 -22.6413 25
      vertex 19.2836 -22.9813 -25
      vertex 19.6818 -22.6413 -25
    endloop
  endfacet
  facet normal 0.216393 -0.976306 0
    outer loop
      vertex 6.23735 -29.3444 -25
      vertex 6.74853 -29.2311 25
      vertex 6.23735 -29.3444 25
    endloop
  endfacet
  facet normal 0.216393 -0.976306 0
    outer loop
      vertex 6.74853 -29.2311 25
      vertex 6.23735 -29.3444 -25
      vertex 6.74853 -29.2311 -25
    endloop
  endfacet
  facet normal 0.782673 0.622433 0
    outer loop
      vertex 23.6403 18.4698 25
      vertex 23.3144 18.8796 -25
      vertex 23.3144 18.8796 25
    endloop
  endfacet
  facet normal 0.782673 0.622433 0
    outer loop
      vertex 23.3144 18.8796 -25
      vertex 23.6403 18.4698 25
      vertex 23.6403 18.4698 -25
    endloop
  endfacet
  facet normal 0.782673 -0.622433 0
    outer loop
      vertex 23.3144 -18.8796 25
      vertex 23.6403 -18.4698 -25
      vertex 23.6403 -18.4698 25
    endloop
  endfacet
  facet normal 0.782673 -0.622433 0
    outer loop
      vertex 23.6403 -18.4698 -25
      vertex 23.3144 -18.8796 25
      vertex 23.3144 -18.8796 -25
    endloop
  endfacet
  facet normal 0.909895 0.414839 0
    outer loop
      vertex 27.4064 12.2021 25
      vertex 27.1892 12.6785 -25
      vertex 27.1892 12.6785 25
    endloop
  endfacet
  facet normal 0.909895 0.414839 0
    outer loop
      vertex 27.1892 12.6785 -25
      vertex 27.4064 12.2021 25
      vertex 27.4064 12.2021 -25
    endloop
  endfacet
  facet normal 0.972383 0.233389 0
    outer loop
      vertex 29.2311 6.74853 25
      vertex 29.1089 7.25766 -25
      vertex 29.1089 7.25766 25
    endloop
  endfacet
  facet normal 0.972383 0.233389 0
    outer loop
      vertex 29.1089 7.25766 -25
      vertex 29.2311 6.74853 25
      vertex 29.2311 6.74853 -25
    endloop
  endfacet
  facet normal 0.0956869 -0.995411 0
    outer loop
      vertex 2.61467 -29.8858 -25
      vertex 3.13585 -29.8357 25
      vertex 2.61467 -29.8858 25
    endloop
  endfacet
  facet normal 0.0956869 -0.995411 0
    outer loop
      vertex 3.13585 -29.8357 25
      vertex 2.61467 -29.8858 -25
      vertex 3.13585 -29.8357 -25
    endloop
  endfacet
  facet normal 0.923849 -0.382757 0
    outer loop
      vertex 27.6151 -11.7219 25
      vertex 27.8155 -11.2382 -25
      vertex 27.8155 -11.2382 25
    endloop
  endfacet
  facet normal 0.923849 -0.382757 0
    outer loop
      vertex 27.8155 -11.2382 -25
      vertex 27.6151 -11.7219 25
      vertex 27.6151 -11.7219 -25
    endloop
  endfacet
  facet normal 0.0784957 -0.996914 0
    outer loop
      vertex 2.09269 -29.9269 -25
      vertex 2.61467 -29.8858 25
      vertex 2.09269 -29.9269 25
    endloop
  endfacet
  facet normal 0.0784957 -0.996914 0
    outer loop
      vertex 2.61467 -29.8858 25
      vertex 2.09269 -29.9269 -25
      vertex 2.61467 -29.8858 -25
    endloop
  endfacet
  facet normal 0.507654 0.861561 -0
    outer loop
      vertex 15.4511 25.715 -25
      vertex 15 25.9808 25
      vertex 15.4511 25.715 25
    endloop
  endfacet
  facet normal 0.507654 0.861561 0
    outer loop
      vertex 15 25.9808 25
      vertex 15.4511 25.715 -25
      vertex 15 25.9808 -25
    endloop
  endfacet
  facet normal 0.165015 -0.986291 0
    outer loop
      vertex 4.69303 -29.6306 -25
      vertex 5.20944 -29.5442 25
      vertex 4.69303 -29.6306 25
    endloop
  endfacet
  facet normal 0.165015 -0.986291 0
    outer loop
      vertex 5.20944 -29.5442 25
      vertex 4.69303 -29.6306 -25
      vertex 5.20944 -29.5442 -25
    endloop
  endfacet
  facet normal 0.958772 0.284177 0
    outer loop
      vertex 28.8379 8.26912 25
      vertex 28.6891 8.77115 -25
      vertex 28.6891 8.77115 25
    endloop
  endfacet
  facet normal 0.958772 0.284177 0
    outer loop
      vertex 28.6891 8.77115 -25
      vertex 28.8379 8.26912 25
      vertex 28.8379 8.26912 -25
    endloop
  endfacet
  facet normal -0.216393 -0.976306 0
    outer loop
      vertex -6.74853 -29.2311 -25
      vertex -6.23735 -29.3444 25
      vertex -6.74853 -29.2311 25
    endloop
  endfacet
  facet normal -0.216393 -0.976306 -0
    outer loop
      vertex -6.23735 -29.3444 25
      vertex -6.74853 -29.2311 -25
      vertex -6.23735 -29.3444 -25
    endloop
  endfacet
  facet normal -0.649343 -0.760495 0
    outer loop
      vertex -19.6818 -22.6413 -25
      vertex -19.2836 -22.9813 25
      vertex -19.6818 -22.6413 25
    endloop
  endfacet
  facet normal -0.649343 -0.760495 -0
    outer loop
      vertex -19.2836 -22.9813 25
      vertex -19.6818 -22.6413 -25
      vertex -19.2836 -22.9813 -25
    endloop
  endfacet
  facet normal -0.250387 0.968146 0
    outer loop
      vertex -7.25766 29.1089 -25
      vertex -7.76457 28.9778 25
      vertex -7.25766 29.1089 25
    endloop
  endfacet
  facet normal -0.250387 0.968146 0
    outer loop
      vertex -7.76457 28.9778 25
      vertex -7.25766 29.1089 -25
      vertex -7.76457 28.9778 -25
    endloop
  endfacet
  facet normal 0.414839 -0.909895 0
    outer loop
      vertex 12.2021 -27.4064 -25
      vertex 12.6785 -27.1892 25
      vertex 12.2021 -27.4064 25
    endloop
  endfacet
  facet normal 0.414839 -0.909895 0
    outer loop
      vertex 12.6785 -27.1892 25
      vertex 12.2021 -27.4064 -25
      vertex 12.6785 -27.1892 -25
    endloop
  endfacet
  facet normal 0.725481 -0.688242 0
    outer loop
      vertex 21.5802 -20.8398 25
      vertex 21.9406 -20.4599 -25
      vertex 21.9406 -20.4599 25
    endloop
  endfacet
  facet normal 0.725481 -0.688242 0
    outer loop
      vertex 21.9406 -20.4599 -25
      vertex 21.5802 -20.8398 25
      vertex 21.5802 -20.8398 -25
    endloop
  endfacet
  facet normal 0.976306 -0.216393 0
    outer loop
      vertex 29.2311 -6.74853 25
      vertex 29.3444 -6.23735 -25
      vertex 29.3444 -6.23735 25
    endloop
  endfacet
  facet normal 0.976306 -0.216393 0
    outer loop
      vertex 29.3444 -6.23735 -25
      vertex 29.2311 -6.74853 25
      vertex 29.2311 -6.74853 -25
    endloop
  endfacet
  facet normal 0.649343 0.760495 -0
    outer loop
      vertex 19.6818 22.6413 -25
      vertex 19.2836 22.9813 25
      vertex 19.6818 22.6413 25
    endloop
  endfacet
  facet normal 0.649343 0.760495 0
    outer loop
      vertex 19.2836 22.9813 25
      vertex 19.6818 22.6413 -25
      vertex 19.2836 22.9813 -25
    endloop
  endfacet
  facet normal 0.995411 0.0956869 0
    outer loop
      vertex 29.8858 2.61467 25
      vertex 29.8357 3.13585 -25
      vertex 29.8357 3.13585 25
    endloop
  endfacet
  facet normal 0.995411 0.0956869 0
    outer loop
      vertex 29.8357 3.13585 -25
      vertex 29.8858 2.61467 25
      vertex 29.8858 2.61467 -25
    endloop
  endfacet
  facet normal -0.803902 0.594762 0
    outer loop
      vertex -24.2705 17.6336 -25
      vertex -23.9591 18.0545 25
      vertex -23.9591 18.0545 -25
    endloop
  endfacet
  facet normal -0.803902 0.594762 0
    outer loop
      vertex -23.9591 18.0545 25
      vertex -24.2705 17.6336 -25
      vertex -24.2705 17.6336 25
    endloop
  endfacet
  facet normal -0.414839 0.909895 0
    outer loop
      vertex -12.2021 27.4064 -25
      vertex -12.6785 27.1892 25
      vertex -12.2021 27.4064 25
    endloop
  endfacet
  facet normal -0.414839 0.909895 0
    outer loop
      vertex -12.6785 27.1892 25
      vertex -12.2021 27.4064 -25
      vertex -12.6785 27.1892 -25
    endloop
  endfacet
  facet normal -0.675586 -0.737281 0
    outer loop
      vertex -20.4599 -21.9406 -25
      vertex -20.0739 -22.2943 25
      vertex -20.4599 -21.9406 25
    endloop
  endfacet
  facet normal -0.675586 -0.737281 -0
    outer loop
      vertex -20.0739 -22.2943 25
      vertex -20.4599 -21.9406 -25
      vertex -20.0739 -22.2943 -25
    endloop
  endfacet
  facet normal 0.998131 -0.0611167 0
    outer loop
      vertex 29.9269 -2.09269 25
      vertex 29.9589 -1.57008 -25
      vertex 29.9589 -1.57008 25
    endloop
  endfacet
  facet normal 0.998131 -0.0611167 0
    outer loop
      vertex 29.9589 -1.57008 -25
      vertex 29.9269 -2.09269 25
      vertex 29.9269 -2.09269 -25
    endloop
  endfacet
  facet normal 0.793234 0.608917 0
    outer loop
      vertex 23.9591 18.0545 25
      vertex 23.6403 18.4698 -25
      vertex 23.6403 18.4698 25
    endloop
  endfacet
  facet normal 0.793234 0.608917 0
    outer loop
      vertex 23.6403 18.4698 -25
      vertex 23.9591 18.0545 25
      vertex 23.9591 18.0545 -25
    endloop
  endfacet
  facet normal -0.999658 0.0261656 0
    outer loop
      vertex -29.9954 0.523572 -25
      vertex -29.9817 1.04698 25
      vertex -29.9817 1.04698 -25
    endloop
  endfacet
  facet normal -0.999658 0.0261656 0
    outer loop
      vertex -29.9817 1.04698 25
      vertex -29.9954 0.523572 -25
      vertex -29.9954 0.523572 25
    endloop
  endfacet
  facet normal 0.537259 0.843418 -0
    outer loop
      vertex 16.3392 25.1601 -25
      vertex 15.8976 25.4414 25
      vertex 16.3392 25.1601 25
    endloop
  endfacet
  facet normal 0.537259 0.843418 0
    outer loop
      vertex 15.8976 25.4414 25
      vertex 16.3392 25.1601 -25
      vertex 15.8976 25.4414 -25
    endloop
  endfacet
  facet normal 0.995411 -0.0956869 0
    outer loop
      vertex 29.8357 -3.13585 25
      vertex 29.8858 -2.61467 -25
      vertex 29.8858 -2.61467 25
    endloop
  endfacet
  facet normal 0.995411 -0.0956869 0
    outer loop
      vertex 29.8858 -2.61467 -25
      vertex 29.8357 -3.13585 25
      vertex 29.8357 -3.13585 -25
    endloop
  endfacet
  facet normal 0.216393 0.976306 -0
    outer loop
      vertex 6.74853 29.2311 -25
      vertex 6.23735 29.3444 25
      vertex 6.74853 29.2311 25
    endloop
  endfacet
  facet normal 0.216393 0.976306 0
    outer loop
      vertex 6.23735 29.3444 25
      vertex 6.74853 29.2311 -25
      vertex 6.23735 29.3444 -25
    endloop
  endfacet
  facet normal -0.00878546 -0.999961 0
    outer loop
      vertex -0.523572 -29.9954 -25
      vertex 0 -30 25
      vertex -0.523572 -29.9954 25
    endloop
  endfacet
  facet normal -0.00878546 -0.999961 -0
    outer loop
      vertex 0 -30 25
      vertex -0.523572 -29.9954 -25
      vertex 0 -30 -25
    endloop
  endfacet
  facet normal -0.662726 0.748862 0
    outer loop
      vertex -19.6818 22.6413 -25
      vertex -20.0739 22.2943 25
      vertex -19.6818 22.6413 25
    endloop
  endfacet
  facet normal -0.662726 0.748862 0
    outer loop
      vertex -20.0739 22.2943 25
      vertex -19.6818 22.6413 -25
      vertex -20.0739 22.2943 -25
    endloop
  endfacet
  facet normal 0.461822 0.886973 -0
    outer loop
      vertex 14.0841 26.4884 -25
      vertex 13.6197 26.7302 25
      vertex 14.0841 26.4884 25
    endloop
  endfacet
  facet normal 0.461822 0.886973 0
    outer loop
      vertex 13.6197 26.7302 25
      vertex 14.0841 26.4884 -25
      vertex 13.6197 26.7302 -25
    endloop
  endfacet
  facet normal 0.999051 0.043545 0
    outer loop
      vertex 29.9817 1.04698 25
      vertex 29.9589 1.57008 -25
      vertex 29.9589 1.57008 25
    endloop
  endfacet
  facet normal 0.999051 0.043545 0
    outer loop
      vertex 29.9589 1.57008 -25
      vertex 29.9817 1.04698 25
      vertex 29.9817 1.04698 -25
    endloop
  endfacet
  facet normal 0.350286 0.936643 -0
    outer loop
      vertex 10.751 28.0074 -25
      vertex 10.2606 28.1908 25
      vertex 10.751 28.0074 25
    endloop
  endfacet
  facet normal 0.350286 0.936643 0
    outer loop
      vertex 10.2606 28.1908 25
      vertex 10.751 28.0074 -25
      vertex 10.2606 28.1908 -25
    endloop
  endfacet
  facet normal -0.507654 0.861561 0
    outer loop
      vertex -15 25.9808 -25
      vertex -15.4511 25.715 25
      vertex -15 25.9808 25
    endloop
  endfacet
  facet normal -0.507654 0.861561 0
    outer loop
      vertex -15.4511 25.715 25
      vertex -15 25.9808 -25
      vertex -15.4511 25.715 -25
    endloop
  endfacet
  facet normal -0.833868 -0.551965 0
    outer loop
      vertex -24.8711 -16.7758 -25
      vertex -25.1601 -16.3392 25
      vertex -25.1601 -16.3392 -25
    endloop
  endfacet
  facet normal -0.833868 -0.551965 0
    outer loop
      vertex -25.1601 -16.3392 25
      vertex -24.8711 -16.7758 -25
      vertex -24.8711 -16.7758 25
    endloop
  endfacet
  facet normal 0.551965 -0.833868 0
    outer loop
      vertex 16.3392 -25.1601 -25
      vertex 16.7758 -24.8711 25
      vertex 16.3392 -25.1601 25
    endloop
  endfacet
  facet normal 0.551965 -0.833868 0
    outer loop
      vertex 16.7758 -24.8711 25
      vertex 16.3392 -25.1601 -25
      vertex 16.7758 -24.8711 -25
    endloop
  endfacet
  facet normal 0.382757 -0.923849 0
    outer loop
      vertex 11.2382 -27.8155 -25
      vertex 11.7219 -27.6151 25
      vertex 11.2382 -27.8155 25
    endloop
  endfacet
  facet normal 0.382757 -0.923849 0
    outer loop
      vertex 11.7219 -27.6151 25
      vertex 11.2382 -27.8155 -25
      vertex 11.7219 -27.6151 -25
    endloop
  endfacet
  facet normal -0.700968 0.713192 0
    outer loop
      vertex -20.8398 21.5802 -25
      vertex -21.2132 21.2132 25
      vertex -20.8398 21.5802 25
    endloop
  endfacet
  facet normal -0.700968 0.713192 0
    outer loop
      vertex -21.2132 21.2132 25
      vertex -20.8398 21.5802 -25
      vertex -21.2132 21.2132 -25
    endloop
  endfacet
  facet normal -0.771561 0.636156 0
    outer loop
      vertex -23.3144 18.8796 -25
      vertex -22.9813 19.2836 25
      vertex -22.9813 19.2836 -25
    endloop
  endfacet
  facet normal -0.771561 0.636156 0
    outer loop
      vertex -22.9813 19.2836 25
      vertex -23.3144 18.8796 -25
      vertex -23.3144 18.8796 25
    endloop
  endfacet
  facet normal 0.284177 -0.958772 0
    outer loop
      vertex 8.26912 -28.8379 -25
      vertex 8.77115 -28.6891 25
      vertex 8.26912 -28.8379 25
    endloop
  endfacet
  facet normal 0.284177 -0.958772 0
    outer loop
      vertex 8.77115 -28.6891 25
      vertex 8.26912 -28.8379 -25
      vertex 8.77115 -28.6891 -25
    endloop
  endfacet
  facet normal 0.917128 -0.398593 0
    outer loop
      vertex 27.4064 -12.2021 25
      vertex 27.6151 -11.7219 -25
      vertex 27.6151 -11.7219 25
    endloop
  endfacet
  facet normal 0.917128 -0.398593 0
    outer loop
      vertex 27.6151 -11.7219 -25
      vertex 27.4064 -12.2021 25
      vertex 27.4064 -12.2021 -25
    endloop
  endfacet
  facet normal 0.333843 -0.942629 0
    outer loop
      vertex 9.76704 -28.3656 -25
      vertex 10.2606 -28.1908 25
      vertex 9.76704 -28.3656 25
    endloop
  endfacet
  facet normal 0.333843 -0.942629 0
    outer loop
      vertex 10.2606 -28.1908 25
      vertex 9.76704 -28.3656 -25
      vertex 10.2606 -28.1908 -25
    endloop
  endfacet
  facet normal 0.700968 -0.713192 0
    outer loop
      vertex 20.8398 -21.5802 -25
      vertex 21.2132 -21.2132 25
      vertex 20.8398 -21.5802 25
    endloop
  endfacet
  facet normal 0.700968 -0.713192 0
    outer loop
      vertex 21.2132 -21.2132 25
      vertex 20.8398 -21.5802 -25
      vertex 21.2132 -21.2132 -25
    endloop
  endfacet
  facet normal -0.580732 0.814095 0
    outer loop
      vertex -17.2073 24.5746 -25
      vertex -17.6336 24.2705 25
      vertex -17.2073 24.5746 25
    endloop
  endfacet
  facet normal -0.580732 0.814095 0
    outer loop
      vertex -17.6336 24.2705 25
      vertex -17.2073 24.5746 -25
      vertex -17.6336 24.2705 -25
    endloop
  endfacet
  facet normal 0.993566 0.113255 0
    outer loop
      vertex 29.8357 3.13585 25
      vertex 29.7764 3.65608 -25
      vertex 29.7764 3.65608 25
    endloop
  endfacet
  facet normal 0.993566 0.113255 0
    outer loop
      vertex 29.7764 3.65608 -25
      vertex 29.8357 3.13585 25
      vertex 29.8357 3.13585 -25
    endloop
  endfacet
  facet normal -0.948345 0.317242 0
    outer loop
      vertex -28.5317 9.27051 -25
      vertex -28.3656 9.76704 25
      vertex -28.3656 9.76704 -25
    endloop
  endfacet
  facet normal -0.948345 0.317242 0
    outer loop
      vertex -28.3656 9.76704 25
      vertex -28.5317 9.27051 -25
      vertex -28.5317 9.27051 25
    endloop
  endfacet
  facet normal 0.725481 0.688242 0
    outer loop
      vertex 21.9406 20.4599 25
      vertex 21.5802 20.8398 -25
      vertex 21.5802 20.8398 25
    endloop
  endfacet
  facet normal 0.725481 0.688242 0
    outer loop
      vertex 21.5802 20.8398 -25
      vertex 21.9406 20.4599 25
      vertex 21.9406 20.4599 -25
    endloop
  endfacet
  facet normal 0.878872 -0.477058 0
    outer loop
      vertex 26.2386 -14.5443 25
      vertex 26.4884 -14.0841 -25
      vertex 26.4884 -14.0841 25
    endloop
  endfacet
  facet normal 0.878872 -0.477058 0
    outer loop
      vertex 26.4884 -14.0841 -25
      vertex 26.2386 -14.5443 25
      vertex 26.2386 -14.5443 -25
    endloop
  endfacet
  facet normal -0.477058 0.878872 0
    outer loop
      vertex -14.0841 26.4884 -25
      vertex -14.5443 26.2386 25
      vertex -14.0841 26.4884 25
    endloop
  endfacet
  facet normal -0.477058 0.878872 0
    outer loop
      vertex -14.5443 26.2386 25
      vertex -14.0841 26.4884 -25
      vertex -14.5443 26.2386 -25
    endloop
  endfacet
  facet normal -0.983261 0.182202 0
    outer loop
      vertex -29.5442 5.20944 -25
      vertex -29.4488 5.72427 25
      vertex -29.4488 5.72427 -25
    endloop
  endfacet
  facet normal -0.983261 0.182202 0
    outer loop
      vertex -29.4488 5.72427 25
      vertex -29.5442 5.20944 -25
      vertex -29.5442 5.20944 25
    endloop
  endfacet
  facet normal 0.507654 -0.861561 0
    outer loop
      vertex 15 -25.9808 -25
      vertex 15.4511 -25.715 25
      vertex 15 -25.9808 25
    endloop
  endfacet
  facet normal 0.507654 -0.861561 0
    outer loop
      vertex 15.4511 -25.715 25
      vertex 15 -25.9808 -25
      vertex 15.4511 -25.715 -25
    endloop
  endfacet
  facet normal 0.446144 0.894961 -0
    outer loop
      vertex 13.6197 26.7302 -25
      vertex 13.1511 26.9638 25
      vertex 13.6197 26.7302 25
    endloop
  endfacet
  facet normal 0.446144 0.894961 0
    outer loop
      vertex 13.1511 26.9638 25
      vertex 13.6197 26.7302 -25
      vertex 13.1511 26.9638 -25
    endloop
  endfacet
  facet normal -0.782673 0.622433 0
    outer loop
      vertex -23.6403 18.4698 -25
      vertex -23.3144 18.8796 25
      vertex -23.3144 18.8796 -25
    endloop
  endfacet
  facet normal -0.782673 0.622433 0
    outer loop
      vertex -23.3144 18.8796 25
      vertex -23.6403 18.4698 -25
      vertex -23.6403 18.4698 25
    endloop
  endfacet
  facet normal 0.953743 -0.300623 0
    outer loop
      vertex 28.5317 -9.27051 25
      vertex 28.6891 -8.77115 -25
      vertex 28.6891 -8.77115 25
    endloop
  endfacet
  facet normal 0.953743 -0.300623 0
    outer loop
      vertex 28.6891 -8.77115 -25
      vertex 28.5317 -9.27051 25
      vertex 28.5317 -9.27051 -25
    endloop
  endfacet
  facet normal 0.608917 -0.793234 0
    outer loop
      vertex 18.0545 -23.9591 -25
      vertex 18.4698 -23.6403 25
      vertex 18.0545 -23.9591 25
    endloop
  endfacet
  facet normal 0.608917 -0.793234 0
    outer loop
      vertex 18.4698 -23.6403 25
      vertex 18.0545 -23.9591 -25
      vertex 18.4698 -23.6403 -25
    endloop
  endfacet
  facet normal 0.551965 0.833868 -0
    outer loop
      vertex 16.7758 24.8711 -25
      vertex 16.3392 25.1601 25
      vertex 16.7758 24.8711 25
    endloop
  endfacet
  facet normal 0.551965 0.833868 0
    outer loop
      vertex 16.3392 25.1601 25
      vertex 16.7758 24.8711 -25
      vertex 16.3392 25.1601 -25
    endloop
  endfacet
  facet normal -0.999051 0.043545 0
    outer loop
      vertex -29.9817 1.04698 -25
      vertex -29.9589 1.57008 25
      vertex -29.9589 1.57008 -25
    endloop
  endfacet
  facet normal -0.999051 0.043545 0
    outer loop
      vertex -29.9589 1.57008 25
      vertex -29.9817 1.04698 -25
      vertex -29.9817 1.04698 25
    endloop
  endfacet
  facet normal -0.782673 -0.622433 0
    outer loop
      vertex -23.3144 -18.8796 -25
      vertex -23.6403 -18.4698 25
      vertex -23.6403 -18.4698 -25
    endloop
  endfacet
  facet normal -0.782673 -0.622433 0
    outer loop
      vertex -23.6403 -18.4698 25
      vertex -23.3144 -18.8796 -25
      vertex -23.3144 -18.8796 25
    endloop
  endfacet
  facet normal -0.793234 0.608917 0
    outer loop
      vertex -23.9591 18.0545 -25
      vertex -23.6403 18.4698 25
      vertex -23.6403 18.4698 -25
    endloop
  endfacet
  facet normal -0.793234 0.608917 0
    outer loop
      vertex -23.6403 18.4698 25
      vertex -23.9591 18.0545 -25
      vertex -23.9591 18.0545 25
    endloop
  endfacet
  facet normal -0.130635 0.991431 0
    outer loop
      vertex -3.65608 29.7764 -25
      vertex -4.17519 29.708 25
      vertex -3.65608 29.7764 25
    endloop
  endfacet
  facet normal -0.130635 0.991431 0
    outer loop
      vertex -4.17519 29.708 25
      vertex -3.65608 29.7764 -25
      vertex -4.17519 29.708 -25
    endloop
  endfacet
  facet normal -0.182202 -0.983261 0
    outer loop
      vertex -5.72427 -29.4488 -25
      vertex -5.20944 -29.5442 25
      vertex -5.72427 -29.4488 25
    endloop
  endfacet
  facet normal -0.182202 -0.983261 -0
    outer loop
      vertex -5.20944 -29.5442 25
      vertex -5.72427 -29.4488 -25
      vertex -5.20944 -29.5442 -25
    endloop
  endfacet
  facet normal -0.333843 -0.942629 0
    outer loop
      vertex -10.2606 -28.1908 -25
      vertex -9.76704 -28.3656 25
      vertex -10.2606 -28.1908 25
    endloop
  endfacet
  facet normal -0.333843 -0.942629 -0
    outer loop
      vertex -9.76704 -28.3656 25
      vertex -10.2606 -28.1908 -25
      vertex -9.76704 -28.3656 -25
    endloop
  endfacet
  facet normal 0.147825 -0.989014 0
    outer loop
      vertex 4.17519 -29.708 -25
      vertex 4.69303 -29.6306 25
      vertex 4.17519 -29.708 25
    endloop
  endfacet
  facet normal 0.147825 -0.989014 0
    outer loop
      vertex 4.69303 -29.6306 25
      vertex 4.17519 -29.708 -25
      vertex 4.69303 -29.6306 -25
    endloop
  endfacet
  facet normal -0.461822 0.886973 0
    outer loop
      vertex -13.6197 26.7302 -25
      vertex -14.0841 26.4884 25
      vertex -13.6197 26.7302 25
    endloop
  endfacet
  facet normal -0.461822 0.886973 0
    outer loop
      vertex -14.0841 26.4884 25
      vertex -13.6197 26.7302 -25
      vertex -14.0841 26.4884 -25
    endloop
  endfacet
  facet normal -0.902599 -0.430482 0
    outer loop
      vertex -26.9638 -13.1511 -25
      vertex -27.1892 -12.6785 25
      vertex -27.1892 -12.6785 -25
    endloop
  endfacet
  facet normal -0.902599 -0.430482 0
    outer loop
      vertex -27.1892 -12.6785 25
      vertex -26.9638 -13.1511 -25
      vertex -26.9638 -13.1511 25
    endloop
  endfacet
  facet normal 0.492391 0.870374 -0
    outer loop
      vertex 15 25.9808 -25
      vertex 14.5443 26.2386 25
      vertex 15 25.9808 25
    endloop
  endfacet
  facet normal 0.492391 0.870374 0
    outer loop
      vertex 14.5443 26.2386 25
      vertex 15 25.9808 -25
      vertex 14.5443 26.2386 -25
    endloop
  endfacet
  facet normal 0.366479 0.930426 -0
    outer loop
      vertex 11.2382 27.8155 -25
      vertex 10.751 28.0074 25
      vertex 11.2382 27.8155 25
    endloop
  endfacet
  facet normal 0.366479 0.930426 0
    outer loop
      vertex 10.751 28.0074 25
      vertex 11.2382 27.8155 -25
      vertex 10.751 28.0074 -25
    endloop
  endfacet
  facet normal -0.824181 0.566326 0
    outer loop
      vertex -24.8711 16.7758 -25
      vertex -24.5746 17.2073 25
      vertex -24.5746 17.2073 -25
    endloop
  endfacet
  facet normal -0.824181 0.566326 0
    outer loop
      vertex -24.5746 17.2073 25
      vertex -24.8711 16.7758 -25
      vertex -24.8711 16.7758 25
    endloop
  endfacet
  facet normal -0.147825 0.989014 0
    outer loop
      vertex -4.17519 29.708 -25
      vertex -4.69303 29.6306 25
      vertex -4.17519 29.708 25
    endloop
  endfacet
  facet normal -0.147825 0.989014 0
    outer loop
      vertex -4.69303 29.6306 25
      vertex -4.17519 29.708 -25
      vertex -4.69303 29.6306 -25
    endloop
  endfacet
  facet normal -0.993566 0.113255 0
    outer loop
      vertex -29.8357 3.13585 -25
      vertex -29.7764 3.65608 25
      vertex -29.7764 3.65608 -25
    endloop
  endfacet
  facet normal -0.993566 0.113255 0
    outer loop
      vertex -29.7764 3.65608 25
      vertex -29.8357 3.13585 -25
      vertex -29.8357 3.13585 25
    endloop
  endfacet
  facet normal 0.983261 -0.182202 0
    outer loop
      vertex 29.4488 -5.72427 25
      vertex 29.5442 -5.20944 -25
      vertex 29.5442 -5.20944 25
    endloop
  endfacet
  facet normal 0.983261 -0.182202 0
    outer loop
      vertex 29.5442 -5.20944 -25
      vertex 29.4488 -5.72427 25
      vertex 29.4488 -5.72427 -25
    endloop
  endfacet
  facet normal -0.700968 -0.713192 0
    outer loop
      vertex -21.2132 -21.2132 -25
      vertex -20.8398 -21.5802 25
      vertex -21.2132 -21.2132 25
    endloop
  endfacet
  facet normal -0.700968 -0.713192 -0
    outer loop
      vertex -20.8398 -21.5802 25
      vertex -21.2132 -21.2132 -25
      vertex -20.8398 -21.5802 -25
    endloop
  endfacet
  facet normal -0.948345 -0.317242 0
    outer loop
      vertex -28.3656 -9.76704 -25
      vertex -28.5317 -9.27051 25
      vertex -28.5317 -9.27051 -25
    endloop
  endfacet
  facet normal -0.948345 -0.317242 0
    outer loop
      vertex -28.5317 -9.27051 25
      vertex -28.3656 -9.76704 -25
      vertex -28.3656 -9.76704 25
    endloop
  endfacet
  facet normal 0.833868 -0.551965 0
    outer loop
      vertex 24.8711 -16.7758 25
      vertex 25.1601 -16.3392 -25
      vertex 25.1601 -16.3392 25
    endloop
  endfacet
  facet normal 0.833868 -0.551965 0
    outer loop
      vertex 25.1601 -16.3392 -25
      vertex 24.8711 -16.7758 25
      vertex 24.8711 -16.7758 -25
    endloop
  endfacet
  facet normal 0.622433 -0.782673 0
    outer loop
      vertex 18.4698 -23.6403 -25
      vertex 18.8796 -23.3144 25
      vertex 18.4698 -23.6403 25
    endloop
  endfacet
  facet normal 0.622433 -0.782673 0
    outer loop
      vertex 18.8796 -23.3144 25
      vertex 18.4698 -23.6403 -25
      vertex 18.8796 -23.3144 -25
    endloop
  endfacet
  facet normal 0.942629 0.333843 0
    outer loop
      vertex 28.3656 9.76704 25
      vertex 28.1908 10.2606 -25
      vertex 28.1908 10.2606 25
    endloop
  endfacet
  facet normal 0.942629 0.333843 0
    outer loop
      vertex 28.1908 10.2606 -25
      vertex 28.3656 9.76704 25
      vertex 28.3656 9.76704 -25
    endloop
  endfacet
  facet normal 0.182202 -0.983261 0
    outer loop
      vertex 5.20944 -29.5442 -25
      vertex 5.72427 -29.4488 25
      vertex 5.20944 -29.5442 25
    endloop
  endfacet
  facet normal 0.182202 -0.983261 0
    outer loop
      vertex 5.72427 -29.4488 25
      vertex 5.20944 -29.5442 -25
      vertex 5.72427 -29.4488 -25
    endloop
  endfacet
  facet normal -0.917128 0.398593 0
    outer loop
      vertex -27.6151 11.7219 -25
      vertex -27.4064 12.2021 25
      vertex -27.4064 12.2021 -25
    endloop
  endfacet
  facet normal -0.917128 0.398593 0
    outer loop
      vertex -27.4064 12.2021 25
      vertex -27.6151 11.7219 -25
      vertex -27.6151 11.7219 25
    endloop
  endfacet
  facet normal 0.233389 0.972383 -0
    outer loop
      vertex 7.25766 29.1089 -25
      vertex 6.74853 29.2311 25
      vertex 7.25766 29.1089 25
    endloop
  endfacet
  facet normal 0.233389 0.972383 0
    outer loop
      vertex 6.74853 29.2311 25
      vertex 7.25766 29.1089 -25
      vertex 6.74853 29.2311 -25
    endloop
  endfacet
  facet normal 0.446144 -0.894961 0
    outer loop
      vertex 13.1511 -26.9638 -25
      vertex 13.6197 -26.7302 25
      vertex 13.1511 -26.9638 25
    endloop
  endfacet
  facet normal 0.446144 -0.894961 0
    outer loop
      vertex 13.6197 -26.7302 25
      vertex 13.1511 -26.9638 -25
      vertex 13.6197 -26.7302 -25
    endloop
  endfacet
  facet normal -0.991431 -0.130635 0
    outer loop
      vertex -29.708 -4.17519 -25
      vertex -29.7764 -3.65608 25
      vertex -29.7764 -3.65608 -25
    endloop
  endfacet
  facet normal -0.991431 -0.130635 0
    outer loop
      vertex -29.7764 -3.65608 25
      vertex -29.708 -4.17519 -25
      vertex -29.708 -4.17519 25
    endloop
  endfacet
  facet normal 0.350286 -0.936643 0
    outer loop
      vertex 10.2606 -28.1908 -25
      vertex 10.751 -28.0074 25
      vertex 10.2606 -28.1908 25
    endloop
  endfacet
  facet normal 0.350286 -0.936643 0
    outer loop
      vertex 10.751 -28.0074 25
      vertex 10.2606 -28.1908 -25
      vertex 10.751 -28.0074 -25
    endloop
  endfacet
  facet normal -0.995411 -0.0956869 0
    outer loop
      vertex -29.8357 -3.13585 -25
      vertex -29.8858 -2.61467 25
      vertex -29.8858 -2.61467 -25
    endloop
  endfacet
  facet normal -0.995411 -0.0956869 0
    outer loop
      vertex -29.8858 -2.61467 25
      vertex -29.8357 -3.13585 -25
      vertex -29.8357 -3.13585 25
    endloop
  endfacet
  facet normal -0.989014 0.147825 0
    outer loop
      vertex -29.708 4.17519 -25
      vertex -29.6306 4.69303 25
      vertex -29.6306 4.69303 -25
    endloop
  endfacet
  facet normal -0.989014 0.147825 0
    outer loop
      vertex -29.6306 4.69303 25
      vertex -29.708 4.17519 -25
      vertex -29.708 4.17519 25
    endloop
  endfacet
  facet normal 0.771561 -0.636156 0
    outer loop
      vertex 22.9813 -19.2836 25
      vertex 23.3144 -18.8796 -25
      vertex 23.3144 -18.8796 25
    endloop
  endfacet
  facet normal 0.771561 -0.636156 0
    outer loop
      vertex 23.3144 -18.8796 -25
      vertex 22.9813 -19.2836 25
      vertex 22.9813 -19.2836 -25
    endloop
  endfacet
  facet normal -0.999051 -0.043545 0
    outer loop
      vertex -29.9589 -1.57008 -25
      vertex -29.9817 -1.04698 25
      vertex -29.9817 -1.04698 -25
    endloop
  endfacet
  facet normal -0.999051 -0.043545 0
    outer loop
      vertex -29.9817 -1.04698 25
      vertex -29.9589 -1.57008 -25
      vertex -29.9589 -1.57008 25
    endloop
  endfacet
  facet normal -0.043545 -0.999051 0
    outer loop
      vertex -1.57008 -29.9589 -25
      vertex -1.04698 -29.9817 25
      vertex -1.57008 -29.9589 25
    endloop
  endfacet
  facet normal -0.043545 -0.999051 -0
    outer loop
      vertex -1.04698 -29.9817 25
      vertex -1.57008 -29.9589 -25
      vertex -1.04698 -29.9817 -25
    endloop
  endfacet
  facet normal -0.923849 -0.382757 0
    outer loop
      vertex -27.6151 -11.7219 -25
      vertex -27.8155 -11.2382 25
      vertex -27.8155 -11.2382 -25
    endloop
  endfacet
  facet normal -0.923849 -0.382757 0
    outer loop
      vertex -27.8155 -11.2382 25
      vertex -27.6151 -11.7219 -25
      vertex -27.6151 -11.7219 25
    endloop
  endfacet
  facet normal -0.968146 0.250387 0
    outer loop
      vertex -29.1089 7.25766 -25
      vertex -28.9778 7.76457 25
      vertex -28.9778 7.76457 -25
    endloop
  endfacet
  facet normal -0.968146 0.250387 0
    outer loop
      vertex -28.9778 7.76457 25
      vertex -29.1089 7.25766 -25
      vertex -29.1089 7.25766 25
    endloop
  endfacet
  facet normal 0.317242 0.948345 -0
    outer loop
      vertex 9.76704 28.3656 -25
      vertex 9.27051 28.5317 25
      vertex 9.76704 28.3656 25
    endloop
  endfacet
  facet normal 0.317242 0.948345 0
    outer loop
      vertex 9.27051 28.5317 25
      vertex 9.76704 28.3656 -25
      vertex 9.27051 28.5317 -25
    endloop
  endfacet
  facet normal -0.199391 0.97992 0
    outer loop
      vertex -5.72427 29.4488 -25
      vertex -6.23735 29.3444 25
      vertex -5.72427 29.4488 25
    endloop
  endfacet
  facet normal -0.199391 0.97992 0
    outer loop
      vertex -6.23735 29.3444 25
      vertex -5.72427 29.4488 -25
      vertex -6.23735 29.3444 -25
    endloop
  endfacet
  facet normal -0.317242 -0.948345 0
    outer loop
      vertex -9.76704 -28.3656 -25
      vertex -9.27051 -28.5317 25
      vertex -9.76704 -28.3656 25
    endloop
  endfacet
  facet normal -0.317242 -0.948345 -0
    outer loop
      vertex -9.27051 -28.5317 25
      vertex -9.76704 -28.3656 -25
      vertex -9.27051 -28.5317 -25
    endloop
  endfacet
  facet normal 0.824181 -0.566326 0
    outer loop
      vertex 24.5746 -17.2073 25
      vertex 24.8711 -16.7758 -25
      vertex 24.8711 -16.7758 25
    endloop
  endfacet
  facet normal 0.824181 -0.566326 0
    outer loop
      vertex 24.8711 -16.7758 -25
      vertex 24.5746 -17.2073 25
      vertex 24.5746 -17.2073 -25
    endloop
  endfacet
  facet normal 0.284177 0.958772 -0
    outer loop
      vertex 8.77115 28.6891 -25
      vertex 8.26912 28.8379 25
      vertex 8.77115 28.6891 25
    endloop
  endfacet
  facet normal 0.284177 0.958772 0
    outer loop
      vertex 8.26912 28.8379 25
      vertex 8.77115 28.6891 -25
      vertex 8.26912 28.8379 -25
    endloop
  endfacet
  facet normal -0.902599 0.430482 0
    outer loop
      vertex -27.1892 12.6785 -25
      vertex -26.9638 13.1511 25
      vertex -26.9638 13.1511 -25
    endloop
  endfacet
  facet normal -0.902599 0.430482 0
    outer loop
      vertex -26.9638 13.1511 25
      vertex -27.1892 12.6785 -25
      vertex -27.1892 12.6785 25
    endloop
  endfacet
  facet normal -0.0611167 -0.998131 0
    outer loop
      vertex -2.09269 -29.9269 -25
      vertex -1.57008 -29.9589 25
      vertex -2.09269 -29.9269 25
    endloop
  endfacet
  facet normal -0.0611167 -0.998131 -0
    outer loop
      vertex -1.57008 -29.9589 25
      vertex -2.09269 -29.9269 -25
      vertex -1.57008 -29.9589 -25
    endloop
  endfacet
  facet normal 0.430482 0.902599 -0
    outer loop
      vertex 13.1511 26.9638 -25
      vertex 12.6785 27.1892 25
      vertex 13.1511 26.9638 25
    endloop
  endfacet
  facet normal 0.430482 0.902599 0
    outer loop
      vertex 12.6785 27.1892 25
      vertex 13.1511 26.9638 -25
      vertex 12.6785 27.1892 -25
    endloop
  endfacet
  facet normal -0.233389 -0.972383 0
    outer loop
      vertex -7.25766 -29.1089 -25
      vertex -6.74853 -29.2311 25
      vertex -7.25766 -29.1089 25
    endloop
  endfacet
  facet normal -0.233389 -0.972383 -0
    outer loop
      vertex -6.74853 -29.2311 25
      vertex -7.25766 -29.1089 -25
      vertex -6.74853 -29.2311 -25
    endloop
  endfacet
  facet normal -0.760495 0.649343 0
    outer loop
      vertex -22.9813 19.2836 -25
      vertex -22.6413 19.6818 25
      vertex -22.6413 19.6818 -25
    endloop
  endfacet
  facet normal -0.760495 0.649343 0
    outer loop
      vertex -22.6413 19.6818 25
      vertex -22.9813 19.2836 -25
      vertex -22.9813 19.2836 25
    endloop
  endfacet
  facet normal 0.771561 0.636156 0
    outer loop
      vertex 23.3144 18.8796 25
      vertex 22.9813 19.2836 -25
      vertex 22.9813 19.2836 25
    endloop
  endfacet
  facet normal 0.771561 0.636156 0
    outer loop
      vertex 22.9813 19.2836 -25
      vertex 23.3144 18.8796 25
      vertex 23.3144 18.8796 -25
    endloop
  endfacet
  facet normal 0.958772 -0.284177 0
    outer loop
      vertex 28.6891 -8.77115 25
      vertex 28.8379 -8.26912 -25
      vertex 28.8379 -8.26912 25
    endloop
  endfacet
  facet normal 0.958772 -0.284177 0
    outer loop
      vertex 28.8379 -8.26912 -25
      vertex 28.6891 -8.77115 25
      vertex 28.6891 -8.77115 -25
    endloop
  endfacet
  facet normal 0.814095 0.580732 0
    outer loop
      vertex 24.5746 17.2073 25
      vertex 24.2705 17.6336 -25
      vertex 24.2705 17.6336 25
    endloop
  endfacet
  facet normal 0.814095 0.580732 0
    outer loop
      vertex 24.2705 17.6336 -25
      vertex 24.5746 17.2073 25
      vertex 24.5746 17.2073 -25
    endloop
  endfacet
  facet normal -0.267196 -0.963642 0
    outer loop
      vertex -8.26912 -28.8379 -25
      vertex -7.76457 -28.9778 25
      vertex -8.26912 -28.8379 25
    endloop
  endfacet
  facet normal -0.267196 -0.963642 -0
    outer loop
      vertex -7.76457 -28.9778 25
      vertex -8.26912 -28.8379 -25
      vertex -7.76457 -28.9778 -25
    endloop
  endfacet
  facet normal -0.199391 -0.97992 0
    outer loop
      vertex -6.23735 -29.3444 -25
      vertex -5.72427 -29.4488 25
      vertex -6.23735 -29.3444 25
    endloop
  endfacet
  facet normal -0.199391 -0.97992 -0
    outer loop
      vertex -5.72427 -29.4488 25
      vertex -6.23735 -29.3444 -25
      vertex -5.72427 -29.4488 -25
    endloop
  endfacet
  facet normal -0.250387 -0.968146 0
    outer loop
      vertex -7.76457 -28.9778 -25
      vertex -7.25766 -29.1089 25
      vertex -7.76457 -28.9778 25
    endloop
  endfacet
  facet normal -0.250387 -0.968146 -0
    outer loop
      vertex -7.25766 -29.1089 25
      vertex -7.76457 -28.9778 -25
      vertex -7.25766 -29.1089 -25
    endloop
  endfacet
  facet normal -0.551965 0.833868 0
    outer loop
      vertex -16.3392 25.1601 -25
      vertex -16.7758 24.8711 25
      vertex -16.3392 25.1601 25
    endloop
  endfacet
  facet normal -0.551965 0.833868 0
    outer loop
      vertex -16.7758 24.8711 25
      vertex -16.3392 25.1601 -25
      vertex -16.7758 24.8711 -25
    endloop
  endfacet
  facet normal -0.97992 0.199391 0
    outer loop
      vertex -29.4488 5.72427 -25
      vertex -29.3444 6.23735 25
      vertex -29.3444 6.23735 -25
    endloop
  endfacet
  facet normal -0.97992 0.199391 0
    outer loop
      vertex -29.3444 6.23735 25
      vertex -29.4488 5.72427 -25
      vertex -29.4488 5.72427 25
    endloop
  endfacet
  facet normal -0.936643 0.350286 0
    outer loop
      vertex -28.1908 10.2606 -25
      vertex -28.0074 10.751 25
      vertex -28.0074 10.751 -25
    endloop
  endfacet
  facet normal -0.936643 0.350286 0
    outer loop
      vertex -28.0074 10.751 25
      vertex -28.1908 10.2606 -25
      vertex -28.1908 10.2606 25
    endloop
  endfacet
  facet normal -0.878872 -0.477058 0
    outer loop
      vertex -26.2386 -14.5443 -25
      vertex -26.4884 -14.0841 25
      vertex -26.4884 -14.0841 -25
    endloop
  endfacet
  facet normal -0.878872 -0.477058 0
    outer loop
      vertex -26.4884 -14.0841 25
      vertex -26.2386 -14.5443 -25
      vertex -26.2386 -14.5443 25
    endloop
  endfacet
  facet normal -0.688242 -0.725481 0
    outer loop
      vertex -20.8398 -21.5802 -25
      vertex -20.4599 -21.9406 25
      vertex -20.8398 -21.5802 25
    endloop
  endfacet
  facet normal -0.688242 -0.725481 -0
    outer loop
      vertex -20.4599 -21.9406 25
      vertex -20.8398 -21.5802 -25
      vertex -20.4599 -21.9406 -25
    endloop
  endfacet
  facet normal 0.688242 -0.725481 0
    outer loop
      vertex 20.4599 -21.9406 -25
      vertex 20.8398 -21.5802 25
      vertex 20.4599 -21.9406 25
    endloop
  endfacet
  facet normal 0.688242 -0.725481 0
    outer loop
      vertex 20.8398 -21.5802 25
      vertex 20.4599 -21.9406 -25
      vertex 20.8398 -21.5802 -25
    endloop
  endfacet
  facet normal 0.522477 0.852653 -0
    outer loop
      vertex 15.8976 25.4414 -25
      vertex 15.4511 25.715 25
      vertex 15.8976 25.4414 25
    endloop
  endfacet
  facet normal 0.522477 0.852653 0
    outer loop
      vertex 15.4511 25.715 25
      vertex 15.8976 25.4414 -25
      vertex 15.4511 25.715 -25
    endloop
  endfacet
  facet normal 0.608917 0.793234 -0
    outer loop
      vertex 18.4698 23.6403 -25
      vertex 18.0545 23.9591 25
      vertex 18.4698 23.6403 25
    endloop
  endfacet
  facet normal 0.608917 0.793234 0
    outer loop
      vertex 18.0545 23.9591 25
      vertex 18.4698 23.6403 -25
      vertex 18.0545 23.9591 -25
    endloop
  endfacet
  facet normal 0.636156 -0.771561 0
    outer loop
      vertex 18.8796 -23.3144 -25
      vertex 19.2836 -22.9813 25
      vertex 18.8796 -23.3144 25
    endloop
  endfacet
  facet normal 0.636156 -0.771561 0
    outer loop
      vertex 19.2836 -22.9813 25
      vertex 18.8796 -23.3144 -25
      vertex 19.2836 -22.9813 -25
    endloop
  endfacet
  facet normal -0.566326 0.824181 0
    outer loop
      vertex -16.7758 24.8711 -25
      vertex -17.2073 24.5746 25
      vertex -16.7758 24.8711 25
    endloop
  endfacet
  facet normal -0.566326 0.824181 0
    outer loop
      vertex -17.2073 24.5746 25
      vertex -16.7758 24.8711 -25
      vertex -17.2073 24.5746 -25
    endloop
  endfacet
  facet normal 0.594762 -0.803902 0
    outer loop
      vertex 17.6336 -24.2705 -25
      vertex 18.0545 -23.9591 25
      vertex 17.6336 -24.2705 25
    endloop
  endfacet
  facet normal 0.594762 -0.803902 0
    outer loop
      vertex 18.0545 -23.9591 25
      vertex 17.6336 -24.2705 -25
      vertex 18.0545 -23.9591 -25
    endloop
  endfacet
  facet normal -0.662726 -0.748862 0
    outer loop
      vertex -20.0739 -22.2943 -25
      vertex -19.6818 -22.6413 25
      vertex -20.0739 -22.2943 25
    endloop
  endfacet
  facet normal -0.662726 -0.748862 -0
    outer loop
      vertex -19.6818 -22.6413 25
      vertex -20.0739 -22.2943 -25
      vertex -19.6818 -22.6413 -25
    endloop
  endfacet
  facet normal -0.300623 0.953743 0
    outer loop
      vertex -8.77115 28.6891 -25
      vertex -9.27051 28.5317 25
      vertex -8.77115 28.6891 25
    endloop
  endfacet
  facet normal -0.300623 0.953743 0
    outer loop
      vertex -9.27051 28.5317 25
      vertex -8.77115 28.6891 -25
      vertex -9.27051 28.5317 -25
    endloop
  endfacet
  facet normal -0.991431 0.130635 0
    outer loop
      vertex -29.7764 3.65608 -25
      vertex -29.708 4.17519 25
      vertex -29.708 4.17519 -25
    endloop
  endfacet
  facet normal -0.991431 0.130635 0
    outer loop
      vertex -29.708 4.17519 25
      vertex -29.7764 3.65608 -25
      vertex -29.7764 3.65608 25
    endloop
  endfacet
  facet normal -0.878872 0.477058 0
    outer loop
      vertex -26.4884 14.0841 -25
      vertex -26.2386 14.5443 25
      vertex -26.2386 14.5443 -25
    endloop
  endfacet
  facet normal -0.878872 0.477058 0
    outer loop
      vertex -26.2386 14.5443 25
      vertex -26.4884 14.0841 -25
      vertex -26.4884 14.0841 25
    endloop
  endfacet
  facet normal -0.998131 -0.0611167 0
    outer loop
      vertex -29.9269 -2.09269 -25
      vertex -29.9589 -1.57008 25
      vertex -29.9589 -1.57008 -25
    endloop
  endfacet
  facet normal -0.998131 -0.0611167 0
    outer loop
      vertex -29.9589 -1.57008 25
      vertex -29.9269 -2.09269 -25
      vertex -29.9269 -2.09269 25
    endloop
  endfacet
  facet normal -0.886973 -0.461822 0
    outer loop
      vertex -26.4884 -14.0841 -25
      vertex -26.7302 -13.6197 25
      vertex -26.7302 -13.6197 -25
    endloop
  endfacet
  facet normal -0.886973 -0.461822 0
    outer loop
      vertex -26.7302 -13.6197 25
      vertex -26.4884 -14.0841 -25
      vertex -26.4884 -14.0841 25
    endloop
  endfacet
  facet normal 0.317242 -0.948345 0
    outer loop
      vertex 9.27051 -28.5317 -25
      vertex 9.76704 -28.3656 25
      vertex 9.27051 -28.5317 25
    endloop
  endfacet
  facet normal 0.317242 -0.948345 0
    outer loop
      vertex 9.76704 -28.3656 25
      vertex 9.27051 -28.5317 -25
      vertex 9.76704 -28.3656 -25
    endloop
  endfacet
  facet normal 0.165015 0.986291 -0
    outer loop
      vertex 5.20944 29.5442 -25
      vertex 4.69303 29.6306 25
      vertex 5.20944 29.5442 25
    endloop
  endfacet
  facet normal 0.165015 0.986291 0
    outer loop
      vertex 4.69303 29.6306 25
      vertex 5.20944 29.5442 -25
      vertex 4.69303 29.6306 -25
    endloop
  endfacet
  facet normal 0.300623 0.953743 -0
    outer loop
      vertex 9.27051 28.5317 -25
      vertex 8.77115 28.6891 25
      vertex 9.27051 28.5317 25
    endloop
  endfacet
  facet normal 0.300623 0.953743 0
    outer loop
      vertex 8.77115 28.6891 25
      vertex 9.27051 28.5317 -25
      vertex 8.77115 28.6891 -25
    endloop
  endfacet
  facet normal -0.0956869 -0.995411 0
    outer loop
      vertex -3.13585 -29.8357 -25
      vertex -2.61467 -29.8858 25
      vertex -3.13585 -29.8357 25
    endloop
  endfacet
  facet normal -0.0956869 -0.995411 -0
    outer loop
      vertex -2.61467 -29.8858 25
      vertex -3.13585 -29.8357 -25
      vertex -2.61467 -29.8858 -25
    endloop
  endfacet
  facet normal -0.366479 -0.930426 0
    outer loop
      vertex -11.2382 -27.8155 -25
      vertex -10.751 -28.0074 25
      vertex -11.2382 -27.8155 25
    endloop
  endfacet
  facet normal -0.366479 -0.930426 -0
    outer loop
      vertex -10.751 -28.0074 25
      vertex -11.2382 -27.8155 -25
      vertex -10.751 -28.0074 -25
    endloop
  endfacet
  facet normal -0.793234 -0.608917 0
    outer loop
      vertex -23.6403 -18.4698 -25
      vertex -23.9591 -18.0545 25
      vertex -23.9591 -18.0545 -25
    endloop
  endfacet
  facet normal -0.793234 -0.608917 0
    outer loop
      vertex -23.9591 -18.0545 25
      vertex -23.6403 -18.4698 -25
      vertex -23.6403 -18.4698 25
    endloop
  endfacet
  facet normal -0.636156 0.771561 0
    outer loop
      vertex -18.8796 23.3144 -25
      vertex -19.2836 22.9813 25
      vertex -18.8796 23.3144 25
    endloop
  endfacet
  facet normal -0.636156 0.771561 0
    outer loop
      vertex -19.2836 22.9813 25
      vertex -18.8796 23.3144 -25
      vertex -19.2836 22.9813 -25
    endloop
  endfacet
  facet normal -0.130635 -0.991431 0
    outer loop
      vertex -4.17519 -29.708 -25
      vertex -3.65608 -29.7764 25
      vertex -4.17519 -29.708 25
    endloop
  endfacet
  facet normal -0.130635 -0.991431 -0
    outer loop
      vertex -3.65608 -29.7764 25
      vertex -4.17519 -29.708 -25
      vertex -3.65608 -29.7764 -25
    endloop
  endfacet
  facet normal -0.382757 -0.923849 0
    outer loop
      vertex -11.7219 -27.6151 -25
      vertex -11.2382 -27.8155 25
      vertex -11.7219 -27.6151 25
    endloop
  endfacet
  facet normal -0.382757 -0.923849 -0
    outer loop
      vertex -11.2382 -27.8155 25
      vertex -11.7219 -27.6151 -25
      vertex -11.2382 -27.8155 -25
    endloop
  endfacet
  facet normal 0.430482 -0.902599 0
    outer loop
      vertex 12.6785 -27.1892 -25
      vertex 13.1511 -26.9638 25
      vertex 12.6785 -27.1892 25
    endloop
  endfacet
  facet normal 0.430482 -0.902599 0
    outer loop
      vertex 13.1511 -26.9638 25
      vertex 12.6785 -27.1892 -25
      vertex 13.1511 -26.9638 -25
    endloop
  endfacet
  facet normal 0.267196 0.963642 -0
    outer loop
      vertex 8.26912 28.8379 -25
      vertex 7.76457 28.9778 25
      vertex 8.26912 28.8379 25
    endloop
  endfacet
  facet normal 0.267196 0.963642 0
    outer loop
      vertex 7.76457 28.9778 25
      vertex 8.26912 28.8379 -25
      vertex 7.76457 28.9778 -25
    endloop
  endfacet
  facet normal -0.398593 0.917128 0
    outer loop
      vertex -11.7219 27.6151 -25
      vertex -12.2021 27.4064 25
      vertex -11.7219 27.6151 25
    endloop
  endfacet
  facet normal -0.398593 0.917128 0
    outer loop
      vertex -12.2021 27.4064 25
      vertex -11.7219 27.6151 -25
      vertex -12.2021 27.4064 -25
    endloop
  endfacet
  facet normal 0.948345 0.317242 0
    outer loop
      vertex 28.5317 9.27051 25
      vertex 28.3656 9.76704 -25
      vertex 28.3656 9.76704 25
    endloop
  endfacet
  facet normal 0.948345 0.317242 0
    outer loop
      vertex 28.3656 9.76704 -25
      vertex 28.5317 9.27051 25
      vertex 28.5317 9.27051 -25
    endloop
  endfacet
  facet normal 0.366479 -0.930426 0
    outer loop
      vertex 10.751 -28.0074 -25
      vertex 11.2382 -27.8155 25
      vertex 10.751 -28.0074 25
    endloop
  endfacet
  facet normal 0.366479 -0.930426 0
    outer loop
      vertex 11.2382 -27.8155 25
      vertex 10.751 -28.0074 -25
      vertex 11.2382 -27.8155 -25
    endloop
  endfacet
  facet normal -0.216393 0.976306 0
    outer loop
      vertex -6.23735 29.3444 -25
      vertex -6.74853 29.2311 25
      vertex -6.23735 29.3444 25
    endloop
  endfacet
  facet normal -0.216393 0.976306 0
    outer loop
      vertex -6.74853 29.2311 25
      vertex -6.23735 29.3444 -25
      vertex -6.74853 29.2311 -25
    endloop
  endfacet
  facet normal -0.300623 -0.953743 0
    outer loop
      vertex -9.27051 -28.5317 -25
      vertex -8.77115 -28.6891 25
      vertex -9.27051 -28.5317 25
    endloop
  endfacet
  facet normal -0.300623 -0.953743 -0
    outer loop
      vertex -8.77115 -28.6891 25
      vertex -9.27051 -28.5317 -25
      vertex -8.77115 -28.6891 -25
    endloop
  endfacet
  facet normal -0.551965 -0.833868 0
    outer loop
      vertex -16.7758 -24.8711 -25
      vertex -16.3392 -25.1601 25
      vertex -16.7758 -24.8711 25
    endloop
  endfacet
  facet normal -0.551965 -0.833868 -0
    outer loop
      vertex -16.3392 -25.1601 25
      vertex -16.7758 -24.8711 -25
      vertex -16.3392 -25.1601 -25
    endloop
  endfacet
  facet normal -0.958772 -0.284177 0
    outer loop
      vertex -28.6891 -8.77115 -25
      vertex -28.8379 -8.26912 25
      vertex -28.8379 -8.26912 -25
    endloop
  endfacet
  facet normal -0.958772 -0.284177 0
    outer loop
      vertex -28.8379 -8.26912 25
      vertex -28.6891 -8.77115 -25
      vertex -28.6891 -8.77115 25
    endloop
  endfacet
  facet normal -0.958772 0.284177 0
    outer loop
      vertex -28.8379 8.26912 -25
      vertex -28.6891 8.77115 25
      vertex -28.6891 8.77115 -25
    endloop
  endfacet
  facet normal -0.958772 0.284177 0
    outer loop
      vertex -28.6891 8.77115 25
      vertex -28.8379 8.26912 -25
      vertex -28.8379 8.26912 25
    endloop
  endfacet
  facet normal -0.886973 0.461822 0
    outer loop
      vertex -26.7302 13.6197 -25
      vertex -26.4884 14.0841 25
      vertex -26.4884 14.0841 -25
    endloop
  endfacet
  facet normal -0.886973 0.461822 0
    outer loop
      vertex -26.4884 14.0841 25
      vertex -26.7302 13.6197 -25
      vertex -26.7302 13.6197 25
    endloop
  endfacet
  facet normal -0.953743 0.300623 0
    outer loop
      vertex -28.6891 8.77115 -25
      vertex -28.5317 9.27051 25
      vertex -28.5317 9.27051 -25
    endloop
  endfacet
  facet normal -0.953743 0.300623 0
    outer loop
      vertex -28.5317 9.27051 25
      vertex -28.6891 8.77115 -25
      vertex -28.6891 8.77115 25
    endloop
  endfacet
  facet normal -0.861561 0.507654 0
    outer loop
      vertex -25.9808 15 -25
      vertex -25.715 15.4511 25
      vertex -25.715 15.4511 -25
    endloop
  endfacet
  facet normal -0.861561 0.507654 0
    outer loop
      vertex -25.715 15.4511 25
      vertex -25.9808 15 -25
      vertex -25.9808 15 25
    endloop
  endfacet
  facet normal -0.284177 0.958772 0
    outer loop
      vertex -8.26912 28.8379 -25
      vertex -8.77115 28.6891 25
      vertex -8.26912 28.8379 25
    endloop
  endfacet
  facet normal -0.284177 0.958772 0
    outer loop
      vertex -8.77115 28.6891 25
      vertex -8.26912 28.8379 -25
      vertex -8.77115 28.6891 -25
    endloop
  endfacet
  facet normal -0.477058 -0.878872 0
    outer loop
      vertex -14.5443 -26.2386 -25
      vertex -14.0841 -26.4884 25
      vertex -14.5443 -26.2386 25
    endloop
  endfacet
  facet normal -0.477058 -0.878872 -0
    outer loop
      vertex -14.0841 -26.4884 25
      vertex -14.5443 -26.2386 -25
      vertex -14.0841 -26.4884 -25
    endloop
  endfacet
  facet normal -0.923849 0.382757 0
    outer loop
      vertex -27.8155 11.2382 -25
      vertex -27.6151 11.7219 25
      vertex -27.6151 11.7219 -25
    endloop
  endfacet
  facet normal -0.923849 0.382757 0
    outer loop
      vertex -27.6151 11.7219 25
      vertex -27.8155 11.2382 -25
      vertex -27.8155 11.2382 25
    endloop
  endfacet
  facet normal -0.113255 0.993566 0
    outer loop
      vertex -3.13585 29.8357 -25
      vertex -3.65608 29.7764 25
      vertex -3.13585 29.8357 25
    endloop
  endfacet
  facet normal -0.113255 0.993566 0
    outer loop
      vertex -3.65608 29.7764 25
      vertex -3.13585 29.8357 -25
      vertex -3.65608 29.7764 -25
    endloop
  endfacet
  facet normal -0.972383 0.233389 0
    outer loop
      vertex -29.2311 6.74853 -25
      vertex -29.1089 7.25766 25
      vertex -29.1089 7.25766 -25
    endloop
  endfacet
  facet normal -0.972383 0.233389 0
    outer loop
      vertex -29.1089 7.25766 25
      vertex -29.2311 6.74853 -25
      vertex -29.2311 6.74853 25
    endloop
  endfacet
  facet normal -0.492391 -0.870374 0
    outer loop
      vertex -15 -25.9808 -25
      vertex -14.5443 -26.2386 25
      vertex -15 -25.9808 25
    endloop
  endfacet
  facet normal -0.492391 -0.870374 -0
    outer loop
      vertex -14.5443 -26.2386 25
      vertex -15 -25.9808 -25
      vertex -14.5443 -26.2386 -25
    endloop
  endfacet
  facet normal -0.430482 -0.902599 0
    outer loop
      vertex -13.1511 -26.9638 -25
      vertex -12.6785 -27.1892 25
      vertex -13.1511 -26.9638 25
    endloop
  endfacet
  facet normal -0.430482 -0.902599 -0
    outer loop
      vertex -12.6785 -27.1892 25
      vertex -13.1511 -26.9638 -25
      vertex -12.6785 -27.1892 -25
    endloop
  endfacet
  facet normal -0.894961 -0.446144 0
    outer loop
      vertex -26.7302 -13.6197 -25
      vertex -26.9638 -13.1511 25
      vertex -26.9638 -13.1511 -25
    endloop
  endfacet
  facet normal -0.894961 -0.446144 0
    outer loop
      vertex -26.9638 -13.1511 25
      vertex -26.7302 -13.6197 -25
      vertex -26.7302 -13.6197 25
    endloop
  endfacet
  facet normal -0.843418 0.537259 0
    outer loop
      vertex -25.4414 15.8976 -25
      vertex -25.1601 16.3392 25
      vertex -25.1601 16.3392 -25
    endloop
  endfacet
  facet normal -0.843418 0.537259 0
    outer loop
      vertex -25.1601 16.3392 25
      vertex -25.4414 15.8976 -25
      vertex -25.4414 15.8976 25
    endloop
  endfacet
  facet normal -0.852653 0.522477 0
    outer loop
      vertex -25.715 15.4511 -25
      vertex -25.4414 15.8976 25
      vertex -25.4414 15.8976 -25
    endloop
  endfacet
  facet normal -0.852653 0.522477 0
    outer loop
      vertex -25.4414 15.8976 25
      vertex -25.715 15.4511 -25
      vertex -25.715 15.4511 25
    endloop
  endfacet
  facet normal 0 0 -1
    outer loop
      vertex 29.9954 -0.523572 -25
      vertex 29.9954 0.523572 -25
      vertex 30 0 -25
    endloop
  endfacet
  facet normal 0 0 -1
    outer loop
      vertex 29.9817 -1.04698 -25
      vertex 29.9954 0.523572 -25
      vertex 29.9954 -0.523572 -25
    endloop
  endfacet
  facet normal 0 0 -1
    outer loop
      vertex 29.9817 -1.04698 -25
      vertex 29.9817 1.04698 -25
      vertex 29.9954 0.523572 -25
    endloop
  endfacet
  facet normal 0 0 -1
    outer loop
      vertex 29.9589 -1.57008 -25
      vertex 29.9817 1.04698 -25
      vertex 29.9817 -1.04698 -25
    endloop
  endfacet
  facet normal 0 0 -1
    outer loop
      vertex 29.9589 -1.57008 -25
      vertex 29.9589 1.57008 -25
      vertex 29.9817 1.04698 -25
    endloop
  endfacet
  facet normal 0 0 -1
    outer loop
      vertex 29.9269 -2.09269 -25
      vertex 29.9589 1.57008 -25
      vertex 29.9589 -1.57008 -25
    endloop
  endfacet
  facet normal 0 0 -1
    outer loop
      vertex 29.9269 -2.09269 -25
      vertex 29.9269 2.09269 -25
      vertex 29.9589 1.57008 -25
    endloop
  endfacet
  facet normal 0 0 -1
    outer loop
      vertex 29.8858 -2.61467 -25
      vertex 29.9269 2.09269 -25
      vertex 29.9269 -2.09269 -25
    endloop
  endfacet
  facet normal 0 0 -1
    outer loop
      vertex 29.8858 -2.61467 -25
      vertex 29.8858 2.61467 -25
      vertex 29.9269 2.09269 -25
    endloop
  endfacet
  facet normal 0 0 -1
    outer loop
      vertex 29.8357 -3.13585 -25
      vertex 29.8858 2.61467 -25
      vertex 29.8858 -2.61467 -25
    endloop
  endfacet
  facet normal 0 0 -1
    outer loop
      vertex 29.8357 -3.13585 -25
      vertex 29.8357 3.13585 -25
      vertex 29.8858 2.61467 -25
    endloop
  endfacet
  facet normal 0 0 -1
    outer loop
      vertex 29.7764 -3.65608 -25
      vertex 29.8357 3.13585 -25
      vertex 29.8357 -3.13585 -25
    endloop
  endfacet
  facet normal 0 0 -1
    outer loop
      vertex 29.7764 -3.65608 -25
      vertex 29.7764 3.65608 -25
      vertex 29.8357 3.13585 -25
    endloop
  endfacet
  facet normal 0 0 -1
    outer loop
      vertex 29.708 -4.17519 -25
      vertex 29.7764 3.65608 -25
      vertex 29.7764 -3.65608 -25
    endloop
  endfacet
  facet normal 0 0 -1
    outer loop
      vertex 29.708 -4.17519 -25
      vertex 29.708 4.17519 -25
      vertex 29.7764 3.65608 -25
    endloop
  endfacet
  facet normal 0 0 -1
    outer loop
      vertex 29.6306 -4.69303 -25
      vertex 29.708 4.17519 -25
      vertex 29.708 -4.17519 -25
    endloop
  endfacet
  facet normal 0 0 -1
    outer loop
      vertex 29.6306 -4.69303 -25
      vertex 29.6306 4.69303 -25
      vertex 29.708 4.17519 -25
    endloop
  endfacet
  facet normal 0 0 -1
    outer loop
      vertex 29.5442 -5.20944 -25
      vertex 29.6306 4.69303 -25
      vertex 29.6306 -4.69303 -25
    endloop
  endfacet
  facet normal 0 0 -1
    outer loop
      vertex 29.5442 -5.20944 -25
      vertex 29.5442 5.20944 -25
      vertex 29.6306 4.69303 -25
    endloop
  endfacet
  facet normal 0 0 -1
    outer loop
      vertex 29.4488 -5.72427 -25
      vertex 29.5442 5.20944 -25
      vertex 29.5442 -5.20944 -25
    endloop
  endfacet
  facet normal 0 0 -1
    outer loop
      vertex 29.4488 -5.72427 -25
      vertex 29.4488 5.72427 -25
      vertex 29.5442 5.20944 -25
    endloop
  endfacet
  facet normal 0 0 -1
    outer loop
      vertex 29.3444 -6.23735 -25
      vertex 29.4488 5.72427 -25
      vertex 29.4488 -5.72427 -25
    endloop
  endfacet
  facet normal 0 0 -1
    outer loop
      vertex 29.3444 -6.23735 -25
      vertex 29.3444 6.23735 -25
      vertex 29.4488 5.72427 -25
    endloop
  endfacet
  facet normal 0 0 -1
    outer loop
      vertex 29.2311 -6.74853 -25
      vertex 29.3444 6.23735 -25
      vertex 29.3444 -6.23735 -25
    endloop
  endfacet
  facet normal 0 0 -1
    outer loop
      vertex 29.2311 -6.74853 -25
      vertex 29.2311 6.74853 -25
      vertex 29.3444 6.23735 -25
    endloop
  endfacet
  facet normal 0 0 -1
    outer loop
      vertex 29.1089 -7.25766 -25
      vertex 29.2311 6.74853 -25
      vertex 29.2311 -6.74853 -25
    endloop
  endfacet
  facet normal 0 0 -1
    outer loop
      vertex 29.1089 -7.25766 -25
      vertex 29.1089 7.25766 -25
      vertex 29.2311 6.74853 -25
    endloop
  endfacet
  facet normal 0 0 -1
    outer loop
      vertex 28.9778 -7.76457 -25
      vertex 29.1089 7.25766 -25
      vertex 29.1089 -7.25766 -25
    endloop
  endfacet
  facet normal 0 0 -1
    outer loop
      vertex 28.9778 -7.76457 -25
      vertex 28.9778 7.76457 -25
      vertex 29.1089 7.25766 -25
    endloop
  endfacet
  facet normal 0 0 -1
    outer loop
      vertex 28.8379 -8.26912 -25
      vertex 28.9778 7.76457 -25
      vertex 28.9778 -7.76457 -25
    endloop
  endfacet
  facet normal 0 0 -1
    outer loop
      vertex 28.8379 -8.26912 -25
      vertex 28.8379 8.26912 -25
      vertex 28.9778 7.76457 -25
    endloop
  endfacet
  facet normal 0 0 -1
    outer loop
      vertex 28.6891 -8.77115 -25
      vertex 28.8379 8.26912 -25
      vertex 28.8379 -8.26912 -25
    endloop
  endfacet
  facet normal 0 0 -1
    outer loop
      vertex 28.6891 -8.77115 -25
      vertex 28.6891 8.77115 -25
      vertex 28.8379 8.26912 -25
    endloop
  endfacet
  facet normal 0 0 -1
    outer loop
      vertex 28.5317 -9.27051 -25
      vertex 28.6891 8.77115 -25
      vertex 28.6891 -8.77115 -25
    endloop
  endfacet
  facet normal 0 0 -1
    outer loop
      vertex 28.5317 -9.27051 -25
      vertex 28.5317 9.27051 -25
      vertex 28.6891 8.77115 -25
    endloop
  endfacet
  facet normal 0 0 -1
    outer loop
      vertex 28.3656 -9.76704 -25
      vertex 28.5317 9.27051 -25
      vertex 28.5317 -9.27051 -25
    endloop
  endfacet
  facet normal 0 0 -1
    outer loop
      vertex 28.3656 -9.76704 -25
      vertex 28.3656 9.76704 -25
      vertex 28.5317 9.27051 -25
    endloop
  endfacet
  facet normal 0 0 -1
    outer loop
      vertex 28.1908 -10.2606 -25
      vertex 28.3656 9.76704 -25
      vertex 28.3656 -9.76704 -25
    endloop
  endfacet
  facet normal 0 0 -1
    outer loop
      vertex 28.1908 -10.2606 -25
      vertex 28.1908 10.2606 -25
      vertex 28.3656 9.76704 -25
    endloop
  endfacet
  facet normal 0 0 -1
    outer loop
      vertex 28.0074 -10.751 -25
      vertex 28.1908 10.2606 -25
      vertex 28.1908 -10.2606 -25
    endloop
  endfacet
  facet normal 0 0 -1
    outer loop
      vertex 28.0074 -10.751 -25
      vertex 28.0074 10.751 -25
      vertex 28.1908 10.2606 -25
    endloop
  endfacet
  facet normal 0 0 -1
    outer loop
      vertex 27.8155 -11.2382 -25
      vertex 28.0074 10.751 -25
      vertex 28.0074 -10.751 -25
    endloop
  endfacet
  facet normal 0 0 -1
    outer loop
      vertex 27.8155 -11.2382 -25
      vertex 27.8155 11.2382 -25
      vertex 28.0074 10.751 -25
    endloop
  endfacet
  facet normal 0 0 -1
    outer loop
      vertex 27.6151 -11.7219 -25
      vertex 27.8155 11.2382 -25
      vertex 27.8155 -11.2382 -25
    endloop
  endfacet
  facet normal 0 0 -1
    outer loop
      vertex 27.6151 -11.7219 -25
      vertex 27.6151 11.7219 -25
      vertex 27.8155 11.2382 -25
    endloop
  endfacet
  facet normal 0 0 -1
    outer loop
      vertex 27.4064 -12.2021 -25
      vertex 27.6151 11.7219 -25
      vertex 27.6151 -11.7219 -25
    endloop
  endfacet
  facet normal 0 0 -1
    outer loop
      vertex 27.4064 -12.2021 -25
      vertex 27.4064 12.2021 -25
      vertex 27.6151 11.7219 -25
    endloop
  endfacet
  facet normal 0 0 -1
    outer loop
      vertex 27.1892 -12.6785 -25
      vertex 27.4064 12.2021 -25
      vertex 27.4064 -12.2021 -25
    endloop
  endfacet
  facet normal 0 0 -1
    outer loop
      vertex 27.1892 -12.6785 -25
      vertex 27.1892 12.6785 -25
      vertex 27.4064 12.2021 -25
    endloop
  endfacet
  facet normal 0 0 -1
    outer loop
      vertex 26.9638 -13.1511 -25
      vertex 27.1892 12.6785 -25
      vertex 27.1892 -12.6785 -25
    endloop
  endfacet
  facet normal 0 0 -1
    outer loop
      vertex 26.9638 -13.1511 -25
      vertex 26.9638 13.1511 -25
      vertex 27.1892 12.6785 -25
    endloop
  endfacet
  facet normal 0 0 -1
    outer loop
      vertex 26.7302 -13.6197 -25
      vertex 26.9638 13.1511 -25
      vertex 26.9638 -13.1511 -25
    endloop
  endfacet
  facet normal 0 0 -1
    outer loop
      vertex 26.7302 -13.6197 -25
      vertex 26.7302 13.6197 -25
      vertex 26.9638 13.1511 -25
    endloop
  endfacet
  facet normal 0 0 -1
    outer loop
      vertex 26.4884 -14.0841 -25
      vertex 26.7302 13.6197 -25
      vertex 26.7302 -13.6197 -25
    endloop
  endfacet
  facet normal 0 0 -1
    outer loop
      vertex 26.4884 -14.0841 -25
      vertex 26.4884 14.0841 -25
      vertex 26.7302 13.6197 -25
    endloop
  endfacet
  facet normal 0 0 -1
    outer loop
      vertex 26.2386 -14.5443 -25
      vertex 26.4884 14.0841 -25
      vertex 26.4884 -14.0841 -25
    endloop
  endfacet
  facet normal 0 0 -1
    outer loop
      vertex 26.2386 -14.5443 -25
      vertex 26.2386 14.5443 -25
      vertex 26.4884 14.0841 -25
    endloop
  endfacet
  facet normal 0 0 -1
    outer loop
      vertex 25.9808 -15 -25
      vertex 26.2386 14.5443 -25
      vertex 26.2386 -14.5443 -25
    endloop
  endfacet
  facet normal 0 0 -1
    outer loop
      vertex 25.9808 -15 -25
      vertex 25.9808 15 -25
      vertex 26.2386 14.5443 -25
    endloop
  endfacet
  facet normal 0 0 -1
    outer loop
      vertex 25.715 -15.4511 -25
      vertex 25.9808 15 -25
      vertex 25.9808 -15 -25
    endloop
  endfacet
  facet normal 0 0 -1
    outer loop
      vertex 25.715 -15.4511 -25
      vertex 25.715 15.4511 -25
      vertex 25.9808 15 -25
    endloop
  endfacet
  facet normal 0 0 -1
    outer loop
      vertex 25.4414 -15.8976 -25
      vertex 25.715 15.4511 -25
      vertex 25.715 -15.4511 -25
    endloop
  endfacet
  facet normal 0 0 -1
    outer loop
      vertex 25.4414 -15.8976 -25
      vertex 25.4414 15.8976 -25
      vertex 25.715 15.4511 -25
    endloop
  endfacet
  facet normal 0 0 -1
    outer loop
      vertex 25.1601 -16.3392 -25
      vertex 25.4414 15.8976 -25
      vertex 25.4414 -15.8976 -25
    endloop
  endfacet
  facet normal 0 0 -1
    outer loop
      vertex 25.1601 -16.3392 -25
      vertex 25.1601 16.3392 -25
      vertex 25.4414 15.8976 -25
    endloop
  endfacet
  facet normal 0 0 -1
    outer loop
      vertex 24.8711 -16.7758 -25
      vertex 25.1601 16.3392 -25
      vertex 25.1601 -16.3392 -25
    endloop
  endfacet
  facet normal 0 0 -1
    outer loop
      vertex 24.8711 -16.7758 -25
      vertex 24.8711 16.7758 -25
      vertex 25.1601 16.3392 -25
    endloop
  endfacet
  facet normal 0 0 -1
    outer loop
      vertex 24.5746 -17.2073 -25
      vertex 24.8711 16.7758 -25
      vertex 24.8711 -16.7758 -25
    endloop
  endfacet
  facet normal 0 0 -1
    outer loop
      vertex 24.5746 -17.2073 -25
      vertex 24.5746 17.2073 -25
      vertex 24.8711 16.7758 -25
    endloop
  endfacet
  facet normal 0 0 -1
    outer loop
      vertex 24.2705 -17.6336 -25
      vertex 24.5746 17.2073 -25
      vertex 24.5746 -17.2073 -25
    endloop
  endfacet
  facet normal 0 0 -1
    outer loop
      vertex 24.2705 -17.6336 -25
      vertex 24.2705 17.6336 -25
      vertex 24.5746 17.2073 -25
    endloop
  endfacet
  facet normal 0 0 -1
    outer loop
      vertex 23.9591 -18.0545 -25
      vertex 24.2705 17.6336 -25
      vertex 24.2705 -17.6336 -25
    endloop
  endfacet
  facet normal 0 0 -1
    outer loop
      vertex 23.9591 -18.0545 -25
      vertex 23.9591 18.0545 -25
      vertex 24.2705 17.6336 -25
    endloop
  endfacet
  facet normal 0 0 -1
    outer loop
      vertex 23.6403 -18.4698 -25
      vertex 23.9591 18.0545 -25
      vertex 23.9591 -18.0545 -25
    endloop
  endfacet
  facet normal 0 0 -1
    outer loop
      vertex 23.6403 -18.4698 -25
      vertex 23.6403 18.4698 -25
      vertex 23.9591 18.0545 -25
    endloop
  endfacet
  facet normal 0 0 -1
    outer loop
      vertex 23.3144 -18.8796 -25
      vertex 23.6403 18.4698 -25
      vertex 23.6403 -18.4698 -25
    endloop
  endfacet
  facet normal 0 0 -1
    outer loop
      vertex 23.3144 -18.8796 -25
      vertex 23.3144 18.8796 -25
      vertex 23.6403 18.4698 -25
    endloop
  endfacet
  facet normal 0 0 -1
    outer loop
      vertex 22.9813 -19.2836 -25
      vertex 23.3144 18.8796 -25
      vertex 23.3144 -18.8796 -25
    endloop
  endfacet
  facet normal 0 0 -1
    outer loop
      vertex 22.9813 -19.2836 -25
      vertex 22.9813 19.2836 -25
      vertex 23.3144 18.8796 -25
    endloop
  endfacet
  facet normal 0 0 -1
    outer loop
      vertex 22.6413 -19.6818 -25
      vertex 22.9813 19.2836 -25
      vertex 22.9813 -19.2836 -25
    endloop
  endfacet
  facet normal 0 0 -1
    outer loop
      vertex 22.6413 -19.6818 -25
      vertex 22.6413 19.6818 -25
      vertex 22.9813 19.2836 -25
    endloop
  endfacet
  facet normal 0 0 -1
    outer loop
      vertex 22.2943 -20.0739 -25
      vertex 22.6413 19.6818 -25
      vertex 22.6413 -19.6818 -25
    endloop
  endfacet
  facet normal 0 0 -1
    outer loop
      vertex 22.2943 -20.0739 -25
      vertex 22.2943 20.0739 -25
      vertex 22.6413 19.6818 -25
    endloop
  endfacet
  facet normal 0 0 -1
    outer loop
      vertex 21.9406 -20.4599 -25
      vertex 22.2943 20.0739 -25
      vertex 22.2943 -20.0739 -25
    endloop
  endfacet
  facet normal 0 0 -1
    outer loop
      vertex 21.9406 -20.4599 -25
      vertex 21.9406 20.4599 -25
      vertex 22.2943 20.0739 -25
    endloop
  endfacet
  facet normal 0 0 -1
    outer loop
      vertex 21.5802 -20.8398 -25
      vertex 21.9406 20.4599 -25
      vertex 21.9406 -20.4599 -25
    endloop
  endfacet
  facet normal 0 0 -1
    outer loop
      vertex 21.5802 -20.8398 -25
      vertex 21.5802 20.8398 -25
      vertex 21.9406 20.4599 -25
    endloop
  endfacet
  facet normal 0 0 -1
    outer loop
      vertex 21.2132 -21.2132 -25
      vertex 21.5802 20.8398 -25
      vertex 21.5802 -20.8398 -25
    endloop
  endfacet
  facet normal 0 0 -1
    outer loop
      vertex 21.2132 -21.2132 -25
      vertex 21.2132 21.2132 -25
      vertex 21.5802 20.8398 -25
    endloop
  endfacet
  facet normal 0 0 -1
    outer loop
      vertex 20.8398 -21.5802 -25
      vertex 21.2132 21.2132 -25
      vertex 21.2132 -21.2132 -25
    endloop
  endfacet
  facet normal 0 0 -1
    outer loop
      vertex 20.8398 -21.5802 -25
      vertex 20.8398 21.5802 -25
      vertex 21.2132 21.2132 -25
    endloop
  endfacet
  facet normal 0 0 -1
    outer loop
      vertex 20.4599 -21.9406 -25
      vertex 20.8398 21.5802 -25
      vertex 20.8398 -21.5802 -25
    endloop
  endfacet
  facet normal 0 0 -1
    outer loop
      vertex 20.4599 -21.9406 -25
      vertex 20.4599 21.9406 -25
      vertex 20.8398 21.5802 -25
    endloop
  endfacet
  facet normal 0 0 -1
    outer loop
      vertex 20.0739 -22.2943 -25
      vertex 20.4599 21.9406 -25
      vertex 20.4599 -21.9406 -25
    endloop
  endfacet
  facet normal 0 0 -1
    outer loop
      vertex 20.0739 -22.2943 -25
      vertex 20.0739 22.2943 -25
      vertex 20.4599 21.9406 -25
    endloop
  endfacet
  facet normal 0 0 -1
    outer loop
      vertex 19.6818 -22.6413 -25
      vertex 20.0739 22.2943 -25
      vertex 20.0739 -22.2943 -25
    endloop
  endfacet
  facet normal 0 0 -1
    outer loop
      vertex 19.6818 -22.6413 -25
      vertex 19.6818 22.6413 -25
      vertex 20.0739 22.2943 -25
    endloop
  endfacet
  facet normal 0 0 -1
    outer loop
      vertex 19.2836 -22.9813 -25
      vertex 19.6818 22.6413 -25
      vertex 19.6818 -22.6413 -25
    endloop
  endfacet
  facet normal 0 0 -1
    outer loop
      vertex 19.2836 -22.9813 -25
      vertex 19.2836 22.9813 -25
      vertex 19.6818 22.6413 -25
    endloop
  endfacet
  facet normal 0 0 -1
    outer loop
      vertex 18.8796 -23.3144 -25
      vertex 19.2836 22.9813 -25
      vertex 19.2836 -22.9813 -25
    endloop
  endfacet
  facet normal 0 0 -1
    outer loop
      vertex 18.8796 -23.3144 -25
      vertex 18.8796 23.3144 -25
      vertex 19.2836 22.9813 -25
    endloop
  endfacet
  facet normal 0 0 -1
    outer loop
      vertex 18.4698 -23.6403 -25
      vertex 18.8796 23.3144 -25
      vertex 18.8796 -23.3144 -25
    endloop
  endfacet
  facet normal 0 0 -1
    outer loop
      vertex 18.4698 -23.6403 -25
      vertex 18.4698 23.6403 -25
      vertex 18.8796 23.3144 -25
    endloop
  endfacet
  facet normal 0 0 -1
    outer loop
      vertex 18.0545 -23.9591 -25
      vertex 18.4698 23.6403 -25
      vertex 18.4698 -23.6403 -25
    endloop
  endfacet
  facet normal 0 0 -1
    outer loop
      vertex 18.0545 -23.9591 -25
      vertex 18.0545 23.9591 -25
      vertex 18.4698 23.6403 -25
    endloop
  endfacet
  facet normal 0 0 -1
    outer loop
      vertex 17.6336 -24.2705 -25
      vertex 18.0545 23.9591 -25
      vertex 18.0545 -23.9591 -25
    endloop
  endfacet
  facet normal 0 0 -1
    outer loop
      vertex 17.6336 -24.2705 -25
      vertex 17.6336 24.2705 -25
      vertex 18.0545 23.9591 -25
    endloop
  endfacet
  facet normal 0 0 -1
    outer loop
      vertex 17.2073 -24.5746 -25
      vertex 17.6336 24.2705 -25
      vertex 17.6336 -24.2705 -25
    endloop
  endfacet
  facet normal 0 0 -1
    outer loop
      vertex 17.2073 -24.5746 -25
      vertex 17.2073 24.5746 -25
      vertex 17.6336 24.2705 -25
    endloop
  endfacet
  facet normal 0 0 -1
    outer loop
      vertex 16.7758 -24.8711 -25
      vertex 17.2073 24.5746 -25
      vertex 17.2073 -24.5746 -25
    endloop
  endfacet
  facet normal 0 0 -1
    outer loop
      vertex 16.7758 -24.8711 -25
      vertex 16.7758 24.8711 -25
      vertex 17.2073 24.5746 -25
    endloop
  endfacet
  facet normal 0 0 -1
    outer loop
      vertex 16.3392 -25.1601 -25
      vertex 16.7758 24.8711 -25
      vertex 16.7758 -24.8711 -25
    endloop
  endfacet
  facet normal 0 0 -1
    outer loop
      vertex 16.3392 -25.1601 -25
      vertex 16.3392 25.1601 -25
      vertex 16.7758 24.8711 -25
    endloop
  endfacet
  facet normal 0 0 -1
    outer loop
      vertex 15.8976 -25.4414 -25
      vertex 16.3392 25.1601 -25
      vertex 16.3392 -25.1601 -25
    endloop
  endfacet
  facet normal 0 0 -1
    outer loop
      vertex 15.8976 -25.4414 -25
      vertex 15.8976 25.4414 -25
      vertex 16.3392 25.1601 -25
    endloop
  endfacet
  facet normal 0 0 -1
    outer loop
      vertex 15.4511 -25.715 -25
      vertex 15.8976 25.4414 -25
      vertex 15.8976 -25.4414 -25
    endloop
  endfacet
  facet normal 0 0 -1
    outer loop
      vertex 15.4511 -25.715 -25
      vertex 15.4511 25.715 -25
      vertex 15.8976 25.4414 -25
    endloop
  endfacet
  facet normal 0 0 -1
    outer loop
      vertex 15 -25.9808 -25
      vertex 15.4511 25.715 -25
      vertex 15.4511 -25.715 -25
    endloop
  endfacet
  facet normal 0 0 -1
    outer loop
      vertex 15 -25.9808 -25
      vertex 15 25.9808 -25
      vertex 15.4511 25.715 -25
    endloop
  endfacet
  facet normal 0 0 -1
    outer loop
      vertex 14.5443 -26.2386 -25
      vertex 15 25.9808 -25
      vertex 15 -25.9808 -25
    endloop
  endfacet
  facet normal 0 0 -1
    outer loop
      vertex 14.5443 -26.2386 -25
      vertex 14.5443 26.2386 -25
      vertex 15 25.9808 -25
    endloop
  endfacet
  facet normal 0 0 -1
    outer loop
      vertex 14.0841 -26.4884 -25
      vertex 14.5443 26.2386 -25
      vertex 14.5443 -26.2386 -25
    endloop
  endfacet
  facet normal 0 0 -1
    outer loop
      vertex 14.0841 -26.4884 -25
      vertex 14.0841 26.4884 -25
      vertex 14.5443 26.2386 -25
    endloop
  endfacet
  facet normal 0 0 -1
    outer loop
      vertex 13.6197 -26.7302 -25
      vertex 14.0841 26.4884 -25
      vertex 14.0841 -26.4884 -25
    endloop
  endfacet
  facet normal 0 0 -1
    outer loop
      vertex 13.6197 -26.7302 -25
      vertex 13.6197 26.7302 -25
      vertex 14.0841 26.4884 -25
    endloop
  endfacet
  facet normal 0 0 -1
    outer loop
      vertex 13.1511 -26.9638 -25
      vertex 13.6197 26.7302 -25
      vertex 13.6197 -26.7302 -25
    endloop
  endfacet
  facet normal 0 0 -1
    outer loop
      vertex 13.1511 -26.9638 -25
      vertex 13.1511 26.9638 -25
      vertex 13.6197 26.7302 -25
    endloop
  endfacet
  facet normal 0 0 -1
    outer loop
      vertex 12.6785 -27.1892 -25
      vertex 13.1511 26.9638 -25
      vertex 13.1511 -26.9638 -25
    endloop
  endfacet
  facet normal 0 0 -1
    outer loop
      vertex 12.6785 -27.1892 -25
      vertex 12.6785 27.1892 -25
      vertex 13.1511 26.9638 -25
    endloop
  endfacet
  facet normal 0 0 -1
    outer loop
      vertex 12.2021 -27.4064 -25
      vertex 12.6785 27.1892 -25
      vertex 12.6785 -27.1892 -25
    endloop
  endfacet
  facet normal 0 0 -1
    outer loop
      vertex 12.2021 -27.4064 -25
      vertex 12.2021 27.4064 -25
      vertex 12.6785 27.1892 -25
    endloop
  endfacet
  facet normal 0 0 -1
    outer loop
      vertex 11.7219 -27.6151 -25
      vertex 12.2021 27.4064 -25
      vertex 12.2021 -27.4064 -25
    endloop
  endfacet
  facet normal 0 0 -1
    outer loop
      vertex 11.7219 -27.6151 -25
      vertex 11.7219 27.6151 -25
      vertex 12.2021 27.4064 -25
    endloop
  endfacet
  facet normal 0 0 -1
    outer loop
      vertex 11.2382 -27.8155 -25
      vertex 11.7219 27.6151 -25
      vertex 11.7219 -27.6151 -25
    endloop
  endfacet
  facet normal 0 0 -1
    outer loop
      vertex 11.2382 -27.8155 -25
      vertex 11.2382 27.8155 -25
      vertex 11.7219 27.6151 -25
    endloop
  endfacet
  facet normal 0 0 -1
    outer loop
      vertex 10.751 -28.0074 -25
      vertex 11.2382 27.8155 -25
      vertex 11.2382 -27.8155 -25
    endloop
  endfacet
  facet normal 0 0 -1
    outer loop
      vertex 10.751 -28.0074 -25
      vertex 10.751 28.0074 -25
      vertex 11.2382 27.8155 -25
    endloop
  endfacet
  facet normal 0 0 -1
    outer loop
      vertex 10.2606 -28.1908 -25
      vertex 10.751 28.0074 -25
      vertex 10.751 -28.0074 -25
    endloop
  endfacet
  facet normal 0 0 -1
    outer loop
      vertex 10.2606 -28.1908 -25
      vertex 10.2606 28.1908 -25
      vertex 10.751 28.0074 -25
    endloop
  endfacet
  facet normal 0 0 -1
    outer loop
      vertex 9.76704 -28.3656 -25
      vertex 10.2606 28.1908 -25
      vertex 10.2606 -28.1908 -25
    endloop
  endfacet
  facet normal 0 0 -1
    outer loop
      vertex 9.76704 -28.3656 -25
      vertex 9.76704 28.3656 -25
      vertex 10.2606 28.1908 -25
    endloop
  endfacet
  facet normal 0 0 -1
    outer loop
      vertex 9.27051 -28.5317 -25
      vertex 9.76704 28.3656 -25
      vertex 9.76704 -28.3656 -25
    endloop
  endfacet
  facet normal 0 0 -1
    outer loop
      vertex 9.27051 -28.5317 -25
      vertex 9.27051 28.5317 -25
      vertex 9.76704 28.3656 -25
    endloop
  endfacet
  facet normal 0 0 -1
    outer loop
      vertex 8.77115 -28.6891 -25
      vertex 9.27051 28.5317 -25
      vertex 9.27051 -28.5317 -25
    endloop
  endfacet
  facet normal 0 0 -1
    outer loop
      vertex 8.77115 -28.6891 -25
      vertex 8.77115 28.6891 -25
      vertex 9.27051 28.5317 -25
    endloop
  endfacet
  facet normal 0 0 -1
    outer loop
      vertex 8.26912 -28.8379 -25
      vertex 8.77115 28.6891 -25
      vertex 8.77115 -28.6891 -25
    endloop
  endfacet
  facet normal 0 0 -1
    outer loop
      vertex 8.26912 -28.8379 -25
      vertex 8.26912 28.8379 -25
      vertex 8.77115 28.6891 -25
    endloop
  endfacet
  facet normal 0 0 -1
    outer loop
      vertex 7.76457 -28.9778 -25
      vertex 8.26912 28.8379 -25
      vertex 8.26912 -28.8379 -25
    endloop
  endfacet
  facet normal 0 0 -1
    outer loop
      vertex 7.76457 -28.9778 -25
      vertex 7.76457 28.9778 -25
      vertex 8.26912 28.8379 -25
    endloop
  endfacet
  facet normal 0 0 -1
    outer loop
      vertex 7.25766 -29.1089 -25
      vertex 7.76457 28.9778 -25
      vertex 7.76457 -28.9778 -25
    endloop
  endfacet
  facet normal 0 0 -1
    outer loop
      vertex 7.25766 -29.1089 -25
      vertex 7.25766 29.1089 -25
      vertex 7.76457 28.9778 -25
    endloop
  endfacet
  facet normal 0 0 -1
    outer loop
      vertex 6.74853 -29.2311 -25
      vertex 7.25766 29.1089 -25
      vertex 7.25766 -29.1089 -25
    endloop
  endfacet
  facet normal 0 0 -1
    outer loop
      vertex 6.74853 -29.2311 -25
      vertex 6.74853 29.2311 -25
      vertex 7.25766 29.1089 -25
    endloop
  endfacet
  facet normal 0 0 -1
    outer loop
      vertex 6.23735 -29.3444 -25
      vertex 6.74853 29.2311 -25
      vertex 6.74853 -29.2311 -25
    endloop
  endfacet
  facet normal 0 0 -1
    outer loop
      vertex 6.23735 -29.3444 -25
      vertex 6.23735 29.3444 -25
      vertex 6.74853 29.2311 -25
    endloop
  endfacet
  facet normal 0 0 -1
    outer loop
      vertex 5.72427 -29.4488 -25
      vertex 6.23735 29.3444 -25
      vertex 6.23735 -29.3444 -25
    endloop
  endfacet
  facet normal 0 0 -1
    outer loop
      vertex 5.72427 -29.4488 -25
      vertex 5.72427 29.4488 -25
      vertex 6.23735 29.3444 -25
    endloop
  endfacet
  facet normal 0 0 -1
    outer loop
      vertex 5.20944 -29.5442 -25
      vertex 5.72427 29.4488 -25
      vertex 5.72427 -29.4488 -25
    endloop
  endfacet
  facet normal 0 0 -1
    outer loop
      vertex 5.20944 -29.5442 -25
      vertex 5.20944 29.5442 -25
      vertex 5.72427 29.4488 -25
    endloop
  endfacet
  facet normal 0 0 -1
    outer loop
      vertex 4.69303 -29.6306 -25
      vertex 5.20944 29.5442 -25
      vertex 5.20944 -29.5442 -25
    endloop
  endfacet
  facet normal 0 0 -1
    outer loop
      vertex 4.69303 -29.6306 -25
      vertex 4.69303 29.6306 -25
      vertex 5.20944 29.5442 -25
    endloop
  endfacet
  facet normal 0 0 -1
    outer loop
      vertex 4.17519 -29.708 -25
      vertex 4.69303 29.6306 -25
      vertex 4.69303 -29.6306 -25
    endloop
  endfacet
  facet normal 0 0 -1
    outer loop
      vertex 4.17519 -29.708 -25
      vertex 4.17519 29.708 -25
      vertex 4.69303 29.6306 -25
    endloop
  endfacet
  facet normal 0 0 -1
    outer loop
      vertex 3.65608 -29.7764 -25
      vertex 4.17519 29.708 -25
      vertex 4.17519 -29.708 -25
    endloop
  endfacet
  facet normal 0 0 -1
    outer loop
      vertex 3.65608 -29.7764 -25
      vertex 3.65608 29.7764 -25
      vertex 4.17519 29.708 -25
    endloop
  endfacet
  facet normal 0 0 -1
    outer loop
      vertex 3.13585 -29.8357 -25
      vertex 3.65608 29.7764 -25
      vertex 3.65608 -29.7764 -25
    endloop
  endfacet
  facet normal 0 0 -1
    outer loop
      vertex 3.13585 -29.8357 -25
      vertex 3.13585 29.8357 -25
      vertex 3.65608 29.7764 -25
    endloop
  endfacet
  facet normal 0 0 -1
    outer loop
      vertex 2.61467 -29.8858 -25
      vertex 3.13585 29.8357 -25
      vertex 3.13585 -29.8357 -25
    endloop
  endfacet
  facet normal 0 0 -1
    outer loop
      vertex 2.61467 -29.8858 -25
      vertex 2.61467 29.8858 -25
      vertex 3.13585 29.8357 -25
    endloop
  endfacet
  facet normal 0 0 -1
    outer loop
      vertex 2.09269 -29.9269 -25
      vertex 2.61467 29.8858 -25
      vertex 2.61467 -29.8858 -25
    endloop
  endfacet
  facet normal 0 0 -1
    outer loop
      vertex 2.09269 -29.9269 -25
      vertex 2.09269 29.9269 -25
      vertex 2.61467 29.8858 -25
    endloop
  endfacet
  facet normal 0 0 -1
    outer loop
      vertex 1.57008 -29.9589 -25
      vertex 2.09269 29.9269 -25
      vertex 2.09269 -29.9269 -25
    endloop
  endfacet
  facet normal 0 0 -1
    outer loop
      vertex 1.57008 -29.9589 -25
      vertex 1.57008 29.9589 -25
      vertex 2.09269 29.9269 -25
    endloop
  endfacet
  facet normal 0 0 -1
    outer loop
      vertex 1.04698 -29.9817 -25
      vertex 1.57008 29.9589 -25
      vertex 1.57008 -29.9589 -25
    endloop
  endfacet
  facet normal 0 0 -1
    outer loop
      vertex 1.04698 -29.9817 -25
      vertex 1.04698 29.9817 -25
      vertex 1.57008 29.9589 -25
    endloop
  endfacet
  facet normal 0 0 -1
    outer loop
      vertex 0.523572 -29.9954 -25
      vertex 1.04698 29.9817 -25
      vertex 1.04698 -29.9817 -25
    endloop
  endfacet
  facet normal 0 0 -1
    outer loop
      vertex 0.523572 -29.9954 -25
      vertex 0.523572 29.9954 -25
      vertex 1.04698 29.9817 -25
    endloop
  endfacet
  facet normal 0 0 -1
    outer loop
      vertex 0 -30 -25
      vertex 0.523572 29.9954 -25
      vertex 0.523572 -29.9954 -25
    endloop
  endfacet
  facet normal 0 0 -1
    outer loop
      vertex 0 -30 -25
      vertex 0 30 -25
      vertex 0.523572 29.9954 -25
    endloop
  endfacet
  facet normal 0 0 -1
    outer loop
      vertex -0.523572 -29.9954 -25
      vertex 0 30 -25
      vertex 0 -30 -25
    endloop
  endfacet
  facet normal 0 0 -1
    outer loop
      vertex -0.523572 -29.9954 -25
      vertex -0.523572 29.9954 -25
      vertex 0 30 -25
    endloop
  endfacet
  facet normal 0 0 -1
    outer loop
      vertex -1.04698 -29.9817 -25
      vertex -0.523572 29.9954 -25
      vertex -0.523572 -29.9954 -25
    endloop
  endfacet
  facet normal 0 0 -1
    outer loop
      vertex -1.04698 -29.9817 -25
      vertex -1.04698 29.9817 -25
      vertex -0.523572 29.9954 -25
    endloop
  endfacet
  facet normal 0 0 -1
    outer loop
      vertex -1.57008 -29.9589 -25
      vertex -1.04698 29.9817 -25
      vertex -1.04698 -29.9817 -25
    endloop
  endfacet
  facet normal 0 0 -1
    outer loop
      vertex -1.57008 -29.9589 -25
      vertex -1.57008 29.9589 -25
      vertex -1.04698 29.9817 -25
    endloop
  endfacet
  facet normal 0 0 -1
    outer loop
      vertex -2.09269 -29.9269 -25
      vertex -1.57008 29.9589 -25
      vertex -1.57008 -29.9589 -25
    endloop
  endfacet
  facet normal 0 0 -1
    outer loop
      vertex -2.09269 -29.9269 -25
      vertex -2.09269 29.9269 -25
      vertex -1.57008 29.9589 -25
    endloop
  endfacet
  facet normal 0 0 -1
    outer loop
      vertex -2.61467 -29.8858 -25
      vertex -2.09269 29.9269 -25
      vertex -2.09269 -29.9269 -25
    endloop
  endfacet
  facet normal 0 0 -1
    outer loop
      vertex -2.61467 -29.8858 -25
      vertex -2.61467 29.8858 -25
      vertex -2.09269 29.9269 -25
    endloop
  endfacet
  facet normal 0 0 -1
    outer loop
      vertex -3.13585 -29.8357 -25
      vertex -2.61467 29.8858 -25
      vertex -2.61467 -29.8858 -25
    endloop
  endfacet
  facet normal 0 0 -1
    outer loop
      vertex -3.13585 -29.8357 -25
      vertex -3.13585 29.8357 -25
      vertex -2.61467 29.8858 -25
    endloop
  endfacet
  facet normal 0 0 -1
    outer loop
      vertex -3.65608 -29.7764 -25
      vertex -3.13585 29.8357 -25
      vertex -3.13585 -29.8357 -25
    endloop
  endfacet
  facet normal 0 0 -1
    outer loop
      vertex -3.65608 -29.7764 -25
      vertex -3.65608 29.7764 -25
      vertex -3.13585 29.8357 -25
    endloop
  endfacet
  facet normal 0 0 -1
    outer loop
      vertex -4.17519 -29.708 -25
      vertex -3.65608 29.7764 -25
      vertex -3.65608 -29.7764 -25
    endloop
  endfacet
  facet normal 0 0 -1
    outer loop
      vertex -4.17519 -29.708 -25
      vertex -4.17519 29.708 -25
      vertex -3.65608 29.7764 -25
    endloop
  endfacet
  facet normal 0 0 -1
    outer loop
      vertex -4.69303 -29.6306 -25
      vertex -4.17519 29.708 -25
      vertex -4.17519 -29.708 -25
    endloop
  endfacet
  facet normal 0 0 -1
    outer loop
      vertex -4.69303 -29.6306 -25
      vertex -4.69303 29.6306 -25
      vertex -4.17519 29.708 -25
    endloop
  endfacet
  facet normal 0 0 -1
    outer loop
      vertex -5.20944 -29.5442 -25
      vertex -4.69303 29.6306 -25
      vertex -4.69303 -29.6306 -25
    endloop
  endfacet
  facet normal 0 0 -1
    outer loop
      vertex -5.20944 -29.5442 -25
      vertex -5.20944 29.5442 -25
      vertex -4.69303 29.6306 -25
    endloop
  endfacet
  facet normal 0 0 -1
    outer loop
      vertex -5.72427 -29.4488 -25
      vertex -5.20944 29.5442 -25
      vertex -5.20944 -29.5442 -25
    endloop
  endfacet
  facet normal 0 0 -1
    outer loop
      vertex -5.72427 -29.4488 -25
      vertex -5.72427 29.4488 -25
      vertex -5.20944 29.5442 -25
    endloop
  endfacet
  facet normal 0 0 -1
    outer loop
      vertex -6.23735 -29.3444 -25
      vertex -5.72427 29.4488 -25
      vertex -5.72427 -29.4488 -25
    endloop
  endfacet
  facet normal 0 0 -1
    outer loop
      vertex -6.23735 -29.3444 -25
      vertex -6.23735 29.3444 -25
      vertex -5.72427 29.4488 -25
    endloop
  endfacet
  facet normal 0 0 -1
    outer loop
      vertex -6.74853 -29.2311 -25
      vertex -6.23735 29.3444 -25
      vertex -6.23735 -29.3444 -25
    endloop
  endfacet
  facet normal 0 0 -1
    outer loop
      vertex -6.74853 -29.2311 -25
      vertex -6.74853 29.2311 -25
      vertex -6.23735 29.3444 -25
    endloop
  endfacet
  facet normal 0 0 -1
    outer loop
      vertex -7.25766 -29.1089 -25
      vertex -6.74853 29.2311 -25
      vertex -6.74853 -29.2311 -25
    endloop
  endfacet
  facet normal 0 0 -1
    outer loop
      vertex -7.25766 -29.1089 -25
      vertex -7.25766 29.1089 -25
      vertex -6.74853 29.2311 -25
    endloop
  endfacet
  facet normal 0 0 -1
    outer loop
      vertex -7.76457 -28.9778 -25
      vertex -7.25766 29.1089 -25
      vertex -7.25766 -29.1089 -25
    endloop
  endfacet
  facet normal 0 0 -1
    outer loop
      vertex -7.76457 -28.9778 -25
      vertex -7.76457 28.9778 -25
      vertex -7.25766 29.1089 -25
    endloop
  endfacet
  facet normal 0 0 -1
    outer loop
      vertex -8.26912 -28.8379 -25
      vertex -7.76457 28.9778 -25
      vertex -7.76457 -28.9778 -25
    endloop
  endfacet
  facet normal 0 0 -1
    outer loop
      vertex -8.26912 -28.8379 -25
      vertex -8.26912 28.8379 -25
      vertex -7.76457 28.9778 -25
    endloop
  endfacet
  facet normal 0 0 -1
    outer loop
      vertex -8.77115 -28.6891 -25
      vertex -8.26912 28.8379 -25
      vertex -8.26912 -28.8379 -25
    endloop
  endfacet
  facet normal 0 0 -1
    outer loop
      vertex -8.77115 -28.6891 -25
      vertex -8.77115 28.6891 -25
      vertex -8.26912 28.8379 -25
    endloop
  endfacet
  facet normal 0 0 -1
    outer loop
      vertex -9.27051 -28.5317 -25
      vertex -8.77115 28.6891 -25
      vertex -8.77115 -28.6891 -25
    endloop
  endfacet
  facet normal 0 0 -1
    outer loop
      vertex -9.27051 -28.5317 -25
      vertex -9.27051 28.5317 -25
      vertex -8.77115 28.6891 -25
    endloop
  endfacet
  facet normal 0 0 -1
    outer loop
      vertex -9.76704 -28.3656 -25
      vertex -9.27051 28.5317 -25
      vertex -9.27051 -28.5317 -25
    endloop
  endfacet
  facet normal 0 0 -1
    outer loop
      vertex -9.76704 -28.3656 -25
      vertex -9.76704 28.3656 -25
      vertex -9.27051 28.5317 -25
    endloop
  endfacet
  facet normal 0 0 -1
    outer loop
      vertex -10.2606 -28.1908 -25
      vertex -9.76704 28.3656 -25
      vertex -9.76704 -28.3656 -25
    endloop
  endfacet
  facet normal 0 0 -1
    outer loop
      vertex -10.2606 -28.1908 -25
      vertex -10.2606 28.1908 -25
      vertex -9.76704 28.3656 -25
    endloop
  endfacet
  facet normal 0 0 -1
    outer loop
      vertex -10.751 -28.0074 -25
      vertex -10.2606 28.1908 -25
      vertex -10.2606 -28.1908 -25
    endloop
  endfacet
  facet normal 0 0 -1
    outer loop
      vertex -10.751 -28.0074 -25
      vertex -10.751 28.0074 -25
      vertex -10.2606 28.1908 -25
    endloop
  endfacet
  facet normal 0 0 -1
    outer loop
      vertex -11.2382 -27.8155 -25
      vertex -10.751 28.0074 -25
      vertex -10.751 -28.0074 -25
    endloop
  endfacet
  facet normal 0 0 -1
    outer loop
      vertex -11.2382 -27.8155 -25
      vertex -11.2382 27.8155 -25
      vertex -10.751 28.0074 -25
    endloop
  endfacet
  facet normal 0 0 -1
    outer loop
      vertex -11.7219 -27.6151 -25
      vertex -11.2382 27.8155 -25
      vertex -11.2382 -27.8155 -25
    endloop
  endfacet
  facet normal 0 0 -1
    outer loop
      vertex -11.7219 -27.6151 -25
      vertex -11.7219 27.6151 -25
      vertex -11.2382 27.8155 -25
    endloop
  endfacet
  facet normal 0 0 -1
    outer loop
      vertex -12.2021 -27.4064 -25
      vertex -11.7219 27.6151 -25
      vertex -11.7219 -27.6151 -25
    endloop
  endfacet
  facet normal 0 0 -1
    outer loop
      vertex -12.2021 -27.4064 -25
      vertex -12.2021 27.4064 -25
      vertex -11.7219 27.6151 -25
    endloop
  endfacet
  facet normal 0 0 -1
    outer loop
      vertex -12.6785 -27.1892 -25
      vertex -12.2021 27.4064 -25
      vertex -12.2021 -27.4064 -25
    endloop
  endfacet
  facet normal 0 0 -1
    outer loop
      vertex -12.6785 -27.1892 -25
      vertex -12.6785 27.1892 -25
      vertex -12.2021 27.4064 -25
    endloop
  endfacet
  facet normal 0 0 -1
    outer loop
      vertex -13.1511 -26.9638 -25
      vertex -12.6785 27.1892 -25
      vertex -12.6785 -27.1892 -25
    endloop
  endfacet
  facet normal 0 0 -1
    outer loop
      vertex -13.1511 -26.9638 -25
      vertex -13.1511 26.9638 -25
      vertex -12.6785 27.1892 -25
    endloop
  endfacet
  facet normal 0 0 -1
    outer loop
      vertex -13.6197 -26.7302 -25
      vertex -13.1511 26.9638 -25
      vertex -13.1511 -26.9638 -25
    endloop
  endfacet
  facet normal 0 0 -1
    outer loop
      vertex -13.6197 -26.7302 -25
      vertex -13.6197 26.7302 -25
      vertex -13.1511 26.9638 -25
    endloop
  endfacet
  facet normal 0 0 -1
    outer loop
      vertex -14.0841 -26.4884 -25
      vertex -13.6197 26.7302 -25
      vertex -13.6197 -26.7302 -25
    endloop
  endfacet
  facet normal 0 0 -1
    outer loop
      vertex -14.0841 -26.4884 -25
      vertex -14.0841 26.4884 -25
      vertex -13.6197 26.7302 -25
    endloop
  endfacet
  facet normal 0 0 -1
    outer loop
      vertex -14.5443 -26.2386 -25
      vertex -14.0841 26.4884 -25
      vertex -14.0841 -26.4884 -25
    endloop
  endfacet
  facet normal 0 0 -1
    outer loop
      vertex -14.5443 -26.2386 -25
      vertex -14.5443 26.2386 -25
      vertex -14.0841 26.4884 -25
    endloop
  endfacet
  facet normal 0 0 -1
    outer loop
      vertex -15 -25.9808 -25
      vertex -14.5443 26.2386 -25
      vertex -14.5443 -26.2386 -25
    endloop
  endfacet
  facet normal 0 0 -1
    outer loop
      vertex -15 -25.9808 -25
      vertex -15 25.9808 -25
      vertex -14.5443 26.2386 -25
    endloop
  endfacet
  facet normal 0 0 -1
    outer loop
      vertex -15.4511 -25.715 -25
      vertex -15 25.9808 -25
      vertex -15 -25.9808 -25
    endloop
  endfacet
  facet normal 0 0 -1
    outer loop
      vertex -15.4511 -25.715 -25
      vertex -15.4511 25.715 -25
      vertex -15 25.9808 -25
    endloop
  endfacet
  facet normal 0 0 -1
    outer loop
      vertex -15.8976 -25.4414 -25
      vertex -15.4511 25.715 -25
      vertex -15.4511 -25.715 -25
    endloop
  endfacet
  facet normal 0 0 -1
    outer loop
      vertex -15.8976 -25.4414 -25
      vertex -15.8976 25.4414 -25
      vertex -15.4511 25.715 -25
    endloop
  endfacet
  facet normal 0 0 -1
    outer loop
      vertex -16.3392 -25.1601 -25
      vertex -15.8976 25.4414 -25
      vertex -15.8976 -25.4414 -25
    endloop
  endfacet
  facet normal 0 0 -1
    outer loop
      vertex -16.3392 -25.1601 -25
      vertex -16.3392 25.1601 -25
      vertex -15.8976 25.4414 -25
    endloop
  endfacet
  facet normal 0 0 -1
    outer loop
      vertex -16.7758 -24.8711 -25
      vertex -16.3392 25.1601 -25
      vertex -16.3392 -25.1601 -25
    endloop
  endfacet
  facet normal 0 0 -1
    outer loop
      vertex -16.7758 -24.8711 -25
      vertex -16.7758 24.8711 -25
      vertex -16.3392 25.1601 -25
    endloop
  endfacet
  facet normal 0 0 -1
    outer loop
      vertex -17.2073 -24.5746 -25
      vertex -16.7758 24.8711 -25
      vertex -16.7758 -24.8711 -25
    endloop
  endfacet
  facet normal 0 0 -1
    outer loop
      vertex -17.2073 -24.5746 -25
      vertex -17.2073 24.5746 -25
      vertex -16.7758 24.8711 -25
    endloop
  endfacet
  facet normal 0 0 -1
    outer loop
      vertex -17.6336 -24.2705 -25
      vertex -17.2073 24.5746 -25
      vertex -17.2073 -24.5746 -25
    endloop
  endfacet
  facet normal 0 0 -1
    outer loop
      vertex -17.6336 -24.2705 -25
      vertex -17.6336 24.2705 -25
      vertex -17.2073 24.5746 -25
    endloop
  endfacet
  facet normal 0 0 -1
    outer loop
      vertex -18.0545 -23.9591 -25
      vertex -17.6336 24.2705 -25
      vertex -17.6336 -24.2705 -25
    endloop
  endfacet
  facet normal 0 0 -1
    outer loop
      vertex -18.0545 -23.9591 -25
      vertex -18.0545 23.9591 -25
      vertex -17.6336 24.2705 -25
    endloop
  endfacet
  facet normal 0 0 -1
    outer loop
      vertex -18.4698 -23.6403 -25
      vertex -18.0545 23.9591 -25
      vertex -18.0545 -23.9591 -25
    endloop
  endfacet
  facet normal 0 0 -1
    outer loop
      vertex -18.4698 -23.6403 -25
      vertex -18.4698 23.6403 -25
      vertex -18.0545 23.9591 -25
    endloop
  endfacet
  facet normal 0 0 -1
    outer loop
      vertex -18.8796 -23.3144 -25
      vertex -18.4698 23.6403 -25
      vertex -18.4698 -23.6403 -25
    endloop
  endfacet
  facet normal 0 0 -1
    outer loop
      vertex -18.8796 -23.3144 -25
      vertex -18.8796 23.3144 -25
      vertex -18.4698 23.6403 -25
    endloop
  endfacet
  facet normal 0 0 -1
    outer loop
      vertex -19.2836 -22.9813 -25
      vertex -18.8796 23.3144 -25
      vertex -18.8796 -23.3144 -25
    endloop
  endfacet
  facet normal 0 0 -1
    outer loop
      vertex -19.2836 -22.9813 -25
      vertex -19.2836 22.9813 -25
      vertex -18.8796 23.3144 -25
    endloop
  endfacet
  facet normal 0 0 -1
    outer loop
      vertex -19.6818 -22.6413 -25
      vertex -19.2836 22.9813 -25
      vertex -19.2836 -22.9813 -25
    endloop
  endfacet
  facet normal 0 0 -1
    outer loop
      vertex -19.6818 -22.6413 -25
      vertex -19.6818 22.6413 -25
      vertex -19.2836 22.9813 -25
    endloop
  endfacet
  facet normal 0 0 -1
    outer loop
      vertex -20.0739 -22.2943 -25
      vertex -19.6818 22.6413 -25
      vertex -19.6818 -22.6413 -25
    endloop
  endfacet
  facet normal 0 0 -1
    outer loop
      vertex -20.0739 -22.2943 -25
      vertex -20.0739 22.2943 -25
      vertex -19.6818 22.6413 -25
    endloop
  endfacet
  facet normal 0 0 -1
    outer loop
      vertex -20.4599 -21.9406 -25
      vertex -20.0739 22.2943 -25
      vertex -20.0739 -22.2943 -25
    endloop
  endfacet
  facet normal 0 0 -1
    outer loop
      vertex -20.4599 -21.9406 -25
      vertex -20.4599 21.9406 -25
      vertex -20.0739 22.2943 -25
    endloop
  endfacet
  facet normal 0 0 -1
    outer loop
      vertex -20.8398 -21.5802 -25
      vertex -20.4599 21.9406 -25
      vertex -20.4599 -21.9406 -25
    endloop
  endfacet
  facet normal 0 0 -1
    outer loop
      vertex -20.8398 -21.5802 -25
      vertex -20.8398 21.5802 -25
      vertex -20.4599 21.9406 -25
    endloop
  endfacet
  facet normal 0 0 -1
    outer loop
      vertex -21.2132 -21.2132 -25
      vertex -20.8398 21.5802 -25
      vertex -20.8398 -21.5802 -25
    endloop
  endfacet
  facet normal 0 0 -1
    outer loop
      vertex -21.2132 -21.2132 -25
      vertex -21.2132 21.2132 -25
      vertex -20.8398 21.5802 -25
    endloop
  endfacet
  facet normal 0 0 -1
    outer loop
      vertex -21.5802 -20.8398 -25
      vertex -21.2132 21.2132 -25
      vertex -21.2132 -21.2132 -25
    endloop
  endfacet
  facet normal 0 0 -1
    outer loop
      vertex -21.5802 -20.8398 -25
      vertex -21.5802 20.8398 -25
      vertex -21.2132 21.2132 -25
    endloop
  endfacet
  facet normal 0 0 -1
    outer loop
      vertex -21.9406 -20.4599 -25
      vertex -21.5802 20.8398 -25
      vertex -21.5802 -20.8398 -25
    endloop
  endfacet
  facet normal 0 0 -1
    outer loop
      vertex -21.9406 -20.4599 -25
      vertex -21.9406 20.4599 -25
      vertex -21.5802 20.8398 -25
    endloop
  endfacet
  facet normal 0 0 -1
    outer loop
      vertex -22.2943 -20.0739 -25
      vertex -21.9406 20.4599 -25
      vertex -21.9406 -20.4599 -25
    endloop
  endfacet
  facet normal 0 0 -1
    outer loop
      vertex -22.2943 -20.0739 -25
      vertex -22.2943 20.0739 -25
      vertex -21.9406 20.4599 -25
    endloop
  endfacet
  facet normal 0 0 -1
    outer loop
      vertex -22.6413 -19.6818 -25
      vertex -22.2943 20.0739 -25
      vertex -22.2943 -20.0739 -25
    endloop
  endfacet
  facet normal 0 0 -1
    outer loop
      vertex -22.6413 -19.6818 -25
      vertex -22.6413 19.6818 -25
      vertex -22.2943 20.0739 -25
    endloop
  endfacet
  facet normal 0 0 -1
    outer loop
      vertex -22.9813 -19.2836 -25
      vertex -22.6413 19.6818 -25
      vertex -22.6413 -19.6818 -25
    endloop
  endfacet
  facet normal 0 0 -1
    outer loop
      vertex -22.9813 -19.2836 -25
      vertex -22.9813 19.2836 -25
      vertex -22.6413 19.6818 -25
    endloop
  endfacet
  facet normal 0 0 -1
    outer loop
      vertex -23.3144 -18.8796 -25
      vertex -22.9813 19.2836 -25
      vertex -22.9813 -19.2836 -25
    endloop
  endfacet
  facet normal 0 0 -1
    outer loop
      vertex -23.3144 -18.8796 -25
      vertex -23.3144 18.8796 -25
      vertex -22.9813 19.2836 -25
    endloop
  endfacet
  facet normal 0 0 -1
    outer loop
      vertex -23.6403 -18.4698 -25
      vertex -23.3144 18.8796 -25
      vertex -23.3144 -18.8796 -25
    endloop
  endfacet
  facet normal 0 0 -1
    outer loop
      vertex -23.6403 -18.4698 -25
      vertex -23.6403 18.4698 -25
      vertex -23.3144 18.8796 -25
    endloop
  endfacet
  facet normal 0 0 -1
    outer loop
      vertex -23.9591 -18.0545 -25
      vertex -23.6403 18.4698 -25
      vertex -23.6403 -18.4698 -25
    endloop
  endfacet
  facet normal 0 0 -1
    outer loop
      vertex -23.9591 -18.0545 -25
      vertex -23.9591 18.0545 -25
      vertex -23.6403 18.4698 -25
    endloop
  endfacet
  facet normal 0 0 -1
    outer loop
      vertex -24.2705 -17.6336 -25
      vertex -23.9591 18.0545 -25
      vertex -23.9591 -18.0545 -25
    endloop
  endfacet
  facet normal 0 0 -1
    outer loop
      vertex -24.2705 -17.6336 -25
      vertex -24.2705 17.6336 -25
      vertex -23.9591 18.0545 -25
    endloop
  endfacet
  facet normal 0 0 -1
    outer loop
      vertex -24.5746 -17.2073 -25
      vertex -24.2705 17.6336 -25
      vertex -24.2705 -17.6336 -25
    endloop
  endfacet
  facet normal 0 0 -1
    outer loop
      vertex -24.5746 -17.2073 -25
      vertex -24.5746 17.2073 -25
      vertex -24.2705 17.6336 -25
    endloop
  endfacet
  facet normal 0 0 -1
    outer loop
      vertex -24.8711 -16.7758 -25
      vertex -24.5746 17.2073 -25
      vertex -24.5746 -17.2073 -25
    endloop
  endfacet
  facet normal 0 0 -1
    outer loop
      vertex -24.8711 -16.7758 -25
      vertex -24.8711 16.7758 -25
      vertex -24.5746 17.2073 -25
    endloop
  endfacet
  facet normal 0 0 -1
    outer loop
      vertex -25.1601 -16.3392 -25
      vertex -24.8711 16.7758 -25
      vertex -24.8711 -16.7758 -25
    endloop
  endfacet
  facet normal 0 0 -1
    outer loop
      vertex -25.1601 -16.3392 -25
      vertex -25.1601 16.3392 -25
      vertex -24.8711 16.7758 -25
    endloop
  endfacet
  facet normal 0 0 -1
    outer loop
      vertex -25.4414 -15.8976 -25
      vertex -25.1601 16.3392 -25
      vertex -25.1601 -16.3392 -25
    endloop
  endfacet
  facet normal 0 0 -1
    outer loop
      vertex -25.4414 -15.8976 -25
      vertex -25.4414 15.8976 -25
      vertex -25.1601 16.3392 -25
    endloop
  endfacet
  facet normal 0 0 -1
    outer loop
      vertex -25.715 -15.4511 -25
      vertex -25.4414 15.8976 -25
      vertex -25.4414 -15.8976 -25
    endloop
  endfacet
  facet normal 0 0 -1
    outer loop
      vertex -25.715 -15.4511 -25
      vertex -25.715 15.4511 -25
      vertex -25.4414 15.8976 -25
    endloop
  endfacet
  facet normal 0 0 -1
    outer loop
      vertex -25.9808 -15 -25
      vertex -25.715 15.4511 -25
      vertex -25.715 -15.4511 -25
    endloop
  endfacet
  facet normal 0 0 -1
    outer loop
      vertex -25.9808 -15 -25
      vertex -25.9808 15 -25
      vertex -25.715 15.4511 -25
    endloop
  endfacet
  facet normal 0 0 -1
    outer loop
      vertex -26.2386 -14.5443 -25
      vertex -25.9808 15 -25
      vertex -25.9808 -15 -25
    endloop
  endfacet
  facet normal 0 0 -1
    outer loop
      vertex -26.2386 -14.5443 -25
      vertex -26.2386 14.5443 -25
      vertex -25.9808 15 -25
    endloop
  endfacet
  facet normal 0 0 -1
    outer loop
      vertex -26.4884 -14.0841 -25
      vertex -26.2386 14.5443 -25
      vertex -26.2386 -14.5443 -25
    endloop
  endfacet
  facet normal 0 0 -1
    outer loop
      vertex -26.4884 -14.0841 -25
      vertex -26.4884 14.0841 -25
      vertex -26.2386 14.5443 -25
    endloop
  endfacet
  facet normal 0 0 -1
    outer loop
      vertex -26.7302 -13.6197 -25
      vertex -26.4884 14.0841 -25
      vertex -26.4884 -14.0841 -25
    endloop
  endfacet
  facet normal 0 0 -1
    outer loop
      vertex -26.7302 -13.6197 -25
      vertex -26.7302 13.6197 -25
      vertex -26.4884 14.0841 -25
    endloop
  endfacet
  facet normal 0 0 -1
    outer loop
      vertex -26.9638 -13.1511 -25
      vertex -26.7302 13.6197 -25
      vertex -26.7302 -13.6197 -25
    endloop
  endfacet
  facet normal 0 0 -1
    outer loop
      vertex -26.9638 -13.1511 -25
      vertex -26.9638 13.1511 -25
      vertex -26.7302 13.6197 -25
    endloop
  endfacet
  facet normal 0 0 -1
    outer loop
      vertex -27.1892 -12.6785 -25
      vertex -26.9638 13.1511 -25
      vertex -26.9638 -13.1511 -25
    endloop
  endfacet
  facet normal 0 0 -1
    outer loop
      vertex -27.1892 -12.6785 -25
      vertex -27.1892 12.6785 -25
      vertex -26.9638 13.1511 -25
    endloop
  endfacet
  facet normal 0 0 -1
    outer loop
      vertex -27.4064 -12.2021 -25
      vertex -27.1892 12.6785 -25
      vertex -27.1892 -12.6785 -25
    endloop
  endfacet
  facet normal 0 0 -1
    outer loop
      vertex -27.4064 -12.2021 -25
      vertex -27.4064 12.2021 -25
      vertex -27.1892 12.6785 -25
    endloop
  endfacet
  facet normal 0 0 -1
    outer loop
      vertex -27.6151 -11.7219 -25
      vertex -27.4064 12.2021 -25
      vertex -27.4064 -12.2021 -25
    endloop
  endfacet
  facet normal 0 0 -1
    outer loop
      vertex -27.6151 -11.7219 -25
      vertex -27.6151 11.7219 -25
      vertex -27.4064 12.2021 -25
    endloop
  endfacet
  facet normal 0 0 -1
    outer loop
      vertex -27.8155 -11.2382 -25
      vertex -27.6151 11.7219 -25
      vertex -27.6151 -11.7219 -25
    endloop
  endfacet
  facet normal 0 0 -1
    outer loop
      vertex -27.8155 -11.2382 -25
      vertex -27.8155 11.2382 -25
      vertex -27.6151 11.7219 -25
    endloop
  endfacet
  facet normal 0 0 -1
    outer loop
      vertex -28.0074 -10.751 -25
      vertex -27.8155 11.2382 -25
      vertex -27.8155 -11.2382 -25
    endloop
  endfacet
  facet normal 0 0 -1
    outer loop
      vertex -28.0074 -10.751 -25
      vertex -28.0074 10.751 -25
      vertex -27.8155 11.2382 -25
    endloop
  endfacet
  facet normal 0 0 -1
    outer loop
      vertex -28.1908 -10.2606 -25
      vertex -28.0074 10.751 -25
      vertex -28.0074 -10.751 -25
    endloop
  endfacet
  facet normal 0 0 -1
    outer loop
      vertex -28.1908 -10.2606 -25
      vertex -28.1908 10.2606 -25
      vertex -28.0074 10.751 -25
    endloop
  endfacet
  facet normal 0 0 -1
    outer loop
      vertex -28.3656 -9.76704 -25
      vertex -28.1908 10.2606 -25
      vertex -28.1908 -10.2606 -25
    endloop
  endfacet
  facet normal 0 0 -1
    outer loop
      vertex -28.3656 -9.76704 -25
      vertex -28.3656 9.76704 -25
      vertex -28.1908 10.2606 -25
    endloop
  endfacet
  facet normal 0 0 -1
    outer loop
      vertex -28.5317 -9.27051 -25
      vertex -28.3656 9.76704 -25
      vertex -28.3656 -9.76704 -25
    endloop
  endfacet
  facet normal 0 0 -1
    outer loop
      vertex -28.5317 -9.27051 -25
      vertex -28.5317 9.27051 -25
      vertex -28.3656 9.76704 -25
    endloop
  endfacet
  facet normal 0 0 -1
    outer loop
      vertex -28.6891 -8.77115 -25
      vertex -28.5317 9.27051 -25
      vertex -28.5317 -9.27051 -25
    endloop
  endfacet
  facet normal 0 0 -1
    outer loop
      vertex -28.6891 -8.77115 -25
      vertex -28.6891 8.77115 -25
      vertex -28.5317 9.27051 -25
    endloop
  endfacet
  facet normal 0 0 -1
    outer loop
      vertex -28.8379 -8.26912 -25
      vertex -28.6891 8.77115 -25
      vertex -28.6891 -8.77115 -25
    endloop
  endfacet
  facet normal 0 0 -1
    outer loop
      vertex -28.8379 -8.26912 -25
      vertex -28.8379 8.26912 -25
      vertex -28.6891 8.77115 -25
    endloop
  endfacet
  facet normal 0 0 -1
    outer loop
      vertex -28.9778 -7.76457 -25
      vertex -28.8379 8.26912 -25
      vertex -28.8379 -8.26912 -25
    endloop
  endfacet
  facet normal 0 0 -1
    outer loop
      vertex -28.9778 -7.76457 -25
      vertex -28.9778 7.76457 -25
      vertex -28.8379 8.26912 -25
    endloop
  endfacet
  facet normal 0 0 -1
    outer loop
      vertex -29.1089 -7.25766 -25
      vertex -28.9778 7.76457 -25
      vertex -28.9778 -7.76457 -25
    endloop
  endfacet
  facet normal 0 0 -1
    outer loop
      vertex -29.1089 -7.25766 -25
      vertex -29.1089 7.25766 -25
      vertex -28.9778 7.76457 -25
    endloop
  endfacet
  facet normal 0 0 -1
    outer loop
      vertex -29.2311 -6.74853 -25
      vertex -29.1089 7.25766 -25
      vertex -29.1089 -7.25766 -25
    endloop
  endfacet
  facet normal 0 0 -1
    outer loop
      vertex -29.2311 -6.74853 -25
      vertex -29.2311 6.74853 -25
      vertex -29.1089 7.25766 -25
    endloop
  endfacet
  facet normal 0 0 -1
    outer loop
      vertex -29.3444 -6.23735 -25
      vertex -29.2311 6.74853 -25
      vertex -29.2311 -6.74853 -25
    endloop
  endfacet
  facet normal 0 0 -1
    outer loop
      vertex -29.3444 -6.23735 -25
      vertex -29.3444 6.23735 -25
      vertex -29.2311 6.74853 -25
    endloop
  endfacet
  facet normal 0 0 -1
    outer loop
      vertex -29.4488 -5.72427 -25
      vertex -29.3444 6.23735 -25
      vertex -29.3444 -6.23735 -25
    endloop
  endfacet
  facet normal 0 0 -1
    outer loop
      vertex -29.4488 -5.72427 -25
      vertex -29.4488 5.72427 -25
      vertex -29.3444 6.23735 -25
    endloop
  endfacet
  facet normal 0 0 -1
    outer loop
      vertex -29.5442 -5.20944 -25
      vertex -29.4488 5.72427 -25
      vertex -29.4488 -5.72427 -25
    endloop
  endfacet
  facet normal 0 0 -1
    outer loop
      vertex -29.5442 -5.20944 -25
      vertex -29.5442 5.20944 -25
      vertex -29.4488 5.72427 -25
    endloop
  endfacet
  facet normal 0 0 -1
    outer loop
      vertex -29.6306 -4.69303 -25
      vertex -29.5442 5.20944 -25
      vertex -29.5442 -5.20944 -25
    endloop
  endfacet
  facet normal 0 0 -1
    outer loop
      vertex -29.6306 -4.69303 -25
      vertex -29.6306 4.69303 -25
      vertex -29.5442 5.20944 -25
    endloop
  endfacet
  facet normal 0 0 -1
    outer loop
      vertex -29.708 -4.17519 -25
      vertex -29.6306 4.69303 -25
      vertex -29.6306 -4.69303 -25
    endloop
  endfacet
  facet normal 0 0 -1
    outer loop
      vertex -29.708 -4.17519 -25
      vertex -29.708 4.17519 -25
      vertex -29.6306 4.69303 -25
    endloop
  endfacet
  facet normal 0 0 -1
    outer loop
      vertex -29.7764 -3.65608 -25
      vertex -29.708 4.17519 -25
      vertex -29.708 -4.17519 -25
    endloop
  endfacet
  facet normal 0 0 -1
    outer loop
      vertex -29.7764 -3.65608 -25
      vertex -29.7764 3.65608 -25
      vertex -29.708 4.17519 -25
    endloop
  endfacet
  facet normal 0 0 -1
    outer loop
      vertex -29.8357 -3.13585 -25
      vertex -29.7764 3.65608 -25
      vertex -29.7764 -3.65608 -25
    endloop
  endfacet
  facet normal 0 0 -1
    outer loop
      vertex -29.8357 -3.13585 -25
      vertex -29.8357 3.13585 -25
      vertex -29.7764 3.65608 -25
    endloop
  endfacet
  facet normal 0 0 -1
    outer loop
      vertex -29.8858 -2.61467 -25
      vertex -29.8357 3.13585 -25
      vertex -29.8357 -3.13585 -25
    endloop
  endfacet
  facet normal 0 0 -1
    outer loop
      vertex -29.8858 -2.61467 -25
      vertex -29.8858 2.61467 -25
      vertex -29.8357 3.13585 -25
    endloop
  endfacet
  facet normal 0 0 -1
    outer loop
      vertex -29.9269 -2.09269 -25
      vertex -29.8858 2.61467 -25
      vertex -29.8858 -2.61467 -25
    endloop
  endfacet
  facet normal 0 0 -1
    outer loop
      vertex -29.9269 -2.09269 -25
      vertex -29.9269 2.09269 -25
      vertex -29.8858 2.61467 -25
    endloop
  endfacet
  facet normal 0 0 -1
    outer loop
      vertex -29.9589 -1.57008 -25
      vertex -29.9269 2.09269 -25
      vertex -29.9269 -2.09269 -25
    endloop
  endfacet
  facet normal 0 0 -1
    outer loop
      vertex -29.9589 -1.57008 -25
      vertex -29.9589 1.57008 -25
      vertex -29.9269 2.09269 -25
    endloop
  endfacet
  facet normal 0 0 -1
    outer loop
      vertex -29.9817 -1.04698 -25
      vertex -29.9589 1.57008 -25
      vertex -29.9589 -1.57008 -25
    endloop
  endfacet
  facet normal 0 0 -1
    outer loop
      vertex -29.9817 -1.04698 -25
      vertex -29.9817 1.04698 -25
      vertex -29.9589 1.57008 -25
    endloop
  endfacet
  facet normal 0 0 -1
    outer loop
      vertex -29.9954 -0.523572 -25
      vertex -29.9817 1.04698 -25
      vertex -29.9817 -1.04698 -25
    endloop
  endfacet
  facet normal 0 0 -1
    outer loop
      vertex -29.9954 -0.523572 -25
      vertex -29.9954 0.523572 -25
      vertex -29.9817 1.04698 -25
    endloop
  endfacet
  facet normal 0 -0 -1
    outer loop
      vertex -29.9954 0.523572 -25
      vertex -29.9954 -0.523572 -25
      vertex -30 0 -25
    endloop
  endfacet
  facet normal -0.760495 -0.649343 0
    outer loop
      vertex -22.6413 -19.6818 -25
      vertex -22.9813 -19.2836 25
      vertex -22.9813 -19.2836 -25
    endloop
  endfacet
  facet normal -0.760495 -0.649343 0
    outer loop
      vertex -22.9813 -19.2836 25
      vertex -22.6413 -19.6818 -25
      vertex -22.6413 -19.6818 25
    endloop
  endfacet
  facet normal -0.771561 -0.636156 0
    outer loop
      vertex -22.9813 -19.2836 -25
      vertex -23.3144 -18.8796 25
      vertex -23.3144 -18.8796 -25
    endloop
  endfacet
  facet normal -0.771561 -0.636156 0
    outer loop
      vertex -23.3144 -18.8796 25
      vertex -22.9813 -19.2836 -25
      vertex -22.9813 -19.2836 25
    endloop
  endfacet
  facet normal 0.0956869 0.995411 -0
    outer loop
      vertex 3.13585 29.8357 -25
      vertex 2.61467 29.8858 25
      vertex 3.13585 29.8357 25
    endloop
  endfacet
  facet normal 0.0956869 0.995411 0
    outer loop
      vertex 2.61467 29.8858 25
      vertex 3.13585 29.8357 -25
      vertex 2.61467 29.8858 -25
    endloop
  endfacet
  facet normal -0.97992 -0.199391 0
    outer loop
      vertex -29.3444 -6.23735 -25
      vertex -29.4488 -5.72427 25
      vertex -29.4488 -5.72427 -25
    endloop
  endfacet
  facet normal -0.97992 -0.199391 0
    outer loop
      vertex -29.4488 -5.72427 25
      vertex -29.3444 -6.23735 -25
      vertex -29.3444 -6.23735 25
    endloop
  endfacet
  facet normal -0.446144 -0.894961 0
    outer loop
      vertex -13.6197 -26.7302 -25
      vertex -13.1511 -26.9638 25
      vertex -13.6197 -26.7302 25
    endloop
  endfacet
  facet normal -0.446144 -0.894961 -0
    outer loop
      vertex -13.1511 -26.9638 25
      vertex -13.6197 -26.7302 -25
      vertex -13.1511 -26.9638 -25
    endloop
  endfacet
  facet normal -0.870374 0.492391 0
    outer loop
      vertex -26.2386 14.5443 -25
      vertex -25.9808 15 25
      vertex -25.9808 15 -25
    endloop
  endfacet
  facet normal -0.870374 0.492391 0
    outer loop
      vertex -25.9808 15 25
      vertex -26.2386 14.5443 -25
      vertex -26.2386 14.5443 25
    endloop
  endfacet
  facet normal -0.537259 -0.843418 0
    outer loop
      vertex -16.3392 -25.1601 -25
      vertex -15.8976 -25.4414 25
      vertex -16.3392 -25.1601 25
    endloop
  endfacet
  facet normal -0.537259 -0.843418 -0
    outer loop
      vertex -15.8976 -25.4414 25
      vertex -16.3392 -25.1601 -25
      vertex -15.8976 -25.4414 -25
    endloop
  endfacet
endsolid OpenSCAD_Model
