solid OpenSCAD_Model
  facet normal -0.999652 -0.026381 0
    outer loop
      vertex -4.78368 -5.97877 -5
      vertex -4.78424 -5.95755 5
      vertex -4.78424 -5.95755 -5
    endloop
  endfacet
  facet normal -0.999652 -0.026381 0
    outer loop
      vertex -4.78424 -5.95755 5
      vertex -4.78368 -5.97877 -5
      vertex -4.78368 -5.97877 5
    endloop
  endfacet
  facet normal -0.99996 -0.00894924 0
    outer loop
      vertex -4.78349 -6 -5
      vertex -4.78368 -5.97877 5
      vertex -4.78368 -5.97877 -5
    endloop
  endfacet
  facet normal -0.99996 -0.00894924 0
    outer loop
      vertex -4.78368 -5.97877 5
      vertex -4.78349 -6 -5
      vertex -4.78349 -6 5
    endloop
  endfacet
  facet normal -0.999061 -0.0433146 0
    outer loop
      vertex -4.78424 -5.95755 -5
      vertex -4.78516 -5.93633 5
      vertex -4.78516 -5.93633 -5
    endloop
  endfacet
  facet normal -0.999061 -0.0433146 0
    outer loop
      vertex -4.78516 -5.93633 5
      vertex -4.78424 -5.95755 -5
      vertex -4.78424 -5.95755 5
    endloop
  endfacet
  facet normal -0.537302 -0.84339 0
    outer loop
      vertex -5.35535 -4.96834 -5
      vertex -5.33744 -4.97975 5
      vertex -5.35535 -4.96834 5
    endloop
  endfacet
  facet normal -0.537302 -0.84339 -0
    outer loop
      vertex -5.33744 -4.97975 5
      vertex -5.35535 -4.96834 -5
      vertex -5.33744 -4.97975 -5
    endloop
  endfacet
  facet normal -0.165315 0.986241 0
    outer loop
      vertex -5.78876 -7.19802 -5
      vertex -5.8097 -7.20153 5
      vertex -5.78876 -7.19802 5
    endloop
  endfacet
  facet normal -0.165315 0.986241 0
    outer loop
      vertex -5.8097 -7.20153 5
      vertex -5.78876 -7.19802 -5
      vertex -5.8097 -7.20153 -5
    endloop
  endfacet
  facet normal -0.382407 -0.923994 0
    outer loop
      vertex -5.54429 -4.87208 -5
      vertex -5.52467 -4.8802 5
      vertex -5.54429 -4.87208 5
    endloop
  endfacet
  facet normal -0.382407 -0.923994 -0
    outer loop
      vertex -5.52467 -4.8802 5
      vertex -5.54429 -4.87208 -5
      vertex -5.52467 -4.8802 -5
    endloop
  endfacet
  facet normal 0.936774 0.349936 0
    outer loop
      vertex -7.13571 -6.43596 5
      vertex -7.14314 -6.41607 -5
      vertex -7.14314 -6.41607 5
    endloop
  endfacet
  facet normal 0.936774 0.349936 0
    outer loop
      vertex -7.14314 -6.41607 -5
      vertex -7.13571 -6.43596 5
      vertex -7.13571 -6.43596 -5
    endloop
  endfacet
  facet normal -0.998123 -0.0612346 0
    outer loop
      vertex -4.78516 -5.93633 -5
      vertex -4.78646 -5.91514 5
      vertex -4.78646 -5.91514 -5
    endloop
  endfacet
  facet normal -0.998123 -0.0612346 0
    outer loop
      vertex -4.78646 -5.91514 5
      vertex -4.78516 -5.93633 -5
      vertex -4.78516 -5.93633 5
    endloop
  endfacet
  facet normal -0.983338 -0.181786 0
    outer loop
      vertex -4.80198 -5.78876 -5
      vertex -4.80584 -5.76788 5
      vertex -4.80584 -5.76788 -5
    endloop
  endfacet
  facet normal -0.983338 -0.181786 0
    outer loop
      vertex -4.80584 -5.76788 5
      vertex -4.80198 -5.78876 -5
      vertex -4.80198 -5.78876 5
    endloop
  endfacet
  facet normal 0.0782096 -0.996937 0
    outer loop
      vertex -6.10602 -4.78812 -5
      vertex -6.08486 -4.78646 5
      vertex -6.10602 -4.78812 5
    endloop
  endfacet
  facet normal 0.0782096 -0.996937 0
    outer loop
      vertex -6.08486 -4.78646 5
      vertex -6.10602 -4.78812 -5
      vertex -6.08486 -4.78646 -5
    endloop
  endfacet
  facet normal -0.349936 0.936774 0
    outer loop
      vertex -5.56404 -7.13571 -5
      vertex -5.58393 -7.14314 5
      vertex -5.56404 -7.13571 5
    endloop
  endfacet
  facet normal -0.349936 0.936774 0
    outer loop
      vertex -5.58393 -7.14314 5
      vertex -5.56404 -7.13571 -5
      vertex -5.58393 -7.14314 -5
    endloop
  endfacet
  facet normal -0.0960533 -0.995376 0
    outer loop
      vertex -5.89398 -4.78812 -5
      vertex -5.87284 -4.79016 5
      vertex -5.89398 -4.78812 5
    endloop
  endfacet
  facet normal -0.0960533 -0.995376 -0
    outer loop
      vertex -5.87284 -4.79016 5
      vertex -5.89398 -4.78812 -5
      vertex -5.87284 -4.79016 -5
    endloop
  endfacet
  facet normal -0.983338 0.181786 0
    outer loop
      vertex -4.80584 -6.23212 -5
      vertex -4.80198 -6.21124 5
      vertex -4.80198 -6.21124 -5
    endloop
  endfacet
  facet normal -0.983338 0.181786 0
    outer loop
      vertex -4.80198 -6.21124 5
      vertex -4.80584 -6.23212 -5
      vertex -4.80584 -6.23212 5
    endloop
  endfacet
  facet normal -0.675575 0.737291 0
    outer loop
      vertex -5.17035 -6.8897 -5
      vertex -5.186 -6.90404 5
      vertex -5.17035 -6.8897 5
    endloop
  endfacet
  facet normal -0.675575 0.737291 0
    outer loop
      vertex -5.186 -6.90404 5
      vertex -5.17035 -6.8897 -5
      vertex -5.186 -6.90404 -5
    endloop
  endfacet
  facet normal 0.566489 -0.824069 0
    outer loop
      vertex -6.69776 -5.0035 -5
      vertex -6.68026 -4.99147 5
      vertex -6.69776 -5.0035 5
    endloop
  endfacet
  facet normal 0.566489 -0.824069 0
    outer loop
      vertex -6.68026 -4.99147 5
      vertex -6.69776 -5.0035 -5
      vertex -6.68026 -4.99147 -5
    endloop
  endfacet
  facet normal 0.953782 -0.3005 0
    outer loop
      vertex -7.16335 -5.64433 5
      vertex -7.15697 -5.62408 -5
      vertex -7.15697 -5.62408 5
    endloop
  endfacet
  facet normal 0.953782 -0.3005 0
    outer loop
      vertex -7.15697 -5.62408 -5
      vertex -7.16335 -5.64433 5
      vertex -7.16335 -5.64433 -5
    endloop
  endfacet
  facet normal -0.81402 -0.580837 0
    outer loop
      vertex -5.0035 -5.30224 -5
      vertex -5.01583 -5.28496 5
      vertex -5.01583 -5.28496 -5
    endloop
  endfacet
  facet normal -0.81402 -0.580837 0
    outer loop
      vertex -5.01583 -5.28496 5
      vertex -5.0035 -5.30224 -5
      vertex -5.0035 -5.30224 5
    endloop
  endfacet
  facet normal 0.760485 -0.649355 0
    outer loop
      vertex -6.9319 -5.21805 5
      vertex -6.91811 -5.2019 -5
      vertex -6.91811 -5.2019 5
    endloop
  endfacet
  facet normal 0.760485 -0.649355 0
    outer loop
      vertex -6.91811 -5.2019 -5
      vertex -6.9319 -5.21805 5
      vertex -6.9319 -5.21805 -5
    endloop
  endfacet
  facet normal -0.953782 -0.3005 0
    outer loop
      vertex -4.83665 -5.64433 -5
      vertex -4.84303 -5.62408 5
      vertex -4.84303 -5.62408 -5
    endloop
  endfacet
  facet normal -0.953782 -0.3005 0
    outer loop
      vertex -4.84303 -5.62408 5
      vertex -4.83665 -5.64433 -5
      vertex -4.83665 -5.64433 5
    endloop
  endfacet
  facet normal -0.725458 -0.688267 0
    outer loop
      vertex -5.1103 -5.17035 -5
      vertex -5.12492 -5.15494 5
      vertex -5.12492 -5.15494 -5
    endloop
  endfacet
  facet normal -0.725458 -0.688267 0
    outer loop
      vertex -5.12492 -5.15494 5
      vertex -5.1103 -5.17035 -5
      vertex -5.1103 -5.17035 5
    endloop
  endfacet
  facet normal -0.62274 -0.782429 0
    outer loop
      vertex -5.25104 -5.04138 -5
      vertex -5.23443 -5.0546 5
      vertex -5.25104 -5.04138 5
    endloop
  endfacet
  facet normal -0.62274 -0.782429 -0
    outer loop
      vertex -5.23443 -5.0546 5
      vertex -5.25104 -5.04138 -5
      vertex -5.23443 -5.0546 -5
    endloop
  endfacet
  facet normal -0.580837 -0.81402 0
    outer loop
      vertex -5.30224 -5.0035 -5
      vertex -5.28496 -5.01583 5
      vertex -5.30224 -5.0035 5
    endloop
  endfacet
  facet normal -0.580837 -0.81402 -0
    outer loop
      vertex -5.28496 -5.01583 5
      vertex -5.30224 -5.0035 -5
      vertex -5.28496 -5.01583 -5
    endloop
  endfacet
  facet normal -0.887055 -0.461664 0
    outer loop
      vertex -4.91609 -5.44772 -5
      vertex -4.92589 -5.42889 5
      vertex -4.92589 -5.42889 -5
    endloop
  endfacet
  facet normal -0.887055 -0.461664 0
    outer loop
      vertex -4.92589 -5.42889 5
      vertex -4.91609 -5.44772 -5
      vertex -4.91609 -5.44772 5
    endloop
  endfacet
  facet normal 0.3005 -0.953782 0
    outer loop
      vertex -6.37592 -4.84303 -5
      vertex -6.35567 -4.83665 5
      vertex -6.37592 -4.84303 5
    endloop
  endfacet
  facet normal 0.3005 -0.953782 0
    outer loop
      vertex -6.35567 -4.83665 5
      vertex -6.37592 -4.84303 -5
      vertex -6.35567 -4.83665 -5
    endloop
  endfacet
  facet normal -0.782429 0.62274 0
    outer loop
      vertex -5.0546 -6.76557 -5
      vertex -5.04138 -6.74896 5
      vertex -5.04138 -6.74896 -5
    endloop
  endfacet
  facet normal -0.782429 0.62274 0
    outer loop
      vertex -5.04138 -6.74896 5
      vertex -5.0546 -6.76557 -5
      vertex -5.0546 -6.76557 5
    endloop
  endfacet
  facet normal -0.662696 -0.748889 0
    outer loop
      vertex -5.2019 -5.08189 -5
      vertex -5.186 -5.09596 5
      vertex -5.2019 -5.08189 5
    endloop
  endfacet
  facet normal -0.662696 -0.748889 -0
    outer loop
      vertex -5.186 -5.09596 5
      vertex -5.2019 -5.08189 -5
      vertex -5.186 -5.09596 -5
    endloop
  endfacet
  facet normal -0.972345 -0.233551 0
    outer loop
      vertex -4.81467 -5.72635 -5
      vertex -4.81963 -5.7057 5
      vertex -4.81963 -5.7057 -5
    endloop
  endfacet
  facet normal -0.972345 -0.233551 0
    outer loop
      vertex -4.81963 -5.7057 5
      vertex -4.81467 -5.72635 -5
      vertex -4.81467 -5.72635 5
    endloop
  endfacet
  facet normal -0.998123 0.0612346 0
    outer loop
      vertex -4.78646 -6.08486 -5
      vertex -4.78516 -6.06367 5
      vertex -4.78516 -6.06367 -5
    endloop
  endfacet
  facet normal -0.998123 0.0612346 0
    outer loop
      vertex -4.78516 -6.06367 5
      vertex -4.78646 -6.08486 -5
      vertex -4.78646 -6.08486 5
    endloop
  endfacet
  facet normal -0.636004 0.771685 0
    outer loop
      vertex -5.21805 -6.9319 -5
      vertex -5.23443 -6.9454 5
      vertex -5.21805 -6.9319 5
    endloop
  endfacet
  facet normal -0.636004 0.771685 0
    outer loop
      vertex -5.23443 -6.9454 5
      vertex -5.21805 -6.9319 -5
      vertex -5.23443 -6.9454 -5
    endloop
  endfacet
  facet normal -0.026381 -0.999652 0
    outer loop
      vertex -5.97877 -4.78368 -5
      vertex -5.95755 -4.78424 5
      vertex -5.97877 -4.78368 5
    endloop
  endfacet
  facet normal -0.026381 -0.999652 -0
    outer loop
      vertex -5.95755 -4.78424 5
      vertex -5.97877 -4.78368 -5
      vertex -5.95755 -4.78424 -5
    endloop
  endfacet
  facet normal -0.824069 -0.566489 0
    outer loop
      vertex -4.99147 -5.31974 -5
      vertex -5.0035 -5.30224 5
      vertex -5.0035 -5.30224 -5
    endloop
  endfacet
  facet normal -0.824069 -0.566489 0
    outer loop
      vertex -5.0035 -5.30224 5
      vertex -4.99147 -5.31974 -5
      vertex -4.99147 -5.31974 5
    endloop
  endfacet
  facet normal -0.0960533 0.995376 0
    outer loop
      vertex -5.87284 -7.20984 -5
      vertex -5.89398 -7.21188 5
      vertex -5.87284 -7.20984 5
    endloop
  endfacet
  facet normal -0.0960533 0.995376 0
    outer loop
      vertex -5.89398 -7.21188 5
      vertex -5.87284 -7.20984 -5
      vertex -5.89398 -7.21188 -5
    endloop
  endfacet
  facet normal -0.968086 -0.250619 0
    outer loop
      vertex -4.81963 -5.7057 -5
      vertex -4.82495 -5.68515 5
      vertex -4.82495 -5.68515 -5
    endloop
  endfacet
  facet normal -0.968086 -0.250619 0
    outer loop
      vertex -4.82495 -5.68515 5
      vertex -4.81963 -5.7057 -5
      vertex -4.81963 -5.7057 5
    endloop
  endfacet
  facet normal -0.725458 0.688267 0
    outer loop
      vertex -5.12492 -6.84506 -5
      vertex -5.1103 -6.82965 5
      vertex -5.1103 -6.82965 -5
    endloop
  endfacet
  facet normal -0.725458 0.688267 0
    outer loop
      vertex -5.1103 -6.82965 5
      vertex -5.12492 -6.84506 -5
      vertex -5.12492 -6.84506 5
    endloop
  endfacet
  facet normal 0.968086 -0.250619 0
    outer loop
      vertex -7.18037 -5.7057 5
      vertex -7.17505 -5.68515 -5
      vertex -7.17505 -5.68515 5
    endloop
  endfacet
  facet normal 0.968086 -0.250619 0
    outer loop
      vertex -7.17505 -5.68515 -5
      vertex -7.18037 -5.7057 5
      vertex -7.18037 -5.7057 -5
    endloop
  endfacet
  facet normal -0.99996 0.00894924 0
    outer loop
      vertex -4.78368 -6.02123 -5
      vertex -4.78349 -6 5
      vertex -4.78349 -6 -5
    endloop
  endfacet
  facet normal -0.99996 0.00894924 0
    outer loop
      vertex -4.78349 -6 5
      vertex -4.78368 -6.02123 -5
      vertex -4.78368 -6.02123 5
    endloop
  endfacet
  facet normal -0.793568 0.608481 0
    outer loop
      vertex -5.04138 -6.74896 -5
      vertex -5.02846 -6.73211 5
      vertex -5.02846 -6.73211 -5
    endloop
  endfacet
  facet normal -0.793568 0.608481 0
    outer loop
      vertex -5.02846 -6.73211 5
      vertex -5.04138 -6.74896 -5
      vertex -5.04138 -6.74896 5
    endloop
  endfacet
  facet normal 0.861825 -0.507205 0
    outer loop
      vertex -7.05352 -5.39175 5
      vertex -7.04275 -5.37345 -5
      vertex -7.04275 -5.37345 5
    endloop
  endfacet
  facet normal 0.861825 -0.507205 0
    outer loop
      vertex -7.04275 -5.37345 -5
      vertex -7.05352 -5.39175 5
      vertex -7.05352 -5.39175 -5
    endloop
  endfacet
  facet normal 0.833786 0.552088 0
    outer loop
      vertex -7.00853 -6.68026 5
      vertex -7.02025 -6.66256 -5
      vertex -7.02025 -6.66256 5
    endloop
  endfacet
  facet normal 0.833786 0.552088 0
    outer loop
      vertex -7.02025 -6.66256 -5
      vertex -7.00853 -6.68026 5
      vertex -7.00853 -6.68026 -5
    endloop
  endfacet
  facet normal -0.910044 -0.414513 0
    outer loop
      vertex -4.88867 -5.5052 -5
      vertex -4.89747 -5.48588 5
      vertex -4.89747 -5.48588 -5
    endloop
  endfacet
  facet normal -0.910044 -0.414513 0
    outer loop
      vertex -4.89747 -5.48588 5
      vertex -4.88867 -5.5052 -5
      vertex -4.88867 -5.5052 5
    endloop
  endfacet
  facet normal 0.026381 -0.999652 0
    outer loop
      vertex -6.04245 -4.78424 -5
      vertex -6.02123 -4.78368 5
      vertex -6.04245 -4.78424 5
    endloop
  endfacet
  facet normal 0.026381 -0.999652 0
    outer loop
      vertex -6.02123 -4.78368 5
      vertex -6.04245 -4.78424 -5
      vertex -6.02123 -4.78368 -5
    endloop
  endfacet
  facet normal -0.181786 0.983338 0
    outer loop
      vertex -5.76788 -7.19416 -5
      vertex -5.78876 -7.19802 5
      vertex -5.76788 -7.19416 5
    endloop
  endfacet
  facet normal -0.181786 0.983338 0
    outer loop
      vertex -5.78876 -7.19802 5
      vertex -5.76788 -7.19416 -5
      vertex -5.78876 -7.19802 -5
    endloop
  endfacet
  facet normal -0.936774 0.349936 0
    outer loop
      vertex -4.86429 -6.43596 -5
      vertex -4.85686 -6.41607 5
      vertex -4.85686 -6.41607 -5
    endloop
  endfacet
  facet normal -0.936774 0.349936 0
    outer loop
      vertex -4.85686 -6.41607 5
      vertex -4.86429 -6.43596 -5
      vertex -4.86429 -6.43596 5
    endloop
  endfacet
  facet normal 0.382407 -0.923994 0
    outer loop
      vertex -6.47533 -4.8802 -5
      vertex -6.45571 -4.87208 5
      vertex -6.47533 -4.8802 5
    endloop
  endfacet
  facet normal 0.382407 -0.923994 0
    outer loop
      vertex -6.45571 -4.87208 5
      vertex -6.47533 -4.8802 -5
      vertex -6.45571 -4.87208 -5
    endloop
  endfacet
  facet normal -0.84339 -0.537302 0
    outer loop
      vertex -4.96834 -5.35535 -5
      vertex -4.97975 -5.33744 5
      vertex -4.97975 -5.33744 -5
    endloop
  endfacet
  facet normal -0.84339 -0.537302 0
    outer loop
      vertex -4.97975 -5.33744 5
      vertex -4.96834 -5.35535 -5
      vertex -4.96834 -5.35535 5
    endloop
  endfacet
  facet normal -0.996937 0.0782096 0
    outer loop
      vertex -4.78812 -6.10602 -5
      vertex -4.78646 -6.08486 5
      vertex -4.78646 -6.08486 -5
    endloop
  endfacet
  facet normal -0.996937 0.0782096 0
    outer loop
      vertex -4.78646 -6.08486 5
      vertex -4.78812 -6.10602 -5
      vertex -4.78812 -6.10602 5
    endloop
  endfacet
  facet normal -0.930253 -0.36692 0
    outer loop
      vertex -4.86429 -5.56404 -5
      vertex -4.87208 -5.54429 5
      vertex -4.87208 -5.54429 -5
    endloop
  endfacet
  facet normal -0.930253 -0.36692 0
    outer loop
      vertex -4.87208 -5.54429 5
      vertex -4.86429 -5.56404 -5
      vertex -4.86429 -5.56404 5
    endloop
  endfacet
  facet normal 0.349936 -0.936774 0
    outer loop
      vertex -6.43596 -4.86429 -5
      vertex -6.41607 -4.85686 5
      vertex -6.43596 -4.86429 5
    endloop
  endfacet
  facet normal 0.349936 -0.936774 0
    outer loop
      vertex -6.41607 -4.85686 5
      vertex -6.43596 -4.86429 -5
      vertex -6.41607 -4.85686 -5
    endloop
  endfacet
  facet normal -0.852676 0.522441 0
    outer loop
      vertex -4.96834 -6.64465 -5
      vertex -4.95725 -6.62655 5
      vertex -4.95725 -6.62655 -5
    endloop
  endfacet
  facet normal -0.852676 0.522441 0
    outer loop
      vertex -4.95725 -6.62655 5
      vertex -4.96834 -6.64465 -5
      vertex -4.96834 -6.64465 5
    endloop
  endfacet
  facet normal -0.991453 -0.130467 0
    outer loop
      vertex -4.79256 -5.85175 -5
      vertex -4.79533 -5.8307 5
      vertex -4.79533 -5.8307 -5
    endloop
  endfacet
  facet normal -0.991453 -0.130467 0
    outer loop
      vertex -4.79533 -5.8307 5
      vertex -4.79256 -5.85175 -5
      vertex -4.79256 -5.85175 5
    endloop
  endfacet
  facet normal 0.878848 -0.477102 0
    outer loop
      vertex -7.07411 -5.42889 5
      vertex -7.06398 -5.41023 -5
      vertex -7.06398 -5.41023 5
    endloop
  endfacet
  facet normal 0.878848 -0.477102 0
    outer loop
      vertex -7.06398 -5.41023 -5
      vertex -7.07411 -5.42889 5
      vertex -7.07411 -5.42889 -5
    endloop
  endfacet
  facet normal 0.675575 0.737291 -0
    outer loop
      vertex -6.814 -6.90404 -5
      vertex -6.82965 -6.8897 5
      vertex -6.814 -6.90404 5
    endloop
  endfacet
  facet normal 0.675575 0.737291 0
    outer loop
      vertex -6.82965 -6.8897 5
      vertex -6.814 -6.90404 -5
      vertex -6.82965 -6.8897 -5
    endloop
  endfacet
  facet normal 0.996937 0.0782096 0
    outer loop
      vertex -7.21188 -6.10602 5
      vertex -7.21354 -6.08486 -5
      vertex -7.21354 -6.08486 5
    endloop
  endfacet
  facet normal 0.996937 0.0782096 0
    outer loop
      vertex -7.21354 -6.08486 -5
      vertex -7.21188 -6.10602 5
      vertex -7.21188 -6.10602 -5
    endloop
  endfacet
  facet normal 0.999652 -0.026381 0
    outer loop
      vertex -7.21632 -5.97877 5
      vertex -7.21576 -5.95755 -5
      vertex -7.21576 -5.95755 5
    endloop
  endfacet
  facet normal 0.999652 -0.026381 0
    outer loop
      vertex -7.21576 -5.95755 -5
      vertex -7.21632 -5.97877 5
      vertex -7.21632 -5.97877 -5
    endloop
  endfacet
  facet normal -0.3005 -0.953782 0
    outer loop
      vertex -5.64433 -4.83665 -5
      vertex -5.62408 -4.84303 5
      vertex -5.64433 -4.83665 5
    endloop
  endfacet
  facet normal -0.3005 -0.953782 -0
    outer loop
      vertex -5.62408 -4.84303 5
      vertex -5.64433 -4.83665 -5
      vertex -5.62408 -4.84303 -5
    endloop
  endfacet
  facet normal -0.0433146 0.999061 0
    outer loop
      vertex -5.93633 -7.21484 -5
      vertex -5.95755 -7.21576 5
      vertex -5.93633 -7.21484 5
    endloop
  endfacet
  facet normal -0.0433146 0.999061 0
    outer loop
      vertex -5.95755 -7.21576 5
      vertex -5.93633 -7.21484 -5
      vertex -5.95755 -7.21576 -5
    endloop
  endfacet
  facet normal 0.414513 -0.910044 0
    outer loop
      vertex -6.51412 -4.89747 -5
      vertex -6.4948 -4.88867 5
      vertex -6.51412 -4.89747 5
    endloop
  endfacet
  facet normal 0.414513 -0.910044 0
    outer loop
      vertex -6.4948 -4.88867 5
      vertex -6.51412 -4.89747 -5
      vertex -6.4948 -4.88867 -5
    endloop
  endfacet
  facet normal 0.0612346 -0.998123 0
    outer loop
      vertex -6.08486 -4.78646 -5
      vertex -6.06367 -4.78516 5
      vertex -6.08486 -4.78646 5
    endloop
  endfacet
  facet normal 0.0612346 -0.998123 0
    outer loop
      vertex -6.06367 -4.78516 5
      vertex -6.08486 -4.78646 -5
      vertex -6.06367 -4.78516 -5
    endloop
  endfacet
  facet normal 0.916988 -0.398916 0
    outer loop
      vertex -7.1198 -5.52467 5
      vertex -7.11133 -5.5052 -5
      vertex -7.11133 -5.5052 5
    endloop
  endfacet
  facet normal 0.916988 -0.398916 0
    outer loop
      vertex -7.11133 -5.5052 -5
      vertex -7.1198 -5.52467 5
      vertex -7.1198 -5.52467 -5
    endloop
  endfacet
  facet normal 0.267061 0.96368 -0
    outer loop
      vertex -6.31485 -7.17505 -5
      vertex -6.33531 -7.16938 5
      vertex -6.31485 -7.17505 5
    endloop
  endfacet
  facet normal 0.267061 0.96368 0
    outer loop
      vertex -6.33531 -7.16938 5
      vertex -6.31485 -7.17505 -5
      vertex -6.33531 -7.16938 -5
    endloop
  endfacet
  facet normal 0.976331 -0.216282 0
    outer loop
      vertex -7.18992 -5.74707 5
      vertex -7.18533 -5.72635 -5
      vertex -7.18533 -5.72635 5
    endloop
  endfacet
  facet normal 0.976331 -0.216282 0
    outer loop
      vertex -7.18533 -5.72635 -5
      vertex -7.18992 -5.74707 5
      vertex -7.18992 -5.74707 -5
    endloop
  endfacet
  facet normal -0.902564 -0.430555 0
    outer loop
      vertex -4.89747 -5.48588 -5
      vertex -4.90661 -5.46672 5
      vertex -4.90661 -5.46672 -5
    endloop
  endfacet
  facet normal -0.902564 -0.430555 0
    outer loop
      vertex -4.90661 -5.46672 5
      vertex -4.89747 -5.48588 -5
      vertex -4.89747 -5.48588 5
    endloop
  endfacet
  facet normal -0.398916 -0.916988 0
    outer loop
      vertex -5.52467 -4.8802 -5
      vertex -5.5052 -4.88867 5
      vertex -5.52467 -4.8802 5
    endloop
  endfacet
  facet normal -0.398916 -0.916988 -0
    outer loop
      vertex -5.5052 -4.88867 5
      vertex -5.52467 -4.8802 -5
      vertex -5.5052 -4.88867 -5
    endloop
  endfacet
  facet normal -0.267061 0.96368 0
    outer loop
      vertex -5.66469 -7.16938 -5
      vertex -5.68515 -7.17505 5
      vertex -5.66469 -7.16938 5
    endloop
  endfacet
  facet normal -0.267061 0.96368 0
    outer loop
      vertex -5.68515 -7.17505 5
      vertex -5.66469 -7.16938 -5
      vertex -5.68515 -7.17505 -5
    endloop
  endfacet
  facet normal 0.989005 -0.14788 0
    outer loop
      vertex -7.20467 -5.8307 5
      vertex -7.20153 -5.8097 -5
      vertex -7.20153 -5.8097 5
    endloop
  endfacet
  facet normal 0.989005 -0.14788 0
    outer loop
      vertex -7.20153 -5.8097 -5
      vertex -7.20467 -5.8307 5
      vertex -7.20467 -5.8307 -5
    endloop
  endfacet
  facet normal 0.771685 -0.636004 0
    outer loop
      vertex -6.9454 -5.23443 5
      vertex -6.9319 -5.21805 -5
      vertex -6.9319 -5.21805 5
    endloop
  endfacet
  facet normal 0.771685 -0.636004 0
    outer loop
      vertex -6.9319 -5.21805 -5
      vertex -6.9454 -5.23443 5
      vertex -6.9454 -5.23443 -5
    endloop
  endfacet
  facet normal 0.979868 0.199646 0
    outer loop
      vertex -7.18992 -6.25293 5
      vertex -7.19416 -6.23212 -5
      vertex -7.19416 -6.23212 5
    endloop
  endfacet
  facet normal 0.979868 0.199646 0
    outer loop
      vertex -7.19416 -6.23212 -5
      vertex -7.18992 -6.25293 5
      vertex -7.18992 -6.25293 -5
    endloop
  endfacet
  facet normal 0.317358 0.948306 -0
    outer loop
      vertex -6.37592 -7.15697 -5
      vertex -6.39606 -7.15023 5
      vertex -6.37592 -7.15697 5
    endloop
  endfacet
  facet normal 0.317358 0.948306 0
    outer loop
      vertex -6.39606 -7.15023 5
      vertex -6.37592 -7.15697 -5
      vertex -6.39606 -7.15023 -5
    endloop
  endfacet
  facet normal 0.649355 0.760485 -0
    outer loop
      vertex -6.78195 -6.9319 -5
      vertex -6.7981 -6.91811 5
      vertex -6.78195 -6.9319 5
    endloop
  endfacet
  facet normal 0.649355 0.760485 0
    outer loop
      vertex -6.7981 -6.91811 5
      vertex -6.78195 -6.9319 -5
      vertex -6.7981 -6.91811 -5
    endloop
  endfacet
  facet normal -0.81402 0.580837 0
    outer loop
      vertex -5.01583 -6.71504 -5
      vertex -5.0035 -6.69776 5
      vertex -5.0035 -6.69776 -5
    endloop
  endfacet
  facet normal -0.81402 0.580837 0
    outer loop
      vertex -5.0035 -6.69776 5
      vertex -5.01583 -6.71504 -5
      vertex -5.01583 -6.71504 5
    endloop
  endfacet
  facet normal 0.250619 -0.968086 0
    outer loop
      vertex -6.31485 -4.82495 -5
      vertex -6.2943 -4.81963 5
      vertex -6.31485 -4.82495 5
    endloop
  endfacet
  facet normal 0.250619 -0.968086 0
    outer loop
      vertex -6.2943 -4.81963 5
      vertex -6.31485 -4.82495 -5
      vertex -6.2943 -4.81963 -5
    endloop
  endfacet
  facet normal 0.0612346 0.998123 -0
    outer loop
      vertex -6.06367 -7.21484 -5
      vertex -6.08486 -7.21354 5
      vertex -6.06367 -7.21484 5
    endloop
  endfacet
  facet normal 0.0612346 0.998123 0
    outer loop
      vertex -6.08486 -7.21354 5
      vertex -6.06367 -7.21484 -5
      vertex -6.08486 -7.21354 -5
    endloop
  endfacet
  facet normal 0.199646 -0.979868 0
    outer loop
      vertex -6.25293 -4.81008 -5
      vertex -6.23212 -4.80584 5
      vertex -6.25293 -4.81008 5
    endloop
  endfacet
  facet normal 0.199646 -0.979868 0
    outer loop
      vertex -6.23212 -4.80584 5
      vertex -6.25293 -4.81008 -5
      vertex -6.23212 -4.80584 -5
    endloop
  endfacet
  facet normal -0.0612346 0.998123 0
    outer loop
      vertex -5.91514 -7.21354 -5
      vertex -5.93633 -7.21484 5
      vertex -5.91514 -7.21354 5
    endloop
  endfacet
  facet normal -0.0612346 0.998123 0
    outer loop
      vertex -5.93633 -7.21484 5
      vertex -5.91514 -7.21354 -5
      vertex -5.93633 -7.21484 -5
    endloop
  endfacet
  facet normal 0.552088 -0.833786 0
    outer loop
      vertex -6.68026 -4.99147 -5
      vertex -6.66256 -4.97975 5
      vertex -6.68026 -4.99147 5
    endloop
  endfacet
  facet normal 0.552088 -0.833786 0
    outer loop
      vertex -6.66256 -4.97975 5
      vertex -6.68026 -4.99147 -5
      vertex -6.66256 -4.97975 -5
    endloop
  endfacet
  facet normal -0.793568 -0.608481 0
    outer loop
      vertex -5.02846 -5.26789 -5
      vertex -5.04138 -5.25104 5
      vertex -5.04138 -5.25104 -5
    endloop
  endfacet
  facet normal -0.793568 -0.608481 0
    outer loop
      vertex -5.04138 -5.25104 5
      vertex -5.02846 -5.26789 -5
      vertex -5.02846 -5.26789 5
    endloop
  endfacet
  facet normal 0.870264 0.492585 0
    outer loop
      vertex -7.05352 -6.60825 5
      vertex -7.06398 -6.58977 -5
      vertex -7.06398 -6.58977 5
    endloop
  endfacet
  facet normal 0.870264 0.492585 0
    outer loop
      vertex -7.06398 -6.58977 -5
      vertex -7.05352 -6.60825 5
      vertex -7.05352 -6.60825 -5
    endloop
  endfacet
  facet normal -0.942581 -0.333978 0
    outer loop
      vertex -4.84977 -5.60394 -5
      vertex -4.85686 -5.58393 5
      vertex -4.85686 -5.58393 -5
    endloop
  endfacet
  facet normal -0.942581 -0.333978 0
    outer loop
      vertex -4.85686 -5.58393 5
      vertex -4.84977 -5.60394 -5
      vertex -4.84977 -5.60394 5
    endloop
  endfacet
  facet normal -0.916988 0.398916 0
    outer loop
      vertex -4.88867 -6.4948 -5
      vertex -4.8802 -6.47533 5
      vertex -4.8802 -6.47533 -5
    endloop
  endfacet
  facet normal -0.916988 0.398916 0
    outer loop
      vertex -4.8802 -6.47533 5
      vertex -4.88867 -6.4948 -5
      vertex -4.88867 -6.4948 5
    endloop
  endfacet
  facet normal 0.999061 0.0433146 0
    outer loop
      vertex -7.21484 -6.06367 5
      vertex -7.21576 -6.04245 -5
      vertex -7.21576 -6.04245 5
    endloop
  endfacet
  facet normal 0.999061 0.0433146 0
    outer loop
      vertex -7.21576 -6.04245 -5
      vertex -7.21484 -6.06367 5
      vertex -7.21484 -6.06367 -5
    endloop
  endfacet
  facet normal 0.996937 -0.0782096 0
    outer loop
      vertex -7.21354 -5.91514 5
      vertex -7.21188 -5.89398 -5
      vertex -7.21188 -5.89398 5
    endloop
  endfacet
  facet normal 0.996937 -0.0782096 0
    outer loop
      vertex -7.21188 -5.89398 -5
      vertex -7.21354 -5.91514 5
      vertex -7.21354 -5.91514 -5
    endloop
  endfacet
  facet normal 0.999652 0.026381 0
    outer loop
      vertex -7.21576 -6.04245 5
      vertex -7.21632 -6.02123 -5
      vertex -7.21632 -6.02123 5
    endloop
  endfacet
  facet normal 0.999652 0.026381 0
    outer loop
      vertex -7.21632 -6.02123 -5
      vertex -7.21576 -6.04245 5
      vertex -7.21576 -6.04245 -5
    endloop
  endfacet
  facet normal 0.113068 -0.993587 0
    outer loop
      vertex -6.14825 -4.79256 -5
      vertex -6.12716 -4.79016 5
      vertex -6.14825 -4.79256 5
    endloop
  endfacet
  facet normal 0.113068 -0.993587 0
    outer loop
      vertex -6.12716 -4.79016 5
      vertex -6.14825 -4.79256 -5
      vertex -6.12716 -4.79016 -5
    endloop
  endfacet
  facet normal -0.995376 -0.0960533 0
    outer loop
      vertex -4.78812 -5.89398 -5
      vertex -4.79016 -5.87284 5
      vertex -4.79016 -5.87284 -5
    endloop
  endfacet
  facet normal -0.995376 -0.0960533 0
    outer loop
      vertex -4.79016 -5.87284 5
      vertex -4.78812 -5.89398 -5
      vertex -4.78812 -5.89398 5
    endloop
  endfacet
  facet normal -0.0612346 -0.998123 0
    outer loop
      vertex -5.93633 -4.78516 -5
      vertex -5.91514 -4.78646 5
      vertex -5.93633 -4.78516 5
    endloop
  endfacet
  facet normal -0.0612346 -0.998123 -0
    outer loop
      vertex -5.91514 -4.78646 5
      vertex -5.93633 -4.78516 -5
      vertex -5.91514 -4.78646 -5
    endloop
  endfacet
  facet normal 0.36692 -0.930253 0
    outer loop
      vertex -6.45571 -4.87208 -5
      vertex -6.43596 -4.86429 5
      vertex -6.45571 -4.87208 5
    endloop
  endfacet
  facet normal 0.36692 -0.930253 0
    outer loop
      vertex -6.43596 -4.86429 5
      vertex -6.45571 -4.87208 -5
      vertex -6.43596 -4.86429 -5
    endloop
  endfacet
  facet normal 0.283976 -0.958831 0
    outer loop
      vertex -6.35567 -4.83665 -5
      vertex -6.33531 -4.83062 5
      vertex -6.35567 -4.83665 5
    endloop
  endfacet
  facet normal 0.283976 -0.958831 0
    outer loop
      vertex -6.33531 -4.83062 5
      vertex -6.35567 -4.83665 -5
      vertex -6.33531 -4.83062 -5
    endloop
  endfacet
  facet normal -0.430555 0.902564 0
    outer loop
      vertex -5.46672 -7.09339 -5
      vertex -5.48588 -7.10253 5
      vertex -5.46672 -7.09339 5
    endloop
  endfacet
  facet normal -0.430555 0.902564 0
    outer loop
      vertex -5.48588 -7.10253 5
      vertex -5.46672 -7.09339 -5
      vertex -5.48588 -7.10253 -5
    endloop
  endfacet
  facet normal 0.81402 0.580837 0
    outer loop
      vertex -6.98417 -6.71504 5
      vertex -6.9965 -6.69776 -5
      vertex -6.9965 -6.69776 5
    endloop
  endfacet
  facet normal 0.81402 0.580837 0
    outer loop
      vertex -6.9965 -6.69776 -5
      vertex -6.98417 -6.71504 5
      vertex -6.98417 -6.71504 -5
    endloop
  endfacet
  facet normal -0.0782096 0.996937 0
    outer loop
      vertex -5.89398 -7.21188 -5
      vertex -5.91514 -7.21354 5
      vertex -5.89398 -7.21188 5
    endloop
  endfacet
  facet normal -0.0782096 0.996937 0
    outer loop
      vertex -5.91514 -7.21354 5
      vertex -5.89398 -7.21188 -5
      vertex -5.91514 -7.21354 -5
    endloop
  endfacet
  facet normal 0.165315 -0.986241 0
    outer loop
      vertex -6.21124 -4.80198 -5
      vertex -6.1903 -4.79847 5
      vertex -6.21124 -4.80198 5
    endloop
  endfacet
  facet normal 0.165315 -0.986241 0
    outer loop
      vertex -6.1903 -4.79847 5
      vertex -6.21124 -4.80198 -5
      vertex -6.1903 -4.79847 -5
    endloop
  endfacet
  facet normal -0.986241 0.165315 0
    outer loop
      vertex -4.80198 -6.21124 -5
      vertex -4.79847 -6.1903 5
      vertex -4.79847 -6.1903 -5
    endloop
  endfacet
  facet normal -0.986241 0.165315 0
    outer loop
      vertex -4.79847 -6.1903 5
      vertex -4.80198 -6.21124 -5
      vertex -4.80198 -6.21124 5
    endloop
  endfacet
  facet normal 0.983338 -0.181786 0
    outer loop
      vertex -7.19802 -5.78876 5
      vertex -7.19416 -5.76788 -5
      vertex -7.19416 -5.76788 5
    endloop
  endfacet
  facet normal 0.983338 -0.181786 0
    outer loop
      vertex -7.19416 -5.76788 -5
      vertex -7.19802 -5.78876 5
      vertex -7.19802 -5.78876 -5
    endloop
  endfacet
  facet normal -0.737291 0.675575 0
    outer loop
      vertex -5.1103 -6.82965 -5
      vertex -5.09596 -6.814 5
      vertex -5.09596 -6.814 -5
    endloop
  endfacet
  facet normal -0.737291 0.675575 0
    outer loop
      vertex -5.09596 -6.814 5
      vertex -5.1103 -6.82965 -5
      vertex -5.1103 -6.82965 5
    endloop
  endfacet
  facet normal 0.398916 -0.916988 0
    outer loop
      vertex -6.4948 -4.88867 -5
      vertex -6.47533 -4.8802 5
      vertex -6.4948 -4.88867 5
    endloop
  endfacet
  facet normal 0.398916 -0.916988 0
    outer loop
      vertex -6.47533 -4.8802 5
      vertex -6.4948 -4.88867 -5
      vertex -6.47533 -4.8802 -5
    endloop
  endfacet
  facet normal 0.852676 -0.522441 0
    outer loop
      vertex -7.04275 -5.37345 5
      vertex -7.03166 -5.35535 -5
      vertex -7.03166 -5.35535 5
    endloop
  endfacet
  facet normal 0.852676 -0.522441 0
    outer loop
      vertex -7.03166 -5.35535 -5
      vertex -7.04275 -5.37345 5
      vertex -7.04275 -5.37345 -5
    endloop
  endfacet
  facet normal -0.662696 0.748889 0
    outer loop
      vertex -5.186 -6.90404 -5
      vertex -5.2019 -6.91811 5
      vertex -5.186 -6.90404 5
    endloop
  endfacet
  facet normal -0.662696 0.748889 0
    outer loop
      vertex -5.2019 -6.91811 5
      vertex -5.186 -6.90404 -5
      vertex -5.2019 -6.91811 -5
    endloop
  endfacet
  facet normal -0.36692 0.930253 0
    outer loop
      vertex -5.54429 -7.12792 -5
      vertex -5.56404 -7.13571 5
      vertex -5.54429 -7.12792 5
    endloop
  endfacet
  facet normal -0.36692 0.930253 0
    outer loop
      vertex -5.56404 -7.13571 5
      vertex -5.54429 -7.12792 -5
      vertex -5.56404 -7.13571 -5
    endloop
  endfacet
  facet normal -0.958831 -0.283976 0
    outer loop
      vertex -4.83062 -5.66469 -5
      vertex -4.83665 -5.64433 5
      vertex -4.83665 -5.64433 -5
    endloop
  endfacet
  facet normal -0.958831 -0.283976 0
    outer loop
      vertex -4.83665 -5.64433 5
      vertex -4.83062 -5.66469 -5
      vertex -4.83062 -5.66469 5
    endloop
  endfacet
  facet normal -0.979868 -0.199646 0
    outer loop
      vertex -4.80584 -5.76788 -5
      vertex -4.81008 -5.74707 5
      vertex -4.81008 -5.74707 -5
    endloop
  endfacet
  facet normal -0.979868 -0.199646 0
    outer loop
      vertex -4.81008 -5.74707 5
      vertex -4.80584 -5.76788 -5
      vertex -4.80584 -5.76788 5
    endloop
  endfacet
  facet normal -0.902564 0.430555 0
    outer loop
      vertex -4.90661 -6.53328 -5
      vertex -4.89747 -6.51412 5
      vertex -4.89747 -6.51412 -5
    endloop
  endfacet
  facet normal -0.902564 0.430555 0
    outer loop
      vertex -4.89747 -6.51412 5
      vertex -4.90661 -6.53328 -5
      vertex -4.90661 -6.53328 5
    endloop
  endfacet
  facet normal 0.216282 -0.976331 0
    outer loop
      vertex -6.27365 -4.81467 -5
      vertex -6.25293 -4.81008 5
      vertex -6.27365 -4.81467 5
    endloop
  endfacet
  facet normal 0.216282 -0.976331 0
    outer loop
      vertex -6.25293 -4.81008 5
      vertex -6.27365 -4.81467 -5
      vertex -6.25293 -4.81008 -5
    endloop
  endfacet
  facet normal -0.993587 -0.113068 0
    outer loop
      vertex -4.79016 -5.87284 -5
      vertex -4.79256 -5.85175 5
      vertex -4.79256 -5.85175 -5
    endloop
  endfacet
  facet normal -0.993587 -0.113068 0
    outer loop
      vertex -4.79256 -5.85175 5
      vertex -4.79016 -5.87284 -5
      vertex -4.79016 -5.87284 5
    endloop
  endfacet
  facet normal 0.824069 0.566489 0
    outer loop
      vertex -6.9965 -6.69776 5
      vertex -7.00853 -6.68026 -5
      vertex -7.00853 -6.68026 5
    endloop
  endfacet
  facet normal 0.824069 0.566489 0
    outer loop
      vertex -7.00853 -6.68026 -5
      vertex -6.9965 -6.69776 5
      vertex -6.9965 -6.69776 -5
    endloop
  endfacet
  facet normal -0.0782096 -0.996937 0
    outer loop
      vertex -5.91514 -4.78646 -5
      vertex -5.89398 -4.78812 5
      vertex -5.91514 -4.78646 5
    endloop
  endfacet
  facet normal -0.0782096 -0.996937 -0
    outer loop
      vertex -5.89398 -4.78812 5
      vertex -5.91514 -4.78646 -5
      vertex -5.89398 -4.78812 -5
    endloop
  endfacet
  facet normal -0.566489 0.824069 0
    outer loop
      vertex -5.30224 -6.9965 -5
      vertex -5.31974 -7.00853 5
      vertex -5.30224 -6.9965 5
    endloop
  endfacet
  facet normal -0.566489 0.824069 0
    outer loop
      vertex -5.31974 -7.00853 5
      vertex -5.30224 -6.9965 -5
      vertex -5.31974 -7.00853 -5
    endloop
  endfacet
  facet normal 0.688267 0.725458 -0
    outer loop
      vertex -6.82965 -6.8897 -5
      vertex -6.84506 -6.87508 5
      vertex -6.82965 -6.8897 5
    endloop
  endfacet
  facet normal 0.688267 0.725458 0
    outer loop
      vertex -6.84506 -6.87508 5
      vertex -6.82965 -6.8897 -5
      vertex -6.84506 -6.87508 -5
    endloop
  endfacet
  facet normal -0.649355 -0.760485 0
    outer loop
      vertex -5.21805 -5.0681 -5
      vertex -5.2019 -5.08189 5
      vertex -5.21805 -5.0681 5
    endloop
  endfacet
  facet normal -0.649355 -0.760485 -0
    outer loop
      vertex -5.2019 -5.08189 5
      vertex -5.21805 -5.0681 -5
      vertex -5.2019 -5.08189 -5
    endloop
  endfacet
  facet normal 0.649355 -0.760485 0
    outer loop
      vertex -6.7981 -5.08189 -5
      vertex -6.78195 -5.0681 5
      vertex -6.7981 -5.08189 5
    endloop
  endfacet
  facet normal 0.649355 -0.760485 0
    outer loop
      vertex -6.78195 -5.0681 5
      vertex -6.7981 -5.08189 -5
      vertex -6.78195 -5.0681 -5
    endloop
  endfacet
  facet normal -0.44646 0.894804 0
    outer loop
      vertex -5.44772 -7.08391 -5
      vertex -5.46672 -7.09339 5
      vertex -5.44772 -7.08391 5
    endloop
  endfacet
  facet normal -0.44646 0.894804 0
    outer loop
      vertex -5.46672 -7.09339 5
      vertex -5.44772 -7.08391 -5
      vertex -5.46672 -7.09339 -5
    endloop
  endfacet
  facet normal -0.333978 0.942581 0
    outer loop
      vertex -5.58393 -7.14314 -5
      vertex -5.60394 -7.15023 5
      vertex -5.58393 -7.14314 5
    endloop
  endfacet
  facet normal -0.333978 0.942581 0
    outer loop
      vertex -5.60394 -7.15023 5
      vertex -5.58393 -7.14314 -5
      vertex -5.60394 -7.15023 -5
    endloop
  endfacet
  facet normal -0.948306 0.317358 0
    outer loop
      vertex -4.84977 -6.39606 -5
      vertex -4.84303 -6.37592 5
      vertex -4.84303 -6.37592 -5
    endloop
  endfacet
  facet normal -0.948306 0.317358 0
    outer loop
      vertex -4.84303 -6.37592 5
      vertex -4.84977 -6.39606 -5
      vertex -4.84977 -6.39606 5
    endloop
  endfacet
  facet normal -0.62274 0.782429 0
    outer loop
      vertex -5.23443 -6.9454 -5
      vertex -5.25104 -6.95862 5
      vertex -5.23443 -6.9454 5
    endloop
  endfacet
  facet normal -0.62274 0.782429 0
    outer loop
      vertex -5.25104 -6.95862 5
      vertex -5.23443 -6.9454 -5
      vertex -5.25104 -6.95862 -5
    endloop
  endfacet
  facet normal 0.948306 -0.317358 0
    outer loop
      vertex -7.15697 -5.62408 5
      vertex -7.15023 -5.60394 -5
      vertex -7.15023 -5.60394 5
    endloop
  endfacet
  facet normal 0.948306 -0.317358 0
    outer loop
      vertex -7.15023 -5.60394 -5
      vertex -7.15697 -5.62408 5
      vertex -7.15697 -5.62408 -5
    endloop
  endfacet
  facet normal 0.923994 0.382407 0
    outer loop
      vertex -7.1198 -6.47533 5
      vertex -7.12792 -6.45571 -5
      vertex -7.12792 -6.45571 5
    endloop
  endfacet
  facet normal 0.923994 0.382407 0
    outer loop
      vertex -7.12792 -6.45571 -5
      vertex -7.1198 -6.47533 5
      vertex -7.1198 -6.47533 -5
    endloop
  endfacet
  facet normal 0.0960533 0.995376 -0
    outer loop
      vertex -6.10602 -7.21188 -5
      vertex -6.12716 -7.20984 5
      vertex -6.10602 -7.21188 5
    endloop
  endfacet
  facet normal 0.0960533 0.995376 0
    outer loop
      vertex -6.12716 -7.20984 5
      vertex -6.10602 -7.21188 -5
      vertex -6.12716 -7.20984 -5
    endloop
  endfacet
  facet normal -0.492585 -0.870264 0
    outer loop
      vertex -5.41023 -4.93602 -5
      vertex -5.39175 -4.94648 5
      vertex -5.41023 -4.93602 5
    endloop
  endfacet
  facet normal -0.492585 -0.870264 -0
    outer loop
      vertex -5.39175 -4.94648 5
      vertex -5.41023 -4.93602 -5
      vertex -5.39175 -4.94648 -5
    endloop
  endfacet
  facet normal -0.923994 0.382407 0
    outer loop
      vertex -4.8802 -6.47533 -5
      vertex -4.87208 -6.45571 5
      vertex -4.87208 -6.45571 -5
    endloop
  endfacet
  facet normal -0.923994 0.382407 0
    outer loop
      vertex -4.87208 -6.45571 5
      vertex -4.8802 -6.47533 -5
      vertex -4.8802 -6.47533 5
    endloop
  endfacet
  facet normal -0.894804 -0.44646 0
    outer loop
      vertex -4.90661 -5.46672 -5
      vertex -4.91609 -5.44772 5
      vertex -4.91609 -5.44772 -5
    endloop
  endfacet
  facet normal -0.894804 -0.44646 0
    outer loop
      vertex -4.91609 -5.44772 5
      vertex -4.90661 -5.46672 -5
      vertex -4.90661 -5.46672 5
    endloop
  endfacet
  facet normal -0.713204 0.700956 0
    outer loop
      vertex -5.1398 -6.8602 -5
      vertex -5.12492 -6.84506 5
      vertex -5.12492 -6.84506 -5
    endloop
  endfacet
  facet normal -0.713204 0.700956 0
    outer loop
      vertex -5.12492 -6.84506 5
      vertex -5.1398 -6.8602 -5
      vertex -5.1398 -6.8602 5
    endloop
  endfacet
  facet normal -0.398916 0.916988 0
    outer loop
      vertex -5.5052 -7.11133 -5
      vertex -5.52467 -7.1198 5
      vertex -5.5052 -7.11133 5
    endloop
  endfacet
  facet normal -0.398916 0.916988 0
    outer loop
      vertex -5.52467 -7.1198 5
      vertex -5.5052 -7.11133 -5
      vertex -5.52467 -7.1198 -5
    endloop
  endfacet
  facet normal 0.760485 0.649355 0
    outer loop
      vertex -6.91811 -6.7981 5
      vertex -6.9319 -6.78195 -5
      vertex -6.9319 -6.78195 5
    endloop
  endfacet
  facet normal 0.760485 0.649355 0
    outer loop
      vertex -6.9319 -6.78195 -5
      vertex -6.91811 -6.7981 5
      vertex -6.91811 -6.7981 -5
    endloop
  endfacet
  facet normal 0.700956 -0.713204 0
    outer loop
      vertex -6.8602 -5.1398 -5
      vertex -6.84506 -5.12492 5
      vertex -6.8602 -5.1398 5
    endloop
  endfacet
  facet normal 0.700956 -0.713204 0
    outer loop
      vertex -6.84506 -5.12492 5
      vertex -6.8602 -5.1398 -5
      vertex -6.84506 -5.12492 -5
    endloop
  endfacet
  facet normal 0.870264 -0.492585 0
    outer loop
      vertex -7.06398 -5.41023 5
      vertex -7.05352 -5.39175 -5
      vertex -7.05352 -5.39175 5
    endloop
  endfacet
  facet normal 0.870264 -0.492585 0
    outer loop
      vertex -7.05352 -5.39175 -5
      vertex -7.06398 -5.41023 5
      vertex -7.06398 -5.41023 -5
    endloop
  endfacet
  facet normal 0.580837 -0.81402 0
    outer loop
      vertex -6.71504 -5.01583 -5
      vertex -6.69776 -5.0035 5
      vertex -6.71504 -5.01583 5
    endloop
  endfacet
  facet normal 0.580837 -0.81402 0
    outer loop
      vertex -6.69776 -5.0035 5
      vertex -6.71504 -5.01583 -5
      vertex -6.69776 -5.0035 -5
    endloop
  endfacet
  facet normal -0.976331 0.216282 0
    outer loop
      vertex -4.81467 -6.27365 -5
      vertex -4.81008 -6.25293 5
      vertex -4.81008 -6.25293 -5
    endloop
  endfacet
  facet normal -0.976331 0.216282 0
    outer loop
      vertex -4.81008 -6.25293 5
      vertex -4.81467 -6.27365 -5
      vertex -4.81467 -6.27365 5
    endloop
  endfacet
  facet normal 0.993587 -0.113068 0
    outer loop
      vertex -7.20984 -5.87284 5
      vertex -7.20744 -5.85175 -5
      vertex -7.20744 -5.85175 5
    endloop
  endfacet
  facet normal 0.993587 -0.113068 0
    outer loop
      vertex -7.20744 -5.85175 -5
      vertex -7.20984 -5.87284 5
      vertex -7.20984 -5.87284 -5
    endloop
  endfacet
  facet normal 0.979868 -0.199646 0
    outer loop
      vertex -7.19416 -5.76788 5
      vertex -7.18992 -5.74707 -5
      vertex -7.18992 -5.74707 5
    endloop
  endfacet
  facet normal 0.979868 -0.199646 0
    outer loop
      vertex -7.18992 -5.74707 -5
      vertex -7.19416 -5.76788 5
      vertex -7.19416 -5.76788 -5
    endloop
  endfacet
  facet normal -0.833786 -0.552088 0
    outer loop
      vertex -4.97975 -5.33744 -5
      vertex -4.99147 -5.31974 5
      vertex -4.99147 -5.31974 -5
    endloop
  endfacet
  facet normal -0.833786 -0.552088 0
    outer loop
      vertex -4.99147 -5.31974 5
      vertex -4.97975 -5.33744 -5
      vertex -4.97975 -5.33744 5
    endloop
  endfacet
  facet normal -0.688267 -0.725458 0
    outer loop
      vertex -5.17035 -5.1103 -5
      vertex -5.15494 -5.12492 5
      vertex -5.17035 -5.1103 5
    endloop
  endfacet
  facet normal -0.688267 -0.725458 -0
    outer loop
      vertex -5.15494 -5.12492 5
      vertex -5.17035 -5.1103 -5
      vertex -5.15494 -5.12492 -5
    endloop
  endfacet
  facet normal -0.989005 -0.14788 0
    outer loop
      vertex -4.79533 -5.8307 -5
      vertex -4.79847 -5.8097 5
      vertex -4.79847 -5.8097 -5
    endloop
  endfacet
  facet normal -0.989005 -0.14788 0
    outer loop
      vertex -4.79847 -5.8097 5
      vertex -4.79533 -5.8307 -5
      vertex -4.79533 -5.8307 5
    endloop
  endfacet
  facet normal -0.382407 0.923994 0
    outer loop
      vertex -5.52467 -7.1198 -5
      vertex -5.54429 -7.12792 5
      vertex -5.52467 -7.1198 5
    endloop
  endfacet
  facet normal -0.382407 0.923994 0
    outer loop
      vertex -5.54429 -7.12792 5
      vertex -5.52467 -7.1198 -5
      vertex -5.54429 -7.12792 -5
    endloop
  endfacet
  facet normal -0.953782 0.3005 0
    outer loop
      vertex -4.84303 -6.37592 -5
      vertex -4.83665 -6.35567 5
      vertex -4.83665 -6.35567 -5
    endloop
  endfacet
  facet normal -0.953782 0.3005 0
    outer loop
      vertex -4.83665 -6.35567 5
      vertex -4.84303 -6.37592 -5
      vertex -4.84303 -6.37592 5
    endloop
  endfacet
  facet normal 0.662696 -0.748889 0
    outer loop
      vertex -6.814 -5.09596 -5
      vertex -6.7981 -5.08189 5
      vertex -6.814 -5.09596 5
    endloop
  endfacet
  facet normal 0.662696 -0.748889 0
    outer loop
      vertex -6.7981 -5.08189 5
      vertex -6.814 -5.09596 -5
      vertex -6.7981 -5.08189 -5
    endloop
  endfacet
  facet normal -0.996937 -0.0782096 0
    outer loop
      vertex -4.78646 -5.91514 -5
      vertex -4.78812 -5.89398 5
      vertex -4.78812 -5.89398 -5
    endloop
  endfacet
  facet normal -0.996937 -0.0782096 0
    outer loop
      vertex -4.78812 -5.89398 5
      vertex -4.78646 -5.91514 -5
      vertex -4.78646 -5.91514 5
    endloop
  endfacet
  facet normal -0.026381 0.999652 0
    outer loop
      vertex -5.95755 -7.21576 -5
      vertex -5.97877 -7.21632 5
      vertex -5.95755 -7.21576 5
    endloop
  endfacet
  facet normal -0.026381 0.999652 0
    outer loop
      vertex -5.97877 -7.21632 5
      vertex -5.95755 -7.21576 -5
      vertex -5.97877 -7.21632 -5
    endloop
  endfacet
  facet normal -0.748889 0.662696 0
    outer loop
      vertex -5.09596 -6.814 -5
      vertex -5.08189 -6.7981 5
      vertex -5.08189 -6.7981 -5
    endloop
  endfacet
  facet normal -0.748889 0.662696 0
    outer loop
      vertex -5.08189 -6.7981 5
      vertex -5.09596 -6.814 -5
      vertex -5.09596 -6.814 5
    endloop
  endfacet
  facet normal 0.713204 0.700956 0
    outer loop
      vertex -6.8602 -6.8602 5
      vertex -6.87508 -6.84506 -5
      vertex -6.87508 -6.84506 5
    endloop
  endfacet
  facet normal 0.713204 0.700956 0
    outer loop
      vertex -6.87508 -6.84506 -5
      vertex -6.8602 -6.8602 5
      vertex -6.8602 -6.8602 -5
    endloop
  endfacet
  facet normal 0.430555 -0.902564 0
    outer loop
      vertex -6.53328 -4.90661 -5
      vertex -6.51412 -4.89747 5
      vertex -6.53328 -4.90661 5
    endloop
  endfacet
  facet normal 0.430555 -0.902564 0
    outer loop
      vertex -6.51412 -4.89747 5
      vertex -6.53328 -4.90661 -5
      vertex -6.51412 -4.89747 -5
    endloop
  endfacet
  facet normal 0.0782096 0.996937 -0
    outer loop
      vertex -6.08486 -7.21354 -5
      vertex -6.10602 -7.21188 5
      vertex -6.08486 -7.21354 5
    endloop
  endfacet
  facet normal 0.0782096 0.996937 0
    outer loop
      vertex -6.10602 -7.21188 5
      vertex -6.08486 -7.21354 -5
      vertex -6.10602 -7.21188 -5
    endloop
  endfacet
  facet normal -0.916988 -0.398916 0
    outer loop
      vertex -4.8802 -5.52467 -5
      vertex -4.88867 -5.5052 5
      vertex -4.88867 -5.5052 -5
    endloop
  endfacet
  facet normal -0.916988 -0.398916 0
    outer loop
      vertex -4.88867 -5.5052 5
      vertex -4.8802 -5.52467 -5
      vertex -4.8802 -5.52467 5
    endloop
  endfacet
  facet normal -0.958831 0.283976 0
    outer loop
      vertex -4.83665 -6.35567 -5
      vertex -4.83062 -6.33531 5
      vertex -4.83062 -6.33531 -5
    endloop
  endfacet
  facet normal -0.958831 0.283976 0
    outer loop
      vertex -4.83062 -6.33531 5
      vertex -4.83665 -6.35567 -5
      vertex -4.83665 -6.35567 5
    endloop
  endfacet
  facet normal 0.181786 -0.983338 0
    outer loop
      vertex -6.23212 -4.80584 -5
      vertex -6.21124 -4.80198 5
      vertex -6.23212 -4.80584 5
    endloop
  endfacet
  facet normal 0.181786 -0.983338 0
    outer loop
      vertex -6.21124 -4.80198 5
      vertex -6.23212 -4.80584 -5
      vertex -6.21124 -4.80198 -5
    endloop
  endfacet
  facet normal -0.700956 0.713204 0
    outer loop
      vertex -5.1398 -6.8602 -5
      vertex -5.15494 -6.87508 5
      vertex -5.1398 -6.8602 5
    endloop
  endfacet
  facet normal -0.700956 0.713204 0
    outer loop
      vertex -5.15494 -6.87508 5
      vertex -5.1398 -6.8602 -5
      vertex -5.15494 -6.87508 -5
    endloop
  endfacet
  facet normal 0.477102 0.878848 -0
    outer loop
      vertex -6.57111 -7.07411 -5
      vertex -6.58977 -7.06398 5
      vertex -6.57111 -7.07411 5
    endloop
  endfacet
  facet normal 0.477102 0.878848 0
    outer loop
      vertex -6.58977 -7.06398 5
      vertex -6.57111 -7.07411 -5
      vertex -6.58977 -7.06398 -5
    endloop
  endfacet
  facet normal -0.414513 -0.910044 0
    outer loop
      vertex -5.5052 -4.88867 -5
      vertex -5.48588 -4.89747 5
      vertex -5.5052 -4.88867 5
    endloop
  endfacet
  facet normal -0.414513 -0.910044 -0
    outer loop
      vertex -5.48588 -4.89747 5
      vertex -5.5052 -4.88867 -5
      vertex -5.48588 -4.89747 -5
    endloop
  endfacet
  facet normal 0.878848 0.477102 0
    outer loop
      vertex -7.06398 -6.58977 5
      vertex -7.07411 -6.57111 -5
      vertex -7.07411 -6.57111 5
    endloop
  endfacet
  facet normal 0.878848 0.477102 0
    outer loop
      vertex -7.07411 -6.57111 -5
      vertex -7.06398 -6.58977 5
      vertex -7.06398 -6.58977 -5
    endloop
  endfacet
  facet normal 0.725458 -0.688267 0
    outer loop
      vertex -6.8897 -5.17035 5
      vertex -6.87508 -5.15494 -5
      vertex -6.87508 -5.15494 5
    endloop
  endfacet
  facet normal 0.725458 -0.688267 0
    outer loop
      vertex -6.87508 -5.15494 -5
      vertex -6.8897 -5.17035 5
      vertex -6.8897 -5.17035 -5
    endloop
  endfacet
  facet normal 0.96368 -0.267061 0
    outer loop
      vertex -7.17505 -5.68515 5
      vertex -7.16938 -5.66469 -5
      vertex -7.16938 -5.66469 5
    endloop
  endfacet
  facet normal 0.96368 -0.267061 0
    outer loop
      vertex -7.16938 -5.66469 -5
      vertex -7.17505 -5.68515 5
      vertex -7.17505 -5.68515 -5
    endloop
  endfacet
  facet normal 0.910044 -0.414513 0
    outer loop
      vertex -7.11133 -5.5052 5
      vertex -7.10253 -5.48588 -5
      vertex -7.10253 -5.48588 5
    endloop
  endfacet
  facet normal 0.910044 -0.414513 0
    outer loop
      vertex -7.10253 -5.48588 -5
      vertex -7.11133 -5.5052 5
      vertex -7.11133 -5.5052 -5
    endloop
  endfacet
  facet normal -0.492585 0.870264 0
    outer loop
      vertex -5.39175 -7.05352 -5
      vertex -5.41023 -7.06398 5
      vertex -5.39175 -7.05352 5
    endloop
  endfacet
  facet normal -0.492585 0.870264 0
    outer loop
      vertex -5.41023 -7.06398 5
      vertex -5.39175 -7.05352 -5
      vertex -5.41023 -7.06398 -5
    endloop
  endfacet
  facet normal -0.333978 -0.942581 0
    outer loop
      vertex -5.60394 -4.84977 -5
      vertex -5.58393 -4.85686 5
      vertex -5.60394 -4.84977 5
    endloop
  endfacet
  facet normal -0.333978 -0.942581 -0
    outer loop
      vertex -5.58393 -4.85686 5
      vertex -5.60394 -4.84977 -5
      vertex -5.58393 -4.85686 -5
    endloop
  endfacet
  facet normal -0.552088 -0.833786 0
    outer loop
      vertex -5.33744 -4.97975 -5
      vertex -5.31974 -4.99147 5
      vertex -5.33744 -4.97975 5
    endloop
  endfacet
  facet normal -0.552088 -0.833786 -0
    outer loop
      vertex -5.31974 -4.99147 5
      vertex -5.33744 -4.97975 -5
      vertex -5.31974 -4.99147 -5
    endloop
  endfacet
  facet normal -0.594788 0.803882 0
    outer loop
      vertex -5.26789 -6.97154 -5
      vertex -5.28496 -6.98417 5
      vertex -5.26789 -6.97154 5
    endloop
  endfacet
  facet normal -0.594788 0.803882 0
    outer loop
      vertex -5.28496 -6.98417 5
      vertex -5.26789 -6.97154 -5
      vertex -5.28496 -6.98417 -5
    endloop
  endfacet
  facet normal -0.993587 0.113068 0
    outer loop
      vertex -4.79256 -6.14825 -5
      vertex -4.79016 -6.12716 5
      vertex -4.79016 -6.12716 -5
    endloop
  endfacet
  facet normal -0.993587 0.113068 0
    outer loop
      vertex -4.79016 -6.12716 5
      vertex -4.79256 -6.14825 -5
      vertex -4.79256 -6.14825 5
    endloop
  endfacet
  facet normal 0.317358 -0.948306 0
    outer loop
      vertex -6.39606 -4.84977 -5
      vertex -6.37592 -4.84303 5
      vertex -6.39606 -4.84977 5
    endloop
  endfacet
  facet normal 0.317358 -0.948306 0
    outer loop
      vertex -6.37592 -4.84303 5
      vertex -6.39606 -4.84977 -5
      vertex -6.37592 -4.84303 -5
    endloop
  endfacet
  facet normal 0.99996 0.00894924 0
    outer loop
      vertex -7.21632 -6.02123 5
      vertex -7.21651 -6 -5
      vertex -7.21651 -6 5
    endloop
  endfacet
  facet normal 0.99996 0.00894924 0
    outer loop
      vertex -7.21651 -6 -5
      vertex -7.21632 -6.02123 5
      vertex -7.21632 -6.02123 -5
    endloop
  endfacet
  facet normal -0.608481 -0.793568 0
    outer loop
      vertex -5.26789 -5.02846 -5
      vertex -5.25104 -5.04138 5
      vertex -5.26789 -5.02846 5
    endloop
  endfacet
  facet normal -0.608481 -0.793568 -0
    outer loop
      vertex -5.25104 -5.04138 5
      vertex -5.26789 -5.02846 -5
      vertex -5.25104 -5.04138 -5
    endloop
  endfacet
  facet normal -0.461664 0.887055 0
    outer loop
      vertex -5.42889 -7.07411 -5
      vertex -5.44772 -7.08391 5
      vertex -5.42889 -7.07411 5
    endloop
  endfacet
  facet normal -0.461664 0.887055 0
    outer loop
      vertex -5.44772 -7.08391 5
      vertex -5.42889 -7.07411 -5
      vertex -5.44772 -7.08391 -5
    endloop
  endfacet
  facet normal 0.688267 -0.725458 0
    outer loop
      vertex -6.84506 -5.12492 -5
      vertex -6.82965 -5.1103 5
      vertex -6.84506 -5.12492 5
    endloop
  endfacet
  facet normal 0.688267 -0.725458 0
    outer loop
      vertex -6.82965 -5.1103 5
      vertex -6.84506 -5.12492 -5
      vertex -6.82965 -5.1103 -5
    endloop
  endfacet
  facet normal -0.688267 0.725458 0
    outer loop
      vertex -5.15494 -6.87508 -5
      vertex -5.17035 -6.8897 5
      vertex -5.15494 -6.87508 5
    endloop
  endfacet
  facet normal -0.688267 0.725458 0
    outer loop
      vertex -5.17035 -6.8897 5
      vertex -5.15494 -6.87508 -5
      vertex -5.17035 -6.8897 -5
    endloop
  endfacet
  facet normal 0.537302 0.84339 -0
    outer loop
      vertex -6.64465 -7.03166 -5
      vertex -6.66256 -7.02025 5
      vertex -6.64465 -7.03166 5
    endloop
  endfacet
  facet normal 0.537302 0.84339 0
    outer loop
      vertex -6.66256 -7.02025 5
      vertex -6.64465 -7.03166 -5
      vertex -6.66256 -7.02025 -5
    endloop
  endfacet
  facet normal 0.976331 0.216282 0
    outer loop
      vertex -7.18533 -6.27365 5
      vertex -7.18992 -6.25293 -5
      vertex -7.18992 -6.25293 5
    endloop
  endfacet
  facet normal 0.976331 0.216282 0
    outer loop
      vertex -7.18992 -6.25293 -5
      vertex -7.18533 -6.27365 5
      vertex -7.18533 -6.27365 -5
    endloop
  endfacet
  facet normal 0.700956 0.713204 -0
    outer loop
      vertex -6.84506 -6.87508 -5
      vertex -6.8602 -6.8602 5
      vertex -6.84506 -6.87508 5
    endloop
  endfacet
  facet normal 0.700956 0.713204 0
    outer loop
      vertex -6.8602 -6.8602 5
      vertex -6.84506 -6.87508 -5
      vertex -6.8602 -6.8602 -5
    endloop
  endfacet
  facet normal -0.0433146 -0.999061 0
    outer loop
      vertex -5.95755 -4.78424 -5
      vertex -5.93633 -4.78516 5
      vertex -5.95755 -4.78424 5
    endloop
  endfacet
  facet normal -0.0433146 -0.999061 -0
    outer loop
      vertex -5.93633 -4.78516 5
      vertex -5.95755 -4.78424 -5
      vertex -5.93633 -4.78516 -5
    endloop
  endfacet
  facet normal -0.930253 0.36692 0
    outer loop
      vertex -4.87208 -6.45571 -5
      vertex -4.86429 -6.43596 5
      vertex -4.86429 -6.43596 -5
    endloop
  endfacet
  facet normal -0.930253 0.36692 0
    outer loop
      vertex -4.86429 -6.43596 5
      vertex -4.87208 -6.45571 -5
      vertex -4.87208 -6.45571 5
    endloop
  endfacet
  facet normal 0.130467 -0.991453 0
    outer loop
      vertex -6.1693 -4.79533 -5
      vertex -6.14825 -4.79256 5
      vertex -6.1693 -4.79533 5
    endloop
  endfacet
  facet normal 0.130467 -0.991453 0
    outer loop
      vertex -6.14825 -4.79256 5
      vertex -6.1693 -4.79533 -5
      vertex -6.14825 -4.79256 -5
    endloop
  endfacet
  facet normal 0.983338 0.181786 0
    outer loop
      vertex -7.19416 -6.23212 5
      vertex -7.19802 -6.21124 -5
      vertex -7.19802 -6.21124 5
    endloop
  endfacet
  facet normal 0.983338 0.181786 0
    outer loop
      vertex -7.19802 -6.21124 -5
      vertex -7.19416 -6.23212 5
      vertex -7.19416 -6.23212 -5
    endloop
  endfacet
  facet normal 0.748889 0.662696 0
    outer loop
      vertex -6.90404 -6.814 5
      vertex -6.91811 -6.7981 -5
      vertex -6.91811 -6.7981 5
    endloop
  endfacet
  facet normal 0.748889 0.662696 0
    outer loop
      vertex -6.91811 -6.7981 -5
      vertex -6.90404 -6.814 5
      vertex -6.90404 -6.814 -5
    endloop
  endfacet
  facet normal -0.999061 0.0433146 0
    outer loop
      vertex -4.78516 -6.06367 -5
      vertex -4.78424 -6.04245 5
      vertex -4.78424 -6.04245 -5
    endloop
  endfacet
  facet normal -0.999061 0.0433146 0
    outer loop
      vertex -4.78424 -6.04245 5
      vertex -4.78516 -6.06367 -5
      vertex -4.78516 -6.06367 5
    endloop
  endfacet
  facet normal -0.44646 -0.894804 0
    outer loop
      vertex -5.46672 -4.90661 -5
      vertex -5.44772 -4.91609 5
      vertex -5.46672 -4.90661 5
    endloop
  endfacet
  facet normal -0.44646 -0.894804 -0
    outer loop
      vertex -5.44772 -4.91609 5
      vertex -5.46672 -4.90661 -5
      vertex -5.44772 -4.91609 -5
    endloop
  endfacet
  facet normal -0.870264 -0.492585 0
    outer loop
      vertex -4.93602 -5.41023 -5
      vertex -4.94648 -5.39175 5
      vertex -4.94648 -5.39175 -5
    endloop
  endfacet
  facet normal -0.870264 -0.492585 0
    outer loop
      vertex -4.94648 -5.39175 5
      vertex -4.93602 -5.41023 -5
      vertex -4.93602 -5.41023 5
    endloop
  endfacet
  facet normal -0.414513 0.910044 0
    outer loop
      vertex -5.48588 -7.10253 -5
      vertex -5.5052 -7.11133 5
      vertex -5.48588 -7.10253 5
    endloop
  endfacet
  facet normal -0.414513 0.910044 0
    outer loop
      vertex -5.5052 -7.11133 5
      vertex -5.48588 -7.10253 -5
      vertex -5.5052 -7.11133 -5
    endloop
  endfacet
  facet normal 0.948306 0.317358 0
    outer loop
      vertex -7.15023 -6.39606 5
      vertex -7.15697 -6.37592 -5
      vertex -7.15697 -6.37592 5
    endloop
  endfacet
  facet normal 0.948306 0.317358 0
    outer loop
      vertex -7.15697 -6.37592 -5
      vertex -7.15023 -6.39606 5
      vertex -7.15023 -6.39606 -5
    endloop
  endfacet
  facet normal -0.986241 -0.165315 0
    outer loop
      vertex -4.79847 -5.8097 -5
      vertex -4.80198 -5.78876 5
      vertex -4.80198 -5.78876 -5
    endloop
  endfacet
  facet normal -0.986241 -0.165315 0
    outer loop
      vertex -4.80198 -5.78876 5
      vertex -4.79847 -5.8097 -5
      vertex -4.79847 -5.8097 5
    endloop
  endfacet
  facet normal 0.936774 -0.349936 0
    outer loop
      vertex -7.14314 -5.58393 5
      vertex -7.13571 -5.56404 -5
      vertex -7.13571 -5.56404 5
    endloop
  endfacet
  facet normal 0.936774 -0.349936 0
    outer loop
      vertex -7.13571 -5.56404 -5
      vertex -7.14314 -5.58393 5
      vertex -7.14314 -5.58393 -5
    endloop
  endfacet
  facet normal 0.993587 0.113068 0
    outer loop
      vertex -7.20744 -6.14825 5
      vertex -7.20984 -6.12716 -5
      vertex -7.20984 -6.12716 5
    endloop
  endfacet
  facet normal 0.993587 0.113068 0
    outer loop
      vertex -7.20984 -6.12716 -5
      vertex -7.20744 -6.14825 5
      vertex -7.20744 -6.14825 -5
    endloop
  endfacet
  facet normal 0.62274 0.782429 -0
    outer loop
      vertex -6.74896 -6.95862 -5
      vertex -6.76557 -6.9454 5
      vertex -6.74896 -6.95862 5
    endloop
  endfacet
  facet normal 0.62274 0.782429 0
    outer loop
      vertex -6.76557 -6.9454 5
      vertex -6.74896 -6.95862 -5
      vertex -6.76557 -6.9454 -5
    endloop
  endfacet
  facet normal 0.713204 -0.700956 0
    outer loop
      vertex -6.87508 -5.15494 5
      vertex -6.8602 -5.1398 -5
      vertex -6.8602 -5.1398 5
    endloop
  endfacet
  facet normal 0.713204 -0.700956 0
    outer loop
      vertex -6.8602 -5.1398 -5
      vertex -6.87508 -5.15494 5
      vertex -6.87508 -5.15494 -5
    endloop
  endfacet
  facet normal 0.803882 -0.594788 0
    outer loop
      vertex -6.98417 -5.28496 5
      vertex -6.97154 -5.26789 -5
      vertex -6.97154 -5.26789 5
    endloop
  endfacet
  facet normal 0.803882 -0.594788 0
    outer loop
      vertex -6.97154 -5.26789 -5
      vertex -6.98417 -5.28496 5
      vertex -6.98417 -5.28496 -5
    endloop
  endfacet
  facet normal -0.979868 0.199646 0
    outer loop
      vertex -4.81008 -6.25293 -5
      vertex -4.80584 -6.23212 5
      vertex -4.80584 -6.23212 -5
    endloop
  endfacet
  facet normal -0.979868 0.199646 0
    outer loop
      vertex -4.80584 -6.23212 5
      vertex -4.81008 -6.25293 -5
      vertex -4.81008 -6.25293 5
    endloop
  endfacet
  facet normal 0.953782 0.3005 0
    outer loop
      vertex -7.15697 -6.37592 5
      vertex -7.16335 -6.35567 -5
      vertex -7.16335 -6.35567 5
    endloop
  endfacet
  facet normal 0.953782 0.3005 0
    outer loop
      vertex -7.16335 -6.35567 -5
      vertex -7.15697 -6.37592 5
      vertex -7.15697 -6.37592 -5
    endloop
  endfacet
  facet normal 0.84339 0.537302 0
    outer loop
      vertex -7.02025 -6.66256 5
      vertex -7.03166 -6.64465 -5
      vertex -7.03166 -6.64465 5
    endloop
  endfacet
  facet normal 0.84339 0.537302 0
    outer loop
      vertex -7.03166 -6.64465 -5
      vertex -7.02025 -6.66256 5
      vertex -7.02025 -6.66256 -5
    endloop
  endfacet
  facet normal 0.522441 -0.852676 0
    outer loop
      vertex -6.64465 -4.96834 -5
      vertex -6.62655 -4.95725 5
      vertex -6.64465 -4.96834 5
    endloop
  endfacet
  facet normal 0.522441 -0.852676 0
    outer loop
      vertex -6.62655 -4.95725 5
      vertex -6.64465 -4.96834 -5
      vertex -6.62655 -4.95725 -5
    endloop
  endfacet
  facet normal 0.492585 0.870264 -0
    outer loop
      vertex -6.58977 -7.06398 -5
      vertex -6.60825 -7.05352 5
      vertex -6.58977 -7.06398 5
    endloop
  endfacet
  facet normal 0.492585 0.870264 0
    outer loop
      vertex -6.60825 -7.05352 5
      vertex -6.58977 -7.06398 -5
      vertex -6.60825 -7.05352 -5
    endloop
  endfacet
  facet normal 0.675575 -0.737291 0
    outer loop
      vertex -6.82965 -5.1103 -5
      vertex -6.814 -5.09596 5
      vertex -6.82965 -5.1103 5
    endloop
  endfacet
  facet normal 0.675575 -0.737291 0
    outer loop
      vertex -6.814 -5.09596 5
      vertex -6.82965 -5.1103 -5
      vertex -6.814 -5.09596 -5
    endloop
  endfacet
  facet normal 0.636004 -0.771685 0
    outer loop
      vertex -6.78195 -5.0681 -5
      vertex -6.76557 -5.0546 5
      vertex -6.78195 -5.0681 5
    endloop
  endfacet
  facet normal 0.636004 -0.771685 0
    outer loop
      vertex -6.76557 -5.0546 5
      vertex -6.78195 -5.0681 -5
      vertex -6.76557 -5.0546 -5
    endloop
  endfacet
  facet normal -0.861825 -0.507205 0
    outer loop
      vertex -4.94648 -5.39175 -5
      vertex -4.95725 -5.37345 5
      vertex -4.95725 -5.37345 -5
    endloop
  endfacet
  facet normal -0.861825 -0.507205 0
    outer loop
      vertex -4.95725 -5.37345 5
      vertex -4.94648 -5.39175 -5
      vertex -4.94648 -5.39175 5
    endloop
  endfacet
  facet normal -0.878848 -0.477102 0
    outer loop
      vertex -4.92589 -5.42889 -5
      vertex -4.93602 -5.41023 5
      vertex -4.93602 -5.41023 -5
    endloop
  endfacet
  facet normal -0.878848 -0.477102 0
    outer loop
      vertex -4.93602 -5.41023 5
      vertex -4.92589 -5.42889 -5
      vertex -4.92589 -5.42889 5
    endloop
  endfacet
  facet normal 0.99996 -0.00894924 0
    outer loop
      vertex -7.21651 -6 5
      vertex -7.21632 -5.97877 -5
      vertex -7.21632 -5.97877 5
    endloop
  endfacet
  facet normal 0.99996 -0.00894924 0
    outer loop
      vertex -7.21632 -5.97877 -5
      vertex -7.21651 -6 5
      vertex -7.21651 -6 -5
    endloop
  endfacet
  facet normal -0.84339 0.537302 0
    outer loop
      vertex -4.97975 -6.66256 -5
      vertex -4.96834 -6.64465 5
      vertex -4.96834 -6.64465 -5
    endloop
  endfacet
  facet normal -0.84339 0.537302 0
    outer loop
      vertex -4.96834 -6.64465 5
      vertex -4.97975 -6.66256 -5
      vertex -4.97975 -6.66256 5
    endloop
  endfacet
  facet normal -0.968086 0.250619 0
    outer loop
      vertex -4.82495 -6.31485 -5
      vertex -4.81963 -6.2943 5
      vertex -4.81963 -6.2943 -5
    endloop
  endfacet
  facet normal -0.968086 0.250619 0
    outer loop
      vertex -4.81963 -6.2943 5
      vertex -4.82495 -6.31485 -5
      vertex -4.82495 -6.31485 5
    endloop
  endfacet
  facet normal -0.507205 0.861825 0
    outer loop
      vertex -5.37345 -7.04275 -5
      vertex -5.39175 -7.05352 5
      vertex -5.37345 -7.04275 5
    endloop
  endfacet
  facet normal -0.507205 0.861825 0
    outer loop
      vertex -5.39175 -7.05352 5
      vertex -5.37345 -7.04275 -5
      vertex -5.39175 -7.05352 -5
    endloop
  endfacet
  facet normal -0.636004 -0.771685 0
    outer loop
      vertex -5.23443 -5.0546 -5
      vertex -5.21805 -5.0681 5
      vertex -5.23443 -5.0546 5
    endloop
  endfacet
  facet normal -0.636004 -0.771685 -0
    outer loop
      vertex -5.21805 -5.0681 5
      vertex -5.23443 -5.0546 -5
      vertex -5.21805 -5.0681 -5
    endloop
  endfacet
  facet normal 0.737291 -0.675575 0
    outer loop
      vertex -6.90404 -5.186 5
      vertex -6.8897 -5.17035 -5
      vertex -6.8897 -5.17035 5
    endloop
  endfacet
  facet normal 0.737291 -0.675575 0
    outer loop
      vertex -6.8897 -5.17035 -5
      vertex -6.90404 -5.186 5
      vertex -6.90404 -5.186 -5
    endloop
  endfacet
  facet normal 0.81402 -0.580837 0
    outer loop
      vertex -6.9965 -5.30224 5
      vertex -6.98417 -5.28496 -5
      vertex -6.98417 -5.28496 5
    endloop
  endfacet
  facet normal 0.81402 -0.580837 0
    outer loop
      vertex -6.98417 -5.28496 -5
      vertex -6.9965 -5.30224 5
      vertex -6.9965 -5.30224 -5
    endloop
  endfacet
  facet normal -0.552088 0.833786 0
    outer loop
      vertex -5.31974 -7.00853 -5
      vertex -5.33744 -7.02025 5
      vertex -5.31974 -7.00853 5
    endloop
  endfacet
  facet normal -0.552088 0.833786 0
    outer loop
      vertex -5.33744 -7.02025 5
      vertex -5.31974 -7.00853 -5
      vertex -5.33744 -7.02025 -5
    endloop
  endfacet
  facet normal 0.165315 0.986241 -0
    outer loop
      vertex -6.1903 -7.20153 -5
      vertex -6.21124 -7.19802 5
      vertex -6.1903 -7.20153 5
    endloop
  endfacet
  facet normal 0.165315 0.986241 0
    outer loop
      vertex -6.21124 -7.19802 5
      vertex -6.1903 -7.20153 -5
      vertex -6.21124 -7.19802 -5
    endloop
  endfacet
  facet normal 0.958831 -0.283976 0
    outer loop
      vertex -7.16938 -5.66469 5
      vertex -7.16335 -5.64433 -5
      vertex -7.16335 -5.64433 5
    endloop
  endfacet
  facet normal 0.958831 -0.283976 0
    outer loop
      vertex -7.16335 -5.64433 -5
      vertex -7.16938 -5.66469 5
      vertex -7.16938 -5.66469 -5
    endloop
  endfacet
  facet normal -0.878848 0.477102 0
    outer loop
      vertex -4.93602 -6.58977 -5
      vertex -4.92589 -6.57111 5
      vertex -4.92589 -6.57111 -5
    endloop
  endfacet
  facet normal -0.878848 0.477102 0
    outer loop
      vertex -4.92589 -6.57111 5
      vertex -4.93602 -6.58977 -5
      vertex -4.93602 -6.58977 5
    endloop
  endfacet
  facet normal 0.492585 -0.870264 0
    outer loop
      vertex -6.60825 -4.94648 -5
      vertex -6.58977 -4.93602 5
      vertex -6.60825 -4.94648 5
    endloop
  endfacet
  facet normal 0.492585 -0.870264 0
    outer loop
      vertex -6.58977 -4.93602 5
      vertex -6.60825 -4.94648 -5
      vertex -6.58977 -4.93602 -5
    endloop
  endfacet
  facet normal 0.782429 -0.62274 0
    outer loop
      vertex -6.95862 -5.25104 5
      vertex -6.9454 -5.23443 -5
      vertex -6.9454 -5.23443 5
    endloop
  endfacet
  facet normal 0.782429 -0.62274 0
    outer loop
      vertex -6.9454 -5.23443 -5
      vertex -6.95862 -5.25104 5
      vertex -6.95862 -5.25104 -5
    endloop
  endfacet
  facet normal 0.44646 -0.894804 0
    outer loop
      vertex -6.55228 -4.91609 -5
      vertex -6.53328 -4.90661 5
      vertex -6.55228 -4.91609 5
    endloop
  endfacet
  facet normal 0.44646 -0.894804 0
    outer loop
      vertex -6.53328 -4.90661 5
      vertex -6.55228 -4.91609 -5
      vertex -6.53328 -4.90661 -5
    endloop
  endfacet
  facet normal 0.552088 0.833786 -0
    outer loop
      vertex -6.66256 -7.02025 -5
      vertex -6.68026 -7.00853 5
      vertex -6.66256 -7.02025 5
    endloop
  endfacet
  facet normal 0.552088 0.833786 0
    outer loop
      vertex -6.68026 -7.00853 5
      vertex -6.66256 -7.02025 -5
      vertex -6.68026 -7.00853 -5
    endloop
  endfacet
  facet normal -0.317358 0.948306 0
    outer loop
      vertex -5.60394 -7.15023 -5
      vertex -5.62408 -7.15697 5
      vertex -5.60394 -7.15023 5
    endloop
  endfacet
  facet normal -0.317358 0.948306 0
    outer loop
      vertex -5.62408 -7.15697 5
      vertex -5.60394 -7.15023 -5
      vertex -5.62408 -7.15697 -5
    endloop
  endfacet
  facet normal -0.181786 -0.983338 0
    outer loop
      vertex -5.78876 -4.80198 -5
      vertex -5.76788 -4.80584 5
      vertex -5.78876 -4.80198 5
    endloop
  endfacet
  facet normal -0.181786 -0.983338 -0
    outer loop
      vertex -5.76788 -4.80584 5
      vertex -5.78876 -4.80198 -5
      vertex -5.76788 -4.80584 -5
    endloop
  endfacet
  facet normal 0.636004 0.771685 -0
    outer loop
      vertex -6.76557 -6.9454 -5
      vertex -6.78195 -6.9319 5
      vertex -6.76557 -6.9454 5
    endloop
  endfacet
  facet normal 0.636004 0.771685 0
    outer loop
      vertex -6.78195 -6.9319 5
      vertex -6.76557 -6.9454 -5
      vertex -6.78195 -6.9319 -5
    endloop
  endfacet
  facet normal 0.349936 0.936774 -0
    outer loop
      vertex -6.41607 -7.14314 -5
      vertex -6.43596 -7.13571 5
      vertex -6.41607 -7.14314 5
    endloop
  endfacet
  facet normal 0.349936 0.936774 0
    outer loop
      vertex -6.43596 -7.13571 5
      vertex -6.41607 -7.14314 -5
      vertex -6.43596 -7.13571 -5
    endloop
  endfacet
  facet normal -0.675575 -0.737291 0
    outer loop
      vertex -5.186 -5.09596 -5
      vertex -5.17035 -5.1103 5
      vertex -5.186 -5.09596 5
    endloop
  endfacet
  facet normal -0.675575 -0.737291 -0
    outer loop
      vertex -5.17035 -5.1103 5
      vertex -5.186 -5.09596 -5
      vertex -5.17035 -5.1103 -5
    endloop
  endfacet
  facet normal 0.824069 -0.566489 0
    outer loop
      vertex -7.00853 -5.31974 5
      vertex -6.9965 -5.30224 -5
      vertex -6.9965 -5.30224 5
    endloop
  endfacet
  facet normal 0.824069 -0.566489 0
    outer loop
      vertex -6.9965 -5.30224 -5
      vertex -7.00853 -5.31974 5
      vertex -7.00853 -5.31974 -5
    endloop
  endfacet
  facet normal -0.861825 0.507205 0
    outer loop
      vertex -4.95725 -6.62655 -5
      vertex -4.94648 -6.60825 5
      vertex -4.94648 -6.60825 -5
    endloop
  endfacet
  facet normal -0.861825 0.507205 0
    outer loop
      vertex -4.94648 -6.60825 5
      vertex -4.95725 -6.62655 -5
      vertex -4.95725 -6.62655 5
    endloop
  endfacet
  facet normal -0.737291 -0.675575 0
    outer loop
      vertex -5.09596 -5.186 -5
      vertex -5.1103 -5.17035 5
      vertex -5.1103 -5.17035 -5
    endloop
  endfacet
  facet normal -0.737291 -0.675575 0
    outer loop
      vertex -5.1103 -5.17035 5
      vertex -5.09596 -5.186 -5
      vertex -5.09596 -5.186 5
    endloop
  endfacet
  facet normal -0.748889 -0.662696 0
    outer loop
      vertex -5.08189 -5.2019 -5
      vertex -5.09596 -5.186 5
      vertex -5.09596 -5.186 -5
    endloop
  endfacet
  facet normal -0.748889 -0.662696 0
    outer loop
      vertex -5.09596 -5.186 5
      vertex -5.08189 -5.2019 -5
      vertex -5.08189 -5.2019 5
    endloop
  endfacet
  facet normal -0.989005 0.14788 0
    outer loop
      vertex -4.79847 -6.1903 -5
      vertex -4.79533 -6.1693 5
      vertex -4.79533 -6.1693 -5
    endloop
  endfacet
  facet normal -0.989005 0.14788 0
    outer loop
      vertex -4.79533 -6.1693 5
      vertex -4.79847 -6.1903 -5
      vertex -4.79847 -6.1903 5
    endloop
  endfacet
  facet normal -0.430555 -0.902564 0
    outer loop
      vertex -5.48588 -4.89747 -5
      vertex -5.46672 -4.90661 5
      vertex -5.48588 -4.89747 5
    endloop
  endfacet
  facet normal -0.430555 -0.902564 -0
    outer loop
      vertex -5.46672 -4.90661 5
      vertex -5.48588 -4.89747 -5
      vertex -5.46672 -4.90661 -5
    endloop
  endfacet
  facet normal 0.930253 -0.36692 0
    outer loop
      vertex -7.13571 -5.56404 5
      vertex -7.12792 -5.54429 -5
      vertex -7.12792 -5.54429 5
    endloop
  endfacet
  facet normal 0.930253 -0.36692 0
    outer loop
      vertex -7.12792 -5.54429 -5
      vertex -7.13571 -5.56404 5
      vertex -7.13571 -5.56404 -5
    endloop
  endfacet
  facet normal 0.995376 -0.0960533 0
    outer loop
      vertex -7.21188 -5.89398 5
      vertex -7.20984 -5.87284 -5
      vertex -7.20984 -5.87284 5
    endloop
  endfacet
  facet normal 0.995376 -0.0960533 0
    outer loop
      vertex -7.20984 -5.87284 -5
      vertex -7.21188 -5.89398 5
      vertex -7.21188 -5.89398 -5
    endloop
  endfacet
  facet normal 0.0960533 -0.995376 0
    outer loop
      vertex -6.12716 -4.79016 -5
      vertex -6.10602 -4.78812 5
      vertex -6.12716 -4.79016 5
    endloop
  endfacet
  facet normal 0.0960533 -0.995376 0
    outer loop
      vertex -6.10602 -4.78812 5
      vertex -6.12716 -4.79016 -5
      vertex -6.10602 -4.78812 -5
    endloop
  endfacet
  facet normal -0.96368 0.267061 0
    outer loop
      vertex -4.83062 -6.33531 -5
      vertex -4.82495 -6.31485 5
      vertex -4.82495 -6.31485 -5
    endloop
  endfacet
  facet normal -0.96368 0.267061 0
    outer loop
      vertex -4.82495 -6.31485 5
      vertex -4.83062 -6.33531 -5
      vertex -4.83062 -6.33531 5
    endloop
  endfacet
  facet normal 0.398916 0.916988 -0
    outer loop
      vertex -6.47533 -7.1198 -5
      vertex -6.4948 -7.11133 5
      vertex -6.47533 -7.1198 5
    endloop
  endfacet
  facet normal 0.398916 0.916988 0
    outer loop
      vertex -6.4948 -7.11133 5
      vertex -6.47533 -7.1198 -5
      vertex -6.4948 -7.11133 -5
    endloop
  endfacet
  facet normal -0.976331 -0.216282 0
    outer loop
      vertex -4.81008 -5.74707 -5
      vertex -4.81467 -5.72635 5
      vertex -4.81467 -5.72635 -5
    endloop
  endfacet
  facet normal -0.976331 -0.216282 0
    outer loop
      vertex -4.81467 -5.72635 5
      vertex -4.81008 -5.74707 -5
      vertex -4.81008 -5.74707 5
    endloop
  endfacet
  facet normal -0.250619 0.968086 0
    outer loop
      vertex -5.68515 -7.17505 -5
      vertex -5.7057 -7.18037 5
      vertex -5.68515 -7.17505 5
    endloop
  endfacet
  facet normal -0.250619 0.968086 0
    outer loop
      vertex -5.7057 -7.18037 5
      vertex -5.68515 -7.17505 -5
      vertex -5.7057 -7.18037 -5
    endloop
  endfacet
  facet normal 0.852676 0.522441 0
    outer loop
      vertex -7.03166 -6.64465 5
      vertex -7.04275 -6.62655 -5
      vertex -7.04275 -6.62655 5
    endloop
  endfacet
  facet normal 0.852676 0.522441 0
    outer loop
      vertex -7.04275 -6.62655 -5
      vertex -7.03166 -6.64465 5
      vertex -7.03166 -6.64465 -5
    endloop
  endfacet
  facet normal -0.36692 -0.930253 0
    outer loop
      vertex -5.56404 -4.86429 -5
      vertex -5.54429 -4.87208 5
      vertex -5.56404 -4.86429 5
    endloop
  endfacet
  facet normal -0.36692 -0.930253 -0
    outer loop
      vertex -5.54429 -4.87208 5
      vertex -5.56404 -4.86429 -5
      vertex -5.54429 -4.87208 -5
    endloop
  endfacet
  facet normal -0.894804 0.44646 0
    outer loop
      vertex -4.91609 -6.55228 -5
      vertex -4.90661 -6.53328 5
      vertex -4.90661 -6.53328 -5
    endloop
  endfacet
  facet normal -0.894804 0.44646 0
    outer loop
      vertex -4.90661 -6.53328 5
      vertex -4.91609 -6.55228 -5
      vertex -4.91609 -6.55228 5
    endloop
  endfacet
  facet normal 0.986241 -0.165315 0
    outer loop
      vertex -7.20153 -5.8097 5
      vertex -7.19802 -5.78876 -5
      vertex -7.19802 -5.78876 5
    endloop
  endfacet
  facet normal 0.986241 -0.165315 0
    outer loop
      vertex -7.19802 -5.78876 -5
      vertex -7.20153 -5.8097 5
      vertex -7.20153 -5.8097 -5
    endloop
  endfacet
  facet normal -0.349936 -0.936774 0
    outer loop
      vertex -5.58393 -4.85686 -5
      vertex -5.56404 -4.86429 5
      vertex -5.58393 -4.85686 5
    endloop
  endfacet
  facet normal -0.349936 -0.936774 -0
    outer loop
      vertex -5.56404 -4.86429 5
      vertex -5.58393 -4.85686 -5
      vertex -5.56404 -4.86429 -5
    endloop
  endfacet
  facet normal -0.96368 -0.267061 0
    outer loop
      vertex -4.82495 -5.68515 -5
      vertex -4.83062 -5.66469 5
      vertex -4.83062 -5.66469 -5
    endloop
  endfacet
  facet normal -0.96368 -0.267061 0
    outer loop
      vertex -4.83062 -5.66469 5
      vertex -4.82495 -5.68515 -5
      vertex -4.82495 -5.68515 5
    endloop
  endfacet
  facet normal -0.923994 -0.382407 0
    outer loop
      vertex -4.87208 -5.54429 -5
      vertex -4.8802 -5.52467 5
      vertex -4.8802 -5.52467 -5
    endloop
  endfacet
  facet normal -0.923994 -0.382407 0
    outer loop
      vertex -4.8802 -5.52467 5
      vertex -4.87208 -5.54429 -5
      vertex -4.87208 -5.54429 5
    endloop
  endfacet
  facet normal 0.113068 0.993587 -0
    outer loop
      vertex -6.12716 -7.20984 -5
      vertex -6.14825 -7.20744 5
      vertex -6.12716 -7.20984 5
    endloop
  endfacet
  facet normal 0.113068 0.993587 0
    outer loop
      vertex -6.14825 -7.20744 5
      vertex -6.12716 -7.20984 -5
      vertex -6.14825 -7.20744 -5
    endloop
  endfacet
  facet normal -0.00894924 -0.99996 0
    outer loop
      vertex -6 -4.78349 -5
      vertex -5.97877 -4.78368 5
      vertex -6 -4.78349 5
    endloop
  endfacet
  facet normal -0.00894924 -0.99996 -0
    outer loop
      vertex -5.97877 -4.78368 5
      vertex -6 -4.78349 -5
      vertex -5.97877 -4.78368 -5
    endloop
  endfacet
  facet normal 0.998123 0.0612346 0
    outer loop
      vertex -7.21354 -6.08486 5
      vertex -7.21484 -6.06367 -5
      vertex -7.21484 -6.06367 5
    endloop
  endfacet
  facet normal 0.998123 0.0612346 0
    outer loop
      vertex -7.21484 -6.06367 -5
      vertex -7.21354 -6.08486 5
      vertex -7.21354 -6.08486 -5
    endloop
  endfacet
  facet normal -0.477102 -0.878848 0
    outer loop
      vertex -5.42889 -4.92589 -5
      vertex -5.41023 -4.93602 5
      vertex -5.42889 -4.92589 5
    endloop
  endfacet
  facet normal -0.477102 -0.878848 -0
    outer loop
      vertex -5.41023 -4.93602 5
      vertex -5.42889 -4.92589 -5
      vertex -5.41023 -4.93602 -5
    endloop
  endfacet
  facet normal 0.461664 -0.887055 0
    outer loop
      vertex -6.57111 -4.92589 -5
      vertex -6.55228 -4.91609 5
      vertex -6.57111 -4.92589 5
    endloop
  endfacet
  facet normal 0.461664 -0.887055 0
    outer loop
      vertex -6.55228 -4.91609 5
      vertex -6.57111 -4.92589 -5
      vertex -6.55228 -4.91609 -5
    endloop
  endfacet
  facet normal 0.199646 0.979868 -0
    outer loop
      vertex -6.23212 -7.19416 -5
      vertex -6.25293 -7.18992 5
      vertex -6.23212 -7.19416 5
    endloop
  endfacet
  facet normal 0.199646 0.979868 0
    outer loop
      vertex -6.25293 -7.18992 5
      vertex -6.23212 -7.19416 -5
      vertex -6.25293 -7.18992 -5
    endloop
  endfacet
  facet normal 0.998123 -0.0612346 0
    outer loop
      vertex -7.21484 -5.93633 5
      vertex -7.21354 -5.91514 -5
      vertex -7.21354 -5.91514 5
    endloop
  endfacet
  facet normal 0.998123 -0.0612346 0
    outer loop
      vertex -7.21354 -5.91514 -5
      vertex -7.21484 -5.93633 5
      vertex -7.21484 -5.93633 -5
    endloop
  endfacet
  facet normal 0.36692 0.930253 -0
    outer loop
      vertex -6.43596 -7.13571 -5
      vertex -6.45571 -7.12792 5
      vertex -6.43596 -7.13571 5
    endloop
  endfacet
  facet normal 0.36692 0.930253 0
    outer loop
      vertex -6.45571 -7.12792 5
      vertex -6.43596 -7.13571 -5
      vertex -6.45571 -7.12792 -5
    endloop
  endfacet
  facet normal 0.902564 0.430555 0
    outer loop
      vertex -7.09339 -6.53328 5
      vertex -7.10253 -6.51412 -5
      vertex -7.10253 -6.51412 5
    endloop
  endfacet
  facet normal 0.902564 0.430555 0
    outer loop
      vertex -7.10253 -6.51412 -5
      vertex -7.09339 -6.53328 5
      vertex -7.09339 -6.53328 -5
    endloop
  endfacet
  facet normal 0.507205 -0.861825 0
    outer loop
      vertex -6.62655 -4.95725 -5
      vertex -6.60825 -4.94648 5
      vertex -6.62655 -4.95725 5
    endloop
  endfacet
  facet normal 0.507205 -0.861825 0
    outer loop
      vertex -6.60825 -4.94648 5
      vertex -6.62655 -4.95725 -5
      vertex -6.60825 -4.94648 -5
    endloop
  endfacet
  facet normal -0.594788 -0.803882 0
    outer loop
      vertex -5.28496 -5.01583 -5
      vertex -5.26789 -5.02846 5
      vertex -5.28496 -5.01583 5
    endloop
  endfacet
  facet normal -0.594788 -0.803882 -0
    outer loop
      vertex -5.26789 -5.02846 5
      vertex -5.28496 -5.01583 -5
      vertex -5.26789 -5.02846 -5
    endloop
  endfacet
  facet normal 0.522441 0.852676 -0
    outer loop
      vertex -6.62655 -7.04275 -5
      vertex -6.64465 -7.03166 5
      vertex -6.62655 -7.04275 5
    endloop
  endfacet
  facet normal 0.522441 0.852676 0
    outer loop
      vertex -6.64465 -7.03166 5
      vertex -6.62655 -7.04275 -5
      vertex -6.64465 -7.03166 -5
    endloop
  endfacet
  facet normal 0.430555 0.902564 -0
    outer loop
      vertex -6.51412 -7.10253 -5
      vertex -6.53328 -7.09339 5
      vertex -6.51412 -7.10253 5
    endloop
  endfacet
  facet normal 0.430555 0.902564 0
    outer loop
      vertex -6.53328 -7.09339 5
      vertex -6.51412 -7.10253 -5
      vertex -6.53328 -7.09339 -5
    endloop
  endfacet
  facet normal 0.916988 0.398916 0
    outer loop
      vertex -7.11133 -6.4948 5
      vertex -7.1198 -6.47533 -5
      vertex -7.1198 -6.47533 5
    endloop
  endfacet
  facet normal 0.916988 0.398916 0
    outer loop
      vertex -7.1198 -6.47533 -5
      vertex -7.11133 -6.4948 5
      vertex -7.11133 -6.4948 -5
    endloop
  endfacet
  facet normal 0.803882 0.594788 0
    outer loop
      vertex -6.97154 -6.73211 5
      vertex -6.98417 -6.71504 -5
      vertex -6.98417 -6.71504 5
    endloop
  endfacet
  facet normal 0.803882 0.594788 0
    outer loop
      vertex -6.98417 -6.71504 -5
      vertex -6.97154 -6.73211 5
      vertex -6.97154 -6.73211 -5
    endloop
  endfacet
  facet normal -0.216282 -0.976331 0
    outer loop
      vertex -5.74707 -4.81008 -5
      vertex -5.72635 -4.81467 5
      vertex -5.74707 -4.81008 5
    endloop
  endfacet
  facet normal -0.216282 -0.976331 -0
    outer loop
      vertex -5.72635 -4.81467 5
      vertex -5.74707 -4.81008 -5
      vertex -5.72635 -4.81467 -5
    endloop
  endfacet
  facet normal 0.537302 -0.84339 0
    outer loop
      vertex -6.66256 -4.97975 -5
      vertex -6.64465 -4.96834 5
      vertex -6.66256 -4.97975 5
    endloop
  endfacet
  facet normal 0.537302 -0.84339 0
    outer loop
      vertex -6.64465 -4.96834 5
      vertex -6.66256 -4.97975 -5
      vertex -6.64465 -4.96834 -5
    endloop
  endfacet
  facet normal -0.199646 0.979868 0
    outer loop
      vertex -5.74707 -7.18992 -5
      vertex -5.76788 -7.19416 5
      vertex -5.74707 -7.18992 5
    endloop
  endfacet
  facet normal -0.199646 0.979868 0
    outer loop
      vertex -5.76788 -7.19416 5
      vertex -5.74707 -7.18992 -5
      vertex -5.76788 -7.19416 -5
    endloop
  endfacet
  facet normal -0.608481 0.793568 0
    outer loop
      vertex -5.25104 -6.95862 -5
      vertex -5.26789 -6.97154 5
      vertex -5.25104 -6.95862 5
    endloop
  endfacet
  facet normal -0.608481 0.793568 0
    outer loop
      vertex -5.26789 -6.97154 5
      vertex -5.25104 -6.95862 -5
      vertex -5.26789 -6.97154 -5
    endloop
  endfacet
  facet normal -0.283976 -0.958831 0
    outer loop
      vertex -5.66469 -4.83062 -5
      vertex -5.64433 -4.83665 5
      vertex -5.66469 -4.83062 5
    endloop
  endfacet
  facet normal -0.283976 -0.958831 -0
    outer loop
      vertex -5.64433 -4.83665 5
      vertex -5.66469 -4.83062 -5
      vertex -5.64433 -4.83665 -5
    endloop
  endfacet
  facet normal 0.771685 0.636004 0
    outer loop
      vertex -6.9319 -6.78195 5
      vertex -6.9454 -6.76557 -5
      vertex -6.9454 -6.76557 5
    endloop
  endfacet
  facet normal 0.771685 0.636004 0
    outer loop
      vertex -6.9454 -6.76557 -5
      vertex -6.9319 -6.78195 5
      vertex -6.9319 -6.78195 -5
    endloop
  endfacet
  facet normal 0.566489 0.824069 -0
    outer loop
      vertex -6.68026 -7.00853 -5
      vertex -6.69776 -6.9965 5
      vertex -6.68026 -7.00853 5
    endloop
  endfacet
  facet normal 0.566489 0.824069 0
    outer loop
      vertex -6.69776 -6.9965 5
      vertex -6.68026 -7.00853 -5
      vertex -6.69776 -6.9965 -5
    endloop
  endfacet
  facet normal -0.870264 0.492585 0
    outer loop
      vertex -4.94648 -6.60825 -5
      vertex -4.93602 -6.58977 5
      vertex -4.93602 -6.58977 -5
    endloop
  endfacet
  facet normal -0.870264 0.492585 0
    outer loop
      vertex -4.93602 -6.58977 5
      vertex -4.94648 -6.60825 -5
      vertex -4.94648 -6.60825 5
    endloop
  endfacet
  facet normal -0.199646 -0.979868 0
    outer loop
      vertex -5.76788 -4.80584 -5
      vertex -5.74707 -4.81008 5
      vertex -5.76788 -4.80584 5
    endloop
  endfacet
  facet normal -0.199646 -0.979868 -0
    outer loop
      vertex -5.74707 -4.81008 5
      vertex -5.76788 -4.80584 -5
      vertex -5.74707 -4.81008 -5
    endloop
  endfacet
  facet normal -0.999652 0.026381 0
    outer loop
      vertex -4.78424 -6.04245 -5
      vertex -4.78368 -6.02123 5
      vertex -4.78368 -6.02123 -5
    endloop
  endfacet
  facet normal -0.999652 0.026381 0
    outer loop
      vertex -4.78368 -6.02123 5
      vertex -4.78424 -6.04245 -5
      vertex -4.78424 -6.04245 5
    endloop
  endfacet
  facet normal -0.00894924 0.99996 0
    outer loop
      vertex -5.97877 -7.21632 -5
      vertex -6 -7.21651 5
      vertex -5.97877 -7.21632 5
    endloop
  endfacet
  facet normal -0.00894924 0.99996 0
    outer loop
      vertex -6 -7.21651 5
      vertex -5.97877 -7.21632 -5
      vertex -6 -7.21651 -5
    endloop
  endfacet
  facet normal 0.972345 0.233551 0
    outer loop
      vertex -7.18037 -6.2943 5
      vertex -7.18533 -6.27365 -5
      vertex -7.18533 -6.27365 5
    endloop
  endfacet
  facet normal 0.972345 0.233551 0
    outer loop
      vertex -7.18533 -6.27365 -5
      vertex -7.18037 -6.2943 5
      vertex -7.18037 -6.2943 -5
    endloop
  endfacet
  facet normal -0.649355 0.760485 0
    outer loop
      vertex -5.2019 -6.91811 -5
      vertex -5.21805 -6.9319 5
      vertex -5.2019 -6.91811 5
    endloop
  endfacet
  facet normal -0.649355 0.760485 0
    outer loop
      vertex -5.21805 -6.9319 5
      vertex -5.2019 -6.91811 -5
      vertex -5.21805 -6.9319 -5
    endloop
  endfacet
  facet normal 0.594788 -0.803882 0
    outer loop
      vertex -6.73211 -5.02846 -5
      vertex -6.71504 -5.01583 5
      vertex -6.73211 -5.02846 5
    endloop
  endfacet
  facet normal 0.594788 -0.803882 0
    outer loop
      vertex -6.71504 -5.01583 5
      vertex -6.73211 -5.02846 -5
      vertex -6.71504 -5.01583 -5
    endloop
  endfacet
  facet normal -0.852676 -0.522441 0
    outer loop
      vertex -4.95725 -5.37345 -5
      vertex -4.96834 -5.35535 5
      vertex -4.96834 -5.35535 -5
    endloop
  endfacet
  facet normal -0.852676 -0.522441 0
    outer loop
      vertex -4.96834 -5.35535 5
      vertex -4.95725 -5.37345 -5
      vertex -4.95725 -5.37345 5
    endloop
  endfacet
  facet normal -0.566489 -0.824069 0
    outer loop
      vertex -5.31974 -4.99147 -5
      vertex -5.30224 -5.0035 5
      vertex -5.31974 -4.99147 5
    endloop
  endfacet
  facet normal -0.566489 -0.824069 -0
    outer loop
      vertex -5.30224 -5.0035 5
      vertex -5.31974 -4.99147 -5
      vertex -5.30224 -5.0035 -5
    endloop
  endfacet
  facet normal -0.233551 -0.972345 0
    outer loop
      vertex -5.72635 -4.81467 -5
      vertex -5.7057 -4.81963 5
      vertex -5.72635 -4.81467 5
    endloop
  endfacet
  facet normal -0.233551 -0.972345 -0
    outer loop
      vertex -5.7057 -4.81963 5
      vertex -5.72635 -4.81467 -5
      vertex -5.7057 -4.81963 -5
    endloop
  endfacet
  facet normal 0.0433146 -0.999061 0
    outer loop
      vertex -6.06367 -4.78516 -5
      vertex -6.04245 -4.78424 5
      vertex -6.06367 -4.78516 5
    endloop
  endfacet
  facet normal 0.0433146 -0.999061 0
    outer loop
      vertex -6.04245 -4.78424 5
      vertex -6.06367 -4.78516 -5
      vertex -6.04245 -4.78424 -5
    endloop
  endfacet
  facet normal 0.00894924 -0.99996 0
    outer loop
      vertex -6.02123 -4.78368 -5
      vertex -6 -4.78349 5
      vertex -6.02123 -4.78368 5
    endloop
  endfacet
  facet normal 0.00894924 -0.99996 0
    outer loop
      vertex -6 -4.78349 5
      vertex -6.02123 -4.78368 -5
      vertex -6 -4.78349 -5
    endloop
  endfacet
  facet normal -0.887055 0.461664 0
    outer loop
      vertex -4.92589 -6.57111 -5
      vertex -4.91609 -6.55228 5
      vertex -4.91609 -6.55228 -5
    endloop
  endfacet
  facet normal -0.887055 0.461664 0
    outer loop
      vertex -4.91609 -6.55228 5
      vertex -4.92589 -6.57111 -5
      vertex -4.92589 -6.57111 5
    endloop
  endfacet
  facet normal -0.991453 0.130467 0
    outer loop
      vertex -4.79533 -6.1693 -5
      vertex -4.79256 -6.14825 5
      vertex -4.79256 -6.14825 -5
    endloop
  endfacet
  facet normal -0.991453 0.130467 0
    outer loop
      vertex -4.79256 -6.14825 5
      vertex -4.79533 -6.1693 -5
      vertex -4.79533 -6.1693 5
    endloop
  endfacet
  facet normal 0.026381 0.999652 -0
    outer loop
      vertex -6.02123 -7.21632 -5
      vertex -6.04245 -7.21576 5
      vertex -6.02123 -7.21632 5
    endloop
  endfacet
  facet normal 0.026381 0.999652 0
    outer loop
      vertex -6.04245 -7.21576 5
      vertex -6.02123 -7.21632 -5
      vertex -6.04245 -7.21576 -5
    endloop
  endfacet
  facet normal -0.233551 0.972345 0
    outer loop
      vertex -5.7057 -7.18037 -5
      vertex -5.72635 -7.18533 5
      vertex -5.7057 -7.18037 5
    endloop
  endfacet
  facet normal -0.233551 0.972345 0
    outer loop
      vertex -5.72635 -7.18533 5
      vertex -5.7057 -7.18037 -5
      vertex -5.72635 -7.18533 -5
    endloop
  endfacet
  facet normal 0.995376 0.0960533 0
    outer loop
      vertex -7.20984 -6.12716 5
      vertex -7.21188 -6.10602 -5
      vertex -7.21188 -6.10602 5
    endloop
  endfacet
  facet normal 0.995376 0.0960533 0
    outer loop
      vertex -7.21188 -6.10602 -5
      vertex -7.20984 -6.12716 5
      vertex -7.20984 -6.12716 -5
    endloop
  endfacet
  facet normal 0.902564 -0.430555 0
    outer loop
      vertex -7.10253 -5.48588 5
      vertex -7.09339 -5.46672 -5
      vertex -7.09339 -5.46672 5
    endloop
  endfacet
  facet normal 0.902564 -0.430555 0
    outer loop
      vertex -7.09339 -5.46672 -5
      vertex -7.10253 -5.48588 5
      vertex -7.10253 -5.48588 -5
    endloop
  endfacet
  facet normal 0.00894924 0.99996 -0
    outer loop
      vertex -6 -7.21651 -5
      vertex -6.02123 -7.21632 5
      vertex -6 -7.21651 5
    endloop
  endfacet
  facet normal 0.00894924 0.99996 0
    outer loop
      vertex -6.02123 -7.21632 5
      vertex -6 -7.21651 -5
      vertex -6.02123 -7.21632 -5
    endloop
  endfacet
  facet normal 0.608481 0.793568 -0
    outer loop
      vertex -6.73211 -6.97154 -5
      vertex -6.74896 -6.95862 5
      vertex -6.73211 -6.97154 5
    endloop
  endfacet
  facet normal 0.608481 0.793568 0
    outer loop
      vertex -6.74896 -6.95862 5
      vertex -6.73211 -6.97154 -5
      vertex -6.74896 -6.95862 -5
    endloop
  endfacet
  facet normal 0.181786 0.983338 -0
    outer loop
      vertex -6.21124 -7.19802 -5
      vertex -6.23212 -7.19416 5
      vertex -6.21124 -7.19802 5
    endloop
  endfacet
  facet normal 0.181786 0.983338 0
    outer loop
      vertex -6.23212 -7.19416 5
      vertex -6.21124 -7.19802 -5
      vertex -6.23212 -7.19416 -5
    endloop
  endfacet
  facet normal -0.216282 0.976331 0
    outer loop
      vertex -5.72635 -7.18533 -5
      vertex -5.74707 -7.18992 5
      vertex -5.72635 -7.18533 5
    endloop
  endfacet
  facet normal -0.216282 0.976331 0
    outer loop
      vertex -5.74707 -7.18992 5
      vertex -5.72635 -7.18533 -5
      vertex -5.74707 -7.18992 -5
    endloop
  endfacet
  facet normal -0.995376 0.0960533 0
    outer loop
      vertex -4.79016 -6.12716 -5
      vertex -4.78812 -6.10602 5
      vertex -4.78812 -6.10602 -5
    endloop
  endfacet
  facet normal -0.995376 0.0960533 0
    outer loop
      vertex -4.78812 -6.10602 5
      vertex -4.79016 -6.12716 -5
      vertex -4.79016 -6.12716 5
    endloop
  endfacet
  facet normal -0.910044 0.414513 0
    outer loop
      vertex -4.89747 -6.51412 -5
      vertex -4.88867 -6.4948 5
      vertex -4.88867 -6.4948 -5
    endloop
  endfacet
  facet normal -0.910044 0.414513 0
    outer loop
      vertex -4.88867 -6.4948 5
      vertex -4.89747 -6.51412 -5
      vertex -4.89747 -6.51412 5
    endloop
  endfacet
  facet normal 0.930253 0.36692 0
    outer loop
      vertex -7.12792 -6.45571 5
      vertex -7.13571 -6.43596 -5
      vertex -7.13571 -6.43596 5
    endloop
  endfacet
  facet normal 0.930253 0.36692 0
    outer loop
      vertex -7.13571 -6.43596 -5
      vertex -7.12792 -6.45571 5
      vertex -7.12792 -6.45571 -5
    endloop
  endfacet
  facet normal 0.14788 0.989005 -0
    outer loop
      vertex -6.1693 -7.20467 -5
      vertex -6.1903 -7.20153 5
      vertex -6.1693 -7.20467 5
    endloop
  endfacet
  facet normal 0.14788 0.989005 0
    outer loop
      vertex -6.1903 -7.20153 5
      vertex -6.1693 -7.20467 -5
      vertex -6.1903 -7.20153 -5
    endloop
  endfacet
  facet normal 0.608481 -0.793568 0
    outer loop
      vertex -6.74896 -5.04138 -5
      vertex -6.73211 -5.02846 5
      vertex -6.74896 -5.04138 5
    endloop
  endfacet
  facet normal 0.608481 -0.793568 0
    outer loop
      vertex -6.73211 -5.02846 5
      vertex -6.74896 -5.04138 -5
      vertex -6.73211 -5.02846 -5
    endloop
  endfacet
  facet normal -0.580837 0.81402 0
    outer loop
      vertex -5.28496 -6.98417 -5
      vertex -5.30224 -6.9965 5
      vertex -5.28496 -6.98417 5
    endloop
  endfacet
  facet normal -0.580837 0.81402 0
    outer loop
      vertex -5.30224 -6.9965 5
      vertex -5.28496 -6.98417 -5
      vertex -5.30224 -6.9965 -5
    endloop
  endfacet
  facet normal -0.477102 0.878848 0
    outer loop
      vertex -5.41023 -7.06398 -5
      vertex -5.42889 -7.07411 5
      vertex -5.41023 -7.06398 5
    endloop
  endfacet
  facet normal -0.477102 0.878848 0
    outer loop
      vertex -5.42889 -7.07411 5
      vertex -5.41023 -7.06398 -5
      vertex -5.42889 -7.07411 -5
    endloop
  endfacet
  facet normal -0.942581 0.333978 0
    outer loop
      vertex -4.85686 -6.41607 -5
      vertex -4.84977 -6.39606 5
      vertex -4.84977 -6.39606 -5
    endloop
  endfacet
  facet normal -0.942581 0.333978 0
    outer loop
      vertex -4.84977 -6.39606 5
      vertex -4.85686 -6.41607 -5
      vertex -4.85686 -6.41607 5
    endloop
  endfacet
  facet normal -0.14788 0.989005 0
    outer loop
      vertex -5.8097 -7.20153 -5
      vertex -5.8307 -7.20467 5
      vertex -5.8097 -7.20153 5
    endloop
  endfacet
  facet normal -0.14788 0.989005 0
    outer loop
      vertex -5.8307 -7.20467 5
      vertex -5.8097 -7.20153 -5
      vertex -5.8307 -7.20467 -5
    endloop
  endfacet
  facet normal -0.522441 0.852676 0
    outer loop
      vertex -5.35535 -7.03166 -5
      vertex -5.37345 -7.04275 5
      vertex -5.35535 -7.03166 5
    endloop
  endfacet
  facet normal -0.522441 0.852676 0
    outer loop
      vertex -5.37345 -7.04275 5
      vertex -5.35535 -7.03166 -5
      vertex -5.37345 -7.04275 -5
    endloop
  endfacet
  facet normal 0.461664 0.887055 -0
    outer loop
      vertex -6.55228 -7.08391 -5
      vertex -6.57111 -7.07411 5
      vertex -6.55228 -7.08391 5
    endloop
  endfacet
  facet normal 0.461664 0.887055 0
    outer loop
      vertex -6.57111 -7.07411 5
      vertex -6.55228 -7.08391 -5
      vertex -6.57111 -7.07411 -5
    endloop
  endfacet
  facet normal -0.700956 -0.713204 0
    outer loop
      vertex -5.15494 -5.12492 -5
      vertex -5.1398 -5.1398 5
      vertex -5.15494 -5.12492 5
    endloop
  endfacet
  facet normal -0.700956 -0.713204 -0
    outer loop
      vertex -5.1398 -5.1398 5
      vertex -5.15494 -5.12492 -5
      vertex -5.1398 -5.1398 -5
    endloop
  endfacet
  facet normal 0.986241 0.165315 0
    outer loop
      vertex -7.19802 -6.21124 5
      vertex -7.20153 -6.1903 -5
      vertex -7.20153 -6.1903 5
    endloop
  endfacet
  facet normal 0.986241 0.165315 0
    outer loop
      vertex -7.20153 -6.1903 -5
      vertex -7.19802 -6.21124 5
      vertex -7.19802 -6.21124 -5
    endloop
  endfacet
  facet normal -0.760485 0.649355 0
    outer loop
      vertex -5.08189 -6.7981 -5
      vertex -5.0681 -6.78195 5
      vertex -5.0681 -6.78195 -5
    endloop
  endfacet
  facet normal -0.760485 0.649355 0
    outer loop
      vertex -5.0681 -6.78195 5
      vertex -5.08189 -6.7981 -5
      vertex -5.08189 -6.7981 5
    endloop
  endfacet
  facet normal 0.782429 0.62274 0
    outer loop
      vertex -6.9454 -6.76557 5
      vertex -6.95862 -6.74896 -5
      vertex -6.95862 -6.74896 5
    endloop
  endfacet
  facet normal 0.782429 0.62274 0
    outer loop
      vertex -6.95862 -6.74896 -5
      vertex -6.9454 -6.76557 5
      vertex -6.9454 -6.76557 -5
    endloop
  endfacet
  facet normal -0.3005 0.953782 0
    outer loop
      vertex -5.62408 -7.15697 -5
      vertex -5.64433 -7.16335 5
      vertex -5.62408 -7.15697 5
    endloop
  endfacet
  facet normal -0.3005 0.953782 0
    outer loop
      vertex -5.64433 -7.16335 5
      vertex -5.62408 -7.15697 -5
      vertex -5.64433 -7.16335 -5
    endloop
  endfacet
  facet normal -0.283976 0.958831 0
    outer loop
      vertex -5.64433 -7.16335 -5
      vertex -5.66469 -7.16938 5
      vertex -5.64433 -7.16335 5
    endloop
  endfacet
  facet normal -0.283976 0.958831 0
    outer loop
      vertex -5.66469 -7.16938 5
      vertex -5.64433 -7.16335 -5
      vertex -5.66469 -7.16938 -5
    endloop
  endfacet
  facet normal 0.991453 0.130467 0
    outer loop
      vertex -7.20467 -6.1693 5
      vertex -7.20744 -6.14825 -5
      vertex -7.20744 -6.14825 5
    endloop
  endfacet
  facet normal 0.991453 0.130467 0
    outer loop
      vertex -7.20744 -6.14825 -5
      vertex -7.20467 -6.1693 5
      vertex -7.20467 -6.1693 -5
    endloop
  endfacet
  facet normal -0.507205 -0.861825 0
    outer loop
      vertex -5.39175 -4.94648 -5
      vertex -5.37345 -4.95725 5
      vertex -5.39175 -4.94648 5
    endloop
  endfacet
  facet normal -0.507205 -0.861825 -0
    outer loop
      vertex -5.37345 -4.95725 5
      vertex -5.39175 -4.94648 -5
      vertex -5.37345 -4.95725 -5
    endloop
  endfacet
  facet normal 0.833786 -0.552088 0
    outer loop
      vertex -7.02025 -5.33744 5
      vertex -7.00853 -5.31974 -5
      vertex -7.00853 -5.31974 5
    endloop
  endfacet
  facet normal 0.833786 -0.552088 0
    outer loop
      vertex -7.00853 -5.31974 -5
      vertex -7.02025 -5.33744 5
      vertex -7.02025 -5.33744 -5
    endloop
  endfacet
  facet normal -0.130467 -0.991453 0
    outer loop
      vertex -5.85175 -4.79256 -5
      vertex -5.8307 -4.79533 5
      vertex -5.85175 -4.79256 5
    endloop
  endfacet
  facet normal -0.130467 -0.991453 -0
    outer loop
      vertex -5.8307 -4.79533 5
      vertex -5.85175 -4.79256 -5
      vertex -5.8307 -4.79533 -5
    endloop
  endfacet
  facet normal -0.833786 0.552088 0
    outer loop
      vertex -4.99147 -6.68026 -5
      vertex -4.97975 -6.66256 5
      vertex -4.97975 -6.66256 -5
    endloop
  endfacet
  facet normal -0.833786 0.552088 0
    outer loop
      vertex -4.97975 -6.66256 5
      vertex -4.99147 -6.68026 -5
      vertex -4.99147 -6.68026 5
    endloop
  endfacet
  facet normal -0.14788 -0.989005 0
    outer loop
      vertex -5.8307 -4.79533 -5
      vertex -5.8097 -4.79847 5
      vertex -5.8307 -4.79533 5
    endloop
  endfacet
  facet normal -0.14788 -0.989005 -0
    outer loop
      vertex -5.8097 -4.79847 5
      vertex -5.8307 -4.79533 -5
      vertex -5.8097 -4.79847 -5
    endloop
  endfacet
  facet normal 0.580837 0.81402 -0
    outer loop
      vertex -6.69776 -6.9965 -5
      vertex -6.71504 -6.98417 5
      vertex -6.69776 -6.9965 5
    endloop
  endfacet
  facet normal 0.580837 0.81402 0
    outer loop
      vertex -6.71504 -6.98417 5
      vertex -6.69776 -6.9965 -5
      vertex -6.71504 -6.98417 -5
    endloop
  endfacet
  facet normal -0.713204 -0.700956 0
    outer loop
      vertex -5.12492 -5.15494 -5
      vertex -5.1398 -5.1398 5
      vertex -5.1398 -5.1398 -5
    endloop
  endfacet
  facet normal -0.713204 -0.700956 0
    outer loop
      vertex -5.1398 -5.1398 5
      vertex -5.12492 -5.15494 -5
      vertex -5.12492 -5.15494 5
    endloop
  endfacet
  facet normal 0.861825 0.507205 0
    outer loop
      vertex -7.04275 -6.62655 5
      vertex -7.05352 -6.60825 -5
      vertex -7.05352 -6.60825 5
    endloop
  endfacet
  facet normal 0.861825 0.507205 0
    outer loop
      vertex -7.05352 -6.60825 -5
      vertex -7.04275 -6.62655 5
      vertex -7.04275 -6.62655 -5
    endloop
  endfacet
  facet normal 0.382407 0.923994 -0
    outer loop
      vertex -6.45571 -7.12792 -5
      vertex -6.47533 -7.1198 5
      vertex -6.45571 -7.12792 5
    endloop
  endfacet
  facet normal 0.382407 0.923994 0
    outer loop
      vertex -6.47533 -7.1198 5
      vertex -6.45571 -7.12792 -5
      vertex -6.47533 -7.1198 -5
    endloop
  endfacet
  facet normal -0.771685 -0.636004 0
    outer loop
      vertex -5.0546 -5.23443 -5
      vertex -5.0681 -5.21805 5
      vertex -5.0681 -5.21805 -5
    endloop
  endfacet
  facet normal -0.771685 -0.636004 0
    outer loop
      vertex -5.0681 -5.21805 5
      vertex -5.0546 -5.23443 -5
      vertex -5.0546 -5.23443 5
    endloop
  endfacet
  facet normal 0.887055 -0.461664 0
    outer loop
      vertex -7.08391 -5.44772 5
      vertex -7.07411 -5.42889 -5
      vertex -7.07411 -5.42889 5
    endloop
  endfacet
  facet normal 0.887055 -0.461664 0
    outer loop
      vertex -7.07411 -5.42889 -5
      vertex -7.08391 -5.44772 5
      vertex -7.08391 -5.44772 -5
    endloop
  endfacet
  facet normal -0.936774 -0.349936 0
    outer loop
      vertex -4.85686 -5.58393 -5
      vertex -4.86429 -5.56404 5
      vertex -4.86429 -5.56404 -5
    endloop
  endfacet
  facet normal -0.936774 -0.349936 0
    outer loop
      vertex -4.86429 -5.56404 5
      vertex -4.85686 -5.58393 -5
      vertex -4.85686 -5.58393 5
    endloop
  endfacet
  facet normal 0.62274 -0.782429 0
    outer loop
      vertex -6.76557 -5.0546 -5
      vertex -6.74896 -5.04138 5
      vertex -6.76557 -5.0546 5
    endloop
  endfacet
  facet normal 0.62274 -0.782429 0
    outer loop
      vertex -6.74896 -5.04138 5
      vertex -6.76557 -5.0546 -5
      vertex -6.74896 -5.04138 -5
    endloop
  endfacet
  facet normal 0.233551 0.972345 -0
    outer loop
      vertex -6.27365 -7.18533 -5
      vertex -6.2943 -7.18037 5
      vertex -6.27365 -7.18533 5
    endloop
  endfacet
  facet normal 0.233551 0.972345 0
    outer loop
      vertex -6.2943 -7.18037 5
      vertex -6.27365 -7.18533 -5
      vertex -6.2943 -7.18037 -5
    endloop
  endfacet
  facet normal 0.989005 0.14788 0
    outer loop
      vertex -7.20153 -6.1903 5
      vertex -7.20467 -6.1693 -5
      vertex -7.20467 -6.1693 5
    endloop
  endfacet
  facet normal 0.989005 0.14788 0
    outer loop
      vertex -7.20467 -6.1693 -5
      vertex -7.20153 -6.1903 5
      vertex -7.20153 -6.1903 -5
    endloop
  endfacet
  facet normal 0.748889 -0.662696 0
    outer loop
      vertex -6.91811 -5.2019 5
      vertex -6.90404 -5.186 -5
      vertex -6.90404 -5.186 5
    endloop
  endfacet
  facet normal 0.748889 -0.662696 0
    outer loop
      vertex -6.90404 -5.186 -5
      vertex -6.91811 -5.2019 5
      vertex -6.91811 -5.2019 -5
    endloop
  endfacet
  facet normal 0.923994 -0.382407 0
    outer loop
      vertex -7.12792 -5.54429 5
      vertex -7.1198 -5.52467 -5
      vertex -7.1198 -5.52467 5
    endloop
  endfacet
  facet normal 0.923994 -0.382407 0
    outer loop
      vertex -7.1198 -5.52467 -5
      vertex -7.12792 -5.54429 5
      vertex -7.12792 -5.54429 -5
    endloop
  endfacet
  facet normal 0.414513 0.910044 -0
    outer loop
      vertex -6.4948 -7.11133 -5
      vertex -6.51412 -7.10253 5
      vertex -6.4948 -7.11133 5
    endloop
  endfacet
  facet normal 0.414513 0.910044 0
    outer loop
      vertex -6.51412 -7.10253 5
      vertex -6.4948 -7.11133 -5
      vertex -6.51412 -7.10253 -5
    endloop
  endfacet
  facet normal 0.725458 0.688267 0
    outer loop
      vertex -6.87508 -6.84506 5
      vertex -6.8897 -6.82965 -5
      vertex -6.8897 -6.82965 5
    endloop
  endfacet
  facet normal 0.725458 0.688267 0
    outer loop
      vertex -6.8897 -6.82965 -5
      vertex -6.87508 -6.84506 5
      vertex -6.87508 -6.84506 -5
    endloop
  endfacet
  facet normal -0.522441 -0.852676 0
    outer loop
      vertex -5.37345 -4.95725 -5
      vertex -5.35535 -4.96834 5
      vertex -5.37345 -4.95725 5
    endloop
  endfacet
  facet normal -0.522441 -0.852676 -0
    outer loop
      vertex -5.35535 -4.96834 5
      vertex -5.37345 -4.95725 -5
      vertex -5.35535 -4.96834 -5
    endloop
  endfacet
  facet normal 0.737291 0.675575 0
    outer loop
      vertex -6.8897 -6.82965 5
      vertex -6.90404 -6.814 -5
      vertex -6.90404 -6.814 5
    endloop
  endfacet
  facet normal 0.737291 0.675575 0
    outer loop
      vertex -6.90404 -6.814 -5
      vertex -6.8897 -6.82965 5
      vertex -6.8897 -6.82965 -5
    endloop
  endfacet
  facet normal 0.267061 -0.96368 0
    outer loop
      vertex -6.33531 -4.83062 -5
      vertex -6.31485 -4.82495 5
      vertex -6.33531 -4.83062 5
    endloop
  endfacet
  facet normal 0.267061 -0.96368 0
    outer loop
      vertex -6.31485 -4.82495 5
      vertex -6.33531 -4.83062 -5
      vertex -6.31485 -4.82495 -5
    endloop
  endfacet
  facet normal -0.803882 -0.594788 0
    outer loop
      vertex -5.01583 -5.28496 -5
      vertex -5.02846 -5.26789 5
      vertex -5.02846 -5.26789 -5
    endloop
  endfacet
  facet normal -0.803882 -0.594788 0
    outer loop
      vertex -5.02846 -5.26789 5
      vertex -5.01583 -5.28496 -5
      vertex -5.01583 -5.28496 5
    endloop
  endfacet
  facet normal -0.824069 0.566489 0
    outer loop
      vertex -5.0035 -6.69776 -5
      vertex -4.99147 -6.68026 5
      vertex -4.99147 -6.68026 -5
    endloop
  endfacet
  facet normal -0.824069 0.566489 0
    outer loop
      vertex -4.99147 -6.68026 5
      vertex -5.0035 -6.69776 -5
      vertex -5.0035 -6.69776 5
    endloop
  endfacet
  facet normal 0.958831 0.283976 0
    outer loop
      vertex -7.16335 -6.35567 5
      vertex -7.16938 -6.33531 -5
      vertex -7.16938 -6.33531 5
    endloop
  endfacet
  facet normal 0.958831 0.283976 0
    outer loop
      vertex -7.16938 -6.33531 -5
      vertex -7.16335 -6.35567 5
      vertex -7.16335 -6.35567 -5
    endloop
  endfacet
  facet normal 0.96368 0.267061 0
    outer loop
      vertex -7.16938 -6.33531 5
      vertex -7.17505 -6.31485 -5
      vertex -7.17505 -6.31485 5
    endloop
  endfacet
  facet normal 0.96368 0.267061 0
    outer loop
      vertex -7.17505 -6.31485 -5
      vertex -7.16938 -6.33531 5
      vertex -7.16938 -6.33531 -5
    endloop
  endfacet
  facet normal 0.942581 -0.333978 0
    outer loop
      vertex -7.15023 -5.60394 5
      vertex -7.14314 -5.58393 -5
      vertex -7.14314 -5.58393 5
    endloop
  endfacet
  facet normal 0.942581 -0.333978 0
    outer loop
      vertex -7.14314 -5.58393 -5
      vertex -7.15023 -5.60394 5
      vertex -7.15023 -5.60394 -5
    endloop
  endfacet
  facet normal 0.942581 0.333978 0
    outer loop
      vertex -7.14314 -6.41607 5
      vertex -7.15023 -6.39606 -5
      vertex -7.15023 -6.39606 5
    endloop
  endfacet
  facet normal 0.942581 0.333978 0
    outer loop
      vertex -7.15023 -6.39606 -5
      vertex -7.14314 -6.41607 5
      vertex -7.14314 -6.41607 -5
    endloop
  endfacet
  facet normal -0.165315 -0.986241 0
    outer loop
      vertex -5.8097 -4.79847 -5
      vertex -5.78876 -4.80198 5
      vertex -5.8097 -4.79847 5
    endloop
  endfacet
  facet normal -0.165315 -0.986241 -0
    outer loop
      vertex -5.78876 -4.80198 5
      vertex -5.8097 -4.79847 -5
      vertex -5.78876 -4.80198 -5
    endloop
  endfacet
  facet normal -0.948306 -0.317358 0
    outer loop
      vertex -4.84303 -5.62408 -5
      vertex -4.84977 -5.60394 5
      vertex -4.84977 -5.60394 -5
    endloop
  endfacet
  facet normal -0.948306 -0.317358 0
    outer loop
      vertex -4.84977 -5.60394 5
      vertex -4.84303 -5.62408 -5
      vertex -4.84303 -5.62408 5
    endloop
  endfacet
  facet normal 0.250619 0.968086 -0
    outer loop
      vertex -6.2943 -7.18037 -5
      vertex -6.31485 -7.17505 5
      vertex -6.2943 -7.18037 5
    endloop
  endfacet
  facet normal 0.250619 0.968086 0
    outer loop
      vertex -6.31485 -7.17505 5
      vertex -6.2943 -7.18037 -5
      vertex -6.31485 -7.17505 -5
    endloop
  endfacet
  facet normal 0.991453 -0.130467 0
    outer loop
      vertex -7.20744 -5.85175 5
      vertex -7.20467 -5.8307 -5
      vertex -7.20467 -5.8307 5
    endloop
  endfacet
  facet normal 0.991453 -0.130467 0
    outer loop
      vertex -7.20467 -5.8307 -5
      vertex -7.20744 -5.85175 5
      vertex -7.20744 -5.85175 -5
    endloop
  endfacet
  facet normal 0.999061 -0.0433146 0
    outer loop
      vertex -7.21576 -5.95755 5
      vertex -7.21484 -5.93633 -5
      vertex -7.21484 -5.93633 5
    endloop
  endfacet
  facet normal 0.999061 -0.0433146 0
    outer loop
      vertex -7.21484 -5.93633 -5
      vertex -7.21576 -5.95755 5
      vertex -7.21576 -5.95755 -5
    endloop
  endfacet
  facet normal -0.250619 -0.968086 0
    outer loop
      vertex -5.7057 -4.81963 -5
      vertex -5.68515 -4.82495 5
      vertex -5.7057 -4.81963 5
    endloop
  endfacet
  facet normal -0.250619 -0.968086 -0
    outer loop
      vertex -5.68515 -4.82495 5
      vertex -5.7057 -4.81963 -5
      vertex -5.68515 -4.82495 -5
    endloop
  endfacet
  facet normal 0.477102 -0.878848 0
    outer loop
      vertex -6.58977 -4.93602 -5
      vertex -6.57111 -4.92589 5
      vertex -6.58977 -4.93602 5
    endloop
  endfacet
  facet normal 0.477102 -0.878848 0
    outer loop
      vertex -6.57111 -4.92589 5
      vertex -6.58977 -4.93602 -5
      vertex -6.57111 -4.92589 -5
    endloop
  endfacet
  facet normal 0.910044 0.414513 0
    outer loop
      vertex -7.10253 -6.51412 5
      vertex -7.11133 -6.4948 -5
      vertex -7.11133 -6.4948 5
    endloop
  endfacet
  facet normal 0.910044 0.414513 0
    outer loop
      vertex -7.11133 -6.4948 -5
      vertex -7.10253 -6.51412 5
      vertex -7.10253 -6.51412 -5
    endloop
  endfacet
  facet normal 0.84339 -0.537302 0
    outer loop
      vertex -7.03166 -5.35535 5
      vertex -7.02025 -5.33744 -5
      vertex -7.02025 -5.33744 5
    endloop
  endfacet
  facet normal 0.84339 -0.537302 0
    outer loop
      vertex -7.02025 -5.33744 -5
      vertex -7.03166 -5.35535 5
      vertex -7.03166 -5.35535 -5
    endloop
  endfacet
  facet normal -0.113068 -0.993587 0
    outer loop
      vertex -5.87284 -4.79016 -5
      vertex -5.85175 -4.79256 5
      vertex -5.87284 -4.79016 5
    endloop
  endfacet
  facet normal -0.113068 -0.993587 -0
    outer loop
      vertex -5.85175 -4.79256 5
      vertex -5.87284 -4.79016 -5
      vertex -5.85175 -4.79256 -5
    endloop
  endfacet
  facet normal 0.44646 0.894804 -0
    outer loop
      vertex -6.53328 -7.09339 -5
      vertex -6.55228 -7.08391 5
      vertex -6.53328 -7.09339 5
    endloop
  endfacet
  facet normal 0.44646 0.894804 0
    outer loop
      vertex -6.55228 -7.08391 5
      vertex -6.53328 -7.09339 -5
      vertex -6.55228 -7.08391 -5
    endloop
  endfacet
  facet normal 0.14788 -0.989005 0
    outer loop
      vertex -6.1903 -4.79847 -5
      vertex -6.1693 -4.79533 5
      vertex -6.1903 -4.79847 5
    endloop
  endfacet
  facet normal 0.14788 -0.989005 0
    outer loop
      vertex -6.1693 -4.79533 5
      vertex -6.1903 -4.79847 -5
      vertex -6.1693 -4.79533 -5
    endloop
  endfacet
  facet normal 0.333978 0.942581 -0
    outer loop
      vertex -6.39606 -7.15023 -5
      vertex -6.41607 -7.14314 5
      vertex -6.39606 -7.15023 5
    endloop
  endfacet
  facet normal 0.333978 0.942581 0
    outer loop
      vertex -6.41607 -7.14314 5
      vertex -6.39606 -7.15023 -5
      vertex -6.41607 -7.14314 -5
    endloop
  endfacet
  facet normal -0.760485 -0.649355 0
    outer loop
      vertex -5.0681 -5.21805 -5
      vertex -5.08189 -5.2019 5
      vertex -5.08189 -5.2019 -5
    endloop
  endfacet
  facet normal -0.760485 -0.649355 0
    outer loop
      vertex -5.08189 -5.2019 5
      vertex -5.0681 -5.21805 -5
      vertex -5.0681 -5.21805 5
    endloop
  endfacet
  facet normal -0.113068 0.993587 0
    outer loop
      vertex -5.85175 -7.20744 -5
      vertex -5.87284 -7.20984 5
      vertex -5.85175 -7.20744 5
    endloop
  endfacet
  facet normal -0.113068 0.993587 0
    outer loop
      vertex -5.87284 -7.20984 5
      vertex -5.85175 -7.20744 -5
      vertex -5.87284 -7.20984 -5
    endloop
  endfacet
  facet normal 0.3005 0.953782 -0
    outer loop
      vertex -6.35567 -7.16335 -5
      vertex -6.37592 -7.15697 5
      vertex -6.35567 -7.16335 5
    endloop
  endfacet
  facet normal 0.3005 0.953782 0
    outer loop
      vertex -6.37592 -7.15697 5
      vertex -6.35567 -7.16335 -5
      vertex -6.37592 -7.15697 -5
    endloop
  endfacet
  facet normal 0.887055 0.461664 0
    outer loop
      vertex -7.07411 -6.57111 5
      vertex -7.08391 -6.55228 -5
      vertex -7.08391 -6.55228 5
    endloop
  endfacet
  facet normal 0.887055 0.461664 0
    outer loop
      vertex -7.08391 -6.55228 -5
      vertex -7.07411 -6.57111 5
      vertex -7.07411 -6.57111 -5
    endloop
  endfacet
  facet normal 0.894804 0.44646 0
    outer loop
      vertex -7.08391 -6.55228 5
      vertex -7.09339 -6.53328 -5
      vertex -7.09339 -6.53328 5
    endloop
  endfacet
  facet normal 0.894804 0.44646 0
    outer loop
      vertex -7.09339 -6.53328 -5
      vertex -7.08391 -6.55228 5
      vertex -7.08391 -6.55228 -5
    endloop
  endfacet
  facet normal -0.130467 0.991453 0
    outer loop
      vertex -5.8307 -7.20467 -5
      vertex -5.85175 -7.20744 5
      vertex -5.8307 -7.20467 5
    endloop
  endfacet
  facet normal -0.130467 0.991453 0
    outer loop
      vertex -5.85175 -7.20744 5
      vertex -5.8307 -7.20467 -5
      vertex -5.85175 -7.20744 -5
    endloop
  endfacet
  facet normal 0.793568 0.608481 0
    outer loop
      vertex -6.95862 -6.74896 5
      vertex -6.97154 -6.73211 -5
      vertex -6.97154 -6.73211 5
    endloop
  endfacet
  facet normal 0.793568 0.608481 0
    outer loop
      vertex -6.97154 -6.73211 -5
      vertex -6.95862 -6.74896 5
      vertex -6.95862 -6.74896 -5
    endloop
  endfacet
  facet normal 0.130467 0.991453 -0
    outer loop
      vertex -6.14825 -7.20744 -5
      vertex -6.1693 -7.20467 5
      vertex -6.14825 -7.20744 5
    endloop
  endfacet
  facet normal 0.130467 0.991453 0
    outer loop
      vertex -6.1693 -7.20467 5
      vertex -6.14825 -7.20744 -5
      vertex -6.1693 -7.20467 -5
    endloop
  endfacet
  facet normal -0.771685 0.636004 0
    outer loop
      vertex -5.0681 -6.78195 -5
      vertex -5.0546 -6.76557 5
      vertex -5.0546 -6.76557 -5
    endloop
  endfacet
  facet normal -0.771685 0.636004 0
    outer loop
      vertex -5.0546 -6.76557 5
      vertex -5.0681 -6.78195 -5
      vertex -5.0681 -6.78195 5
    endloop
  endfacet
  facet normal -0.317358 -0.948306 0
    outer loop
      vertex -5.62408 -4.84303 -5
      vertex -5.60394 -4.84977 5
      vertex -5.62408 -4.84303 5
    endloop
  endfacet
  facet normal -0.317358 -0.948306 -0
    outer loop
      vertex -5.60394 -4.84977 5
      vertex -5.62408 -4.84303 -5
      vertex -5.60394 -4.84977 -5
    endloop
  endfacet
  facet normal -0.972345 0.233551 0
    outer loop
      vertex -4.81963 -6.2943 -5
      vertex -4.81467 -6.27365 5
      vertex -4.81467 -6.27365 -5
    endloop
  endfacet
  facet normal -0.972345 0.233551 0
    outer loop
      vertex -4.81467 -6.27365 5
      vertex -4.81963 -6.2943 -5
      vertex -4.81963 -6.2943 5
    endloop
  endfacet
  facet normal 0.894804 -0.44646 0
    outer loop
      vertex -7.09339 -5.46672 5
      vertex -7.08391 -5.44772 -5
      vertex -7.08391 -5.44772 5
    endloop
  endfacet
  facet normal 0.894804 -0.44646 0
    outer loop
      vertex -7.08391 -5.44772 -5
      vertex -7.09339 -5.46672 5
      vertex -7.09339 -5.46672 -5
    endloop
  endfacet
  facet normal 0.507205 0.861825 -0
    outer loop
      vertex -6.60825 -7.05352 -5
      vertex -6.62655 -7.04275 5
      vertex -6.60825 -7.05352 5
    endloop
  endfacet
  facet normal 0.507205 0.861825 0
    outer loop
      vertex -6.62655 -7.04275 5
      vertex -6.60825 -7.05352 -5
      vertex -6.62655 -7.04275 -5
    endloop
  endfacet
  facet normal -0.803882 0.594788 0
    outer loop
      vertex -5.02846 -6.73211 -5
      vertex -5.01583 -6.71504 5
      vertex -5.01583 -6.71504 -5
    endloop
  endfacet
  facet normal -0.803882 0.594788 0
    outer loop
      vertex -5.01583 -6.71504 5
      vertex -5.02846 -6.73211 -5
      vertex -5.02846 -6.73211 5
    endloop
  endfacet
  facet normal 0.793568 -0.608481 0
    outer loop
      vertex -6.97154 -5.26789 5
      vertex -6.95862 -5.25104 -5
      vertex -6.95862 -5.25104 5
    endloop
  endfacet
  facet normal 0.793568 -0.608481 0
    outer loop
      vertex -6.95862 -5.25104 -5
      vertex -6.97154 -5.26789 5
      vertex -6.97154 -5.26789 -5
    endloop
  endfacet
  facet normal 0.233551 -0.972345 0
    outer loop
      vertex -6.2943 -4.81963 -5
      vertex -6.27365 -4.81467 5
      vertex -6.2943 -4.81963 5
    endloop
  endfacet
  facet normal 0.233551 -0.972345 0
    outer loop
      vertex -6.27365 -4.81467 5
      vertex -6.2943 -4.81963 -5
      vertex -6.27365 -4.81467 -5
    endloop
  endfacet
  facet normal 0.283976 0.958831 -0
    outer loop
      vertex -6.33531 -7.16938 -5
      vertex -6.35567 -7.16335 5
      vertex -6.33531 -7.16938 5
    endloop
  endfacet
  facet normal 0.283976 0.958831 0
    outer loop
      vertex -6.35567 -7.16335 5
      vertex -6.33531 -7.16938 -5
      vertex -6.35567 -7.16335 -5
    endloop
  endfacet
  facet normal -0.537302 0.84339 0
    outer loop
      vertex -5.33744 -7.02025 -5
      vertex -5.35535 -7.03166 5
      vertex -5.33744 -7.02025 5
    endloop
  endfacet
  facet normal -0.537302 0.84339 0
    outer loop
      vertex -5.35535 -7.03166 5
      vertex -5.33744 -7.02025 -5
      vertex -5.35535 -7.03166 -5
    endloop
  endfacet
  facet normal -0.461664 -0.887055 0
    outer loop
      vertex -5.44772 -4.91609 -5
      vertex -5.42889 -4.92589 5
      vertex -5.44772 -4.91609 5
    endloop
  endfacet
  facet normal -0.461664 -0.887055 -0
    outer loop
      vertex -5.42889 -4.92589 5
      vertex -5.44772 -4.91609 -5
      vertex -5.42889 -4.92589 -5
    endloop
  endfacet
  facet normal 0.972345 -0.233551 0
    outer loop
      vertex -7.18533 -5.72635 5
      vertex -7.18037 -5.7057 -5
      vertex -7.18037 -5.7057 5
    endloop
  endfacet
  facet normal 0.972345 -0.233551 0
    outer loop
      vertex -7.18037 -5.7057 -5
      vertex -7.18533 -5.72635 5
      vertex -7.18533 -5.72635 -5
    endloop
  endfacet
  facet normal 0.0433146 0.999061 -0
    outer loop
      vertex -6.04245 -7.21576 -5
      vertex -6.06367 -7.21484 5
      vertex -6.04245 -7.21576 5
    endloop
  endfacet
  facet normal 0.0433146 0.999061 0
    outer loop
      vertex -6.06367 -7.21484 5
      vertex -6.04245 -7.21576 -5
      vertex -6.06367 -7.21484 -5
    endloop
  endfacet
  facet normal 0.968086 0.250619 0
    outer loop
      vertex -7.17505 -6.31485 5
      vertex -7.18037 -6.2943 -5
      vertex -7.18037 -6.2943 5
    endloop
  endfacet
  facet normal 0.968086 0.250619 0
    outer loop
      vertex -7.18037 -6.2943 -5
      vertex -7.17505 -6.31485 5
      vertex -7.17505 -6.31485 -5
    endloop
  endfacet
  facet normal 0.333978 -0.942581 0
    outer loop
      vertex -6.41607 -4.85686 -5
      vertex -6.39606 -4.84977 5
      vertex -6.41607 -4.85686 5
    endloop
  endfacet
  facet normal 0.333978 -0.942581 0
    outer loop
      vertex -6.39606 -4.84977 5
      vertex -6.41607 -4.85686 -5
      vertex -6.39606 -4.84977 -5
    endloop
  endfacet
  facet normal 0.594788 0.803882 -0
    outer loop
      vertex -6.71504 -6.98417 -5
      vertex -6.73211 -6.97154 5
      vertex -6.71504 -6.98417 5
    endloop
  endfacet
  facet normal 0.594788 0.803882 0
    outer loop
      vertex -6.73211 -6.97154 5
      vertex -6.71504 -6.98417 -5
      vertex -6.73211 -6.97154 -5
    endloop
  endfacet
  facet normal 0.662696 0.748889 -0
    outer loop
      vertex -6.7981 -6.91811 -5
      vertex -6.814 -6.90404 5
      vertex -6.7981 -6.91811 5
    endloop
  endfacet
  facet normal 0.662696 0.748889 0
    outer loop
      vertex -6.814 -6.90404 5
      vertex -6.7981 -6.91811 -5
      vertex -6.814 -6.90404 -5
    endloop
  endfacet
  facet normal -0.782429 -0.62274 0
    outer loop
      vertex -5.04138 -5.25104 -5
      vertex -5.0546 -5.23443 5
      vertex -5.0546 -5.23443 -5
    endloop
  endfacet
  facet normal -0.782429 -0.62274 0
    outer loop
      vertex -5.0546 -5.23443 5
      vertex -5.04138 -5.25104 -5
      vertex -5.04138 -5.25104 5
    endloop
  endfacet
  facet normal 0.216282 0.976331 -0
    outer loop
      vertex -6.25293 -7.18992 -5
      vertex -6.27365 -7.18533 5
      vertex -6.25293 -7.18992 5
    endloop
  endfacet
  facet normal 0.216282 0.976331 0
    outer loop
      vertex -6.27365 -7.18533 5
      vertex -6.25293 -7.18992 -5
      vertex -6.27365 -7.18533 -5
    endloop
  endfacet
  facet normal -0.267061 -0.96368 0
    outer loop
      vertex -5.68515 -4.82495 -5
      vertex -5.66469 -4.83062 5
      vertex -5.68515 -4.82495 5
    endloop
  endfacet
  facet normal -0.267061 -0.96368 -0
    outer loop
      vertex -5.66469 -4.83062 5
      vertex -5.68515 -4.82495 -5
      vertex -5.66469 -4.83062 -5
    endloop
  endfacet
  facet normal -0.999652 -0.026381 0
    outer loop
      vertex -4.78368 6.02223 -5
      vertex -4.78424 6.04345 5
      vertex -4.78424 6.04345 -5
    endloop
  endfacet
  facet normal -0.999652 -0.026381 0
    outer loop
      vertex -4.78424 6.04345 5
      vertex -4.78368 6.02223 -5
      vertex -4.78368 6.02223 5
    endloop
  endfacet
  facet normal -0.99996 -0.00894924 0
    outer loop
      vertex -4.78349 6.001 -5
      vertex -4.78368 6.02223 5
      vertex -4.78368 6.02223 -5
    endloop
  endfacet
  facet normal -0.99996 -0.00894924 0
    outer loop
      vertex -4.78368 6.02223 5
      vertex -4.78349 6.001 -5
      vertex -4.78349 6.001 5
    endloop
  endfacet
  facet normal -0.999061 -0.0433146 0
    outer loop
      vertex -4.78424 6.04345 -5
      vertex -4.78516 6.06467 5
      vertex -4.78516 6.06467 -5
    endloop
  endfacet
  facet normal -0.999061 -0.0433146 0
    outer loop
      vertex -4.78516 6.06467 5
      vertex -4.78424 6.04345 -5
      vertex -4.78424 6.04345 5
    endloop
  endfacet
  facet normal -0.537302 -0.84339 0
    outer loop
      vertex -5.35535 7.03266 -5
      vertex -5.33744 7.02125 5
      vertex -5.35535 7.03266 5
    endloop
  endfacet
  facet normal -0.537302 -0.84339 -0
    outer loop
      vertex -5.33744 7.02125 5
      vertex -5.35535 7.03266 -5
      vertex -5.33744 7.02125 -5
    endloop
  endfacet
  facet normal -0.165315 0.986241 0
    outer loop
      vertex -5.78876 4.80298 -5
      vertex -5.8097 4.79947 5
      vertex -5.78876 4.80298 5
    endloop
  endfacet
  facet normal -0.165315 0.986241 0
    outer loop
      vertex -5.8097 4.79947 5
      vertex -5.78876 4.80298 -5
      vertex -5.8097 4.79947 -5
    endloop
  endfacet
  facet normal -0.382407 -0.923994 0
    outer loop
      vertex -5.54429 7.12892 -5
      vertex -5.52467 7.1208 5
      vertex -5.54429 7.12892 5
    endloop
  endfacet
  facet normal -0.382407 -0.923994 -0
    outer loop
      vertex -5.52467 7.1208 5
      vertex -5.54429 7.12892 -5
      vertex -5.52467 7.1208 -5
    endloop
  endfacet
  facet normal 0.936774 0.349936 0
    outer loop
      vertex -7.13571 5.56504 5
      vertex -7.14314 5.58493 -5
      vertex -7.14314 5.58493 5
    endloop
  endfacet
  facet normal 0.936774 0.349936 0
    outer loop
      vertex -7.14314 5.58493 -5
      vertex -7.13571 5.56504 5
      vertex -7.13571 5.56504 -5
    endloop
  endfacet
  facet normal -0.998123 -0.0612346 0
    outer loop
      vertex -4.78516 6.06467 -5
      vertex -4.78646 6.08586 5
      vertex -4.78646 6.08586 -5
    endloop
  endfacet
  facet normal -0.998123 -0.0612346 0
    outer loop
      vertex -4.78646 6.08586 5
      vertex -4.78516 6.06467 -5
      vertex -4.78516 6.06467 5
    endloop
  endfacet
  facet normal -0.983338 -0.181786 0
    outer loop
      vertex -4.80198 6.21224 -5
      vertex -4.80584 6.23312 5
      vertex -4.80584 6.23312 -5
    endloop
  endfacet
  facet normal -0.983338 -0.181786 0
    outer loop
      vertex -4.80584 6.23312 5
      vertex -4.80198 6.21224 -5
      vertex -4.80198 6.21224 5
    endloop
  endfacet
  facet normal 0.0782096 -0.996937 0
    outer loop
      vertex -6.10602 7.21288 -5
      vertex -6.08486 7.21454 5
      vertex -6.10602 7.21288 5
    endloop
  endfacet
  facet normal 0.0782096 -0.996937 0
    outer loop
      vertex -6.08486 7.21454 5
      vertex -6.10602 7.21288 -5
      vertex -6.08486 7.21454 -5
    endloop
  endfacet
  facet normal -0.349936 0.936774 0
    outer loop
      vertex -5.56404 4.86529 -5
      vertex -5.58393 4.85786 5
      vertex -5.56404 4.86529 5
    endloop
  endfacet
  facet normal -0.349936 0.936774 0
    outer loop
      vertex -5.58393 4.85786 5
      vertex -5.56404 4.86529 -5
      vertex -5.58393 4.85786 -5
    endloop
  endfacet
  facet normal -0.0960533 -0.995376 0
    outer loop
      vertex -5.89398 7.21288 -5
      vertex -5.87284 7.21084 5
      vertex -5.89398 7.21288 5
    endloop
  endfacet
  facet normal -0.0960533 -0.995376 -0
    outer loop
      vertex -5.87284 7.21084 5
      vertex -5.89398 7.21288 -5
      vertex -5.87284 7.21084 -5
    endloop
  endfacet
  facet normal -0.983338 0.181786 0
    outer loop
      vertex -4.80584 5.76888 -5
      vertex -4.80198 5.78976 5
      vertex -4.80198 5.78976 -5
    endloop
  endfacet
  facet normal -0.983338 0.181786 0
    outer loop
      vertex -4.80198 5.78976 5
      vertex -4.80584 5.76888 -5
      vertex -4.80584 5.76888 5
    endloop
  endfacet
  facet normal -0.675575 0.737291 0
    outer loop
      vertex -5.17035 5.1113 -5
      vertex -5.186 5.09696 5
      vertex -5.17035 5.1113 5
    endloop
  endfacet
  facet normal -0.675575 0.737291 0
    outer loop
      vertex -5.186 5.09696 5
      vertex -5.17035 5.1113 -5
      vertex -5.186 5.09696 -5
    endloop
  endfacet
  facet normal 0.566489 -0.824069 0
    outer loop
      vertex -6.69776 6.9975 -5
      vertex -6.68026 7.00953 5
      vertex -6.69776 6.9975 5
    endloop
  endfacet
  facet normal 0.566489 -0.824069 0
    outer loop
      vertex -6.68026 7.00953 5
      vertex -6.69776 6.9975 -5
      vertex -6.68026 7.00953 -5
    endloop
  endfacet
  facet normal 0.953782 -0.3005 0
    outer loop
      vertex -7.16335 6.35667 5
      vertex -7.15697 6.37692 -5
      vertex -7.15697 6.37692 5
    endloop
  endfacet
  facet normal 0.953782 -0.3005 0
    outer loop
      vertex -7.15697 6.37692 -5
      vertex -7.16335 6.35667 5
      vertex -7.16335 6.35667 -5
    endloop
  endfacet
  facet normal -0.81402 -0.580837 0
    outer loop
      vertex -5.0035 6.69876 -5
      vertex -5.01583 6.71604 5
      vertex -5.01583 6.71604 -5
    endloop
  endfacet
  facet normal -0.81402 -0.580837 0
    outer loop
      vertex -5.01583 6.71604 5
      vertex -5.0035 6.69876 -5
      vertex -5.0035 6.69876 5
    endloop
  endfacet
  facet normal 0.760485 -0.649355 0
    outer loop
      vertex -6.9319 6.78295 5
      vertex -6.91811 6.7991 -5
      vertex -6.91811 6.7991 5
    endloop
  endfacet
  facet normal 0.760485 -0.649355 0
    outer loop
      vertex -6.91811 6.7991 -5
      vertex -6.9319 6.78295 5
      vertex -6.9319 6.78295 -5
    endloop
  endfacet
  facet normal -0.953782 -0.3005 0
    outer loop
      vertex -4.83665 6.35667 -5
      vertex -4.84303 6.37692 5
      vertex -4.84303 6.37692 -5
    endloop
  endfacet
  facet normal -0.953782 -0.3005 0
    outer loop
      vertex -4.84303 6.37692 5
      vertex -4.83665 6.35667 -5
      vertex -4.83665 6.35667 5
    endloop
  endfacet
  facet normal -0.725458 -0.688267 0
    outer loop
      vertex -5.1103 6.83065 -5
      vertex -5.12492 6.84606 5
      vertex -5.12492 6.84606 -5
    endloop
  endfacet
  facet normal -0.725458 -0.688267 0
    outer loop
      vertex -5.12492 6.84606 5
      vertex -5.1103 6.83065 -5
      vertex -5.1103 6.83065 5
    endloop
  endfacet
  facet normal -0.62274 -0.782429 0
    outer loop
      vertex -5.25104 6.95962 -5
      vertex -5.23443 6.9464 5
      vertex -5.25104 6.95962 5
    endloop
  endfacet
  facet normal -0.62274 -0.782429 -0
    outer loop
      vertex -5.23443 6.9464 5
      vertex -5.25104 6.95962 -5
      vertex -5.23443 6.9464 -5
    endloop
  endfacet
  facet normal -0.580837 -0.81402 0
    outer loop
      vertex -5.30224 6.9975 -5
      vertex -5.28496 6.98517 5
      vertex -5.30224 6.9975 5
    endloop
  endfacet
  facet normal -0.580837 -0.81402 -0
    outer loop
      vertex -5.28496 6.98517 5
      vertex -5.30224 6.9975 -5
      vertex -5.28496 6.98517 -5
    endloop
  endfacet
  facet normal -0.887055 -0.461664 0
    outer loop
      vertex -4.91609 6.55328 -5
      vertex -4.92589 6.57211 5
      vertex -4.92589 6.57211 -5
    endloop
  endfacet
  facet normal -0.887055 -0.461664 0
    outer loop
      vertex -4.92589 6.57211 5
      vertex -4.91609 6.55328 -5
      vertex -4.91609 6.55328 5
    endloop
  endfacet
  facet normal 0.3005 -0.953782 0
    outer loop
      vertex -6.37592 7.15797 -5
      vertex -6.35567 7.16435 5
      vertex -6.37592 7.15797 5
    endloop
  endfacet
  facet normal 0.3005 -0.953782 0
    outer loop
      vertex -6.35567 7.16435 5
      vertex -6.37592 7.15797 -5
      vertex -6.35567 7.16435 -5
    endloop
  endfacet
  facet normal -0.782429 0.62274 0
    outer loop
      vertex -5.0546 5.23543 -5
      vertex -5.04138 5.25204 5
      vertex -5.04138 5.25204 -5
    endloop
  endfacet
  facet normal -0.782429 0.62274 0
    outer loop
      vertex -5.04138 5.25204 5
      vertex -5.0546 5.23543 -5
      vertex -5.0546 5.23543 5
    endloop
  endfacet
  facet normal -0.662696 -0.748889 0
    outer loop
      vertex -5.2019 6.91911 -5
      vertex -5.186 6.90504 5
      vertex -5.2019 6.91911 5
    endloop
  endfacet
  facet normal -0.662696 -0.748889 -0
    outer loop
      vertex -5.186 6.90504 5
      vertex -5.2019 6.91911 -5
      vertex -5.186 6.90504 -5
    endloop
  endfacet
  facet normal -0.972345 -0.233551 0
    outer loop
      vertex -4.81467 6.27465 -5
      vertex -4.81963 6.2953 5
      vertex -4.81963 6.2953 -5
    endloop
  endfacet
  facet normal -0.972345 -0.233551 0
    outer loop
      vertex -4.81963 6.2953 5
      vertex -4.81467 6.27465 -5
      vertex -4.81467 6.27465 5
    endloop
  endfacet
  facet normal -0.998123 0.0612346 0
    outer loop
      vertex -4.78646 5.91614 -5
      vertex -4.78516 5.93733 5
      vertex -4.78516 5.93733 -5
    endloop
  endfacet
  facet normal -0.998123 0.0612346 0
    outer loop
      vertex -4.78516 5.93733 5
      vertex -4.78646 5.91614 -5
      vertex -4.78646 5.91614 5
    endloop
  endfacet
  facet normal -0.636004 0.771685 0
    outer loop
      vertex -5.21805 5.0691 -5
      vertex -5.23443 5.0556 5
      vertex -5.21805 5.0691 5
    endloop
  endfacet
  facet normal -0.636004 0.771685 0
    outer loop
      vertex -5.23443 5.0556 5
      vertex -5.21805 5.0691 -5
      vertex -5.23443 5.0556 -5
    endloop
  endfacet
  facet normal -0.026381 -0.999652 0
    outer loop
      vertex -5.97877 7.21732 -5
      vertex -5.95755 7.21676 5
      vertex -5.97877 7.21732 5
    endloop
  endfacet
  facet normal -0.026381 -0.999652 -0
    outer loop
      vertex -5.95755 7.21676 5
      vertex -5.97877 7.21732 -5
      vertex -5.95755 7.21676 -5
    endloop
  endfacet
  facet normal -0.824069 -0.566489 0
    outer loop
      vertex -4.99147 6.68126 -5
      vertex -5.0035 6.69876 5
      vertex -5.0035 6.69876 -5
    endloop
  endfacet
  facet normal -0.824069 -0.566489 0
    outer loop
      vertex -5.0035 6.69876 5
      vertex -4.99147 6.68126 -5
      vertex -4.99147 6.68126 5
    endloop
  endfacet
  facet normal -0.0960533 0.995376 0
    outer loop
      vertex -5.87284 4.79116 -5
      vertex -5.89398 4.78912 5
      vertex -5.87284 4.79116 5
    endloop
  endfacet
  facet normal -0.0960533 0.995376 0
    outer loop
      vertex -5.89398 4.78912 5
      vertex -5.87284 4.79116 -5
      vertex -5.89398 4.78912 -5
    endloop
  endfacet
  facet normal -0.968086 -0.250619 0
    outer loop
      vertex -4.81963 6.2953 -5
      vertex -4.82495 6.31585 5
      vertex -4.82495 6.31585 -5
    endloop
  endfacet
  facet normal -0.968086 -0.250619 0
    outer loop
      vertex -4.82495 6.31585 5
      vertex -4.81963 6.2953 -5
      vertex -4.81963 6.2953 5
    endloop
  endfacet
  facet normal -0.725458 0.688267 0
    outer loop
      vertex -5.12492 5.15594 -5
      vertex -5.1103 5.17135 5
      vertex -5.1103 5.17135 -5
    endloop
  endfacet
  facet normal -0.725458 0.688267 0
    outer loop
      vertex -5.1103 5.17135 5
      vertex -5.12492 5.15594 -5
      vertex -5.12492 5.15594 5
    endloop
  endfacet
  facet normal 0.968086 -0.250619 0
    outer loop
      vertex -7.18037 6.2953 5
      vertex -7.17505 6.31585 -5
      vertex -7.17505 6.31585 5
    endloop
  endfacet
  facet normal 0.968086 -0.250619 0
    outer loop
      vertex -7.17505 6.31585 -5
      vertex -7.18037 6.2953 5
      vertex -7.18037 6.2953 -5
    endloop
  endfacet
  facet normal -0.99996 0.00894924 0
    outer loop
      vertex -4.78368 5.97977 -5
      vertex -4.78349 6.001 5
      vertex -4.78349 6.001 -5
    endloop
  endfacet
  facet normal -0.99996 0.00894924 0
    outer loop
      vertex -4.78349 6.001 5
      vertex -4.78368 5.97977 -5
      vertex -4.78368 5.97977 5
    endloop
  endfacet
  facet normal -0.793568 0.608481 0
    outer loop
      vertex -5.04138 5.25204 -5
      vertex -5.02846 5.26889 5
      vertex -5.02846 5.26889 -5
    endloop
  endfacet
  facet normal -0.793568 0.608481 0
    outer loop
      vertex -5.02846 5.26889 5
      vertex -5.04138 5.25204 -5
      vertex -5.04138 5.25204 5
    endloop
  endfacet
  facet normal 0.861825 -0.507205 0
    outer loop
      vertex -7.05352 6.60925 5
      vertex -7.04275 6.62755 -5
      vertex -7.04275 6.62755 5
    endloop
  endfacet
  facet normal 0.861825 -0.507205 0
    outer loop
      vertex -7.04275 6.62755 -5
      vertex -7.05352 6.60925 5
      vertex -7.05352 6.60925 -5
    endloop
  endfacet
  facet normal 0.833786 0.552088 0
    outer loop
      vertex -7.00853 5.32074 5
      vertex -7.02025 5.33844 -5
      vertex -7.02025 5.33844 5
    endloop
  endfacet
  facet normal 0.833786 0.552088 0
    outer loop
      vertex -7.02025 5.33844 -5
      vertex -7.00853 5.32074 5
      vertex -7.00853 5.32074 -5
    endloop
  endfacet
  facet normal -0.910044 -0.414513 0
    outer loop
      vertex -4.88867 6.4958 -5
      vertex -4.89747 6.51512 5
      vertex -4.89747 6.51512 -5
    endloop
  endfacet
  facet normal -0.910044 -0.414513 0
    outer loop
      vertex -4.89747 6.51512 5
      vertex -4.88867 6.4958 -5
      vertex -4.88867 6.4958 5
    endloop
  endfacet
  facet normal 0.026381 -0.999652 0
    outer loop
      vertex -6.04245 7.21676 -5
      vertex -6.02123 7.21732 5
      vertex -6.04245 7.21676 5
    endloop
  endfacet
  facet normal 0.026381 -0.999652 0
    outer loop
      vertex -6.02123 7.21732 5
      vertex -6.04245 7.21676 -5
      vertex -6.02123 7.21732 -5
    endloop
  endfacet
  facet normal -0.181786 0.983338 0
    outer loop
      vertex -5.76788 4.80684 -5
      vertex -5.78876 4.80298 5
      vertex -5.76788 4.80684 5
    endloop
  endfacet
  facet normal -0.181786 0.983338 0
    outer loop
      vertex -5.78876 4.80298 5
      vertex -5.76788 4.80684 -5
      vertex -5.78876 4.80298 -5
    endloop
  endfacet
  facet normal -0.936774 0.349936 0
    outer loop
      vertex -4.86429 5.56504 -5
      vertex -4.85686 5.58493 5
      vertex -4.85686 5.58493 -5
    endloop
  endfacet
  facet normal -0.936774 0.349936 0
    outer loop
      vertex -4.85686 5.58493 5
      vertex -4.86429 5.56504 -5
      vertex -4.86429 5.56504 5
    endloop
  endfacet
  facet normal 0.382407 -0.923994 0
    outer loop
      vertex -6.47533 7.1208 -5
      vertex -6.45571 7.12892 5
      vertex -6.47533 7.1208 5
    endloop
  endfacet
  facet normal 0.382407 -0.923994 0
    outer loop
      vertex -6.45571 7.12892 5
      vertex -6.47533 7.1208 -5
      vertex -6.45571 7.12892 -5
    endloop
  endfacet
  facet normal -0.84339 -0.537302 0
    outer loop
      vertex -4.96834 6.64565 -5
      vertex -4.97975 6.66356 5
      vertex -4.97975 6.66356 -5
    endloop
  endfacet
  facet normal -0.84339 -0.537302 0
    outer loop
      vertex -4.97975 6.66356 5
      vertex -4.96834 6.64565 -5
      vertex -4.96834 6.64565 5
    endloop
  endfacet
  facet normal -0.996937 0.0782096 0
    outer loop
      vertex -4.78812 5.89498 -5
      vertex -4.78646 5.91614 5
      vertex -4.78646 5.91614 -5
    endloop
  endfacet
  facet normal -0.996937 0.0782096 0
    outer loop
      vertex -4.78646 5.91614 5
      vertex -4.78812 5.89498 -5
      vertex -4.78812 5.89498 5
    endloop
  endfacet
  facet normal -0.930253 -0.36692 0
    outer loop
      vertex -4.86429 6.43696 -5
      vertex -4.87208 6.45671 5
      vertex -4.87208 6.45671 -5
    endloop
  endfacet
  facet normal -0.930253 -0.36692 0
    outer loop
      vertex -4.87208 6.45671 5
      vertex -4.86429 6.43696 -5
      vertex -4.86429 6.43696 5
    endloop
  endfacet
  facet normal 0.349936 -0.936774 0
    outer loop
      vertex -6.43596 7.13671 -5
      vertex -6.41607 7.14414 5
      vertex -6.43596 7.13671 5
    endloop
  endfacet
  facet normal 0.349936 -0.936774 0
    outer loop
      vertex -6.41607 7.14414 5
      vertex -6.43596 7.13671 -5
      vertex -6.41607 7.14414 -5
    endloop
  endfacet
  facet normal -0.852676 0.522441 0
    outer loop
      vertex -4.96834 5.35635 -5
      vertex -4.95725 5.37445 5
      vertex -4.95725 5.37445 -5
    endloop
  endfacet
  facet normal -0.852676 0.522441 0
    outer loop
      vertex -4.95725 5.37445 5
      vertex -4.96834 5.35635 -5
      vertex -4.96834 5.35635 5
    endloop
  endfacet
  facet normal -0.991453 -0.130467 0
    outer loop
      vertex -4.79256 6.14925 -5
      vertex -4.79533 6.1703 5
      vertex -4.79533 6.1703 -5
    endloop
  endfacet
  facet normal -0.991453 -0.130467 0
    outer loop
      vertex -4.79533 6.1703 5
      vertex -4.79256 6.14925 -5
      vertex -4.79256 6.14925 5
    endloop
  endfacet
  facet normal 0.878848 -0.477102 0
    outer loop
      vertex -7.07411 6.57211 5
      vertex -7.06398 6.59077 -5
      vertex -7.06398 6.59077 5
    endloop
  endfacet
  facet normal 0.878848 -0.477102 0
    outer loop
      vertex -7.06398 6.59077 -5
      vertex -7.07411 6.57211 5
      vertex -7.07411 6.57211 -5
    endloop
  endfacet
  facet normal 0.675575 0.737291 -0
    outer loop
      vertex -6.814 5.09696 -5
      vertex -6.82965 5.1113 5
      vertex -6.814 5.09696 5
    endloop
  endfacet
  facet normal 0.675575 0.737291 0
    outer loop
      vertex -6.82965 5.1113 5
      vertex -6.814 5.09696 -5
      vertex -6.82965 5.1113 -5
    endloop
  endfacet
  facet normal 0.996937 0.0782096 0
    outer loop
      vertex -7.21188 5.89498 5
      vertex -7.21354 5.91614 -5
      vertex -7.21354 5.91614 5
    endloop
  endfacet
  facet normal 0.996937 0.0782096 0
    outer loop
      vertex -7.21354 5.91614 -5
      vertex -7.21188 5.89498 5
      vertex -7.21188 5.89498 -5
    endloop
  endfacet
  facet normal 0.999652 -0.026381 0
    outer loop
      vertex -7.21632 6.02223 5
      vertex -7.21576 6.04345 -5
      vertex -7.21576 6.04345 5
    endloop
  endfacet
  facet normal 0.999652 -0.026381 0
    outer loop
      vertex -7.21576 6.04345 -5
      vertex -7.21632 6.02223 5
      vertex -7.21632 6.02223 -5
    endloop
  endfacet
  facet normal -0.3005 -0.953782 0
    outer loop
      vertex -5.64433 7.16435 -5
      vertex -5.62408 7.15797 5
      vertex -5.64433 7.16435 5
    endloop
  endfacet
  facet normal -0.3005 -0.953782 -0
    outer loop
      vertex -5.62408 7.15797 5
      vertex -5.64433 7.16435 -5
      vertex -5.62408 7.15797 -5
    endloop
  endfacet
  facet normal -0.0437845 0.999041 0
    outer loop
      vertex -5.93633 4.78616 -5
      vertex -5.95755 4.78523 5
      vertex -5.93633 4.78616 5
    endloop
  endfacet
  facet normal -0.0437845 0.999041 0
    outer loop
      vertex -5.95755 4.78523 5
      vertex -5.93633 4.78616 -5
      vertex -5.95755 4.78523 -5
    endloop
  endfacet
  facet normal 0.414513 -0.910044 0
    outer loop
      vertex -6.51412 7.10353 -5
      vertex -6.4948 7.11233 5
      vertex -6.51412 7.10353 5
    endloop
  endfacet
  facet normal 0.414513 -0.910044 0
    outer loop
      vertex -6.4948 7.11233 5
      vertex -6.51412 7.10353 -5
      vertex -6.4948 7.11233 -5
    endloop
  endfacet
  facet normal 0.0612346 -0.998123 0
    outer loop
      vertex -6.08486 7.21454 -5
      vertex -6.06367 7.21584 5
      vertex -6.08486 7.21454 5
    endloop
  endfacet
  facet normal 0.0612346 -0.998123 0
    outer loop
      vertex -6.06367 7.21584 5
      vertex -6.08486 7.21454 -5
      vertex -6.06367 7.21584 -5
    endloop
  endfacet
  facet normal 0.916988 -0.398916 0
    outer loop
      vertex -7.1198 6.47633 5
      vertex -7.11133 6.4958 -5
      vertex -7.11133 6.4958 5
    endloop
  endfacet
  facet normal 0.916988 -0.398916 0
    outer loop
      vertex -7.11133 6.4958 -5
      vertex -7.1198 6.47633 5
      vertex -7.1198 6.47633 -5
    endloop
  endfacet
  facet normal 0.267061 0.96368 -0
    outer loop
      vertex -6.31485 4.82595 -5
      vertex -6.33531 4.83162 5
      vertex -6.31485 4.82595 5
    endloop
  endfacet
  facet normal 0.267061 0.96368 0
    outer loop
      vertex -6.33531 4.83162 5
      vertex -6.31485 4.82595 -5
      vertex -6.33531 4.83162 -5
    endloop
  endfacet
  facet normal 0.976331 -0.216282 0
    outer loop
      vertex -7.18992 6.25393 5
      vertex -7.18533 6.27465 -5
      vertex -7.18533 6.27465 5
    endloop
  endfacet
  facet normal 0.976331 -0.216282 0
    outer loop
      vertex -7.18533 6.27465 -5
      vertex -7.18992 6.25393 5
      vertex -7.18992 6.25393 -5
    endloop
  endfacet
  facet normal -0.902564 -0.430555 0
    outer loop
      vertex -4.89747 6.51512 -5
      vertex -4.90661 6.53428 5
      vertex -4.90661 6.53428 -5
    endloop
  endfacet
  facet normal -0.902564 -0.430555 0
    outer loop
      vertex -4.90661 6.53428 5
      vertex -4.89747 6.51512 -5
      vertex -4.89747 6.51512 5
    endloop
  endfacet
  facet normal -0.398916 -0.916988 0
    outer loop
      vertex -5.52467 7.1208 -5
      vertex -5.5052 7.11233 5
      vertex -5.52467 7.1208 5
    endloop
  endfacet
  facet normal -0.398916 -0.916988 -0
    outer loop
      vertex -5.5052 7.11233 5
      vertex -5.52467 7.1208 -5
      vertex -5.5052 7.11233 -5
    endloop
  endfacet
  facet normal -0.267061 0.96368 0
    outer loop
      vertex -5.66469 4.83162 -5
      vertex -5.68515 4.82595 5
      vertex -5.66469 4.83162 5
    endloop
  endfacet
  facet normal -0.267061 0.96368 0
    outer loop
      vertex -5.68515 4.82595 5
      vertex -5.66469 4.83162 -5
      vertex -5.68515 4.82595 -5
    endloop
  endfacet
  facet normal 0.989005 -0.14788 0
    outer loop
      vertex -7.20467 6.1703 5
      vertex -7.20153 6.1913 -5
      vertex -7.20153 6.1913 5
    endloop
  endfacet
  facet normal 0.989005 -0.14788 0
    outer loop
      vertex -7.20153 6.1913 -5
      vertex -7.20467 6.1703 5
      vertex -7.20467 6.1703 -5
    endloop
  endfacet
  facet normal 0.771685 -0.636004 0
    outer loop
      vertex -6.9454 6.76657 5
      vertex -6.9319 6.78295 -5
      vertex -6.9319 6.78295 5
    endloop
  endfacet
  facet normal 0.771685 -0.636004 0
    outer loop
      vertex -6.9319 6.78295 -5
      vertex -6.9454 6.76657 5
      vertex -6.9454 6.76657 -5
    endloop
  endfacet
  facet normal 0.979868 0.199646 0
    outer loop
      vertex -7.18992 5.74807 5
      vertex -7.19416 5.76888 -5
      vertex -7.19416 5.76888 5
    endloop
  endfacet
  facet normal 0.979868 0.199646 0
    outer loop
      vertex -7.19416 5.76888 -5
      vertex -7.18992 5.74807 5
      vertex -7.18992 5.74807 -5
    endloop
  endfacet
  facet normal 0.317358 0.948306 -0
    outer loop
      vertex -6.37592 4.84403 -5
      vertex -6.39606 4.85077 5
      vertex -6.37592 4.84403 5
    endloop
  endfacet
  facet normal 0.317358 0.948306 0
    outer loop
      vertex -6.39606 4.85077 5
      vertex -6.37592 4.84403 -5
      vertex -6.39606 4.85077 -5
    endloop
  endfacet
  facet normal 0.649355 0.760485 -0
    outer loop
      vertex -6.78195 5.0691 -5
      vertex -6.7981 5.08289 5
      vertex -6.78195 5.0691 5
    endloop
  endfacet
  facet normal 0.649355 0.760485 0
    outer loop
      vertex -6.7981 5.08289 5
      vertex -6.78195 5.0691 -5
      vertex -6.7981 5.08289 -5
    endloop
  endfacet
  facet normal -0.81402 0.580837 0
    outer loop
      vertex -5.01583 5.28596 -5
      vertex -5.0035 5.30324 5
      vertex -5.0035 5.30324 -5
    endloop
  endfacet
  facet normal -0.81402 0.580837 0
    outer loop
      vertex -5.0035 5.30324 5
      vertex -5.01583 5.28596 -5
      vertex -5.01583 5.28596 5
    endloop
  endfacet
  facet normal 0.250619 -0.968086 0
    outer loop
      vertex -6.31485 7.17605 -5
      vertex -6.2943 7.18137 5
      vertex -6.31485 7.17605 5
    endloop
  endfacet
  facet normal 0.250619 -0.968086 0
    outer loop
      vertex -6.2943 7.18137 5
      vertex -6.31485 7.17605 -5
      vertex -6.2943 7.18137 -5
    endloop
  endfacet
  facet normal 0.0612346 0.998123 -0
    outer loop
      vertex -6.06367 4.78616 -5
      vertex -6.08486 4.78746 5
      vertex -6.06367 4.78616 5
    endloop
  endfacet
  facet normal 0.0612346 0.998123 0
    outer loop
      vertex -6.08486 4.78746 5
      vertex -6.06367 4.78616 -5
      vertex -6.08486 4.78746 -5
    endloop
  endfacet
  facet normal 0.199646 -0.979868 0
    outer loop
      vertex -6.25293 7.19092 -5
      vertex -6.23212 7.19516 5
      vertex -6.25293 7.19092 5
    endloop
  endfacet
  facet normal 0.199646 -0.979868 0
    outer loop
      vertex -6.23212 7.19516 5
      vertex -6.25293 7.19092 -5
      vertex -6.23212 7.19516 -5
    endloop
  endfacet
  facet normal -0.0612346 0.998123 0
    outer loop
      vertex -5.91514 4.78746 -5
      vertex -5.93633 4.78616 5
      vertex -5.91514 4.78746 5
    endloop
  endfacet
  facet normal -0.0612346 0.998123 0
    outer loop
      vertex -5.93633 4.78616 5
      vertex -5.91514 4.78746 -5
      vertex -5.93633 4.78616 -5
    endloop
  endfacet
  facet normal 0.552088 -0.833786 0
    outer loop
      vertex -6.68026 7.00953 -5
      vertex -6.66256 7.02125 5
      vertex -6.68026 7.00953 5
    endloop
  endfacet
  facet normal 0.552088 -0.833786 0
    outer loop
      vertex -6.66256 7.02125 5
      vertex -6.68026 7.00953 -5
      vertex -6.66256 7.02125 -5
    endloop
  endfacet
  facet normal -0.793568 -0.608481 0
    outer loop
      vertex -5.02846 6.73311 -5
      vertex -5.04138 6.74996 5
      vertex -5.04138 6.74996 -5
    endloop
  endfacet
  facet normal -0.793568 -0.608481 0
    outer loop
      vertex -5.04138 6.74996 5
      vertex -5.02846 6.73311 -5
      vertex -5.02846 6.73311 5
    endloop
  endfacet
  facet normal 0.870264 0.492585 0
    outer loop
      vertex -7.05352 5.39275 5
      vertex -7.06398 5.41123 -5
      vertex -7.06398 5.41123 5
    endloop
  endfacet
  facet normal 0.870264 0.492585 0
    outer loop
      vertex -7.06398 5.41123 -5
      vertex -7.05352 5.39275 5
      vertex -7.05352 5.39275 -5
    endloop
  endfacet
  facet normal -0.942581 -0.333978 0
    outer loop
      vertex -4.84977 6.39706 -5
      vertex -4.85686 6.41707 5
      vertex -4.85686 6.41707 -5
    endloop
  endfacet
  facet normal -0.942581 -0.333978 0
    outer loop
      vertex -4.85686 6.41707 5
      vertex -4.84977 6.39706 -5
      vertex -4.84977 6.39706 5
    endloop
  endfacet
  facet normal -0.916988 0.398916 0
    outer loop
      vertex -4.88867 5.5062 -5
      vertex -4.8802 5.52567 5
      vertex -4.8802 5.52567 -5
    endloop
  endfacet
  facet normal -0.916988 0.398916 0
    outer loop
      vertex -4.8802 5.52567 5
      vertex -4.88867 5.5062 -5
      vertex -4.88867 5.5062 5
    endloop
  endfacet
  facet normal 0.999061 0.0433146 0
    outer loop
      vertex -7.21484 5.93733 5
      vertex -7.21576 5.95855 -5
      vertex -7.21576 5.95855 5
    endloop
  endfacet
  facet normal 0.999061 0.0433146 0
    outer loop
      vertex -7.21576 5.95855 -5
      vertex -7.21484 5.93733 5
      vertex -7.21484 5.93733 -5
    endloop
  endfacet
  facet normal 0.996937 -0.0782096 0
    outer loop
      vertex -7.21354 6.08586 5
      vertex -7.21188 6.10702 -5
      vertex -7.21188 6.10702 5
    endloop
  endfacet
  facet normal 0.996937 -0.0782096 0
    outer loop
      vertex -7.21188 6.10702 -5
      vertex -7.21354 6.08586 5
      vertex -7.21354 6.08586 -5
    endloop
  endfacet
  facet normal 0.999652 0.026381 0
    outer loop
      vertex -7.21576 5.95855 5
      vertex -7.21632 5.97977 -5
      vertex -7.21632 5.97977 5
    endloop
  endfacet
  facet normal 0.999652 0.026381 0
    outer loop
      vertex -7.21632 5.97977 -5
      vertex -7.21576 5.95855 5
      vertex -7.21576 5.95855 -5
    endloop
  endfacet
  facet normal 0.113068 -0.993587 0
    outer loop
      vertex -6.14825 7.20844 -5
      vertex -6.12716 7.21084 5
      vertex -6.14825 7.20844 5
    endloop
  endfacet
  facet normal 0.113068 -0.993587 0
    outer loop
      vertex -6.12716 7.21084 5
      vertex -6.14825 7.20844 -5
      vertex -6.12716 7.21084 -5
    endloop
  endfacet
  facet normal -0.995376 -0.0960533 0
    outer loop
      vertex -4.78812 6.10702 -5
      vertex -4.79016 6.12816 5
      vertex -4.79016 6.12816 -5
    endloop
  endfacet
  facet normal -0.995376 -0.0960533 0
    outer loop
      vertex -4.79016 6.12816 5
      vertex -4.78812 6.10702 -5
      vertex -4.78812 6.10702 5
    endloop
  endfacet
  facet normal -0.0612346 -0.998123 0
    outer loop
      vertex -5.93633 7.21584 -5
      vertex -5.91514 7.21454 5
      vertex -5.93633 7.21584 5
    endloop
  endfacet
  facet normal -0.0612346 -0.998123 -0
    outer loop
      vertex -5.91514 7.21454 5
      vertex -5.93633 7.21584 -5
      vertex -5.91514 7.21454 -5
    endloop
  endfacet
  facet normal 0.36692 -0.930253 0
    outer loop
      vertex -6.45571 7.12892 -5
      vertex -6.43596 7.13671 5
      vertex -6.45571 7.12892 5
    endloop
  endfacet
  facet normal 0.36692 -0.930253 0
    outer loop
      vertex -6.43596 7.13671 5
      vertex -6.45571 7.12892 -5
      vertex -6.43596 7.13671 -5
    endloop
  endfacet
  facet normal 0.283976 -0.958831 0
    outer loop
      vertex -6.35567 7.16435 -5
      vertex -6.33531 7.17038 5
      vertex -6.35567 7.16435 5
    endloop
  endfacet
  facet normal 0.283976 -0.958831 0
    outer loop
      vertex -6.33531 7.17038 5
      vertex -6.35567 7.16435 -5
      vertex -6.33531 7.17038 -5
    endloop
  endfacet
  facet normal -0.430555 0.902564 0
    outer loop
      vertex -5.46672 4.90761 -5
      vertex -5.48588 4.89847 5
      vertex -5.46672 4.90761 5
    endloop
  endfacet
  facet normal -0.430555 0.902564 0
    outer loop
      vertex -5.48588 4.89847 5
      vertex -5.46672 4.90761 -5
      vertex -5.48588 4.89847 -5
    endloop
  endfacet
  facet normal 0.81402 0.580837 0
    outer loop
      vertex -6.98417 5.28596 5
      vertex -6.9965 5.30324 -5
      vertex -6.9965 5.30324 5
    endloop
  endfacet
  facet normal 0.81402 0.580837 0
    outer loop
      vertex -6.9965 5.30324 -5
      vertex -6.98417 5.28596 5
      vertex -6.98417 5.28596 -5
    endloop
  endfacet
  facet normal -0.0782096 0.996937 0
    outer loop
      vertex -5.89398 4.78912 -5
      vertex -5.91514 4.78746 5
      vertex -5.89398 4.78912 5
    endloop
  endfacet
  facet normal -0.0782096 0.996937 0
    outer loop
      vertex -5.91514 4.78746 5
      vertex -5.89398 4.78912 -5
      vertex -5.91514 4.78746 -5
    endloop
  endfacet
  facet normal 0.165315 -0.986241 0
    outer loop
      vertex -6.21124 7.19902 -5
      vertex -6.1903 7.20253 5
      vertex -6.21124 7.19902 5
    endloop
  endfacet
  facet normal 0.165315 -0.986241 0
    outer loop
      vertex -6.1903 7.20253 5
      vertex -6.21124 7.19902 -5
      vertex -6.1903 7.20253 -5
    endloop
  endfacet
  facet normal -0.986241 0.165315 0
    outer loop
      vertex -4.80198 5.78976 -5
      vertex -4.79847 5.8107 5
      vertex -4.79847 5.8107 -5
    endloop
  endfacet
  facet normal -0.986241 0.165315 0
    outer loop
      vertex -4.79847 5.8107 5
      vertex -4.80198 5.78976 -5
      vertex -4.80198 5.78976 5
    endloop
  endfacet
  facet normal 0.983338 -0.181786 0
    outer loop
      vertex -7.19802 6.21224 5
      vertex -7.19416 6.23312 -5
      vertex -7.19416 6.23312 5
    endloop
  endfacet
  facet normal 0.983338 -0.181786 0
    outer loop
      vertex -7.19416 6.23312 -5
      vertex -7.19802 6.21224 5
      vertex -7.19802 6.21224 -5
    endloop
  endfacet
  facet normal -0.737291 0.675575 0
    outer loop
      vertex -5.1103 5.17135 -5
      vertex -5.09596 5.187 5
      vertex -5.09596 5.187 -5
    endloop
  endfacet
  facet normal -0.737291 0.675575 0
    outer loop
      vertex -5.09596 5.187 5
      vertex -5.1103 5.17135 -5
      vertex -5.1103 5.17135 5
    endloop
  endfacet
  facet normal 0.398916 -0.916988 0
    outer loop
      vertex -6.4948 7.11233 -5
      vertex -6.47533 7.1208 5
      vertex -6.4948 7.11233 5
    endloop
  endfacet
  facet normal 0.398916 -0.916988 0
    outer loop
      vertex -6.47533 7.1208 5
      vertex -6.4948 7.11233 -5
      vertex -6.47533 7.1208 -5
    endloop
  endfacet
  facet normal 0.852676 -0.522441 0
    outer loop
      vertex -7.04275 6.62755 5
      vertex -7.03166 6.64565 -5
      vertex -7.03166 6.64565 5
    endloop
  endfacet
  facet normal 0.852676 -0.522441 0
    outer loop
      vertex -7.03166 6.64565 -5
      vertex -7.04275 6.62755 5
      vertex -7.04275 6.62755 -5
    endloop
  endfacet
  facet normal -0.662696 0.748889 0
    outer loop
      vertex -5.186 5.09696 -5
      vertex -5.2019 5.08289 5
      vertex -5.186 5.09696 5
    endloop
  endfacet
  facet normal -0.662696 0.748889 0
    outer loop
      vertex -5.2019 5.08289 5
      vertex -5.186 5.09696 -5
      vertex -5.2019 5.08289 -5
    endloop
  endfacet
  facet normal -0.36692 0.930253 0
    outer loop
      vertex -5.54429 4.87308 -5
      vertex -5.56404 4.86529 5
      vertex -5.54429 4.87308 5
    endloop
  endfacet
  facet normal -0.36692 0.930253 0
    outer loop
      vertex -5.56404 4.86529 5
      vertex -5.54429 4.87308 -5
      vertex -5.56404 4.86529 -5
    endloop
  endfacet
  facet normal -0.958831 -0.283976 0
    outer loop
      vertex -4.83062 6.33631 -5
      vertex -4.83665 6.35667 5
      vertex -4.83665 6.35667 -5
    endloop
  endfacet
  facet normal -0.958831 -0.283976 0
    outer loop
      vertex -4.83665 6.35667 5
      vertex -4.83062 6.33631 -5
      vertex -4.83062 6.33631 5
    endloop
  endfacet
  facet normal -0.979868 -0.199646 0
    outer loop
      vertex -4.80584 6.23312 -5
      vertex -4.81008 6.25393 5
      vertex -4.81008 6.25393 -5
    endloop
  endfacet
  facet normal -0.979868 -0.199646 0
    outer loop
      vertex -4.81008 6.25393 5
      vertex -4.80584 6.23312 -5
      vertex -4.80584 6.23312 5
    endloop
  endfacet
  facet normal -0.902564 0.430555 0
    outer loop
      vertex -4.90661 5.46772 -5
      vertex -4.89747 5.48688 5
      vertex -4.89747 5.48688 -5
    endloop
  endfacet
  facet normal -0.902564 0.430555 0
    outer loop
      vertex -4.89747 5.48688 5
      vertex -4.90661 5.46772 -5
      vertex -4.90661 5.46772 5
    endloop
  endfacet
  facet normal 0.216282 -0.976331 0
    outer loop
      vertex -6.27365 7.18633 -5
      vertex -6.25293 7.19092 5
      vertex -6.27365 7.18633 5
    endloop
  endfacet
  facet normal 0.216282 -0.976331 0
    outer loop
      vertex -6.25293 7.19092 5
      vertex -6.27365 7.18633 -5
      vertex -6.25293 7.19092 -5
    endloop
  endfacet
  facet normal -0.993587 -0.113068 0
    outer loop
      vertex -4.79016 6.12816 -5
      vertex -4.79256 6.14925 5
      vertex -4.79256 6.14925 -5
    endloop
  endfacet
  facet normal -0.993587 -0.113068 0
    outer loop
      vertex -4.79256 6.14925 5
      vertex -4.79016 6.12816 -5
      vertex -4.79016 6.12816 5
    endloop
  endfacet
  facet normal 0.824069 0.566489 0
    outer loop
      vertex -6.9965 5.30324 5
      vertex -7.00853 5.32074 -5
      vertex -7.00853 5.32074 5
    endloop
  endfacet
  facet normal 0.824069 0.566489 0
    outer loop
      vertex -7.00853 5.32074 -5
      vertex -6.9965 5.30324 5
      vertex -6.9965 5.30324 -5
    endloop
  endfacet
  facet normal -0.0782096 -0.996937 0
    outer loop
      vertex -5.91514 7.21454 -5
      vertex -5.89398 7.21288 5
      vertex -5.91514 7.21454 5
    endloop
  endfacet
  facet normal -0.0782096 -0.996937 -0
    outer loop
      vertex -5.89398 7.21288 5
      vertex -5.91514 7.21454 -5
      vertex -5.89398 7.21288 -5
    endloop
  endfacet
  facet normal -0.566489 0.824069 0
    outer loop
      vertex -5.30224 5.0045 -5
      vertex -5.31974 4.99247 5
      vertex -5.30224 5.0045 5
    endloop
  endfacet
  facet normal -0.566489 0.824069 0
    outer loop
      vertex -5.31974 4.99247 5
      vertex -5.30224 5.0045 -5
      vertex -5.31974 4.99247 -5
    endloop
  endfacet
  facet normal 0.688267 0.725458 -0
    outer loop
      vertex -6.82965 5.1113 -5
      vertex -6.84506 5.12592 5
      vertex -6.82965 5.1113 5
    endloop
  endfacet
  facet normal 0.688267 0.725458 0
    outer loop
      vertex -6.84506 5.12592 5
      vertex -6.82965 5.1113 -5
      vertex -6.84506 5.12592 -5
    endloop
  endfacet
  facet normal -0.649355 -0.760485 0
    outer loop
      vertex -5.21805 6.9329 -5
      vertex -5.2019 6.91911 5
      vertex -5.21805 6.9329 5
    endloop
  endfacet
  facet normal -0.649355 -0.760485 -0
    outer loop
      vertex -5.2019 6.91911 5
      vertex -5.21805 6.9329 -5
      vertex -5.2019 6.91911 -5
    endloop
  endfacet
  facet normal 0.649355 -0.760485 0
    outer loop
      vertex -6.7981 6.91911 -5
      vertex -6.78195 6.9329 5
      vertex -6.7981 6.91911 5
    endloop
  endfacet
  facet normal 0.649355 -0.760485 0
    outer loop
      vertex -6.78195 6.9329 5
      vertex -6.7981 6.91911 -5
      vertex -6.78195 6.9329 -5
    endloop
  endfacet
  facet normal -0.44646 0.894804 0
    outer loop
      vertex -5.44772 4.91709 -5
      vertex -5.46672 4.90761 5
      vertex -5.44772 4.91709 5
    endloop
  endfacet
  facet normal -0.44646 0.894804 0
    outer loop
      vertex -5.46672 4.90761 5
      vertex -5.44772 4.91709 -5
      vertex -5.46672 4.90761 -5
    endloop
  endfacet
  facet normal -0.333978 0.942581 0
    outer loop
      vertex -5.58393 4.85786 -5
      vertex -5.60394 4.85077 5
      vertex -5.58393 4.85786 5
    endloop
  endfacet
  facet normal -0.333978 0.942581 0
    outer loop
      vertex -5.60394 4.85077 5
      vertex -5.58393 4.85786 -5
      vertex -5.60394 4.85077 -5
    endloop
  endfacet
  facet normal -0.948306 0.317358 0
    outer loop
      vertex -4.84977 5.60494 -5
      vertex -4.84303 5.62508 5
      vertex -4.84303 5.62508 -5
    endloop
  endfacet
  facet normal -0.948306 0.317358 0
    outer loop
      vertex -4.84303 5.62508 5
      vertex -4.84977 5.60494 -5
      vertex -4.84977 5.60494 5
    endloop
  endfacet
  facet normal -0.62274 0.782429 0
    outer loop
      vertex -5.23443 5.0556 -5
      vertex -5.25104 5.04238 5
      vertex -5.23443 5.0556 5
    endloop
  endfacet
  facet normal -0.62274 0.782429 0
    outer loop
      vertex -5.25104 5.04238 5
      vertex -5.23443 5.0556 -5
      vertex -5.25104 5.04238 -5
    endloop
  endfacet
  facet normal 0.948306 -0.317358 0
    outer loop
      vertex -7.15697 6.37692 5
      vertex -7.15023 6.39706 -5
      vertex -7.15023 6.39706 5
    endloop
  endfacet
  facet normal 0.948306 -0.317358 0
    outer loop
      vertex -7.15023 6.39706 -5
      vertex -7.15697 6.37692 5
      vertex -7.15697 6.37692 -5
    endloop
  endfacet
  facet normal 0.923994 0.382407 0
    outer loop
      vertex -7.1198 5.52567 5
      vertex -7.12792 5.54529 -5
      vertex -7.12792 5.54529 5
    endloop
  endfacet
  facet normal 0.923994 0.382407 0
    outer loop
      vertex -7.12792 5.54529 -5
      vertex -7.1198 5.52567 5
      vertex -7.1198 5.52567 -5
    endloop
  endfacet
  facet normal 0.0960533 0.995376 -0
    outer loop
      vertex -6.10602 4.78912 -5
      vertex -6.12716 4.79116 5
      vertex -6.10602 4.78912 5
    endloop
  endfacet
  facet normal 0.0960533 0.995376 0
    outer loop
      vertex -6.12716 4.79116 5
      vertex -6.10602 4.78912 -5
      vertex -6.12716 4.79116 -5
    endloop
  endfacet
  facet normal -0.492585 -0.870264 0
    outer loop
      vertex -5.41023 7.06498 -5
      vertex -5.39175 7.05452 5
      vertex -5.41023 7.06498 5
    endloop
  endfacet
  facet normal -0.492585 -0.870264 -0
    outer loop
      vertex -5.39175 7.05452 5
      vertex -5.41023 7.06498 -5
      vertex -5.39175 7.05452 -5
    endloop
  endfacet
  facet normal -0.923994 0.382407 0
    outer loop
      vertex -4.8802 5.52567 -5
      vertex -4.87208 5.54529 5
      vertex -4.87208 5.54529 -5
    endloop
  endfacet
  facet normal -0.923994 0.382407 0
    outer loop
      vertex -4.87208 5.54529 5
      vertex -4.8802 5.52567 -5
      vertex -4.8802 5.52567 5
    endloop
  endfacet
  facet normal -0.894804 -0.44646 0
    outer loop
      vertex -4.90661 6.53428 -5
      vertex -4.91609 6.55328 5
      vertex -4.91609 6.55328 -5
    endloop
  endfacet
  facet normal -0.894804 -0.44646 0
    outer loop
      vertex -4.91609 6.55328 5
      vertex -4.90661 6.53428 -5
      vertex -4.90661 6.53428 5
    endloop
  endfacet
  facet normal -0.713204 0.700956 0
    outer loop
      vertex -5.1398 5.1408 -5
      vertex -5.12492 5.15594 5
      vertex -5.12492 5.15594 -5
    endloop
  endfacet
  facet normal -0.713204 0.700956 0
    outer loop
      vertex -5.12492 5.15594 5
      vertex -5.1398 5.1408 -5
      vertex -5.1398 5.1408 5
    endloop
  endfacet
  facet normal -0.398916 0.916988 0
    outer loop
      vertex -5.5052 4.88967 -5
      vertex -5.52467 4.8812 5
      vertex -5.5052 4.88967 5
    endloop
  endfacet
  facet normal -0.398916 0.916988 0
    outer loop
      vertex -5.52467 4.8812 5
      vertex -5.5052 4.88967 -5
      vertex -5.52467 4.8812 -5
    endloop
  endfacet
  facet normal 0.760485 0.649355 0
    outer loop
      vertex -6.91811 5.2029 5
      vertex -6.9319 5.21905 -5
      vertex -6.9319 5.21905 5
    endloop
  endfacet
  facet normal 0.760485 0.649355 0
    outer loop
      vertex -6.9319 5.21905 -5
      vertex -6.91811 5.2029 5
      vertex -6.91811 5.2029 -5
    endloop
  endfacet
  facet normal 0.700956 -0.713204 0
    outer loop
      vertex -6.8602 6.8612 -5
      vertex -6.84506 6.87608 5
      vertex -6.8602 6.8612 5
    endloop
  endfacet
  facet normal 0.700956 -0.713204 0
    outer loop
      vertex -6.84506 6.87608 5
      vertex -6.8602 6.8612 -5
      vertex -6.84506 6.87608 -5
    endloop
  endfacet
  facet normal 0.870264 -0.492585 0
    outer loop
      vertex -7.06398 6.59077 5
      vertex -7.05352 6.60925 -5
      vertex -7.05352 6.60925 5
    endloop
  endfacet
  facet normal 0.870264 -0.492585 0
    outer loop
      vertex -7.05352 6.60925 -5
      vertex -7.06398 6.59077 5
      vertex -7.06398 6.59077 -5
    endloop
  endfacet
  facet normal 0.580837 -0.81402 0
    outer loop
      vertex -6.71504 6.98517 -5
      vertex -6.69776 6.9975 5
      vertex -6.71504 6.98517 5
    endloop
  endfacet
  facet normal 0.580837 -0.81402 0
    outer loop
      vertex -6.69776 6.9975 5
      vertex -6.71504 6.98517 -5
      vertex -6.69776 6.9975 -5
    endloop
  endfacet
  facet normal -0.976331 0.216282 0
    outer loop
      vertex -4.81467 5.72735 -5
      vertex -4.81008 5.74807 5
      vertex -4.81008 5.74807 -5
    endloop
  endfacet
  facet normal -0.976331 0.216282 0
    outer loop
      vertex -4.81008 5.74807 5
      vertex -4.81467 5.72735 -5
      vertex -4.81467 5.72735 5
    endloop
  endfacet
  facet normal 0.993587 -0.113068 0
    outer loop
      vertex -7.20984 6.12816 5
      vertex -7.20744 6.14925 -5
      vertex -7.20744 6.14925 5
    endloop
  endfacet
  facet normal 0.993587 -0.113068 0
    outer loop
      vertex -7.20744 6.14925 -5
      vertex -7.20984 6.12816 5
      vertex -7.20984 6.12816 -5
    endloop
  endfacet
  facet normal 0.979868 -0.199646 0
    outer loop
      vertex -7.19416 6.23312 5
      vertex -7.18992 6.25393 -5
      vertex -7.18992 6.25393 5
    endloop
  endfacet
  facet normal 0.979868 -0.199646 0
    outer loop
      vertex -7.18992 6.25393 -5
      vertex -7.19416 6.23312 5
      vertex -7.19416 6.23312 -5
    endloop
  endfacet
  facet normal -0.833786 -0.552088 0
    outer loop
      vertex -4.97975 6.66356 -5
      vertex -4.99147 6.68126 5
      vertex -4.99147 6.68126 -5
    endloop
  endfacet
  facet normal -0.833786 -0.552088 0
    outer loop
      vertex -4.99147 6.68126 5
      vertex -4.97975 6.66356 -5
      vertex -4.97975 6.66356 5
    endloop
  endfacet
  facet normal -0.688267 -0.725458 0
    outer loop
      vertex -5.17035 6.8907 -5
      vertex -5.15494 6.87608 5
      vertex -5.17035 6.8907 5
    endloop
  endfacet
  facet normal -0.688267 -0.725458 -0
    outer loop
      vertex -5.15494 6.87608 5
      vertex -5.17035 6.8907 -5
      vertex -5.15494 6.87608 -5
    endloop
  endfacet
  facet normal -0.989005 -0.14788 0
    outer loop
      vertex -4.79533 6.1703 -5
      vertex -4.79847 6.1913 5
      vertex -4.79847 6.1913 -5
    endloop
  endfacet
  facet normal -0.989005 -0.14788 0
    outer loop
      vertex -4.79847 6.1913 5
      vertex -4.79533 6.1703 -5
      vertex -4.79533 6.1703 5
    endloop
  endfacet
  facet normal -0.382407 0.923994 0
    outer loop
      vertex -5.52467 4.8812 -5
      vertex -5.54429 4.87308 5
      vertex -5.52467 4.8812 5
    endloop
  endfacet
  facet normal -0.382407 0.923994 0
    outer loop
      vertex -5.54429 4.87308 5
      vertex -5.52467 4.8812 -5
      vertex -5.54429 4.87308 -5
    endloop
  endfacet
  facet normal -0.953782 0.3005 0
    outer loop
      vertex -4.84303 5.62508 -5
      vertex -4.83665 5.64533 5
      vertex -4.83665 5.64533 -5
    endloop
  endfacet
  facet normal -0.953782 0.3005 0
    outer loop
      vertex -4.83665 5.64533 5
      vertex -4.84303 5.62508 -5
      vertex -4.84303 5.62508 5
    endloop
  endfacet
  facet normal 0.662696 -0.748889 0
    outer loop
      vertex -6.814 6.90504 -5
      vertex -6.7981 6.91911 5
      vertex -6.814 6.90504 5
    endloop
  endfacet
  facet normal 0.662696 -0.748889 0
    outer loop
      vertex -6.7981 6.91911 5
      vertex -6.814 6.90504 -5
      vertex -6.7981 6.91911 -5
    endloop
  endfacet
  facet normal -0.996937 -0.0782096 0
    outer loop
      vertex -4.78646 6.08586 -5
      vertex -4.78812 6.10702 5
      vertex -4.78812 6.10702 -5
    endloop
  endfacet
  facet normal -0.996937 -0.0782096 0
    outer loop
      vertex -4.78812 6.10702 5
      vertex -4.78646 6.08586 -5
      vertex -4.78646 6.08586 5
    endloop
  endfacet
  facet normal -0.0259102 0.999664 0
    outer loop
      vertex -5.95755 4.78523 -5
      vertex -5.97877 4.78468 5
      vertex -5.95755 4.78523 5
    endloop
  endfacet
  facet normal -0.0259102 0.999664 0
    outer loop
      vertex -5.97877 4.78468 5
      vertex -5.95755 4.78523 -5
      vertex -5.97877 4.78468 -5
    endloop
  endfacet
  facet normal -0.748889 0.662696 0
    outer loop
      vertex -5.09596 5.187 -5
      vertex -5.08189 5.2029 5
      vertex -5.08189 5.2029 -5
    endloop
  endfacet
  facet normal -0.748889 0.662696 0
    outer loop
      vertex -5.08189 5.2029 5
      vertex -5.09596 5.187 -5
      vertex -5.09596 5.187 5
    endloop
  endfacet
  facet normal 0.713204 0.700956 0
    outer loop
      vertex -6.8602 5.1408 5
      vertex -6.87508 5.15594 -5
      vertex -6.87508 5.15594 5
    endloop
  endfacet
  facet normal 0.713204 0.700956 0
    outer loop
      vertex -6.87508 5.15594 -5
      vertex -6.8602 5.1408 5
      vertex -6.8602 5.1408 -5
    endloop
  endfacet
  facet normal 0.430555 -0.902564 0
    outer loop
      vertex -6.53328 7.09439 -5
      vertex -6.51412 7.10353 5
      vertex -6.53328 7.09439 5
    endloop
  endfacet
  facet normal 0.430555 -0.902564 0
    outer loop
      vertex -6.51412 7.10353 5
      vertex -6.53328 7.09439 -5
      vertex -6.51412 7.10353 -5
    endloop
  endfacet
  facet normal 0.0782096 0.996937 -0
    outer loop
      vertex -6.08486 4.78746 -5
      vertex -6.10602 4.78912 5
      vertex -6.08486 4.78746 5
    endloop
  endfacet
  facet normal 0.0782096 0.996937 0
    outer loop
      vertex -6.10602 4.78912 5
      vertex -6.08486 4.78746 -5
      vertex -6.10602 4.78912 -5
    endloop
  endfacet
  facet normal -0.916988 -0.398916 0
    outer loop
      vertex -4.8802 6.47633 -5
      vertex -4.88867 6.4958 5
      vertex -4.88867 6.4958 -5
    endloop
  endfacet
  facet normal -0.916988 -0.398916 0
    outer loop
      vertex -4.88867 6.4958 5
      vertex -4.8802 6.47633 -5
      vertex -4.8802 6.47633 5
    endloop
  endfacet
  facet normal -0.958831 0.283976 0
    outer loop
      vertex -4.83665 5.64533 -5
      vertex -4.83062 5.66569 5
      vertex -4.83062 5.66569 -5
    endloop
  endfacet
  facet normal -0.958831 0.283976 0
    outer loop
      vertex -4.83062 5.66569 5
      vertex -4.83665 5.64533 -5
      vertex -4.83665 5.64533 5
    endloop
  endfacet
  facet normal 0.181786 -0.983338 0
    outer loop
      vertex -6.23212 7.19516 -5
      vertex -6.21124 7.19902 5
      vertex -6.23212 7.19516 5
    endloop
  endfacet
  facet normal 0.181786 -0.983338 0
    outer loop
      vertex -6.21124 7.19902 5
      vertex -6.23212 7.19516 -5
      vertex -6.21124 7.19902 -5
    endloop
  endfacet
  facet normal -0.700956 0.713204 0
    outer loop
      vertex -5.1398 5.1408 -5
      vertex -5.15494 5.12592 5
      vertex -5.1398 5.1408 5
    endloop
  endfacet
  facet normal -0.700956 0.713204 0
    outer loop
      vertex -5.15494 5.12592 5
      vertex -5.1398 5.1408 -5
      vertex -5.15494 5.12592 -5
    endloop
  endfacet
  facet normal 0.477102 0.878848 -0
    outer loop
      vertex -6.57111 4.92689 -5
      vertex -6.58977 4.93702 5
      vertex -6.57111 4.92689 5
    endloop
  endfacet
  facet normal 0.477102 0.878848 0
    outer loop
      vertex -6.58977 4.93702 5
      vertex -6.57111 4.92689 -5
      vertex -6.58977 4.93702 -5
    endloop
  endfacet
  facet normal -0.414513 -0.910044 0
    outer loop
      vertex -5.5052 7.11233 -5
      vertex -5.48588 7.10353 5
      vertex -5.5052 7.11233 5
    endloop
  endfacet
  facet normal -0.414513 -0.910044 -0
    outer loop
      vertex -5.48588 7.10353 5
      vertex -5.5052 7.11233 -5
      vertex -5.48588 7.10353 -5
    endloop
  endfacet
  facet normal 0.878848 0.477102 0
    outer loop
      vertex -7.06398 5.41123 5
      vertex -7.07411 5.42989 -5
      vertex -7.07411 5.42989 5
    endloop
  endfacet
  facet normal 0.878848 0.477102 0
    outer loop
      vertex -7.07411 5.42989 -5
      vertex -7.06398 5.41123 5
      vertex -7.06398 5.41123 -5
    endloop
  endfacet
  facet normal 0.725458 -0.688267 0
    outer loop
      vertex -6.8897 6.83065 5
      vertex -6.87508 6.84606 -5
      vertex -6.87508 6.84606 5
    endloop
  endfacet
  facet normal 0.725458 -0.688267 0
    outer loop
      vertex -6.87508 6.84606 -5
      vertex -6.8897 6.83065 5
      vertex -6.8897 6.83065 -5
    endloop
  endfacet
  facet normal 0.96368 -0.267061 0
    outer loop
      vertex -7.17505 6.31585 5
      vertex -7.16938 6.33631 -5
      vertex -7.16938 6.33631 5
    endloop
  endfacet
  facet normal 0.96368 -0.267061 0
    outer loop
      vertex -7.16938 6.33631 -5
      vertex -7.17505 6.31585 5
      vertex -7.17505 6.31585 -5
    endloop
  endfacet
  facet normal 0.910044 -0.414513 0
    outer loop
      vertex -7.11133 6.4958 5
      vertex -7.10253 6.51512 -5
      vertex -7.10253 6.51512 5
    endloop
  endfacet
  facet normal 0.910044 -0.414513 0
    outer loop
      vertex -7.10253 6.51512 -5
      vertex -7.11133 6.4958 5
      vertex -7.11133 6.4958 -5
    endloop
  endfacet
  facet normal -0.492228 0.870466 0
    outer loop
      vertex -5.39175 4.94747 -5
      vertex -5.41023 4.93702 5
      vertex -5.39175 4.94747 5
    endloop
  endfacet
  facet normal -0.492228 0.870466 0
    outer loop
      vertex -5.41023 4.93702 5
      vertex -5.39175 4.94747 -5
      vertex -5.41023 4.93702 -5
    endloop
  endfacet
  facet normal -0.333978 -0.942581 0
    outer loop
      vertex -5.60394 7.15123 -5
      vertex -5.58393 7.14414 5
      vertex -5.60394 7.15123 5
    endloop
  endfacet
  facet normal -0.333978 -0.942581 -0
    outer loop
      vertex -5.58393 7.14414 5
      vertex -5.60394 7.15123 -5
      vertex -5.58393 7.14414 -5
    endloop
  endfacet
  facet normal -0.552088 -0.833786 0
    outer loop
      vertex -5.33744 7.02125 -5
      vertex -5.31974 7.00953 5
      vertex -5.33744 7.02125 5
    endloop
  endfacet
  facet normal -0.552088 -0.833786 -0
    outer loop
      vertex -5.31974 7.00953 5
      vertex -5.33744 7.02125 -5
      vertex -5.31974 7.00953 -5
    endloop
  endfacet
  facet normal -0.594788 0.803882 0
    outer loop
      vertex -5.26789 5.02946 -5
      vertex -5.28496 5.01683 5
      vertex -5.26789 5.02946 5
    endloop
  endfacet
  facet normal -0.594788 0.803882 0
    outer loop
      vertex -5.28496 5.01683 5
      vertex -5.26789 5.02946 -5
      vertex -5.28496 5.01683 -5
    endloop
  endfacet
  facet normal -0.993587 0.113068 0
    outer loop
      vertex -4.79256 5.85275 -5
      vertex -4.79016 5.87384 5
      vertex -4.79016 5.87384 -5
    endloop
  endfacet
  facet normal -0.993587 0.113068 0
    outer loop
      vertex -4.79016 5.87384 5
      vertex -4.79256 5.85275 -5
      vertex -4.79256 5.85275 5
    endloop
  endfacet
  facet normal 0.317358 -0.948306 0
    outer loop
      vertex -6.39606 7.15123 -5
      vertex -6.37592 7.15797 5
      vertex -6.39606 7.15123 5
    endloop
  endfacet
  facet normal 0.317358 -0.948306 0
    outer loop
      vertex -6.37592 7.15797 5
      vertex -6.39606 7.15123 -5
      vertex -6.37592 7.15797 -5
    endloop
  endfacet
  facet normal 0.99996 0.00894924 0
    outer loop
      vertex -7.21632 5.97977 5
      vertex -7.21651 6.001 -5
      vertex -7.21651 6.001 5
    endloop
  endfacet
  facet normal 0.99996 0.00894924 0
    outer loop
      vertex -7.21651 6.001 -5
      vertex -7.21632 5.97977 5
      vertex -7.21632 5.97977 -5
    endloop
  endfacet
  facet normal -0.608481 -0.793568 0
    outer loop
      vertex -5.26789 6.97254 -5
      vertex -5.25104 6.95962 5
      vertex -5.26789 6.97254 5
    endloop
  endfacet
  facet normal -0.608481 -0.793568 -0
    outer loop
      vertex -5.25104 6.95962 5
      vertex -5.26789 6.97254 -5
      vertex -5.25104 6.95962 -5
    endloop
  endfacet
  facet normal -0.461664 0.887055 0
    outer loop
      vertex -5.42889 4.92689 -5
      vertex -5.44772 4.91709 5
      vertex -5.42889 4.92689 5
    endloop
  endfacet
  facet normal -0.461664 0.887055 0
    outer loop
      vertex -5.44772 4.91709 5
      vertex -5.42889 4.92689 -5
      vertex -5.44772 4.91709 -5
    endloop
  endfacet
  facet normal 0.688267 -0.725458 0
    outer loop
      vertex -6.84506 6.87608 -5
      vertex -6.82965 6.8907 5
      vertex -6.84506 6.87608 5
    endloop
  endfacet
  facet normal 0.688267 -0.725458 0
    outer loop
      vertex -6.82965 6.8907 5
      vertex -6.84506 6.87608 -5
      vertex -6.82965 6.8907 -5
    endloop
  endfacet
  facet normal -0.688267 0.725458 0
    outer loop
      vertex -5.15494 5.12592 -5
      vertex -5.17035 5.1113 5
      vertex -5.15494 5.12592 5
    endloop
  endfacet
  facet normal -0.688267 0.725458 0
    outer loop
      vertex -5.17035 5.1113 5
      vertex -5.15494 5.12592 -5
      vertex -5.17035 5.1113 -5
    endloop
  endfacet
  facet normal 0.537302 0.84339 -0
    outer loop
      vertex -6.64465 4.96934 -5
      vertex -6.66256 4.98075 5
      vertex -6.64465 4.96934 5
    endloop
  endfacet
  facet normal 0.537302 0.84339 0
    outer loop
      vertex -6.66256 4.98075 5
      vertex -6.64465 4.96934 -5
      vertex -6.66256 4.98075 -5
    endloop
  endfacet
  facet normal 0.976331 0.216282 0
    outer loop
      vertex -7.18533 5.72735 5
      vertex -7.18992 5.74807 -5
      vertex -7.18992 5.74807 5
    endloop
  endfacet
  facet normal 0.976331 0.216282 0
    outer loop
      vertex -7.18992 5.74807 -5
      vertex -7.18533 5.72735 5
      vertex -7.18533 5.72735 -5
    endloop
  endfacet
  facet normal 0.700956 0.713204 -0
    outer loop
      vertex -6.84506 5.12592 -5
      vertex -6.8602 5.1408 5
      vertex -6.84506 5.12592 5
    endloop
  endfacet
  facet normal 0.700956 0.713204 0
    outer loop
      vertex -6.8602 5.1408 5
      vertex -6.84506 5.12592 -5
      vertex -6.8602 5.1408 -5
    endloop
  endfacet
  facet normal -0.0433146 -0.999061 0
    outer loop
      vertex -5.95755 7.21676 -5
      vertex -5.93633 7.21584 5
      vertex -5.95755 7.21676 5
    endloop
  endfacet
  facet normal -0.0433146 -0.999061 -0
    outer loop
      vertex -5.93633 7.21584 5
      vertex -5.95755 7.21676 -5
      vertex -5.93633 7.21584 -5
    endloop
  endfacet
  facet normal -0.930253 0.36692 0
    outer loop
      vertex -4.87208 5.54529 -5
      vertex -4.86429 5.56504 5
      vertex -4.86429 5.56504 -5
    endloop
  endfacet
  facet normal -0.930253 0.36692 0
    outer loop
      vertex -4.86429 5.56504 5
      vertex -4.87208 5.54529 -5
      vertex -4.87208 5.54529 5
    endloop
  endfacet
  facet normal 0.130467 -0.991453 0
    outer loop
      vertex -6.1693 7.20567 -5
      vertex -6.14825 7.20844 5
      vertex -6.1693 7.20567 5
    endloop
  endfacet
  facet normal 0.130467 -0.991453 0
    outer loop
      vertex -6.14825 7.20844 5
      vertex -6.1693 7.20567 -5
      vertex -6.14825 7.20844 -5
    endloop
  endfacet
  facet normal 0.983338 0.181786 0
    outer loop
      vertex -7.19416 5.76888 5
      vertex -7.19802 5.78976 -5
      vertex -7.19802 5.78976 5
    endloop
  endfacet
  facet normal 0.983338 0.181786 0
    outer loop
      vertex -7.19802 5.78976 -5
      vertex -7.19416 5.76888 5
      vertex -7.19416 5.76888 -5
    endloop
  endfacet
  facet normal 0.748889 0.662696 0
    outer loop
      vertex -6.90404 5.187 5
      vertex -6.91811 5.2029 -5
      vertex -6.91811 5.2029 5
    endloop
  endfacet
  facet normal 0.748889 0.662696 0
    outer loop
      vertex -6.91811 5.2029 -5
      vertex -6.90404 5.187 5
      vertex -6.90404 5.187 -5
    endloop
  endfacet
  facet normal -0.999061 0.0433146 0
    outer loop
      vertex -4.78516 5.93733 -5
      vertex -4.78424 5.95855 5
      vertex -4.78424 5.95855 -5
    endloop
  endfacet
  facet normal -0.999061 0.0433146 0
    outer loop
      vertex -4.78424 5.95855 5
      vertex -4.78516 5.93733 -5
      vertex -4.78516 5.93733 5
    endloop
  endfacet
  facet normal -0.44646 -0.894804 0
    outer loop
      vertex -5.46672 7.09439 -5
      vertex -5.44772 7.08491 5
      vertex -5.46672 7.09439 5
    endloop
  endfacet
  facet normal -0.44646 -0.894804 -0
    outer loop
      vertex -5.44772 7.08491 5
      vertex -5.46672 7.09439 -5
      vertex -5.44772 7.08491 -5
    endloop
  endfacet
  facet normal -0.870264 -0.492585 0
    outer loop
      vertex -4.93602 6.59077 -5
      vertex -4.94648 6.60925 5
      vertex -4.94648 6.60925 -5
    endloop
  endfacet
  facet normal -0.870264 -0.492585 0
    outer loop
      vertex -4.94648 6.60925 5
      vertex -4.93602 6.59077 -5
      vertex -4.93602 6.59077 5
    endloop
  endfacet
  facet normal -0.414513 0.910044 0
    outer loop
      vertex -5.48588 4.89847 -5
      vertex -5.5052 4.88967 5
      vertex -5.48588 4.89847 5
    endloop
  endfacet
  facet normal -0.414513 0.910044 0
    outer loop
      vertex -5.5052 4.88967 5
      vertex -5.48588 4.89847 -5
      vertex -5.5052 4.88967 -5
    endloop
  endfacet
  facet normal 0.948306 0.317358 0
    outer loop
      vertex -7.15023 5.60494 5
      vertex -7.15697 5.62508 -5
      vertex -7.15697 5.62508 5
    endloop
  endfacet
  facet normal 0.948306 0.317358 0
    outer loop
      vertex -7.15697 5.62508 -5
      vertex -7.15023 5.60494 5
      vertex -7.15023 5.60494 -5
    endloop
  endfacet
  facet normal -0.986241 -0.165315 0
    outer loop
      vertex -4.79847 6.1913 -5
      vertex -4.80198 6.21224 5
      vertex -4.80198 6.21224 -5
    endloop
  endfacet
  facet normal -0.986241 -0.165315 0
    outer loop
      vertex -4.80198 6.21224 5
      vertex -4.79847 6.1913 -5
      vertex -4.79847 6.1913 5
    endloop
  endfacet
  facet normal 0.936774 -0.349936 0
    outer loop
      vertex -7.14314 6.41707 5
      vertex -7.13571 6.43696 -5
      vertex -7.13571 6.43696 5
    endloop
  endfacet
  facet normal 0.936774 -0.349936 0
    outer loop
      vertex -7.13571 6.43696 -5
      vertex -7.14314 6.41707 5
      vertex -7.14314 6.41707 -5
    endloop
  endfacet
  facet normal 0.993587 0.113068 0
    outer loop
      vertex -7.20744 5.85275 5
      vertex -7.20984 5.87384 -5
      vertex -7.20984 5.87384 5
    endloop
  endfacet
  facet normal 0.993587 0.113068 0
    outer loop
      vertex -7.20984 5.87384 -5
      vertex -7.20744 5.85275 5
      vertex -7.20744 5.85275 -5
    endloop
  endfacet
  facet normal 0.62274 0.782429 -0
    outer loop
      vertex -6.74896 5.04238 -5
      vertex -6.76557 5.0556 5
      vertex -6.74896 5.04238 5
    endloop
  endfacet
  facet normal 0.62274 0.782429 0
    outer loop
      vertex -6.76557 5.0556 5
      vertex -6.74896 5.04238 -5
      vertex -6.76557 5.0556 -5
    endloop
  endfacet
  facet normal 0.713204 -0.700956 0
    outer loop
      vertex -6.87508 6.84606 5
      vertex -6.8602 6.8612 -5
      vertex -6.8602 6.8612 5
    endloop
  endfacet
  facet normal 0.713204 -0.700956 0
    outer loop
      vertex -6.8602 6.8612 -5
      vertex -6.87508 6.84606 5
      vertex -6.87508 6.84606 -5
    endloop
  endfacet
  facet normal 0.803882 -0.594788 0
    outer loop
      vertex -6.98417 6.71604 5
      vertex -6.97154 6.73311 -5
      vertex -6.97154 6.73311 5
    endloop
  endfacet
  facet normal 0.803882 -0.594788 0
    outer loop
      vertex -6.97154 6.73311 -5
      vertex -6.98417 6.71604 5
      vertex -6.98417 6.71604 -5
    endloop
  endfacet
  facet normal -0.979868 0.199646 0
    outer loop
      vertex -4.81008 5.74807 -5
      vertex -4.80584 5.76888 5
      vertex -4.80584 5.76888 -5
    endloop
  endfacet
  facet normal -0.979868 0.199646 0
    outer loop
      vertex -4.80584 5.76888 5
      vertex -4.81008 5.74807 -5
      vertex -4.81008 5.74807 5
    endloop
  endfacet
  facet normal 0.953782 0.3005 0
    outer loop
      vertex -7.15697 5.62508 5
      vertex -7.16335 5.64533 -5
      vertex -7.16335 5.64533 5
    endloop
  endfacet
  facet normal 0.953782 0.3005 0
    outer loop
      vertex -7.16335 5.64533 -5
      vertex -7.15697 5.62508 5
      vertex -7.15697 5.62508 -5
    endloop
  endfacet
  facet normal 0.84339 0.537302 0
    outer loop
      vertex -7.02025 5.33844 5
      vertex -7.03166 5.35635 -5
      vertex -7.03166 5.35635 5
    endloop
  endfacet
  facet normal 0.84339 0.537302 0
    outer loop
      vertex -7.03166 5.35635 -5
      vertex -7.02025 5.33844 5
      vertex -7.02025 5.33844 -5
    endloop
  endfacet
  facet normal 0.522441 -0.852676 0
    outer loop
      vertex -6.64465 7.03266 -5
      vertex -6.62655 7.04375 5
      vertex -6.64465 7.03266 5
    endloop
  endfacet
  facet normal 0.522441 -0.852676 0
    outer loop
      vertex -6.62655 7.04375 5
      vertex -6.64465 7.03266 -5
      vertex -6.62655 7.04375 -5
    endloop
  endfacet
  facet normal 0.492228 0.870466 -0
    outer loop
      vertex -6.58977 4.93702 -5
      vertex -6.60825 4.94747 5
      vertex -6.58977 4.93702 5
    endloop
  endfacet
  facet normal 0.492228 0.870466 0
    outer loop
      vertex -6.60825 4.94747 5
      vertex -6.58977 4.93702 -5
      vertex -6.60825 4.94747 -5
    endloop
  endfacet
  facet normal 0.675575 -0.737291 0
    outer loop
      vertex -6.82965 6.8907 -5
      vertex -6.814 6.90504 5
      vertex -6.82965 6.8907 5
    endloop
  endfacet
  facet normal 0.675575 -0.737291 0
    outer loop
      vertex -6.814 6.90504 5
      vertex -6.82965 6.8907 -5
      vertex -6.814 6.90504 -5
    endloop
  endfacet
  facet normal 0.636004 -0.771685 0
    outer loop
      vertex -6.78195 6.9329 -5
      vertex -6.76557 6.9464 5
      vertex -6.78195 6.9329 5
    endloop
  endfacet
  facet normal 0.636004 -0.771685 0
    outer loop
      vertex -6.76557 6.9464 5
      vertex -6.78195 6.9329 -5
      vertex -6.76557 6.9464 -5
    endloop
  endfacet
  facet normal -0.861825 -0.507205 0
    outer loop
      vertex -4.94648 6.60925 -5
      vertex -4.95725 6.62755 5
      vertex -4.95725 6.62755 -5
    endloop
  endfacet
  facet normal -0.861825 -0.507205 0
    outer loop
      vertex -4.95725 6.62755 5
      vertex -4.94648 6.60925 -5
      vertex -4.94648 6.60925 5
    endloop
  endfacet
  facet normal -0.878848 -0.477102 0
    outer loop
      vertex -4.92589 6.57211 -5
      vertex -4.93602 6.59077 5
      vertex -4.93602 6.59077 -5
    endloop
  endfacet
  facet normal -0.878848 -0.477102 0
    outer loop
      vertex -4.93602 6.59077 5
      vertex -4.92589 6.57211 -5
      vertex -4.92589 6.57211 5
    endloop
  endfacet
  facet normal 0.99996 -0.00894924 0
    outer loop
      vertex -7.21651 6.001 5
      vertex -7.21632 6.02223 -5
      vertex -7.21632 6.02223 5
    endloop
  endfacet
  facet normal 0.99996 -0.00894924 0
    outer loop
      vertex -7.21632 6.02223 -5
      vertex -7.21651 6.001 5
      vertex -7.21651 6.001 -5
    endloop
  endfacet
  facet normal -0.84339 0.537302 0
    outer loop
      vertex -4.97975 5.33844 -5
      vertex -4.96834 5.35635 5
      vertex -4.96834 5.35635 -5
    endloop
  endfacet
  facet normal -0.84339 0.537302 0
    outer loop
      vertex -4.96834 5.35635 5
      vertex -4.97975 5.33844 -5
      vertex -4.97975 5.33844 5
    endloop
  endfacet
  facet normal -0.968086 0.250619 0
    outer loop
      vertex -4.82495 5.68615 -5
      vertex -4.81963 5.7067 5
      vertex -4.81963 5.7067 -5
    endloop
  endfacet
  facet normal -0.968086 0.250619 0
    outer loop
      vertex -4.81963 5.7067 5
      vertex -4.82495 5.68615 -5
      vertex -4.82495 5.68615 5
    endloop
  endfacet
  facet normal -0.507555 0.861619 0
    outer loop
      vertex -5.37345 4.95825 -5
      vertex -5.39175 4.94747 5
      vertex -5.37345 4.95825 5
    endloop
  endfacet
  facet normal -0.507555 0.861619 0
    outer loop
      vertex -5.39175 4.94747 5
      vertex -5.37345 4.95825 -5
      vertex -5.39175 4.94747 -5
    endloop
  endfacet
  facet normal -0.636004 -0.771685 0
    outer loop
      vertex -5.23443 6.9464 -5
      vertex -5.21805 6.9329 5
      vertex -5.23443 6.9464 5
    endloop
  endfacet
  facet normal -0.636004 -0.771685 -0
    outer loop
      vertex -5.21805 6.9329 5
      vertex -5.23443 6.9464 -5
      vertex -5.21805 6.9329 -5
    endloop
  endfacet
  facet normal 0.737291 -0.675575 0
    outer loop
      vertex -6.90404 6.815 5
      vertex -6.8897 6.83065 -5
      vertex -6.8897 6.83065 5
    endloop
  endfacet
  facet normal 0.737291 -0.675575 0
    outer loop
      vertex -6.8897 6.83065 -5
      vertex -6.90404 6.815 5
      vertex -6.90404 6.815 -5
    endloop
  endfacet
  facet normal 0.81402 -0.580837 0
    outer loop
      vertex -6.9965 6.69876 5
      vertex -6.98417 6.71604 -5
      vertex -6.98417 6.71604 5
    endloop
  endfacet
  facet normal 0.81402 -0.580837 0
    outer loop
      vertex -6.98417 6.71604 -5
      vertex -6.9965 6.69876 5
      vertex -6.9965 6.69876 -5
    endloop
  endfacet
  facet normal -0.552088 0.833786 0
    outer loop
      vertex -5.31974 4.99247 -5
      vertex -5.33744 4.98075 5
      vertex -5.31974 4.99247 5
    endloop
  endfacet
  facet normal -0.552088 0.833786 0
    outer loop
      vertex -5.33744 4.98075 5
      vertex -5.31974 4.99247 -5
      vertex -5.33744 4.98075 -5
    endloop
  endfacet
  facet normal 0.165315 0.986241 -0
    outer loop
      vertex -6.1903 4.79947 -5
      vertex -6.21124 4.80298 5
      vertex -6.1903 4.79947 5
    endloop
  endfacet
  facet normal 0.165315 0.986241 0
    outer loop
      vertex -6.21124 4.80298 5
      vertex -6.1903 4.79947 -5
      vertex -6.21124 4.80298 -5
    endloop
  endfacet
  facet normal 0.958831 -0.283976 0
    outer loop
      vertex -7.16938 6.33631 5
      vertex -7.16335 6.35667 -5
      vertex -7.16335 6.35667 5
    endloop
  endfacet
  facet normal 0.958831 -0.283976 0
    outer loop
      vertex -7.16335 6.35667 -5
      vertex -7.16938 6.33631 5
      vertex -7.16938 6.33631 -5
    endloop
  endfacet
  facet normal -0.878848 0.477102 0
    outer loop
      vertex -4.93602 5.41123 -5
      vertex -4.92589 5.42989 5
      vertex -4.92589 5.42989 -5
    endloop
  endfacet
  facet normal -0.878848 0.477102 0
    outer loop
      vertex -4.92589 5.42989 5
      vertex -4.93602 5.41123 -5
      vertex -4.93602 5.41123 5
    endloop
  endfacet
  facet normal 0.492585 -0.870264 0
    outer loop
      vertex -6.60825 7.05452 -5
      vertex -6.58977 7.06498 5
      vertex -6.60825 7.05452 5
    endloop
  endfacet
  facet normal 0.492585 -0.870264 0
    outer loop
      vertex -6.58977 7.06498 5
      vertex -6.60825 7.05452 -5
      vertex -6.58977 7.06498 -5
    endloop
  endfacet
  facet normal 0.782429 -0.62274 0
    outer loop
      vertex -6.95862 6.74996 5
      vertex -6.9454 6.76657 -5
      vertex -6.9454 6.76657 5
    endloop
  endfacet
  facet normal 0.782429 -0.62274 0
    outer loop
      vertex -6.9454 6.76657 -5
      vertex -6.95862 6.74996 5
      vertex -6.95862 6.74996 -5
    endloop
  endfacet
  facet normal 0.44646 -0.894804 0
    outer loop
      vertex -6.55228 7.08491 -5
      vertex -6.53328 7.09439 5
      vertex -6.55228 7.08491 5
    endloop
  endfacet
  facet normal 0.44646 -0.894804 0
    outer loop
      vertex -6.53328 7.09439 5
      vertex -6.55228 7.08491 -5
      vertex -6.53328 7.09439 -5
    endloop
  endfacet
  facet normal 0.552088 0.833786 -0
    outer loop
      vertex -6.66256 4.98075 -5
      vertex -6.68026 4.99247 5
      vertex -6.66256 4.98075 5
    endloop
  endfacet
  facet normal 0.552088 0.833786 0
    outer loop
      vertex -6.68026 4.99247 5
      vertex -6.66256 4.98075 -5
      vertex -6.68026 4.99247 -5
    endloop
  endfacet
  facet normal -0.317358 0.948306 0
    outer loop
      vertex -5.60394 4.85077 -5
      vertex -5.62408 4.84403 5
      vertex -5.60394 4.85077 5
    endloop
  endfacet
  facet normal -0.317358 0.948306 0
    outer loop
      vertex -5.62408 4.84403 5
      vertex -5.60394 4.85077 -5
      vertex -5.62408 4.84403 -5
    endloop
  endfacet
  facet normal -0.181786 -0.983338 0
    outer loop
      vertex -5.78876 7.19902 -5
      vertex -5.76788 7.19516 5
      vertex -5.78876 7.19902 5
    endloop
  endfacet
  facet normal -0.181786 -0.983338 -0
    outer loop
      vertex -5.76788 7.19516 5
      vertex -5.78876 7.19902 -5
      vertex -5.76788 7.19516 -5
    endloop
  endfacet
  facet normal 0.636004 0.771685 -0
    outer loop
      vertex -6.76557 5.0556 -5
      vertex -6.78195 5.0691 5
      vertex -6.76557 5.0556 5
    endloop
  endfacet
  facet normal 0.636004 0.771685 0
    outer loop
      vertex -6.78195 5.0691 5
      vertex -6.76557 5.0556 -5
      vertex -6.78195 5.0691 -5
    endloop
  endfacet
  facet normal 0.349936 0.936774 -0
    outer loop
      vertex -6.41607 4.85786 -5
      vertex -6.43596 4.86529 5
      vertex -6.41607 4.85786 5
    endloop
  endfacet
  facet normal 0.349936 0.936774 0
    outer loop
      vertex -6.43596 4.86529 5
      vertex -6.41607 4.85786 -5
      vertex -6.43596 4.86529 -5
    endloop
  endfacet
  facet normal -0.675575 -0.737291 0
    outer loop
      vertex -5.186 6.90504 -5
      vertex -5.17035 6.8907 5
      vertex -5.186 6.90504 5
    endloop
  endfacet
  facet normal -0.675575 -0.737291 -0
    outer loop
      vertex -5.17035 6.8907 5
      vertex -5.186 6.90504 -5
      vertex -5.17035 6.8907 -5
    endloop
  endfacet
  facet normal 0.824069 -0.566489 0
    outer loop
      vertex -7.00853 6.68126 5
      vertex -6.9965 6.69876 -5
      vertex -6.9965 6.69876 5
    endloop
  endfacet
  facet normal 0.824069 -0.566489 0
    outer loop
      vertex -6.9965 6.69876 -5
      vertex -7.00853 6.68126 5
      vertex -7.00853 6.68126 -5
    endloop
  endfacet
  facet normal -0.861825 0.507205 0
    outer loop
      vertex -4.95725 5.37445 -5
      vertex -4.94648 5.39275 5
      vertex -4.94648 5.39275 -5
    endloop
  endfacet
  facet normal -0.861825 0.507205 0
    outer loop
      vertex -4.94648 5.39275 5
      vertex -4.95725 5.37445 -5
      vertex -4.95725 5.37445 5
    endloop
  endfacet
  facet normal -0.737291 -0.675575 0
    outer loop
      vertex -5.09596 6.815 -5
      vertex -5.1103 6.83065 5
      vertex -5.1103 6.83065 -5
    endloop
  endfacet
  facet normal -0.737291 -0.675575 0
    outer loop
      vertex -5.1103 6.83065 5
      vertex -5.09596 6.815 -5
      vertex -5.09596 6.815 5
    endloop
  endfacet
  facet normal -0.748889 -0.662696 0
    outer loop
      vertex -5.08189 6.7991 -5
      vertex -5.09596 6.815 5
      vertex -5.09596 6.815 -5
    endloop
  endfacet
  facet normal -0.748889 -0.662696 0
    outer loop
      vertex -5.09596 6.815 5
      vertex -5.08189 6.7991 -5
      vertex -5.08189 6.7991 5
    endloop
  endfacet
  facet normal -0.989005 0.14788 0
    outer loop
      vertex -4.79847 5.8107 -5
      vertex -4.79533 5.8317 5
      vertex -4.79533 5.8317 -5
    endloop
  endfacet
  facet normal -0.989005 0.14788 0
    outer loop
      vertex -4.79533 5.8317 5
      vertex -4.79847 5.8107 -5
      vertex -4.79847 5.8107 5
    endloop
  endfacet
  facet normal -0.430555 -0.902564 0
    outer loop
      vertex -5.48588 7.10353 -5
      vertex -5.46672 7.09439 5
      vertex -5.48588 7.10353 5
    endloop
  endfacet
  facet normal -0.430555 -0.902564 -0
    outer loop
      vertex -5.46672 7.09439 5
      vertex -5.48588 7.10353 -5
      vertex -5.46672 7.09439 -5
    endloop
  endfacet
  facet normal 0.930253 -0.36692 0
    outer loop
      vertex -7.13571 6.43696 5
      vertex -7.12792 6.45671 -5
      vertex -7.12792 6.45671 5
    endloop
  endfacet
  facet normal 0.930253 -0.36692 0
    outer loop
      vertex -7.12792 6.45671 -5
      vertex -7.13571 6.43696 5
      vertex -7.13571 6.43696 -5
    endloop
  endfacet
  facet normal 0.995376 -0.0960533 0
    outer loop
      vertex -7.21188 6.10702 5
      vertex -7.20984 6.12816 -5
      vertex -7.20984 6.12816 5
    endloop
  endfacet
  facet normal 0.995376 -0.0960533 0
    outer loop
      vertex -7.20984 6.12816 -5
      vertex -7.21188 6.10702 5
      vertex -7.21188 6.10702 -5
    endloop
  endfacet
  facet normal 0.0960533 -0.995376 0
    outer loop
      vertex -6.12716 7.21084 -5
      vertex -6.10602 7.21288 5
      vertex -6.12716 7.21084 5
    endloop
  endfacet
  facet normal 0.0960533 -0.995376 0
    outer loop
      vertex -6.10602 7.21288 5
      vertex -6.12716 7.21084 -5
      vertex -6.10602 7.21288 -5
    endloop
  endfacet
  facet normal -0.96368 0.267061 0
    outer loop
      vertex -4.83062 5.66569 -5
      vertex -4.82495 5.68615 5
      vertex -4.82495 5.68615 -5
    endloop
  endfacet
  facet normal -0.96368 0.267061 0
    outer loop
      vertex -4.82495 5.68615 5
      vertex -4.83062 5.66569 -5
      vertex -4.83062 5.66569 5
    endloop
  endfacet
  facet normal 0.398916 0.916988 -0
    outer loop
      vertex -6.47533 4.8812 -5
      vertex -6.4948 4.88967 5
      vertex -6.47533 4.8812 5
    endloop
  endfacet
  facet normal 0.398916 0.916988 0
    outer loop
      vertex -6.4948 4.88967 5
      vertex -6.47533 4.8812 -5
      vertex -6.4948 4.88967 -5
    endloop
  endfacet
  facet normal -0.976331 -0.216282 0
    outer loop
      vertex -4.81008 6.25393 -5
      vertex -4.81467 6.27465 5
      vertex -4.81467 6.27465 -5
    endloop
  endfacet
  facet normal -0.976331 -0.216282 0
    outer loop
      vertex -4.81467 6.27465 5
      vertex -4.81008 6.25393 -5
      vertex -4.81008 6.25393 5
    endloop
  endfacet
  facet normal -0.250619 0.968086 0
    outer loop
      vertex -5.68515 4.82595 -5
      vertex -5.7057 4.82063 5
      vertex -5.68515 4.82595 5
    endloop
  endfacet
  facet normal -0.250619 0.968086 0
    outer loop
      vertex -5.7057 4.82063 5
      vertex -5.68515 4.82595 -5
      vertex -5.7057 4.82063 -5
    endloop
  endfacet
  facet normal 0.852676 0.522441 0
    outer loop
      vertex -7.03166 5.35635 5
      vertex -7.04275 5.37445 -5
      vertex -7.04275 5.37445 5
    endloop
  endfacet
  facet normal 0.852676 0.522441 0
    outer loop
      vertex -7.04275 5.37445 -5
      vertex -7.03166 5.35635 5
      vertex -7.03166 5.35635 -5
    endloop
  endfacet
  facet normal -0.36692 -0.930253 0
    outer loop
      vertex -5.56404 7.13671 -5
      vertex -5.54429 7.12892 5
      vertex -5.56404 7.13671 5
    endloop
  endfacet
  facet normal -0.36692 -0.930253 -0
    outer loop
      vertex -5.54429 7.12892 5
      vertex -5.56404 7.13671 -5
      vertex -5.54429 7.12892 -5
    endloop
  endfacet
  facet normal -0.894804 0.44646 0
    outer loop
      vertex -4.91609 5.44872 -5
      vertex -4.90661 5.46772 5
      vertex -4.90661 5.46772 -5
    endloop
  endfacet
  facet normal -0.894804 0.44646 0
    outer loop
      vertex -4.90661 5.46772 5
      vertex -4.91609 5.44872 -5
      vertex -4.91609 5.44872 5
    endloop
  endfacet
  facet normal 0.986241 -0.165315 0
    outer loop
      vertex -7.20153 6.1913 5
      vertex -7.19802 6.21224 -5
      vertex -7.19802 6.21224 5
    endloop
  endfacet
  facet normal 0.986241 -0.165315 0
    outer loop
      vertex -7.19802 6.21224 -5
      vertex -7.20153 6.1913 5
      vertex -7.20153 6.1913 -5
    endloop
  endfacet
  facet normal -0.349936 -0.936774 0
    outer loop
      vertex -5.58393 7.14414 -5
      vertex -5.56404 7.13671 5
      vertex -5.58393 7.14414 5
    endloop
  endfacet
  facet normal -0.349936 -0.936774 -0
    outer loop
      vertex -5.56404 7.13671 5
      vertex -5.58393 7.14414 -5
      vertex -5.56404 7.13671 -5
    endloop
  endfacet
  facet normal -0.96368 -0.267061 0
    outer loop
      vertex -4.82495 6.31585 -5
      vertex -4.83062 6.33631 5
      vertex -4.83062 6.33631 -5
    endloop
  endfacet
  facet normal -0.96368 -0.267061 0
    outer loop
      vertex -4.83062 6.33631 5
      vertex -4.82495 6.31585 -5
      vertex -4.82495 6.31585 5
    endloop
  endfacet
  facet normal -0.923994 -0.382407 0
    outer loop
      vertex -4.87208 6.45671 -5
      vertex -4.8802 6.47633 5
      vertex -4.8802 6.47633 -5
    endloop
  endfacet
  facet normal -0.923994 -0.382407 0
    outer loop
      vertex -4.8802 6.47633 5
      vertex -4.87208 6.45671 -5
      vertex -4.87208 6.45671 5
    endloop
  endfacet
  facet normal 0.113068 0.993587 -0
    outer loop
      vertex -6.12716 4.79116 -5
      vertex -6.14825 4.79356 5
      vertex -6.12716 4.79116 5
    endloop
  endfacet
  facet normal 0.113068 0.993587 0
    outer loop
      vertex -6.14825 4.79356 5
      vertex -6.12716 4.79116 -5
      vertex -6.14825 4.79356 -5
    endloop
  endfacet
  facet normal -0.00894924 -0.99996 0
    outer loop
      vertex -6 7.21751 -5
      vertex -5.97877 7.21732 5
      vertex -6 7.21751 5
    endloop
  endfacet
  facet normal -0.00894924 -0.99996 -0
    outer loop
      vertex -5.97877 7.21732 5
      vertex -6 7.21751 -5
      vertex -5.97877 7.21732 -5
    endloop
  endfacet
  facet normal 0.998123 0.0612346 0
    outer loop
      vertex -7.21354 5.91614 5
      vertex -7.21484 5.93733 -5
      vertex -7.21484 5.93733 5
    endloop
  endfacet
  facet normal 0.998123 0.0612346 0
    outer loop
      vertex -7.21484 5.93733 -5
      vertex -7.21354 5.91614 5
      vertex -7.21354 5.91614 -5
    endloop
  endfacet
  facet normal -0.477102 -0.878848 0
    outer loop
      vertex -5.42889 7.07511 -5
      vertex -5.41023 7.06498 5
      vertex -5.42889 7.07511 5
    endloop
  endfacet
  facet normal -0.477102 -0.878848 -0
    outer loop
      vertex -5.41023 7.06498 5
      vertex -5.42889 7.07511 -5
      vertex -5.41023 7.06498 -5
    endloop
  endfacet
  facet normal 0.461664 -0.887055 0
    outer loop
      vertex -6.57111 7.07511 -5
      vertex -6.55228 7.08491 5
      vertex -6.57111 7.07511 5
    endloop
  endfacet
  facet normal 0.461664 -0.887055 0
    outer loop
      vertex -6.55228 7.08491 5
      vertex -6.57111 7.07511 -5
      vertex -6.55228 7.08491 -5
    endloop
  endfacet
  facet normal 0.199646 0.979868 -0
    outer loop
      vertex -6.23212 4.80684 -5
      vertex -6.25293 4.81108 5
      vertex -6.23212 4.80684 5
    endloop
  endfacet
  facet normal 0.199646 0.979868 0
    outer loop
      vertex -6.25293 4.81108 5
      vertex -6.23212 4.80684 -5
      vertex -6.25293 4.81108 -5
    endloop
  endfacet
  facet normal 0.998123 -0.0612346 0
    outer loop
      vertex -7.21484 6.06467 5
      vertex -7.21354 6.08586 -5
      vertex -7.21354 6.08586 5
    endloop
  endfacet
  facet normal 0.998123 -0.0612346 0
    outer loop
      vertex -7.21354 6.08586 -5
      vertex -7.21484 6.06467 5
      vertex -7.21484 6.06467 -5
    endloop
  endfacet
  facet normal 0.36692 0.930253 -0
    outer loop
      vertex -6.43596 4.86529 -5
      vertex -6.45571 4.87308 5
      vertex -6.43596 4.86529 5
    endloop
  endfacet
  facet normal 0.36692 0.930253 0
    outer loop
      vertex -6.45571 4.87308 5
      vertex -6.43596 4.86529 -5
      vertex -6.45571 4.87308 -5
    endloop
  endfacet
  facet normal 0.902564 0.430555 0
    outer loop
      vertex -7.09339 5.46772 5
      vertex -7.10253 5.48688 -5
      vertex -7.10253 5.48688 5
    endloop
  endfacet
  facet normal 0.902564 0.430555 0
    outer loop
      vertex -7.10253 5.48688 -5
      vertex -7.09339 5.46772 5
      vertex -7.09339 5.46772 -5
    endloop
  endfacet
  facet normal 0.507205 -0.861825 0
    outer loop
      vertex -6.62655 7.04375 -5
      vertex -6.60825 7.05452 5
      vertex -6.62655 7.04375 5
    endloop
  endfacet
  facet normal 0.507205 -0.861825 0
    outer loop
      vertex -6.60825 7.05452 5
      vertex -6.62655 7.04375 -5
      vertex -6.60825 7.05452 -5
    endloop
  endfacet
  facet normal -0.594788 -0.803882 0
    outer loop
      vertex -5.28496 6.98517 -5
      vertex -5.26789 6.97254 5
      vertex -5.28496 6.98517 5
    endloop
  endfacet
  facet normal -0.594788 -0.803882 -0
    outer loop
      vertex -5.26789 6.97254 5
      vertex -5.28496 6.98517 -5
      vertex -5.26789 6.97254 -5
    endloop
  endfacet
  facet normal 0.522441 0.852676 -0
    outer loop
      vertex -6.62655 4.95825 -5
      vertex -6.64465 4.96934 5
      vertex -6.62655 4.95825 5
    endloop
  endfacet
  facet normal 0.522441 0.852676 0
    outer loop
      vertex -6.64465 4.96934 5
      vertex -6.62655 4.95825 -5
      vertex -6.64465 4.96934 -5
    endloop
  endfacet
  facet normal 0.430555 0.902564 -0
    outer loop
      vertex -6.51412 4.89847 -5
      vertex -6.53328 4.90761 5
      vertex -6.51412 4.89847 5
    endloop
  endfacet
  facet normal 0.430555 0.902564 0
    outer loop
      vertex -6.53328 4.90761 5
      vertex -6.51412 4.89847 -5
      vertex -6.53328 4.90761 -5
    endloop
  endfacet
  facet normal 0.916988 0.398916 0
    outer loop
      vertex -7.11133 5.5062 5
      vertex -7.1198 5.52567 -5
      vertex -7.1198 5.52567 5
    endloop
  endfacet
  facet normal 0.916988 0.398916 0
    outer loop
      vertex -7.1198 5.52567 -5
      vertex -7.11133 5.5062 5
      vertex -7.11133 5.5062 -5
    endloop
  endfacet
  facet normal 0.803882 0.594788 0
    outer loop
      vertex -6.97154 5.26889 5
      vertex -6.98417 5.28596 -5
      vertex -6.98417 5.28596 5
    endloop
  endfacet
  facet normal 0.803882 0.594788 0
    outer loop
      vertex -6.98417 5.28596 -5
      vertex -6.97154 5.26889 5
      vertex -6.97154 5.26889 -5
    endloop
  endfacet
  facet normal -0.216282 -0.976331 0
    outer loop
      vertex -5.74707 7.19092 -5
      vertex -5.72635 7.18633 5
      vertex -5.74707 7.19092 5
    endloop
  endfacet
  facet normal -0.216282 -0.976331 -0
    outer loop
      vertex -5.72635 7.18633 5
      vertex -5.74707 7.19092 -5
      vertex -5.72635 7.18633 -5
    endloop
  endfacet
  facet normal 0.537302 -0.84339 0
    outer loop
      vertex -6.66256 7.02125 -5
      vertex -6.64465 7.03266 5
      vertex -6.66256 7.02125 5
    endloop
  endfacet
  facet normal 0.537302 -0.84339 0
    outer loop
      vertex -6.64465 7.03266 5
      vertex -6.66256 7.02125 -5
      vertex -6.64465 7.03266 -5
    endloop
  endfacet
  facet normal -0.199646 0.979868 0
    outer loop
      vertex -5.74707 4.81108 -5
      vertex -5.76788 4.80684 5
      vertex -5.74707 4.81108 5
    endloop
  endfacet
  facet normal -0.199646 0.979868 0
    outer loop
      vertex -5.76788 4.80684 5
      vertex -5.74707 4.81108 -5
      vertex -5.76788 4.80684 -5
    endloop
  endfacet
  facet normal -0.608481 0.793568 0
    outer loop
      vertex -5.25104 5.04238 -5
      vertex -5.26789 5.02946 5
      vertex -5.25104 5.04238 5
    endloop
  endfacet
  facet normal -0.608481 0.793568 0
    outer loop
      vertex -5.26789 5.02946 5
      vertex -5.25104 5.04238 -5
      vertex -5.26789 5.02946 -5
    endloop
  endfacet
  facet normal -0.283976 -0.958831 0
    outer loop
      vertex -5.66469 7.17038 -5
      vertex -5.64433 7.16435 5
      vertex -5.66469 7.17038 5
    endloop
  endfacet
  facet normal -0.283976 -0.958831 -0
    outer loop
      vertex -5.64433 7.16435 5
      vertex -5.66469 7.17038 -5
      vertex -5.64433 7.16435 -5
    endloop
  endfacet
  facet normal 0.771685 0.636004 0
    outer loop
      vertex -6.9319 5.21905 5
      vertex -6.9454 5.23543 -5
      vertex -6.9454 5.23543 5
    endloop
  endfacet
  facet normal 0.771685 0.636004 0
    outer loop
      vertex -6.9454 5.23543 -5
      vertex -6.9319 5.21905 5
      vertex -6.9319 5.21905 -5
    endloop
  endfacet
  facet normal 0.566489 0.824069 -0
    outer loop
      vertex -6.68026 4.99247 -5
      vertex -6.69776 5.0045 5
      vertex -6.68026 4.99247 5
    endloop
  endfacet
  facet normal 0.566489 0.824069 0
    outer loop
      vertex -6.69776 5.0045 5
      vertex -6.68026 4.99247 -5
      vertex -6.69776 5.0045 -5
    endloop
  endfacet
  facet normal -0.870264 0.492585 0
    outer loop
      vertex -4.94648 5.39275 -5
      vertex -4.93602 5.41123 5
      vertex -4.93602 5.41123 -5
    endloop
  endfacet
  facet normal -0.870264 0.492585 0
    outer loop
      vertex -4.93602 5.41123 5
      vertex -4.94648 5.39275 -5
      vertex -4.94648 5.39275 5
    endloop
  endfacet
  facet normal -0.199646 -0.979868 0
    outer loop
      vertex -5.76788 7.19516 -5
      vertex -5.74707 7.19092 5
      vertex -5.76788 7.19516 5
    endloop
  endfacet
  facet normal -0.199646 -0.979868 -0
    outer loop
      vertex -5.74707 7.19092 5
      vertex -5.76788 7.19516 -5
      vertex -5.74707 7.19092 -5
    endloop
  endfacet
  facet normal -0.999652 0.026381 0
    outer loop
      vertex -4.78424 5.95855 -5
      vertex -4.78368 5.97977 5
      vertex -4.78368 5.97977 -5
    endloop
  endfacet
  facet normal -0.999652 0.026381 0
    outer loop
      vertex -4.78368 5.97977 5
      vertex -4.78424 5.95855 -5
      vertex -4.78424 5.95855 5
    endloop
  endfacet
  facet normal -0.00894924 0.99996 0
    outer loop
      vertex -5.97877 4.78468 -5
      vertex -6 4.78449 5
      vertex -5.97877 4.78468 5
    endloop
  endfacet
  facet normal -0.00894924 0.99996 0
    outer loop
      vertex -6 4.78449 5
      vertex -5.97877 4.78468 -5
      vertex -6 4.78449 -5
    endloop
  endfacet
  facet normal 0.972345 0.233551 0
    outer loop
      vertex -7.18037 5.7067 5
      vertex -7.18533 5.72735 -5
      vertex -7.18533 5.72735 5
    endloop
  endfacet
  facet normal 0.972345 0.233551 0
    outer loop
      vertex -7.18533 5.72735 -5
      vertex -7.18037 5.7067 5
      vertex -7.18037 5.7067 -5
    endloop
  endfacet
  facet normal -0.649355 0.760485 0
    outer loop
      vertex -5.2019 5.08289 -5
      vertex -5.21805 5.0691 5
      vertex -5.2019 5.08289 5
    endloop
  endfacet
  facet normal -0.649355 0.760485 0
    outer loop
      vertex -5.21805 5.0691 5
      vertex -5.2019 5.08289 -5
      vertex -5.21805 5.0691 -5
    endloop
  endfacet
  facet normal 0.594788 -0.803882 0
    outer loop
      vertex -6.73211 6.97254 -5
      vertex -6.71504 6.98517 5
      vertex -6.73211 6.97254 5
    endloop
  endfacet
  facet normal 0.594788 -0.803882 0
    outer loop
      vertex -6.71504 6.98517 5
      vertex -6.73211 6.97254 -5
      vertex -6.71504 6.98517 -5
    endloop
  endfacet
  facet normal -0.852676 -0.522441 0
    outer loop
      vertex -4.95725 6.62755 -5
      vertex -4.96834 6.64565 5
      vertex -4.96834 6.64565 -5
    endloop
  endfacet
  facet normal -0.852676 -0.522441 0
    outer loop
      vertex -4.96834 6.64565 5
      vertex -4.95725 6.62755 -5
      vertex -4.95725 6.62755 5
    endloop
  endfacet
  facet normal -0.566489 -0.824069 0
    outer loop
      vertex -5.31974 7.00953 -5
      vertex -5.30224 6.9975 5
      vertex -5.31974 7.00953 5
    endloop
  endfacet
  facet normal -0.566489 -0.824069 -0
    outer loop
      vertex -5.30224 6.9975 5
      vertex -5.31974 7.00953 -5
      vertex -5.30224 6.9975 -5
    endloop
  endfacet
  facet normal -0.233551 -0.972345 0
    outer loop
      vertex -5.72635 7.18633 -5
      vertex -5.7057 7.18137 5
      vertex -5.72635 7.18633 5
    endloop
  endfacet
  facet normal -0.233551 -0.972345 -0
    outer loop
      vertex -5.7057 7.18137 5
      vertex -5.72635 7.18633 -5
      vertex -5.7057 7.18137 -5
    endloop
  endfacet
  facet normal 0.0433146 -0.999061 0
    outer loop
      vertex -6.06367 7.21584 -5
      vertex -6.04245 7.21676 5
      vertex -6.06367 7.21584 5
    endloop
  endfacet
  facet normal 0.0433146 -0.999061 0
    outer loop
      vertex -6.04245 7.21676 5
      vertex -6.06367 7.21584 -5
      vertex -6.04245 7.21676 -5
    endloop
  endfacet
  facet normal 0.00894924 -0.99996 0
    outer loop
      vertex -6.02123 7.21732 -5
      vertex -6 7.21751 5
      vertex -6.02123 7.21732 5
    endloop
  endfacet
  facet normal 0.00894924 -0.99996 0
    outer loop
      vertex -6 7.21751 5
      vertex -6.02123 7.21732 -5
      vertex -6 7.21751 -5
    endloop
  endfacet
  facet normal -0.887055 0.461664 0
    outer loop
      vertex -4.92589 5.42989 -5
      vertex -4.91609 5.44872 5
      vertex -4.91609 5.44872 -5
    endloop
  endfacet
  facet normal -0.887055 0.461664 0
    outer loop
      vertex -4.91609 5.44872 5
      vertex -4.92589 5.42989 -5
      vertex -4.92589 5.42989 5
    endloop
  endfacet
  facet normal -0.991453 0.130467 0
    outer loop
      vertex -4.79533 5.8317 -5
      vertex -4.79256 5.85275 5
      vertex -4.79256 5.85275 -5
    endloop
  endfacet
  facet normal -0.991453 0.130467 0
    outer loop
      vertex -4.79256 5.85275 5
      vertex -4.79533 5.8317 -5
      vertex -4.79533 5.8317 5
    endloop
  endfacet
  facet normal 0.0259102 0.999664 -0
    outer loop
      vertex -6.02123 4.78468 -5
      vertex -6.04245 4.78523 5
      vertex -6.02123 4.78468 5
    endloop
  endfacet
  facet normal 0.0259102 0.999664 0
    outer loop
      vertex -6.04245 4.78523 5
      vertex -6.02123 4.78468 -5
      vertex -6.04245 4.78523 -5
    endloop
  endfacet
  facet normal -0.233551 0.972345 0
    outer loop
      vertex -5.7057 4.82063 -5
      vertex -5.72635 4.81567 5
      vertex -5.7057 4.82063 5
    endloop
  endfacet
  facet normal -0.233551 0.972345 0
    outer loop
      vertex -5.72635 4.81567 5
      vertex -5.7057 4.82063 -5
      vertex -5.72635 4.81567 -5
    endloop
  endfacet
  facet normal 0.995376 0.0960533 0
    outer loop
      vertex -7.20984 5.87384 5
      vertex -7.21188 5.89498 -5
      vertex -7.21188 5.89498 5
    endloop
  endfacet
  facet normal 0.995376 0.0960533 0
    outer loop
      vertex -7.21188 5.89498 -5
      vertex -7.20984 5.87384 5
      vertex -7.20984 5.87384 -5
    endloop
  endfacet
  facet normal 0.902564 -0.430555 0
    outer loop
      vertex -7.10253 6.51512 5
      vertex -7.09339 6.53428 -5
      vertex -7.09339 6.53428 5
    endloop
  endfacet
  facet normal 0.902564 -0.430555 0
    outer loop
      vertex -7.09339 6.53428 -5
      vertex -7.10253 6.51512 5
      vertex -7.10253 6.51512 -5
    endloop
  endfacet
  facet normal 0.00894924 0.99996 -0
    outer loop
      vertex -6 4.78449 -5
      vertex -6.02123 4.78468 5
      vertex -6 4.78449 5
    endloop
  endfacet
  facet normal 0.00894924 0.99996 0
    outer loop
      vertex -6.02123 4.78468 5
      vertex -6 4.78449 -5
      vertex -6.02123 4.78468 -5
    endloop
  endfacet
  facet normal 0.608481 0.793568 -0
    outer loop
      vertex -6.73211 5.02946 -5
      vertex -6.74896 5.04238 5
      vertex -6.73211 5.02946 5
    endloop
  endfacet
  facet normal 0.608481 0.793568 0
    outer loop
      vertex -6.74896 5.04238 5
      vertex -6.73211 5.02946 -5
      vertex -6.74896 5.04238 -5
    endloop
  endfacet
  facet normal 0.181786 0.983338 -0
    outer loop
      vertex -6.21124 4.80298 -5
      vertex -6.23212 4.80684 5
      vertex -6.21124 4.80298 5
    endloop
  endfacet
  facet normal 0.181786 0.983338 0
    outer loop
      vertex -6.23212 4.80684 5
      vertex -6.21124 4.80298 -5
      vertex -6.23212 4.80684 -5
    endloop
  endfacet
  facet normal -0.216282 0.976331 0
    outer loop
      vertex -5.72635 4.81567 -5
      vertex -5.74707 4.81108 5
      vertex -5.72635 4.81567 5
    endloop
  endfacet
  facet normal -0.216282 0.976331 0
    outer loop
      vertex -5.74707 4.81108 5
      vertex -5.72635 4.81567 -5
      vertex -5.74707 4.81108 -5
    endloop
  endfacet
  facet normal -0.995376 0.0960533 0
    outer loop
      vertex -4.79016 5.87384 -5
      vertex -4.78812 5.89498 5
      vertex -4.78812 5.89498 -5
    endloop
  endfacet
  facet normal -0.995376 0.0960533 0
    outer loop
      vertex -4.78812 5.89498 5
      vertex -4.79016 5.87384 -5
      vertex -4.79016 5.87384 5
    endloop
  endfacet
  facet normal -0.910044 0.414513 0
    outer loop
      vertex -4.89747 5.48688 -5
      vertex -4.88867 5.5062 5
      vertex -4.88867 5.5062 -5
    endloop
  endfacet
  facet normal -0.910044 0.414513 0
    outer loop
      vertex -4.88867 5.5062 5
      vertex -4.89747 5.48688 -5
      vertex -4.89747 5.48688 5
    endloop
  endfacet
  facet normal 0.930253 0.36692 0
    outer loop
      vertex -7.12792 5.54529 5
      vertex -7.13571 5.56504 -5
      vertex -7.13571 5.56504 5
    endloop
  endfacet
  facet normal 0.930253 0.36692 0
    outer loop
      vertex -7.13571 5.56504 -5
      vertex -7.12792 5.54529 5
      vertex -7.12792 5.54529 -5
    endloop
  endfacet
  facet normal 0.14788 0.989005 -0
    outer loop
      vertex -6.1693 4.79633 -5
      vertex -6.1903 4.79947 5
      vertex -6.1693 4.79633 5
    endloop
  endfacet
  facet normal 0.14788 0.989005 0
    outer loop
      vertex -6.1903 4.79947 5
      vertex -6.1693 4.79633 -5
      vertex -6.1903 4.79947 -5
    endloop
  endfacet
  facet normal 0.608481 -0.793568 0
    outer loop
      vertex -6.74896 6.95962 -5
      vertex -6.73211 6.97254 5
      vertex -6.74896 6.95962 5
    endloop
  endfacet
  facet normal 0.608481 -0.793568 0
    outer loop
      vertex -6.73211 6.97254 5
      vertex -6.74896 6.95962 -5
      vertex -6.73211 6.97254 -5
    endloop
  endfacet
  facet normal -0.580837 0.81402 0
    outer loop
      vertex -5.28496 5.01683 -5
      vertex -5.30224 5.0045 5
      vertex -5.28496 5.01683 5
    endloop
  endfacet
  facet normal -0.580837 0.81402 0
    outer loop
      vertex -5.30224 5.0045 5
      vertex -5.28496 5.01683 -5
      vertex -5.30224 5.0045 -5
    endloop
  endfacet
  facet normal -0.477102 0.878848 0
    outer loop
      vertex -5.41023 4.93702 -5
      vertex -5.42889 4.92689 5
      vertex -5.41023 4.93702 5
    endloop
  endfacet
  facet normal -0.477102 0.878848 0
    outer loop
      vertex -5.42889 4.92689 5
      vertex -5.41023 4.93702 -5
      vertex -5.42889 4.92689 -5
    endloop
  endfacet
  facet normal -0.942581 0.333978 0
    outer loop
      vertex -4.85686 5.58493 -5
      vertex -4.84977 5.60494 5
      vertex -4.84977 5.60494 -5
    endloop
  endfacet
  facet normal -0.942581 0.333978 0
    outer loop
      vertex -4.84977 5.60494 5
      vertex -4.85686 5.58493 -5
      vertex -4.85686 5.58493 5
    endloop
  endfacet
  facet normal -0.14788 0.989005 0
    outer loop
      vertex -5.8097 4.79947 -5
      vertex -5.8307 4.79633 5
      vertex -5.8097 4.79947 5
    endloop
  endfacet
  facet normal -0.14788 0.989005 0
    outer loop
      vertex -5.8307 4.79633 5
      vertex -5.8097 4.79947 -5
      vertex -5.8307 4.79633 -5
    endloop
  endfacet
  facet normal -0.522441 0.852676 0
    outer loop
      vertex -5.35535 4.96934 -5
      vertex -5.37345 4.95825 5
      vertex -5.35535 4.96934 5
    endloop
  endfacet
  facet normal -0.522441 0.852676 0
    outer loop
      vertex -5.37345 4.95825 5
      vertex -5.35535 4.96934 -5
      vertex -5.37345 4.95825 -5
    endloop
  endfacet
  facet normal 0.461664 0.887055 -0
    outer loop
      vertex -6.55228 4.91709 -5
      vertex -6.57111 4.92689 5
      vertex -6.55228 4.91709 5
    endloop
  endfacet
  facet normal 0.461664 0.887055 0
    outer loop
      vertex -6.57111 4.92689 5
      vertex -6.55228 4.91709 -5
      vertex -6.57111 4.92689 -5
    endloop
  endfacet
  facet normal -0.700956 -0.713204 0
    outer loop
      vertex -5.15494 6.87608 -5
      vertex -5.1398 6.8612 5
      vertex -5.15494 6.87608 5
    endloop
  endfacet
  facet normal -0.700956 -0.713204 -0
    outer loop
      vertex -5.1398 6.8612 5
      vertex -5.15494 6.87608 -5
      vertex -5.1398 6.8612 -5
    endloop
  endfacet
  facet normal 0.986241 0.165315 0
    outer loop
      vertex -7.19802 5.78976 5
      vertex -7.20153 5.8107 -5
      vertex -7.20153 5.8107 5
    endloop
  endfacet
  facet normal 0.986241 0.165315 0
    outer loop
      vertex -7.20153 5.8107 -5
      vertex -7.19802 5.78976 5
      vertex -7.19802 5.78976 -5
    endloop
  endfacet
  facet normal -0.760485 0.649355 0
    outer loop
      vertex -5.08189 5.2029 -5
      vertex -5.0681 5.21905 5
      vertex -5.0681 5.21905 -5
    endloop
  endfacet
  facet normal -0.760485 0.649355 0
    outer loop
      vertex -5.0681 5.21905 5
      vertex -5.08189 5.2029 -5
      vertex -5.08189 5.2029 5
    endloop
  endfacet
  facet normal 0.782429 0.62274 0
    outer loop
      vertex -6.9454 5.23543 5
      vertex -6.95862 5.25204 -5
      vertex -6.95862 5.25204 5
    endloop
  endfacet
  facet normal 0.782429 0.62274 0
    outer loop
      vertex -6.95862 5.25204 -5
      vertex -6.9454 5.23543 5
      vertex -6.9454 5.23543 -5
    endloop
  endfacet
  facet normal -0.3005 0.953782 0
    outer loop
      vertex -5.62408 4.84403 -5
      vertex -5.64433 4.83765 5
      vertex -5.62408 4.84403 5
    endloop
  endfacet
  facet normal -0.3005 0.953782 0
    outer loop
      vertex -5.64433 4.83765 5
      vertex -5.62408 4.84403 -5
      vertex -5.64433 4.83765 -5
    endloop
  endfacet
  facet normal -0.283976 0.958831 0
    outer loop
      vertex -5.64433 4.83765 -5
      vertex -5.66469 4.83162 5
      vertex -5.64433 4.83765 5
    endloop
  endfacet
  facet normal -0.283976 0.958831 0
    outer loop
      vertex -5.66469 4.83162 5
      vertex -5.64433 4.83765 -5
      vertex -5.66469 4.83162 -5
    endloop
  endfacet
  facet normal 0.991453 0.130467 0
    outer loop
      vertex -7.20467 5.8317 5
      vertex -7.20744 5.85275 -5
      vertex -7.20744 5.85275 5
    endloop
  endfacet
  facet normal 0.991453 0.130467 0
    outer loop
      vertex -7.20744 5.85275 -5
      vertex -7.20467 5.8317 5
      vertex -7.20467 5.8317 -5
    endloop
  endfacet
  facet normal -0.507205 -0.861825 0
    outer loop
      vertex -5.39175 7.05452 -5
      vertex -5.37345 7.04375 5
      vertex -5.39175 7.05452 5
    endloop
  endfacet
  facet normal -0.507205 -0.861825 -0
    outer loop
      vertex -5.37345 7.04375 5
      vertex -5.39175 7.05452 -5
      vertex -5.37345 7.04375 -5
    endloop
  endfacet
  facet normal 0.833786 -0.552088 0
    outer loop
      vertex -7.02025 6.66356 5
      vertex -7.00853 6.68126 -5
      vertex -7.00853 6.68126 5
    endloop
  endfacet
  facet normal 0.833786 -0.552088 0
    outer loop
      vertex -7.00853 6.68126 -5
      vertex -7.02025 6.66356 5
      vertex -7.02025 6.66356 -5
    endloop
  endfacet
  facet normal -0.130467 -0.991453 0
    outer loop
      vertex -5.85175 7.20844 -5
      vertex -5.8307 7.20567 5
      vertex -5.85175 7.20844 5
    endloop
  endfacet
  facet normal -0.130467 -0.991453 -0
    outer loop
      vertex -5.8307 7.20567 5
      vertex -5.85175 7.20844 -5
      vertex -5.8307 7.20567 -5
    endloop
  endfacet
  facet normal -0.833786 0.552088 0
    outer loop
      vertex -4.99147 5.32074 -5
      vertex -4.97975 5.33844 5
      vertex -4.97975 5.33844 -5
    endloop
  endfacet
  facet normal -0.833786 0.552088 0
    outer loop
      vertex -4.97975 5.33844 5
      vertex -4.99147 5.32074 -5
      vertex -4.99147 5.32074 5
    endloop
  endfacet
  facet normal -0.14788 -0.989005 0
    outer loop
      vertex -5.8307 7.20567 -5
      vertex -5.8097 7.20253 5
      vertex -5.8307 7.20567 5
    endloop
  endfacet
  facet normal -0.14788 -0.989005 -0
    outer loop
      vertex -5.8097 7.20253 5
      vertex -5.8307 7.20567 -5
      vertex -5.8097 7.20253 -5
    endloop
  endfacet
  facet normal 0.580837 0.81402 -0
    outer loop
      vertex -6.69776 5.0045 -5
      vertex -6.71504 5.01683 5
      vertex -6.69776 5.0045 5
    endloop
  endfacet
  facet normal 0.580837 0.81402 0
    outer loop
      vertex -6.71504 5.01683 5
      vertex -6.69776 5.0045 -5
      vertex -6.71504 5.01683 -5
    endloop
  endfacet
  facet normal -0.713204 -0.700956 0
    outer loop
      vertex -5.12492 6.84606 -5
      vertex -5.1398 6.8612 5
      vertex -5.1398 6.8612 -5
    endloop
  endfacet
  facet normal -0.713204 -0.700956 0
    outer loop
      vertex -5.1398 6.8612 5
      vertex -5.12492 6.84606 -5
      vertex -5.12492 6.84606 5
    endloop
  endfacet
  facet normal 0.861825 0.507205 0
    outer loop
      vertex -7.04275 5.37445 5
      vertex -7.05352 5.39275 -5
      vertex -7.05352 5.39275 5
    endloop
  endfacet
  facet normal 0.861825 0.507205 0
    outer loop
      vertex -7.05352 5.39275 -5
      vertex -7.04275 5.37445 5
      vertex -7.04275 5.37445 -5
    endloop
  endfacet
  facet normal 0.382407 0.923994 -0
    outer loop
      vertex -6.45571 4.87308 -5
      vertex -6.47533 4.8812 5
      vertex -6.45571 4.87308 5
    endloop
  endfacet
  facet normal 0.382407 0.923994 0
    outer loop
      vertex -6.47533 4.8812 5
      vertex -6.45571 4.87308 -5
      vertex -6.47533 4.8812 -5
    endloop
  endfacet
  facet normal -0.771685 -0.636004 0
    outer loop
      vertex -5.0546 6.76657 -5
      vertex -5.0681 6.78295 5
      vertex -5.0681 6.78295 -5
    endloop
  endfacet
  facet normal -0.771685 -0.636004 0
    outer loop
      vertex -5.0681 6.78295 5
      vertex -5.0546 6.76657 -5
      vertex -5.0546 6.76657 5
    endloop
  endfacet
  facet normal 0.887055 -0.461664 0
    outer loop
      vertex -7.08391 6.55328 5
      vertex -7.07411 6.57211 -5
      vertex -7.07411 6.57211 5
    endloop
  endfacet
  facet normal 0.887055 -0.461664 0
    outer loop
      vertex -7.07411 6.57211 -5
      vertex -7.08391 6.55328 5
      vertex -7.08391 6.55328 -5
    endloop
  endfacet
  facet normal -0.936774 -0.349936 0
    outer loop
      vertex -4.85686 6.41707 -5
      vertex -4.86429 6.43696 5
      vertex -4.86429 6.43696 -5
    endloop
  endfacet
  facet normal -0.936774 -0.349936 0
    outer loop
      vertex -4.86429 6.43696 5
      vertex -4.85686 6.41707 -5
      vertex -4.85686 6.41707 5
    endloop
  endfacet
  facet normal 0.62274 -0.782429 0
    outer loop
      vertex -6.76557 6.9464 -5
      vertex -6.74896 6.95962 5
      vertex -6.76557 6.9464 5
    endloop
  endfacet
  facet normal 0.62274 -0.782429 0
    outer loop
      vertex -6.74896 6.95962 5
      vertex -6.76557 6.9464 -5
      vertex -6.74896 6.95962 -5
    endloop
  endfacet
  facet normal 0.233551 0.972345 -0
    outer loop
      vertex -6.27365 4.81567 -5
      vertex -6.2943 4.82063 5
      vertex -6.27365 4.81567 5
    endloop
  endfacet
  facet normal 0.233551 0.972345 0
    outer loop
      vertex -6.2943 4.82063 5
      vertex -6.27365 4.81567 -5
      vertex -6.2943 4.82063 -5
    endloop
  endfacet
  facet normal 0.989005 0.14788 0
    outer loop
      vertex -7.20153 5.8107 5
      vertex -7.20467 5.8317 -5
      vertex -7.20467 5.8317 5
    endloop
  endfacet
  facet normal 0.989005 0.14788 0
    outer loop
      vertex -7.20467 5.8317 -5
      vertex -7.20153 5.8107 5
      vertex -7.20153 5.8107 -5
    endloop
  endfacet
  facet normal 0.748889 -0.662696 0
    outer loop
      vertex -6.91811 6.7991 5
      vertex -6.90404 6.815 -5
      vertex -6.90404 6.815 5
    endloop
  endfacet
  facet normal 0.748889 -0.662696 0
    outer loop
      vertex -6.90404 6.815 -5
      vertex -6.91811 6.7991 5
      vertex -6.91811 6.7991 -5
    endloop
  endfacet
  facet normal 0.923994 -0.382407 0
    outer loop
      vertex -7.12792 6.45671 5
      vertex -7.1198 6.47633 -5
      vertex -7.1198 6.47633 5
    endloop
  endfacet
  facet normal 0.923994 -0.382407 0
    outer loop
      vertex -7.1198 6.47633 -5
      vertex -7.12792 6.45671 5
      vertex -7.12792 6.45671 -5
    endloop
  endfacet
  facet normal 0.414513 0.910044 -0
    outer loop
      vertex -6.4948 4.88967 -5
      vertex -6.51412 4.89847 5
      vertex -6.4948 4.88967 5
    endloop
  endfacet
  facet normal 0.414513 0.910044 0
    outer loop
      vertex -6.51412 4.89847 5
      vertex -6.4948 4.88967 -5
      vertex -6.51412 4.89847 -5
    endloop
  endfacet
  facet normal 0.725458 0.688267 0
    outer loop
      vertex -6.87508 5.15594 5
      vertex -6.8897 5.17135 -5
      vertex -6.8897 5.17135 5
    endloop
  endfacet
  facet normal 0.725458 0.688267 0
    outer loop
      vertex -6.8897 5.17135 -5
      vertex -6.87508 5.15594 5
      vertex -6.87508 5.15594 -5
    endloop
  endfacet
  facet normal -0.522441 -0.852676 0
    outer loop
      vertex -5.37345 7.04375 -5
      vertex -5.35535 7.03266 5
      vertex -5.37345 7.04375 5
    endloop
  endfacet
  facet normal -0.522441 -0.852676 -0
    outer loop
      vertex -5.35535 7.03266 5
      vertex -5.37345 7.04375 -5
      vertex -5.35535 7.03266 -5
    endloop
  endfacet
  facet normal 0.737291 0.675575 0
    outer loop
      vertex -6.8897 5.17135 5
      vertex -6.90404 5.187 -5
      vertex -6.90404 5.187 5
    endloop
  endfacet
  facet normal 0.737291 0.675575 0
    outer loop
      vertex -6.90404 5.187 -5
      vertex -6.8897 5.17135 5
      vertex -6.8897 5.17135 -5
    endloop
  endfacet
  facet normal 0.267061 -0.96368 0
    outer loop
      vertex -6.33531 7.17038 -5
      vertex -6.31485 7.17605 5
      vertex -6.33531 7.17038 5
    endloop
  endfacet
  facet normal 0.267061 -0.96368 0
    outer loop
      vertex -6.31485 7.17605 5
      vertex -6.33531 7.17038 -5
      vertex -6.31485 7.17605 -5
    endloop
  endfacet
  facet normal -0.803882 -0.594788 0
    outer loop
      vertex -5.01583 6.71604 -5
      vertex -5.02846 6.73311 5
      vertex -5.02846 6.73311 -5
    endloop
  endfacet
  facet normal -0.803882 -0.594788 0
    outer loop
      vertex -5.02846 6.73311 5
      vertex -5.01583 6.71604 -5
      vertex -5.01583 6.71604 5
    endloop
  endfacet
  facet normal -0.824069 0.566489 0
    outer loop
      vertex -5.0035 5.30324 -5
      vertex -4.99147 5.32074 5
      vertex -4.99147 5.32074 -5
    endloop
  endfacet
  facet normal -0.824069 0.566489 0
    outer loop
      vertex -4.99147 5.32074 5
      vertex -5.0035 5.30324 -5
      vertex -5.0035 5.30324 5
    endloop
  endfacet
  facet normal 0.958831 0.283976 0
    outer loop
      vertex -7.16335 5.64533 5
      vertex -7.16938 5.66569 -5
      vertex -7.16938 5.66569 5
    endloop
  endfacet
  facet normal 0.958831 0.283976 0
    outer loop
      vertex -7.16938 5.66569 -5
      vertex -7.16335 5.64533 5
      vertex -7.16335 5.64533 -5
    endloop
  endfacet
  facet normal 0.96368 0.267061 0
    outer loop
      vertex -7.16938 5.66569 5
      vertex -7.17505 5.68615 -5
      vertex -7.17505 5.68615 5
    endloop
  endfacet
  facet normal 0.96368 0.267061 0
    outer loop
      vertex -7.17505 5.68615 -5
      vertex -7.16938 5.66569 5
      vertex -7.16938 5.66569 -5
    endloop
  endfacet
  facet normal 0.942581 -0.333978 0
    outer loop
      vertex -7.15023 6.39706 5
      vertex -7.14314 6.41707 -5
      vertex -7.14314 6.41707 5
    endloop
  endfacet
  facet normal 0.942581 -0.333978 0
    outer loop
      vertex -7.14314 6.41707 -5
      vertex -7.15023 6.39706 5
      vertex -7.15023 6.39706 -5
    endloop
  endfacet
  facet normal 0.942581 0.333978 0
    outer loop
      vertex -7.14314 5.58493 5
      vertex -7.15023 5.60494 -5
      vertex -7.15023 5.60494 5
    endloop
  endfacet
  facet normal 0.942581 0.333978 0
    outer loop
      vertex -7.15023 5.60494 -5
      vertex -7.14314 5.58493 5
      vertex -7.14314 5.58493 -5
    endloop
  endfacet
  facet normal -0.165315 -0.986241 0
    outer loop
      vertex -5.8097 7.20253 -5
      vertex -5.78876 7.19902 5
      vertex -5.8097 7.20253 5
    endloop
  endfacet
  facet normal -0.165315 -0.986241 -0
    outer loop
      vertex -5.78876 7.19902 5
      vertex -5.8097 7.20253 -5
      vertex -5.78876 7.19902 -5
    endloop
  endfacet
  facet normal -0.948306 -0.317358 0
    outer loop
      vertex -4.84303 6.37692 -5
      vertex -4.84977 6.39706 5
      vertex -4.84977 6.39706 -5
    endloop
  endfacet
  facet normal -0.948306 -0.317358 0
    outer loop
      vertex -4.84977 6.39706 5
      vertex -4.84303 6.37692 -5
      vertex -4.84303 6.37692 5
    endloop
  endfacet
  facet normal 0.250619 0.968086 -0
    outer loop
      vertex -6.2943 4.82063 -5
      vertex -6.31485 4.82595 5
      vertex -6.2943 4.82063 5
    endloop
  endfacet
  facet normal 0.250619 0.968086 0
    outer loop
      vertex -6.31485 4.82595 5
      vertex -6.2943 4.82063 -5
      vertex -6.31485 4.82595 -5
    endloop
  endfacet
  facet normal 0.991453 -0.130467 0
    outer loop
      vertex -7.20744 6.14925 5
      vertex -7.20467 6.1703 -5
      vertex -7.20467 6.1703 5
    endloop
  endfacet
  facet normal 0.991453 -0.130467 0
    outer loop
      vertex -7.20467 6.1703 -5
      vertex -7.20744 6.14925 5
      vertex -7.20744 6.14925 -5
    endloop
  endfacet
  facet normal 0.999061 -0.0433146 0
    outer loop
      vertex -7.21576 6.04345 5
      vertex -7.21484 6.06467 -5
      vertex -7.21484 6.06467 5
    endloop
  endfacet
  facet normal 0.999061 -0.0433146 0
    outer loop
      vertex -7.21484 6.06467 -5
      vertex -7.21576 6.04345 5
      vertex -7.21576 6.04345 -5
    endloop
  endfacet
  facet normal -0.250619 -0.968086 0
    outer loop
      vertex -5.7057 7.18137 -5
      vertex -5.68515 7.17605 5
      vertex -5.7057 7.18137 5
    endloop
  endfacet
  facet normal -0.250619 -0.968086 -0
    outer loop
      vertex -5.68515 7.17605 5
      vertex -5.7057 7.18137 -5
      vertex -5.68515 7.17605 -5
    endloop
  endfacet
  facet normal 0.477102 -0.878848 0
    outer loop
      vertex -6.58977 7.06498 -5
      vertex -6.57111 7.07511 5
      vertex -6.58977 7.06498 5
    endloop
  endfacet
  facet normal 0.477102 -0.878848 0
    outer loop
      vertex -6.57111 7.07511 5
      vertex -6.58977 7.06498 -5
      vertex -6.57111 7.07511 -5
    endloop
  endfacet
  facet normal 0.910044 0.414513 0
    outer loop
      vertex -7.10253 5.48688 5
      vertex -7.11133 5.5062 -5
      vertex -7.11133 5.5062 5
    endloop
  endfacet
  facet normal 0.910044 0.414513 0
    outer loop
      vertex -7.11133 5.5062 -5
      vertex -7.10253 5.48688 5
      vertex -7.10253 5.48688 -5
    endloop
  endfacet
  facet normal 0.84339 -0.537302 0
    outer loop
      vertex -7.03166 6.64565 5
      vertex -7.02025 6.66356 -5
      vertex -7.02025 6.66356 5
    endloop
  endfacet
  facet normal 0.84339 -0.537302 0
    outer loop
      vertex -7.02025 6.66356 -5
      vertex -7.03166 6.64565 5
      vertex -7.03166 6.64565 -5
    endloop
  endfacet
  facet normal -0.113068 -0.993587 0
    outer loop
      vertex -5.87284 7.21084 -5
      vertex -5.85175 7.20844 5
      vertex -5.87284 7.21084 5
    endloop
  endfacet
  facet normal -0.113068 -0.993587 -0
    outer loop
      vertex -5.85175 7.20844 5
      vertex -5.87284 7.21084 -5
      vertex -5.85175 7.20844 -5
    endloop
  endfacet
  facet normal 0.44646 0.894804 -0
    outer loop
      vertex -6.53328 4.90761 -5
      vertex -6.55228 4.91709 5
      vertex -6.53328 4.90761 5
    endloop
  endfacet
  facet normal 0.44646 0.894804 0
    outer loop
      vertex -6.55228 4.91709 5
      vertex -6.53328 4.90761 -5
      vertex -6.55228 4.91709 -5
    endloop
  endfacet
  facet normal 0.14788 -0.989005 0
    outer loop
      vertex -6.1903 7.20253 -5
      vertex -6.1693 7.20567 5
      vertex -6.1903 7.20253 5
    endloop
  endfacet
  facet normal 0.14788 -0.989005 0
    outer loop
      vertex -6.1693 7.20567 5
      vertex -6.1903 7.20253 -5
      vertex -6.1693 7.20567 -5
    endloop
  endfacet
  facet normal 0.333978 0.942581 -0
    outer loop
      vertex -6.39606 4.85077 -5
      vertex -6.41607 4.85786 5
      vertex -6.39606 4.85077 5
    endloop
  endfacet
  facet normal 0.333978 0.942581 0
    outer loop
      vertex -6.41607 4.85786 5
      vertex -6.39606 4.85077 -5
      vertex -6.41607 4.85786 -5
    endloop
  endfacet
  facet normal -0.760485 -0.649355 0
    outer loop
      vertex -5.0681 6.78295 -5
      vertex -5.08189 6.7991 5
      vertex -5.08189 6.7991 -5
    endloop
  endfacet
  facet normal -0.760485 -0.649355 0
    outer loop
      vertex -5.08189 6.7991 5
      vertex -5.0681 6.78295 -5
      vertex -5.0681 6.78295 5
    endloop
  endfacet
  facet normal -0.113068 0.993587 0
    outer loop
      vertex -5.85175 4.79356 -5
      vertex -5.87284 4.79116 5
      vertex -5.85175 4.79356 5
    endloop
  endfacet
  facet normal -0.113068 0.993587 0
    outer loop
      vertex -5.87284 4.79116 5
      vertex -5.85175 4.79356 -5
      vertex -5.87284 4.79116 -5
    endloop
  endfacet
  facet normal 0.3005 0.953782 -0
    outer loop
      vertex -6.35567 4.83765 -5
      vertex -6.37592 4.84403 5
      vertex -6.35567 4.83765 5
    endloop
  endfacet
  facet normal 0.3005 0.953782 0
    outer loop
      vertex -6.37592 4.84403 5
      vertex -6.35567 4.83765 -5
      vertex -6.37592 4.84403 -5
    endloop
  endfacet
  facet normal 0.887055 0.461664 0
    outer loop
      vertex -7.07411 5.42989 5
      vertex -7.08391 5.44872 -5
      vertex -7.08391 5.44872 5
    endloop
  endfacet
  facet normal 0.887055 0.461664 0
    outer loop
      vertex -7.08391 5.44872 -5
      vertex -7.07411 5.42989 5
      vertex -7.07411 5.42989 -5
    endloop
  endfacet
  facet normal 0.894804 0.44646 0
    outer loop
      vertex -7.08391 5.44872 5
      vertex -7.09339 5.46772 -5
      vertex -7.09339 5.46772 5
    endloop
  endfacet
  facet normal 0.894804 0.44646 0
    outer loop
      vertex -7.09339 5.46772 -5
      vertex -7.08391 5.44872 5
      vertex -7.08391 5.44872 -5
    endloop
  endfacet
  facet normal -0.130467 0.991453 0
    outer loop
      vertex -5.8307 4.79633 -5
      vertex -5.85175 4.79356 5
      vertex -5.8307 4.79633 5
    endloop
  endfacet
  facet normal -0.130467 0.991453 0
    outer loop
      vertex -5.85175 4.79356 5
      vertex -5.8307 4.79633 -5
      vertex -5.85175 4.79356 -5
    endloop
  endfacet
  facet normal 0.793568 0.608481 0
    outer loop
      vertex -6.95862 5.25204 5
      vertex -6.97154 5.26889 -5
      vertex -6.97154 5.26889 5
    endloop
  endfacet
  facet normal 0.793568 0.608481 0
    outer loop
      vertex -6.97154 5.26889 -5
      vertex -6.95862 5.25204 5
      vertex -6.95862 5.25204 -5
    endloop
  endfacet
  facet normal 0.130467 0.991453 -0
    outer loop
      vertex -6.14825 4.79356 -5
      vertex -6.1693 4.79633 5
      vertex -6.14825 4.79356 5
    endloop
  endfacet
  facet normal 0.130467 0.991453 0
    outer loop
      vertex -6.1693 4.79633 5
      vertex -6.14825 4.79356 -5
      vertex -6.1693 4.79633 -5
    endloop
  endfacet
  facet normal -0.771685 0.636004 0
    outer loop
      vertex -5.0681 5.21905 -5
      vertex -5.0546 5.23543 5
      vertex -5.0546 5.23543 -5
    endloop
  endfacet
  facet normal -0.771685 0.636004 0
    outer loop
      vertex -5.0546 5.23543 5
      vertex -5.0681 5.21905 -5
      vertex -5.0681 5.21905 5
    endloop
  endfacet
  facet normal -0.317358 -0.948306 0
    outer loop
      vertex -5.62408 7.15797 -5
      vertex -5.60394 7.15123 5
      vertex -5.62408 7.15797 5
    endloop
  endfacet
  facet normal -0.317358 -0.948306 -0
    outer loop
      vertex -5.60394 7.15123 5
      vertex -5.62408 7.15797 -5
      vertex -5.60394 7.15123 -5
    endloop
  endfacet
  facet normal -0.972345 0.233551 0
    outer loop
      vertex -4.81963 5.7067 -5
      vertex -4.81467 5.72735 5
      vertex -4.81467 5.72735 -5
    endloop
  endfacet
  facet normal -0.972345 0.233551 0
    outer loop
      vertex -4.81467 5.72735 5
      vertex -4.81963 5.7067 -5
      vertex -4.81963 5.7067 5
    endloop
  endfacet
  facet normal 0.894804 -0.44646 0
    outer loop
      vertex -7.09339 6.53428 5
      vertex -7.08391 6.55328 -5
      vertex -7.08391 6.55328 5
    endloop
  endfacet
  facet normal 0.894804 -0.44646 0
    outer loop
      vertex -7.08391 6.55328 -5
      vertex -7.09339 6.53428 5
      vertex -7.09339 6.53428 -5
    endloop
  endfacet
  facet normal 0.507555 0.861619 -0
    outer loop
      vertex -6.60825 4.94747 -5
      vertex -6.62655 4.95825 5
      vertex -6.60825 4.94747 5
    endloop
  endfacet
  facet normal 0.507555 0.861619 0
    outer loop
      vertex -6.62655 4.95825 5
      vertex -6.60825 4.94747 -5
      vertex -6.62655 4.95825 -5
    endloop
  endfacet
  facet normal -0.803882 0.594788 0
    outer loop
      vertex -5.02846 5.26889 -5
      vertex -5.01583 5.28596 5
      vertex -5.01583 5.28596 -5
    endloop
  endfacet
  facet normal -0.803882 0.594788 0
    outer loop
      vertex -5.01583 5.28596 5
      vertex -5.02846 5.26889 -5
      vertex -5.02846 5.26889 5
    endloop
  endfacet
  facet normal 0.793568 -0.608481 0
    outer loop
      vertex -6.97154 6.73311 5
      vertex -6.95862 6.74996 -5
      vertex -6.95862 6.74996 5
    endloop
  endfacet
  facet normal 0.793568 -0.608481 0
    outer loop
      vertex -6.95862 6.74996 -5
      vertex -6.97154 6.73311 5
      vertex -6.97154 6.73311 -5
    endloop
  endfacet
  facet normal 0.233551 -0.972345 0
    outer loop
      vertex -6.2943 7.18137 -5
      vertex -6.27365 7.18633 5
      vertex -6.2943 7.18137 5
    endloop
  endfacet
  facet normal 0.233551 -0.972345 0
    outer loop
      vertex -6.27365 7.18633 5
      vertex -6.2943 7.18137 -5
      vertex -6.27365 7.18633 -5
    endloop
  endfacet
  facet normal 0.283976 0.958831 -0
    outer loop
      vertex -6.33531 4.83162 -5
      vertex -6.35567 4.83765 5
      vertex -6.33531 4.83162 5
    endloop
  endfacet
  facet normal 0.283976 0.958831 0
    outer loop
      vertex -6.35567 4.83765 5
      vertex -6.33531 4.83162 -5
      vertex -6.35567 4.83765 -5
    endloop
  endfacet
  facet normal -0.537302 0.84339 0
    outer loop
      vertex -5.33744 4.98075 -5
      vertex -5.35535 4.96934 5
      vertex -5.33744 4.98075 5
    endloop
  endfacet
  facet normal -0.537302 0.84339 0
    outer loop
      vertex -5.35535 4.96934 5
      vertex -5.33744 4.98075 -5
      vertex -5.35535 4.96934 -5
    endloop
  endfacet
  facet normal -0.461664 -0.887055 0
    outer loop
      vertex -5.44772 7.08491 -5
      vertex -5.42889 7.07511 5
      vertex -5.44772 7.08491 5
    endloop
  endfacet
  facet normal -0.461664 -0.887055 -0
    outer loop
      vertex -5.42889 7.07511 5
      vertex -5.44772 7.08491 -5
      vertex -5.42889 7.07511 -5
    endloop
  endfacet
  facet normal 0.972345 -0.233551 0
    outer loop
      vertex -7.18533 6.27465 5
      vertex -7.18037 6.2953 -5
      vertex -7.18037 6.2953 5
    endloop
  endfacet
  facet normal 0.972345 -0.233551 0
    outer loop
      vertex -7.18037 6.2953 -5
      vertex -7.18533 6.27465 5
      vertex -7.18533 6.27465 -5
    endloop
  endfacet
  facet normal 0.0437845 0.999041 -0
    outer loop
      vertex -6.04245 4.78523 -5
      vertex -6.06367 4.78616 5
      vertex -6.04245 4.78523 5
    endloop
  endfacet
  facet normal 0.0437845 0.999041 0
    outer loop
      vertex -6.06367 4.78616 5
      vertex -6.04245 4.78523 -5
      vertex -6.06367 4.78616 -5
    endloop
  endfacet
  facet normal 0.968086 0.250619 0
    outer loop
      vertex -7.17505 5.68615 5
      vertex -7.18037 5.7067 -5
      vertex -7.18037 5.7067 5
    endloop
  endfacet
  facet normal 0.968086 0.250619 0
    outer loop
      vertex -7.18037 5.7067 -5
      vertex -7.17505 5.68615 5
      vertex -7.17505 5.68615 -5
    endloop
  endfacet
  facet normal 0.333978 -0.942581 0
    outer loop
      vertex -6.41607 7.14414 -5
      vertex -6.39606 7.15123 5
      vertex -6.41607 7.14414 5
    endloop
  endfacet
  facet normal 0.333978 -0.942581 0
    outer loop
      vertex -6.39606 7.15123 5
      vertex -6.41607 7.14414 -5
      vertex -6.39606 7.15123 -5
    endloop
  endfacet
  facet normal 0.594788 0.803882 -0
    outer loop
      vertex -6.71504 5.01683 -5
      vertex -6.73211 5.02946 5
      vertex -6.71504 5.01683 5
    endloop
  endfacet
  facet normal 0.594788 0.803882 0
    outer loop
      vertex -6.73211 5.02946 5
      vertex -6.71504 5.01683 -5
      vertex -6.73211 5.02946 -5
    endloop
  endfacet
  facet normal 0.662696 0.748889 -0
    outer loop
      vertex -6.7981 5.08289 -5
      vertex -6.814 5.09696 5
      vertex -6.7981 5.08289 5
    endloop
  endfacet
  facet normal 0.662696 0.748889 0
    outer loop
      vertex -6.814 5.09696 5
      vertex -6.7981 5.08289 -5
      vertex -6.814 5.09696 -5
    endloop
  endfacet
  facet normal -0.782429 -0.62274 0
    outer loop
      vertex -5.04138 6.74996 -5
      vertex -5.0546 6.76657 5
      vertex -5.0546 6.76657 -5
    endloop
  endfacet
  facet normal -0.782429 -0.62274 0
    outer loop
      vertex -5.0546 6.76657 5
      vertex -5.04138 6.74996 -5
      vertex -5.04138 6.74996 5
    endloop
  endfacet
  facet normal 0.216282 0.976331 -0
    outer loop
      vertex -6.25293 4.81108 -5
      vertex -6.27365 4.81567 5
      vertex -6.25293 4.81108 5
    endloop
  endfacet
  facet normal 0.216282 0.976331 0
    outer loop
      vertex -6.27365 4.81567 5
      vertex -6.25293 4.81108 -5
      vertex -6.27365 4.81567 -5
    endloop
  endfacet
  facet normal -0.267061 -0.96368 0
    outer loop
      vertex -5.68515 7.17605 -5
      vertex -5.66469 7.17038 5
      vertex -5.68515 7.17605 5
    endloop
  endfacet
  facet normal -0.267061 -0.96368 -0
    outer loop
      vertex -5.66469 7.17038 5
      vertex -5.68515 7.17605 -5
      vertex -5.66469 7.17038 -5
    endloop
  endfacet
  facet normal -0.999652 -0.026381 0
    outer loop
      vertex 7.21732 -5.97877 -5
      vertex 7.21676 -5.95755 5
      vertex 7.21676 -5.95755 -5
    endloop
  endfacet
  facet normal -0.999652 -0.026381 0
    outer loop
      vertex 7.21676 -5.95755 5
      vertex 7.21732 -5.97877 -5
      vertex 7.21732 -5.97877 5
    endloop
  endfacet
  facet normal -0.99996 -0.00894924 0
    outer loop
      vertex 7.21751 -6 -5
      vertex 7.21732 -5.97877 5
      vertex 7.21732 -5.97877 -5
    endloop
  endfacet
  facet normal -0.99996 -0.00894924 0
    outer loop
      vertex 7.21732 -5.97877 5
      vertex 7.21751 -6 -5
      vertex 7.21751 -6 5
    endloop
  endfacet
  facet normal -0.999061 -0.0433146 0
    outer loop
      vertex 7.21676 -5.95755 -5
      vertex 7.21584 -5.93633 5
      vertex 7.21584 -5.93633 -5
    endloop
  endfacet
  facet normal -0.999061 -0.0433146 0
    outer loop
      vertex 7.21584 -5.93633 5
      vertex 7.21676 -5.95755 -5
      vertex 7.21676 -5.95755 5
    endloop
  endfacet
  facet normal -0.537302 -0.84339 0
    outer loop
      vertex 6.64565 -4.96834 -5
      vertex 6.66356 -4.97975 5
      vertex 6.64565 -4.96834 5
    endloop
  endfacet
  facet normal -0.537302 -0.84339 -0
    outer loop
      vertex 6.66356 -4.97975 5
      vertex 6.64565 -4.96834 -5
      vertex 6.66356 -4.97975 -5
    endloop
  endfacet
  facet normal -0.165315 0.986241 0
    outer loop
      vertex 6.21224 -7.19802 -5
      vertex 6.1913 -7.20153 5
      vertex 6.21224 -7.19802 5
    endloop
  endfacet
  facet normal -0.165315 0.986241 0
    outer loop
      vertex 6.1913 -7.20153 5
      vertex 6.21224 -7.19802 -5
      vertex 6.1913 -7.20153 -5
    endloop
  endfacet
  facet normal -0.382407 -0.923994 0
    outer loop
      vertex 6.45671 -4.87208 -5
      vertex 6.47633 -4.8802 5
      vertex 6.45671 -4.87208 5
    endloop
  endfacet
  facet normal -0.382407 -0.923994 -0
    outer loop
      vertex 6.47633 -4.8802 5
      vertex 6.45671 -4.87208 -5
      vertex 6.47633 -4.8802 -5
    endloop
  endfacet
  facet normal 0.936774 0.349936 0
    outer loop
      vertex 4.86529 -6.43596 5
      vertex 4.85786 -6.41607 -5
      vertex 4.85786 -6.41607 5
    endloop
  endfacet
  facet normal 0.936774 0.349936 0
    outer loop
      vertex 4.85786 -6.41607 -5
      vertex 4.86529 -6.43596 5
      vertex 4.86529 -6.43596 -5
    endloop
  endfacet
  facet normal -0.998123 -0.0612346 0
    outer loop
      vertex 7.21584 -5.93633 -5
      vertex 7.21454 -5.91514 5
      vertex 7.21454 -5.91514 -5
    endloop
  endfacet
  facet normal -0.998123 -0.0612346 0
    outer loop
      vertex 7.21454 -5.91514 5
      vertex 7.21584 -5.93633 -5
      vertex 7.21584 -5.93633 5
    endloop
  endfacet
  facet normal -0.983338 -0.181786 0
    outer loop
      vertex 7.19902 -5.78876 -5
      vertex 7.19516 -5.76788 5
      vertex 7.19516 -5.76788 -5
    endloop
  endfacet
  facet normal -0.983338 -0.181786 0
    outer loop
      vertex 7.19516 -5.76788 5
      vertex 7.19902 -5.78876 -5
      vertex 7.19902 -5.78876 5
    endloop
  endfacet
  facet normal 0.0782096 -0.996937 0
    outer loop
      vertex 5.89498 -4.78812 -5
      vertex 5.91614 -4.78646 5
      vertex 5.89498 -4.78812 5
    endloop
  endfacet
  facet normal 0.0782096 -0.996937 0
    outer loop
      vertex 5.91614 -4.78646 5
      vertex 5.89498 -4.78812 -5
      vertex 5.91614 -4.78646 -5
    endloop
  endfacet
  facet normal -0.349936 0.936774 0
    outer loop
      vertex 6.43696 -7.13571 -5
      vertex 6.41707 -7.14314 5
      vertex 6.43696 -7.13571 5
    endloop
  endfacet
  facet normal -0.349936 0.936774 0
    outer loop
      vertex 6.41707 -7.14314 5
      vertex 6.43696 -7.13571 -5
      vertex 6.41707 -7.14314 -5
    endloop
  endfacet
  facet normal -0.0960533 -0.995376 0
    outer loop
      vertex 6.10702 -4.78812 -5
      vertex 6.12816 -4.79016 5
      vertex 6.10702 -4.78812 5
    endloop
  endfacet
  facet normal -0.0960533 -0.995376 -0
    outer loop
      vertex 6.12816 -4.79016 5
      vertex 6.10702 -4.78812 -5
      vertex 6.12816 -4.79016 -5
    endloop
  endfacet
  facet normal -0.983338 0.181786 0
    outer loop
      vertex 7.19516 -6.23212 -5
      vertex 7.19902 -6.21124 5
      vertex 7.19902 -6.21124 -5
    endloop
  endfacet
  facet normal -0.983338 0.181786 0
    outer loop
      vertex 7.19902 -6.21124 5
      vertex 7.19516 -6.23212 -5
      vertex 7.19516 -6.23212 5
    endloop
  endfacet
  facet normal -0.675575 0.737291 0
    outer loop
      vertex 6.83065 -6.8897 -5
      vertex 6.815 -6.90404 5
      vertex 6.83065 -6.8897 5
    endloop
  endfacet
  facet normal -0.675575 0.737291 0
    outer loop
      vertex 6.815 -6.90404 5
      vertex 6.83065 -6.8897 -5
      vertex 6.815 -6.90404 -5
    endloop
  endfacet
  facet normal 0.566489 -0.824069 0
    outer loop
      vertex 5.30324 -5.0035 -5
      vertex 5.32074 -4.99147 5
      vertex 5.30324 -5.0035 5
    endloop
  endfacet
  facet normal 0.566489 -0.824069 0
    outer loop
      vertex 5.32074 -4.99147 5
      vertex 5.30324 -5.0035 -5
      vertex 5.32074 -4.99147 -5
    endloop
  endfacet
  facet normal 0.953782 -0.3005 0
    outer loop
      vertex 4.83765 -5.64433 5
      vertex 4.84403 -5.62408 -5
      vertex 4.84403 -5.62408 5
    endloop
  endfacet
  facet normal 0.953782 -0.3005 0
    outer loop
      vertex 4.84403 -5.62408 -5
      vertex 4.83765 -5.64433 5
      vertex 4.83765 -5.64433 -5
    endloop
  endfacet
  facet normal -0.81402 -0.580837 0
    outer loop
      vertex 6.9975 -5.30224 -5
      vertex 6.98517 -5.28496 5
      vertex 6.98517 -5.28496 -5
    endloop
  endfacet
  facet normal -0.81402 -0.580837 0
    outer loop
      vertex 6.98517 -5.28496 5
      vertex 6.9975 -5.30224 -5
      vertex 6.9975 -5.30224 5
    endloop
  endfacet
  facet normal 0.760485 -0.649355 0
    outer loop
      vertex 5.0691 -5.21805 5
      vertex 5.08289 -5.2019 -5
      vertex 5.08289 -5.2019 5
    endloop
  endfacet
  facet normal 0.760485 -0.649355 0
    outer loop
      vertex 5.08289 -5.2019 -5
      vertex 5.0691 -5.21805 5
      vertex 5.0691 -5.21805 -5
    endloop
  endfacet
  facet normal -0.953782 -0.3005 0
    outer loop
      vertex 7.16435 -5.64433 -5
      vertex 7.15797 -5.62408 5
      vertex 7.15797 -5.62408 -5
    endloop
  endfacet
  facet normal -0.953782 -0.3005 0
    outer loop
      vertex 7.15797 -5.62408 5
      vertex 7.16435 -5.64433 -5
      vertex 7.16435 -5.64433 5
    endloop
  endfacet
  facet normal -0.725458 -0.688267 0
    outer loop
      vertex 6.8907 -5.17035 -5
      vertex 6.87608 -5.15494 5
      vertex 6.87608 -5.15494 -5
    endloop
  endfacet
  facet normal -0.725458 -0.688267 0
    outer loop
      vertex 6.87608 -5.15494 5
      vertex 6.8907 -5.17035 -5
      vertex 6.8907 -5.17035 5
    endloop
  endfacet
  facet normal -0.62274 -0.782429 0
    outer loop
      vertex 6.74996 -5.04138 -5
      vertex 6.76657 -5.0546 5
      vertex 6.74996 -5.04138 5
    endloop
  endfacet
  facet normal -0.62274 -0.782429 -0
    outer loop
      vertex 6.76657 -5.0546 5
      vertex 6.74996 -5.04138 -5
      vertex 6.76657 -5.0546 -5
    endloop
  endfacet
  facet normal -0.580837 -0.81402 0
    outer loop
      vertex 6.69876 -5.0035 -5
      vertex 6.71604 -5.01583 5
      vertex 6.69876 -5.0035 5
    endloop
  endfacet
  facet normal -0.580837 -0.81402 -0
    outer loop
      vertex 6.71604 -5.01583 5
      vertex 6.69876 -5.0035 -5
      vertex 6.71604 -5.01583 -5
    endloop
  endfacet
  facet normal -0.887055 -0.461664 0
    outer loop
      vertex 7.08491 -5.44772 -5
      vertex 7.07511 -5.42889 5
      vertex 7.07511 -5.42889 -5
    endloop
  endfacet
  facet normal -0.887055 -0.461664 0
    outer loop
      vertex 7.07511 -5.42889 5
      vertex 7.08491 -5.44772 -5
      vertex 7.08491 -5.44772 5
    endloop
  endfacet
  facet normal 0.3005 -0.953782 0
    outer loop
      vertex 5.62508 -4.84303 -5
      vertex 5.64533 -4.83665 5
      vertex 5.62508 -4.84303 5
    endloop
  endfacet
  facet normal 0.3005 -0.953782 0
    outer loop
      vertex 5.64533 -4.83665 5
      vertex 5.62508 -4.84303 -5
      vertex 5.64533 -4.83665 -5
    endloop
  endfacet
  facet normal -0.782429 0.62274 0
    outer loop
      vertex 6.9464 -6.76557 -5
      vertex 6.95962 -6.74896 5
      vertex 6.95962 -6.74896 -5
    endloop
  endfacet
  facet normal -0.782429 0.62274 0
    outer loop
      vertex 6.95962 -6.74896 5
      vertex 6.9464 -6.76557 -5
      vertex 6.9464 -6.76557 5
    endloop
  endfacet
  facet normal -0.662696 -0.748889 0
    outer loop
      vertex 6.7991 -5.08189 -5
      vertex 6.815 -5.09596 5
      vertex 6.7991 -5.08189 5
    endloop
  endfacet
  facet normal -0.662696 -0.748889 -0
    outer loop
      vertex 6.815 -5.09596 5
      vertex 6.7991 -5.08189 -5
      vertex 6.815 -5.09596 -5
    endloop
  endfacet
  facet normal -0.972345 -0.233551 0
    outer loop
      vertex 7.18633 -5.72635 -5
      vertex 7.18137 -5.7057 5
      vertex 7.18137 -5.7057 -5
    endloop
  endfacet
  facet normal -0.972345 -0.233551 0
    outer loop
      vertex 7.18137 -5.7057 5
      vertex 7.18633 -5.72635 -5
      vertex 7.18633 -5.72635 5
    endloop
  endfacet
  facet normal -0.998123 0.0612346 0
    outer loop
      vertex 7.21454 -6.08486 -5
      vertex 7.21584 -6.06367 5
      vertex 7.21584 -6.06367 -5
    endloop
  endfacet
  facet normal -0.998123 0.0612346 0
    outer loop
      vertex 7.21584 -6.06367 5
      vertex 7.21454 -6.08486 -5
      vertex 7.21454 -6.08486 5
    endloop
  endfacet
  facet normal -0.636004 0.771685 0
    outer loop
      vertex 6.78295 -6.9319 -5
      vertex 6.76657 -6.9454 5
      vertex 6.78295 -6.9319 5
    endloop
  endfacet
  facet normal -0.636004 0.771685 0
    outer loop
      vertex 6.76657 -6.9454 5
      vertex 6.78295 -6.9319 -5
      vertex 6.76657 -6.9454 -5
    endloop
  endfacet
  facet normal -0.026381 -0.999652 0
    outer loop
      vertex 6.02223 -4.78368 -5
      vertex 6.04345 -4.78424 5
      vertex 6.02223 -4.78368 5
    endloop
  endfacet
  facet normal -0.026381 -0.999652 -0
    outer loop
      vertex 6.04345 -4.78424 5
      vertex 6.02223 -4.78368 -5
      vertex 6.04345 -4.78424 -5
    endloop
  endfacet
  facet normal -0.824069 -0.566489 0
    outer loop
      vertex 7.00953 -5.31974 -5
      vertex 6.9975 -5.30224 5
      vertex 6.9975 -5.30224 -5
    endloop
  endfacet
  facet normal -0.824069 -0.566489 0
    outer loop
      vertex 6.9975 -5.30224 5
      vertex 7.00953 -5.31974 -5
      vertex 7.00953 -5.31974 5
    endloop
  endfacet
  facet normal -0.0960533 0.995376 0
    outer loop
      vertex 6.12816 -7.20984 -5
      vertex 6.10702 -7.21188 5
      vertex 6.12816 -7.20984 5
    endloop
  endfacet
  facet normal -0.0960533 0.995376 0
    outer loop
      vertex 6.10702 -7.21188 5
      vertex 6.12816 -7.20984 -5
      vertex 6.10702 -7.21188 -5
    endloop
  endfacet
  facet normal -0.968086 -0.250619 0
    outer loop
      vertex 7.18137 -5.7057 -5
      vertex 7.17605 -5.68515 5
      vertex 7.17605 -5.68515 -5
    endloop
  endfacet
  facet normal -0.968086 -0.250619 0
    outer loop
      vertex 7.17605 -5.68515 5
      vertex 7.18137 -5.7057 -5
      vertex 7.18137 -5.7057 5
    endloop
  endfacet
  facet normal -0.725458 0.688267 0
    outer loop
      vertex 6.87608 -6.84506 -5
      vertex 6.8907 -6.82965 5
      vertex 6.8907 -6.82965 -5
    endloop
  endfacet
  facet normal -0.725458 0.688267 0
    outer loop
      vertex 6.8907 -6.82965 5
      vertex 6.87608 -6.84506 -5
      vertex 6.87608 -6.84506 5
    endloop
  endfacet
  facet normal 0.968086 -0.250619 0
    outer loop
      vertex 4.82063 -5.7057 5
      vertex 4.82595 -5.68515 -5
      vertex 4.82595 -5.68515 5
    endloop
  endfacet
  facet normal 0.968086 -0.250619 0
    outer loop
      vertex 4.82595 -5.68515 -5
      vertex 4.82063 -5.7057 5
      vertex 4.82063 -5.7057 -5
    endloop
  endfacet
  facet normal -0.99996 0.00894924 0
    outer loop
      vertex 7.21732 -6.02123 -5
      vertex 7.21751 -6 5
      vertex 7.21751 -6 -5
    endloop
  endfacet
  facet normal -0.99996 0.00894924 0
    outer loop
      vertex 7.21751 -6 5
      vertex 7.21732 -6.02123 -5
      vertex 7.21732 -6.02123 5
    endloop
  endfacet
  facet normal -0.793568 0.608481 0
    outer loop
      vertex 6.95962 -6.74896 -5
      vertex 6.97254 -6.73211 5
      vertex 6.97254 -6.73211 -5
    endloop
  endfacet
  facet normal -0.793568 0.608481 0
    outer loop
      vertex 6.97254 -6.73211 5
      vertex 6.95962 -6.74896 -5
      vertex 6.95962 -6.74896 5
    endloop
  endfacet
  facet normal 0.861619 -0.507555 0
    outer loop
      vertex 4.94747 -5.39175 5
      vertex 4.95825 -5.37345 -5
      vertex 4.95825 -5.37345 5
    endloop
  endfacet
  facet normal 0.861619 -0.507555 0
    outer loop
      vertex 4.95825 -5.37345 -5
      vertex 4.94747 -5.39175 5
      vertex 4.94747 -5.39175 -5
    endloop
  endfacet
  facet normal 0.833786 0.552088 0
    outer loop
      vertex 4.99247 -6.68026 5
      vertex 4.98075 -6.66256 -5
      vertex 4.98075 -6.66256 5
    endloop
  endfacet
  facet normal 0.833786 0.552088 0
    outer loop
      vertex 4.98075 -6.66256 -5
      vertex 4.99247 -6.68026 5
      vertex 4.99247 -6.68026 -5
    endloop
  endfacet
  facet normal -0.910044 -0.414513 0
    outer loop
      vertex 7.11233 -5.5052 -5
      vertex 7.10353 -5.48588 5
      vertex 7.10353 -5.48588 -5
    endloop
  endfacet
  facet normal -0.910044 -0.414513 0
    outer loop
      vertex 7.10353 -5.48588 5
      vertex 7.11233 -5.5052 -5
      vertex 7.11233 -5.5052 5
    endloop
  endfacet
  facet normal 0.026381 -0.999652 0
    outer loop
      vertex 5.95855 -4.78424 -5
      vertex 5.97977 -4.78368 5
      vertex 5.95855 -4.78424 5
    endloop
  endfacet
  facet normal 0.026381 -0.999652 0
    outer loop
      vertex 5.97977 -4.78368 5
      vertex 5.95855 -4.78424 -5
      vertex 5.97977 -4.78368 -5
    endloop
  endfacet
  facet normal -0.181786 0.983338 0
    outer loop
      vertex 6.23312 -7.19416 -5
      vertex 6.21224 -7.19802 5
      vertex 6.23312 -7.19416 5
    endloop
  endfacet
  facet normal -0.181786 0.983338 0
    outer loop
      vertex 6.21224 -7.19802 5
      vertex 6.23312 -7.19416 -5
      vertex 6.21224 -7.19802 -5
    endloop
  endfacet
  facet normal -0.936774 0.349936 0
    outer loop
      vertex 7.13671 -6.43596 -5
      vertex 7.14414 -6.41607 5
      vertex 7.14414 -6.41607 -5
    endloop
  endfacet
  facet normal -0.936774 0.349936 0
    outer loop
      vertex 7.14414 -6.41607 5
      vertex 7.13671 -6.43596 -5
      vertex 7.13671 -6.43596 5
    endloop
  endfacet
  facet normal 0.382407 -0.923994 0
    outer loop
      vertex 5.52567 -4.8802 -5
      vertex 5.54529 -4.87208 5
      vertex 5.52567 -4.8802 5
    endloop
  endfacet
  facet normal 0.382407 -0.923994 0
    outer loop
      vertex 5.54529 -4.87208 5
      vertex 5.52567 -4.8802 -5
      vertex 5.54529 -4.87208 -5
    endloop
  endfacet
  facet normal -0.84339 -0.537302 0
    outer loop
      vertex 7.03266 -5.35535 -5
      vertex 7.02125 -5.33744 5
      vertex 7.02125 -5.33744 -5
    endloop
  endfacet
  facet normal -0.84339 -0.537302 0
    outer loop
      vertex 7.02125 -5.33744 5
      vertex 7.03266 -5.35535 -5
      vertex 7.03266 -5.35535 5
    endloop
  endfacet
  facet normal -0.996937 0.0782096 0
    outer loop
      vertex 7.21288 -6.10602 -5
      vertex 7.21454 -6.08486 5
      vertex 7.21454 -6.08486 -5
    endloop
  endfacet
  facet normal -0.996937 0.0782096 0
    outer loop
      vertex 7.21454 -6.08486 5
      vertex 7.21288 -6.10602 -5
      vertex 7.21288 -6.10602 5
    endloop
  endfacet
  facet normal -0.930253 -0.36692 0
    outer loop
      vertex 7.13671 -5.56404 -5
      vertex 7.12892 -5.54429 5
      vertex 7.12892 -5.54429 -5
    endloop
  endfacet
  facet normal -0.930253 -0.36692 0
    outer loop
      vertex 7.12892 -5.54429 5
      vertex 7.13671 -5.56404 -5
      vertex 7.13671 -5.56404 5
    endloop
  endfacet
  facet normal 0.349936 -0.936774 0
    outer loop
      vertex 5.56504 -4.86429 -5
      vertex 5.58493 -4.85686 5
      vertex 5.56504 -4.86429 5
    endloop
  endfacet
  facet normal 0.349936 -0.936774 0
    outer loop
      vertex 5.58493 -4.85686 5
      vertex 5.56504 -4.86429 -5
      vertex 5.58493 -4.85686 -5
    endloop
  endfacet
  facet normal -0.852676 0.522441 0
    outer loop
      vertex 7.03266 -6.64465 -5
      vertex 7.04375 -6.62655 5
      vertex 7.04375 -6.62655 -5
    endloop
  endfacet
  facet normal -0.852676 0.522441 0
    outer loop
      vertex 7.04375 -6.62655 5
      vertex 7.03266 -6.64465 -5
      vertex 7.03266 -6.64465 5
    endloop
  endfacet
  facet normal -0.991453 -0.130467 0
    outer loop
      vertex 7.20844 -5.85175 -5
      vertex 7.20567 -5.8307 5
      vertex 7.20567 -5.8307 -5
    endloop
  endfacet
  facet normal -0.991453 -0.130467 0
    outer loop
      vertex 7.20567 -5.8307 5
      vertex 7.20844 -5.85175 -5
      vertex 7.20844 -5.85175 5
    endloop
  endfacet
  facet normal 0.878848 -0.477102 0
    outer loop
      vertex 4.92689 -5.42889 5
      vertex 4.93702 -5.41023 -5
      vertex 4.93702 -5.41023 5
    endloop
  endfacet
  facet normal 0.878848 -0.477102 0
    outer loop
      vertex 4.93702 -5.41023 -5
      vertex 4.92689 -5.42889 5
      vertex 4.92689 -5.42889 -5
    endloop
  endfacet
  facet normal 0.675575 0.737291 -0
    outer loop
      vertex 5.187 -6.90404 -5
      vertex 5.17135 -6.8897 5
      vertex 5.187 -6.90404 5
    endloop
  endfacet
  facet normal 0.675575 0.737291 0
    outer loop
      vertex 5.17135 -6.8897 5
      vertex 5.187 -6.90404 -5
      vertex 5.17135 -6.8897 -5
    endloop
  endfacet
  facet normal 0.996937 0.0782096 0
    outer loop
      vertex 4.78912 -6.10602 5
      vertex 4.78746 -6.08486 -5
      vertex 4.78746 -6.08486 5
    endloop
  endfacet
  facet normal 0.996937 0.0782096 0
    outer loop
      vertex 4.78746 -6.08486 -5
      vertex 4.78912 -6.10602 5
      vertex 4.78912 -6.10602 -5
    endloop
  endfacet
  facet normal 0.999664 -0.0259102 0
    outer loop
      vertex 4.78468 -5.97877 5
      vertex 4.78523 -5.95755 -5
      vertex 4.78523 -5.95755 5
    endloop
  endfacet
  facet normal 0.999664 -0.0259102 0
    outer loop
      vertex 4.78523 -5.95755 -5
      vertex 4.78468 -5.97877 5
      vertex 4.78468 -5.97877 -5
    endloop
  endfacet
  facet normal -0.3005 -0.953782 0
    outer loop
      vertex 6.35667 -4.83665 -5
      vertex 6.37692 -4.84303 5
      vertex 6.35667 -4.83665 5
    endloop
  endfacet
  facet normal -0.3005 -0.953782 -0
    outer loop
      vertex 6.37692 -4.84303 5
      vertex 6.35667 -4.83665 -5
      vertex 6.37692 -4.84303 -5
    endloop
  endfacet
  facet normal -0.0433146 0.999061 0
    outer loop
      vertex 6.06467 -7.21484 -5
      vertex 6.04345 -7.21576 5
      vertex 6.06467 -7.21484 5
    endloop
  endfacet
  facet normal -0.0433146 0.999061 0
    outer loop
      vertex 6.04345 -7.21576 5
      vertex 6.06467 -7.21484 -5
      vertex 6.04345 -7.21576 -5
    endloop
  endfacet
  facet normal 0.414513 -0.910044 0
    outer loop
      vertex 5.48688 -4.89747 -5
      vertex 5.5062 -4.88867 5
      vertex 5.48688 -4.89747 5
    endloop
  endfacet
  facet normal 0.414513 -0.910044 0
    outer loop
      vertex 5.5062 -4.88867 5
      vertex 5.48688 -4.89747 -5
      vertex 5.5062 -4.88867 -5
    endloop
  endfacet
  facet normal 0.0612346 -0.998123 0
    outer loop
      vertex 5.91614 -4.78646 -5
      vertex 5.93733 -4.78516 5
      vertex 5.91614 -4.78646 5
    endloop
  endfacet
  facet normal 0.0612346 -0.998123 0
    outer loop
      vertex 5.93733 -4.78516 5
      vertex 5.91614 -4.78646 -5
      vertex 5.93733 -4.78516 -5
    endloop
  endfacet
  facet normal 0.916988 -0.398916 0
    outer loop
      vertex 4.8812 -5.52467 5
      vertex 4.88967 -5.5052 -5
      vertex 4.88967 -5.5052 5
    endloop
  endfacet
  facet normal 0.916988 -0.398916 0
    outer loop
      vertex 4.88967 -5.5052 -5
      vertex 4.8812 -5.52467 5
      vertex 4.8812 -5.52467 -5
    endloop
  endfacet
  facet normal 0.267061 0.96368 -0
    outer loop
      vertex 5.68615 -7.17505 -5
      vertex 5.66569 -7.16938 5
      vertex 5.68615 -7.17505 5
    endloop
  endfacet
  facet normal 0.267061 0.96368 0
    outer loop
      vertex 5.66569 -7.16938 5
      vertex 5.68615 -7.17505 -5
      vertex 5.66569 -7.16938 -5
    endloop
  endfacet
  facet normal 0.976331 -0.216282 0
    outer loop
      vertex 4.81108 -5.74707 5
      vertex 4.81567 -5.72635 -5
      vertex 4.81567 -5.72635 5
    endloop
  endfacet
  facet normal 0.976331 -0.216282 0
    outer loop
      vertex 4.81567 -5.72635 -5
      vertex 4.81108 -5.74707 5
      vertex 4.81108 -5.74707 -5
    endloop
  endfacet
  facet normal -0.902564 -0.430555 0
    outer loop
      vertex 7.10353 -5.48588 -5
      vertex 7.09439 -5.46672 5
      vertex 7.09439 -5.46672 -5
    endloop
  endfacet
  facet normal -0.902564 -0.430555 0
    outer loop
      vertex 7.09439 -5.46672 5
      vertex 7.10353 -5.48588 -5
      vertex 7.10353 -5.48588 5
    endloop
  endfacet
  facet normal -0.398916 -0.916988 0
    outer loop
      vertex 6.47633 -4.8802 -5
      vertex 6.4958 -4.88867 5
      vertex 6.47633 -4.8802 5
    endloop
  endfacet
  facet normal -0.398916 -0.916988 -0
    outer loop
      vertex 6.4958 -4.88867 5
      vertex 6.47633 -4.8802 -5
      vertex 6.4958 -4.88867 -5
    endloop
  endfacet
  facet normal -0.267061 0.96368 0
    outer loop
      vertex 6.33631 -7.16938 -5
      vertex 6.31585 -7.17505 5
      vertex 6.33631 -7.16938 5
    endloop
  endfacet
  facet normal -0.267061 0.96368 0
    outer loop
      vertex 6.31585 -7.17505 5
      vertex 6.33631 -7.16938 -5
      vertex 6.31585 -7.17505 -5
    endloop
  endfacet
  facet normal 0.989005 -0.14788 0
    outer loop
      vertex 4.79633 -5.8307 5
      vertex 4.79947 -5.8097 -5
      vertex 4.79947 -5.8097 5
    endloop
  endfacet
  facet normal 0.989005 -0.14788 0
    outer loop
      vertex 4.79947 -5.8097 -5
      vertex 4.79633 -5.8307 5
      vertex 4.79633 -5.8307 -5
    endloop
  endfacet
  facet normal 0.771685 -0.636004 0
    outer loop
      vertex 5.0556 -5.23443 5
      vertex 5.0691 -5.21805 -5
      vertex 5.0691 -5.21805 5
    endloop
  endfacet
  facet normal 0.771685 -0.636004 0
    outer loop
      vertex 5.0691 -5.21805 -5
      vertex 5.0556 -5.23443 5
      vertex 5.0556 -5.23443 -5
    endloop
  endfacet
  facet normal 0.979868 0.199646 0
    outer loop
      vertex 4.81108 -6.25293 5
      vertex 4.80684 -6.23212 -5
      vertex 4.80684 -6.23212 5
    endloop
  endfacet
  facet normal 0.979868 0.199646 0
    outer loop
      vertex 4.80684 -6.23212 -5
      vertex 4.81108 -6.25293 5
      vertex 4.81108 -6.25293 -5
    endloop
  endfacet
  facet normal 0.317358 0.948306 -0
    outer loop
      vertex 5.62508 -7.15697 -5
      vertex 5.60494 -7.15023 5
      vertex 5.62508 -7.15697 5
    endloop
  endfacet
  facet normal 0.317358 0.948306 0
    outer loop
      vertex 5.60494 -7.15023 5
      vertex 5.62508 -7.15697 -5
      vertex 5.60494 -7.15023 -5
    endloop
  endfacet
  facet normal 0.649355 0.760485 -0
    outer loop
      vertex 5.21905 -6.9319 -5
      vertex 5.2029 -6.91811 5
      vertex 5.21905 -6.9319 5
    endloop
  endfacet
  facet normal 0.649355 0.760485 0
    outer loop
      vertex 5.2029 -6.91811 5
      vertex 5.21905 -6.9319 -5
      vertex 5.2029 -6.91811 -5
    endloop
  endfacet
  facet normal -0.81402 0.580837 0
    outer loop
      vertex 6.98517 -6.71504 -5
      vertex 6.9975 -6.69776 5
      vertex 6.9975 -6.69776 -5
    endloop
  endfacet
  facet normal -0.81402 0.580837 0
    outer loop
      vertex 6.9975 -6.69776 5
      vertex 6.98517 -6.71504 -5
      vertex 6.98517 -6.71504 5
    endloop
  endfacet
  facet normal 0.250619 -0.968086 0
    outer loop
      vertex 5.68615 -4.82495 -5
      vertex 5.7067 -4.81963 5
      vertex 5.68615 -4.82495 5
    endloop
  endfacet
  facet normal 0.250619 -0.968086 0
    outer loop
      vertex 5.7067 -4.81963 5
      vertex 5.68615 -4.82495 -5
      vertex 5.7067 -4.81963 -5
    endloop
  endfacet
  facet normal 0.0612346 0.998123 -0
    outer loop
      vertex 5.93733 -7.21484 -5
      vertex 5.91614 -7.21354 5
      vertex 5.93733 -7.21484 5
    endloop
  endfacet
  facet normal 0.0612346 0.998123 0
    outer loop
      vertex 5.91614 -7.21354 5
      vertex 5.93733 -7.21484 -5
      vertex 5.91614 -7.21354 -5
    endloop
  endfacet
  facet normal 0.199646 -0.979868 0
    outer loop
      vertex 5.74807 -4.81008 -5
      vertex 5.76888 -4.80584 5
      vertex 5.74807 -4.81008 5
    endloop
  endfacet
  facet normal 0.199646 -0.979868 0
    outer loop
      vertex 5.76888 -4.80584 5
      vertex 5.74807 -4.81008 -5
      vertex 5.76888 -4.80584 -5
    endloop
  endfacet
  facet normal -0.0612346 0.998123 0
    outer loop
      vertex 6.08586 -7.21354 -5
      vertex 6.06467 -7.21484 5
      vertex 6.08586 -7.21354 5
    endloop
  endfacet
  facet normal -0.0612346 0.998123 0
    outer loop
      vertex 6.06467 -7.21484 5
      vertex 6.08586 -7.21354 -5
      vertex 6.06467 -7.21484 -5
    endloop
  endfacet
  facet normal 0.552088 -0.833786 0
    outer loop
      vertex 5.32074 -4.99147 -5
      vertex 5.33844 -4.97975 5
      vertex 5.32074 -4.99147 5
    endloop
  endfacet
  facet normal 0.552088 -0.833786 0
    outer loop
      vertex 5.33844 -4.97975 5
      vertex 5.32074 -4.99147 -5
      vertex 5.33844 -4.97975 -5
    endloop
  endfacet
  facet normal -0.793568 -0.608481 0
    outer loop
      vertex 6.97254 -5.26789 -5
      vertex 6.95962 -5.25104 5
      vertex 6.95962 -5.25104 -5
    endloop
  endfacet
  facet normal -0.793568 -0.608481 0
    outer loop
      vertex 6.95962 -5.25104 5
      vertex 6.97254 -5.26789 -5
      vertex 6.97254 -5.26789 5
    endloop
  endfacet
  facet normal 0.870466 0.492228 0
    outer loop
      vertex 4.94747 -6.60825 5
      vertex 4.93702 -6.58977 -5
      vertex 4.93702 -6.58977 5
    endloop
  endfacet
  facet normal 0.870466 0.492228 0
    outer loop
      vertex 4.93702 -6.58977 -5
      vertex 4.94747 -6.60825 5
      vertex 4.94747 -6.60825 -5
    endloop
  endfacet
  facet normal -0.942581 -0.333978 0
    outer loop
      vertex 7.15123 -5.60394 -5
      vertex 7.14414 -5.58393 5
      vertex 7.14414 -5.58393 -5
    endloop
  endfacet
  facet normal -0.942581 -0.333978 0
    outer loop
      vertex 7.14414 -5.58393 5
      vertex 7.15123 -5.60394 -5
      vertex 7.15123 -5.60394 5
    endloop
  endfacet
  facet normal -0.916988 0.398916 0
    outer loop
      vertex 7.11233 -6.4948 -5
      vertex 7.1208 -6.47533 5
      vertex 7.1208 -6.47533 -5
    endloop
  endfacet
  facet normal -0.916988 0.398916 0
    outer loop
      vertex 7.1208 -6.47533 5
      vertex 7.11233 -6.4948 -5
      vertex 7.11233 -6.4948 5
    endloop
  endfacet
  facet normal 0.999041 0.0437845 0
    outer loop
      vertex 4.78616 -6.06367 5
      vertex 4.78523 -6.04245 -5
      vertex 4.78523 -6.04245 5
    endloop
  endfacet
  facet normal 0.999041 0.0437845 0
    outer loop
      vertex 4.78523 -6.04245 -5
      vertex 4.78616 -6.06367 5
      vertex 4.78616 -6.06367 -5
    endloop
  endfacet
  facet normal 0.996937 -0.0782096 0
    outer loop
      vertex 4.78746 -5.91514 5
      vertex 4.78912 -5.89398 -5
      vertex 4.78912 -5.89398 5
    endloop
  endfacet
  facet normal 0.996937 -0.0782096 0
    outer loop
      vertex 4.78912 -5.89398 -5
      vertex 4.78746 -5.91514 5
      vertex 4.78746 -5.91514 -5
    endloop
  endfacet
  facet normal 0.999664 0.0259102 0
    outer loop
      vertex 4.78523 -6.04245 5
      vertex 4.78468 -6.02123 -5
      vertex 4.78468 -6.02123 5
    endloop
  endfacet
  facet normal 0.999664 0.0259102 0
    outer loop
      vertex 4.78468 -6.02123 -5
      vertex 4.78523 -6.04245 5
      vertex 4.78523 -6.04245 -5
    endloop
  endfacet
  facet normal 0.113068 -0.993587 0
    outer loop
      vertex 5.85275 -4.79256 -5
      vertex 5.87384 -4.79016 5
      vertex 5.85275 -4.79256 5
    endloop
  endfacet
  facet normal 0.113068 -0.993587 0
    outer loop
      vertex 5.87384 -4.79016 5
      vertex 5.85275 -4.79256 -5
      vertex 5.87384 -4.79016 -5
    endloop
  endfacet
  facet normal -0.995376 -0.0960533 0
    outer loop
      vertex 7.21288 -5.89398 -5
      vertex 7.21084 -5.87284 5
      vertex 7.21084 -5.87284 -5
    endloop
  endfacet
  facet normal -0.995376 -0.0960533 0
    outer loop
      vertex 7.21084 -5.87284 5
      vertex 7.21288 -5.89398 -5
      vertex 7.21288 -5.89398 5
    endloop
  endfacet
  facet normal -0.0612346 -0.998123 0
    outer loop
      vertex 6.06467 -4.78516 -5
      vertex 6.08586 -4.78646 5
      vertex 6.06467 -4.78516 5
    endloop
  endfacet
  facet normal -0.0612346 -0.998123 -0
    outer loop
      vertex 6.08586 -4.78646 5
      vertex 6.06467 -4.78516 -5
      vertex 6.08586 -4.78646 -5
    endloop
  endfacet
  facet normal 0.36692 -0.930253 0
    outer loop
      vertex 5.54529 -4.87208 -5
      vertex 5.56504 -4.86429 5
      vertex 5.54529 -4.87208 5
    endloop
  endfacet
  facet normal 0.36692 -0.930253 0
    outer loop
      vertex 5.56504 -4.86429 5
      vertex 5.54529 -4.87208 -5
      vertex 5.56504 -4.86429 -5
    endloop
  endfacet
  facet normal 0.283976 -0.958831 0
    outer loop
      vertex 5.64533 -4.83665 -5
      vertex 5.66569 -4.83062 5
      vertex 5.64533 -4.83665 5
    endloop
  endfacet
  facet normal 0.283976 -0.958831 0
    outer loop
      vertex 5.66569 -4.83062 5
      vertex 5.64533 -4.83665 -5
      vertex 5.66569 -4.83062 -5
    endloop
  endfacet
  facet normal -0.430555 0.902564 0
    outer loop
      vertex 6.53428 -7.09339 -5
      vertex 6.51512 -7.10253 5
      vertex 6.53428 -7.09339 5
    endloop
  endfacet
  facet normal -0.430555 0.902564 0
    outer loop
      vertex 6.51512 -7.10253 5
      vertex 6.53428 -7.09339 -5
      vertex 6.51512 -7.10253 -5
    endloop
  endfacet
  facet normal 0.81402 0.580837 0
    outer loop
      vertex 5.01683 -6.71504 5
      vertex 5.0045 -6.69776 -5
      vertex 5.0045 -6.69776 5
    endloop
  endfacet
  facet normal 0.81402 0.580837 0
    outer loop
      vertex 5.0045 -6.69776 -5
      vertex 5.01683 -6.71504 5
      vertex 5.01683 -6.71504 -5
    endloop
  endfacet
  facet normal -0.0782096 0.996937 0
    outer loop
      vertex 6.10702 -7.21188 -5
      vertex 6.08586 -7.21354 5
      vertex 6.10702 -7.21188 5
    endloop
  endfacet
  facet normal -0.0782096 0.996937 0
    outer loop
      vertex 6.08586 -7.21354 5
      vertex 6.10702 -7.21188 -5
      vertex 6.08586 -7.21354 -5
    endloop
  endfacet
  facet normal 0.165315 -0.986241 0
    outer loop
      vertex 5.78976 -4.80198 -5
      vertex 5.8107 -4.79847 5
      vertex 5.78976 -4.80198 5
    endloop
  endfacet
  facet normal 0.165315 -0.986241 0
    outer loop
      vertex 5.8107 -4.79847 5
      vertex 5.78976 -4.80198 -5
      vertex 5.8107 -4.79847 -5
    endloop
  endfacet
  facet normal -0.986241 0.165315 0
    outer loop
      vertex 7.19902 -6.21124 -5
      vertex 7.20253 -6.1903 5
      vertex 7.20253 -6.1903 -5
    endloop
  endfacet
  facet normal -0.986241 0.165315 0
    outer loop
      vertex 7.20253 -6.1903 5
      vertex 7.19902 -6.21124 -5
      vertex 7.19902 -6.21124 5
    endloop
  endfacet
  facet normal 0.983338 -0.181786 0
    outer loop
      vertex 4.80298 -5.78876 5
      vertex 4.80684 -5.76788 -5
      vertex 4.80684 -5.76788 5
    endloop
  endfacet
  facet normal 0.983338 -0.181786 0
    outer loop
      vertex 4.80684 -5.76788 -5
      vertex 4.80298 -5.78876 5
      vertex 4.80298 -5.78876 -5
    endloop
  endfacet
  facet normal -0.737291 0.675575 0
    outer loop
      vertex 6.8907 -6.82965 -5
      vertex 6.90504 -6.814 5
      vertex 6.90504 -6.814 -5
    endloop
  endfacet
  facet normal -0.737291 0.675575 0
    outer loop
      vertex 6.90504 -6.814 5
      vertex 6.8907 -6.82965 -5
      vertex 6.8907 -6.82965 5
    endloop
  endfacet
  facet normal 0.398916 -0.916988 0
    outer loop
      vertex 5.5062 -4.88867 -5
      vertex 5.52567 -4.8802 5
      vertex 5.5062 -4.88867 5
    endloop
  endfacet
  facet normal 0.398916 -0.916988 0
    outer loop
      vertex 5.52567 -4.8802 5
      vertex 5.5062 -4.88867 -5
      vertex 5.52567 -4.8802 -5
    endloop
  endfacet
  facet normal 0.852676 -0.522441 0
    outer loop
      vertex 4.95825 -5.37345 5
      vertex 4.96934 -5.35535 -5
      vertex 4.96934 -5.35535 5
    endloop
  endfacet
  facet normal 0.852676 -0.522441 0
    outer loop
      vertex 4.96934 -5.35535 -5
      vertex 4.95825 -5.37345 5
      vertex 4.95825 -5.37345 -5
    endloop
  endfacet
  facet normal -0.662696 0.748889 0
    outer loop
      vertex 6.815 -6.90404 -5
      vertex 6.7991 -6.91811 5
      vertex 6.815 -6.90404 5
    endloop
  endfacet
  facet normal -0.662696 0.748889 0
    outer loop
      vertex 6.7991 -6.91811 5
      vertex 6.815 -6.90404 -5
      vertex 6.7991 -6.91811 -5
    endloop
  endfacet
  facet normal -0.36692 0.930253 0
    outer loop
      vertex 6.45671 -7.12792 -5
      vertex 6.43696 -7.13571 5
      vertex 6.45671 -7.12792 5
    endloop
  endfacet
  facet normal -0.36692 0.930253 0
    outer loop
      vertex 6.43696 -7.13571 5
      vertex 6.45671 -7.12792 -5
      vertex 6.43696 -7.13571 -5
    endloop
  endfacet
  facet normal -0.958831 -0.283976 0
    outer loop
      vertex 7.17038 -5.66469 -5
      vertex 7.16435 -5.64433 5
      vertex 7.16435 -5.64433 -5
    endloop
  endfacet
  facet normal -0.958831 -0.283976 0
    outer loop
      vertex 7.16435 -5.64433 5
      vertex 7.17038 -5.66469 -5
      vertex 7.17038 -5.66469 5
    endloop
  endfacet
  facet normal -0.979868 -0.199646 0
    outer loop
      vertex 7.19516 -5.76788 -5
      vertex 7.19092 -5.74707 5
      vertex 7.19092 -5.74707 -5
    endloop
  endfacet
  facet normal -0.979868 -0.199646 0
    outer loop
      vertex 7.19092 -5.74707 5
      vertex 7.19516 -5.76788 -5
      vertex 7.19516 -5.76788 5
    endloop
  endfacet
  facet normal -0.902564 0.430555 0
    outer loop
      vertex 7.09439 -6.53328 -5
      vertex 7.10353 -6.51412 5
      vertex 7.10353 -6.51412 -5
    endloop
  endfacet
  facet normal -0.902564 0.430555 0
    outer loop
      vertex 7.10353 -6.51412 5
      vertex 7.09439 -6.53328 -5
      vertex 7.09439 -6.53328 5
    endloop
  endfacet
  facet normal 0.216282 -0.976331 0
    outer loop
      vertex 5.72735 -4.81467 -5
      vertex 5.74807 -4.81008 5
      vertex 5.72735 -4.81467 5
    endloop
  endfacet
  facet normal 0.216282 -0.976331 0
    outer loop
      vertex 5.74807 -4.81008 5
      vertex 5.72735 -4.81467 -5
      vertex 5.74807 -4.81008 -5
    endloop
  endfacet
  facet normal -0.993587 -0.113068 0
    outer loop
      vertex 7.21084 -5.87284 -5
      vertex 7.20844 -5.85175 5
      vertex 7.20844 -5.85175 -5
    endloop
  endfacet
  facet normal -0.993587 -0.113068 0
    outer loop
      vertex 7.20844 -5.85175 5
      vertex 7.21084 -5.87284 -5
      vertex 7.21084 -5.87284 5
    endloop
  endfacet
  facet normal 0.824069 0.566489 0
    outer loop
      vertex 5.0045 -6.69776 5
      vertex 4.99247 -6.68026 -5
      vertex 4.99247 -6.68026 5
    endloop
  endfacet
  facet normal 0.824069 0.566489 0
    outer loop
      vertex 4.99247 -6.68026 -5
      vertex 5.0045 -6.69776 5
      vertex 5.0045 -6.69776 -5
    endloop
  endfacet
  facet normal -0.0782096 -0.996937 0
    outer loop
      vertex 6.08586 -4.78646 -5
      vertex 6.10702 -4.78812 5
      vertex 6.08586 -4.78646 5
    endloop
  endfacet
  facet normal -0.0782096 -0.996937 -0
    outer loop
      vertex 6.10702 -4.78812 5
      vertex 6.08586 -4.78646 -5
      vertex 6.10702 -4.78812 -5
    endloop
  endfacet
  facet normal -0.566489 0.824069 0
    outer loop
      vertex 6.69876 -6.9965 -5
      vertex 6.68126 -7.00853 5
      vertex 6.69876 -6.9965 5
    endloop
  endfacet
  facet normal -0.566489 0.824069 0
    outer loop
      vertex 6.68126 -7.00853 5
      vertex 6.69876 -6.9965 -5
      vertex 6.68126 -7.00853 -5
    endloop
  endfacet
  facet normal 0.688267 0.725458 -0
    outer loop
      vertex 5.17135 -6.8897 -5
      vertex 5.15594 -6.87508 5
      vertex 5.17135 -6.8897 5
    endloop
  endfacet
  facet normal 0.688267 0.725458 0
    outer loop
      vertex 5.15594 -6.87508 5
      vertex 5.17135 -6.8897 -5
      vertex 5.15594 -6.87508 -5
    endloop
  endfacet
  facet normal -0.649355 -0.760485 0
    outer loop
      vertex 6.78295 -5.0681 -5
      vertex 6.7991 -5.08189 5
      vertex 6.78295 -5.0681 5
    endloop
  endfacet
  facet normal -0.649355 -0.760485 -0
    outer loop
      vertex 6.7991 -5.08189 5
      vertex 6.78295 -5.0681 -5
      vertex 6.7991 -5.08189 -5
    endloop
  endfacet
  facet normal 0.649355 -0.760485 0
    outer loop
      vertex 5.2029 -5.08189 -5
      vertex 5.21905 -5.0681 5
      vertex 5.2029 -5.08189 5
    endloop
  endfacet
  facet normal 0.649355 -0.760485 0
    outer loop
      vertex 5.21905 -5.0681 5
      vertex 5.2029 -5.08189 -5
      vertex 5.21905 -5.0681 -5
    endloop
  endfacet
  facet normal -0.44646 0.894804 0
    outer loop
      vertex 6.55328 -7.08391 -5
      vertex 6.53428 -7.09339 5
      vertex 6.55328 -7.08391 5
    endloop
  endfacet
  facet normal -0.44646 0.894804 0
    outer loop
      vertex 6.53428 -7.09339 5
      vertex 6.55328 -7.08391 -5
      vertex 6.53428 -7.09339 -5
    endloop
  endfacet
  facet normal -0.333978 0.942581 0
    outer loop
      vertex 6.41707 -7.14314 -5
      vertex 6.39706 -7.15023 5
      vertex 6.41707 -7.14314 5
    endloop
  endfacet
  facet normal -0.333978 0.942581 0
    outer loop
      vertex 6.39706 -7.15023 5
      vertex 6.41707 -7.14314 -5
      vertex 6.39706 -7.15023 -5
    endloop
  endfacet
  facet normal -0.948306 0.317358 0
    outer loop
      vertex 7.15123 -6.39606 -5
      vertex 7.15797 -6.37592 5
      vertex 7.15797 -6.37592 -5
    endloop
  endfacet
  facet normal -0.948306 0.317358 0
    outer loop
      vertex 7.15797 -6.37592 5
      vertex 7.15123 -6.39606 -5
      vertex 7.15123 -6.39606 5
    endloop
  endfacet
  facet normal -0.62274 0.782429 0
    outer loop
      vertex 6.76657 -6.9454 -5
      vertex 6.74996 -6.95862 5
      vertex 6.76657 -6.9454 5
    endloop
  endfacet
  facet normal -0.62274 0.782429 0
    outer loop
      vertex 6.74996 -6.95862 5
      vertex 6.76657 -6.9454 -5
      vertex 6.74996 -6.95862 -5
    endloop
  endfacet
  facet normal 0.948306 -0.317358 0
    outer loop
      vertex 4.84403 -5.62408 5
      vertex 4.85077 -5.60394 -5
      vertex 4.85077 -5.60394 5
    endloop
  endfacet
  facet normal 0.948306 -0.317358 0
    outer loop
      vertex 4.85077 -5.60394 -5
      vertex 4.84403 -5.62408 5
      vertex 4.84403 -5.62408 -5
    endloop
  endfacet
  facet normal 0.923994 0.382407 0
    outer loop
      vertex 4.8812 -6.47533 5
      vertex 4.87308 -6.45571 -5
      vertex 4.87308 -6.45571 5
    endloop
  endfacet
  facet normal 0.923994 0.382407 0
    outer loop
      vertex 4.87308 -6.45571 -5
      vertex 4.8812 -6.47533 5
      vertex 4.8812 -6.47533 -5
    endloop
  endfacet
  facet normal 0.0960533 0.995376 -0
    outer loop
      vertex 5.89498 -7.21188 -5
      vertex 5.87384 -7.20984 5
      vertex 5.89498 -7.21188 5
    endloop
  endfacet
  facet normal 0.0960533 0.995376 0
    outer loop
      vertex 5.87384 -7.20984 5
      vertex 5.89498 -7.21188 -5
      vertex 5.87384 -7.20984 -5
    endloop
  endfacet
  facet normal -0.492585 -0.870264 0
    outer loop
      vertex 6.59077 -4.93602 -5
      vertex 6.60925 -4.94648 5
      vertex 6.59077 -4.93602 5
    endloop
  endfacet
  facet normal -0.492585 -0.870264 -0
    outer loop
      vertex 6.60925 -4.94648 5
      vertex 6.59077 -4.93602 -5
      vertex 6.60925 -4.94648 -5
    endloop
  endfacet
  facet normal -0.923994 0.382407 0
    outer loop
      vertex 7.1208 -6.47533 -5
      vertex 7.12892 -6.45571 5
      vertex 7.12892 -6.45571 -5
    endloop
  endfacet
  facet normal -0.923994 0.382407 0
    outer loop
      vertex 7.12892 -6.45571 5
      vertex 7.1208 -6.47533 -5
      vertex 7.1208 -6.47533 5
    endloop
  endfacet
  facet normal -0.894804 -0.44646 0
    outer loop
      vertex 7.09439 -5.46672 -5
      vertex 7.08491 -5.44772 5
      vertex 7.08491 -5.44772 -5
    endloop
  endfacet
  facet normal -0.894804 -0.44646 0
    outer loop
      vertex 7.08491 -5.44772 5
      vertex 7.09439 -5.46672 -5
      vertex 7.09439 -5.46672 5
    endloop
  endfacet
  facet normal -0.713204 0.700956 0
    outer loop
      vertex 6.8612 -6.8602 -5
      vertex 6.87608 -6.84506 5
      vertex 6.87608 -6.84506 -5
    endloop
  endfacet
  facet normal -0.713204 0.700956 0
    outer loop
      vertex 6.87608 -6.84506 5
      vertex 6.8612 -6.8602 -5
      vertex 6.8612 -6.8602 5
    endloop
  endfacet
  facet normal -0.398916 0.916988 0
    outer loop
      vertex 6.4958 -7.11133 -5
      vertex 6.47633 -7.1198 5
      vertex 6.4958 -7.11133 5
    endloop
  endfacet
  facet normal -0.398916 0.916988 0
    outer loop
      vertex 6.47633 -7.1198 5
      vertex 6.4958 -7.11133 -5
      vertex 6.47633 -7.1198 -5
    endloop
  endfacet
  facet normal 0.760485 0.649355 0
    outer loop
      vertex 5.08289 -6.7981 5
      vertex 5.0691 -6.78195 -5
      vertex 5.0691 -6.78195 5
    endloop
  endfacet
  facet normal 0.760485 0.649355 0
    outer loop
      vertex 5.0691 -6.78195 -5
      vertex 5.08289 -6.7981 5
      vertex 5.08289 -6.7981 -5
    endloop
  endfacet
  facet normal 0.700956 -0.713204 0
    outer loop
      vertex 5.1408 -5.1398 -5
      vertex 5.15594 -5.12492 5
      vertex 5.1408 -5.1398 5
    endloop
  endfacet
  facet normal 0.700956 -0.713204 0
    outer loop
      vertex 5.15594 -5.12492 5
      vertex 5.1408 -5.1398 -5
      vertex 5.15594 -5.12492 -5
    endloop
  endfacet
  facet normal 0.870466 -0.492228 0
    outer loop
      vertex 4.93702 -5.41023 5
      vertex 4.94747 -5.39175 -5
      vertex 4.94747 -5.39175 5
    endloop
  endfacet
  facet normal 0.870466 -0.492228 0
    outer loop
      vertex 4.94747 -5.39175 -5
      vertex 4.93702 -5.41023 5
      vertex 4.93702 -5.41023 -5
    endloop
  endfacet
  facet normal 0.580837 -0.81402 0
    outer loop
      vertex 5.28596 -5.01583 -5
      vertex 5.30324 -5.0035 5
      vertex 5.28596 -5.01583 5
    endloop
  endfacet
  facet normal 0.580837 -0.81402 0
    outer loop
      vertex 5.30324 -5.0035 5
      vertex 5.28596 -5.01583 -5
      vertex 5.30324 -5.0035 -5
    endloop
  endfacet
  facet normal -0.976331 0.216282 0
    outer loop
      vertex 7.18633 -6.27365 -5
      vertex 7.19092 -6.25293 5
      vertex 7.19092 -6.25293 -5
    endloop
  endfacet
  facet normal -0.976331 0.216282 0
    outer loop
      vertex 7.19092 -6.25293 5
      vertex 7.18633 -6.27365 -5
      vertex 7.18633 -6.27365 5
    endloop
  endfacet
  facet normal 0.993587 -0.113068 0
    outer loop
      vertex 4.79116 -5.87284 5
      vertex 4.79356 -5.85175 -5
      vertex 4.79356 -5.85175 5
    endloop
  endfacet
  facet normal 0.993587 -0.113068 0
    outer loop
      vertex 4.79356 -5.85175 -5
      vertex 4.79116 -5.87284 5
      vertex 4.79116 -5.87284 -5
    endloop
  endfacet
  facet normal 0.979868 -0.199646 0
    outer loop
      vertex 4.80684 -5.76788 5
      vertex 4.81108 -5.74707 -5
      vertex 4.81108 -5.74707 5
    endloop
  endfacet
  facet normal 0.979868 -0.199646 0
    outer loop
      vertex 4.81108 -5.74707 -5
      vertex 4.80684 -5.76788 5
      vertex 4.80684 -5.76788 -5
    endloop
  endfacet
  facet normal -0.833786 -0.552088 0
    outer loop
      vertex 7.02125 -5.33744 -5
      vertex 7.00953 -5.31974 5
      vertex 7.00953 -5.31974 -5
    endloop
  endfacet
  facet normal -0.833786 -0.552088 0
    outer loop
      vertex 7.00953 -5.31974 5
      vertex 7.02125 -5.33744 -5
      vertex 7.02125 -5.33744 5
    endloop
  endfacet
  facet normal -0.688267 -0.725458 0
    outer loop
      vertex 6.83065 -5.1103 -5
      vertex 6.84606 -5.12492 5
      vertex 6.83065 -5.1103 5
    endloop
  endfacet
  facet normal -0.688267 -0.725458 -0
    outer loop
      vertex 6.84606 -5.12492 5
      vertex 6.83065 -5.1103 -5
      vertex 6.84606 -5.12492 -5
    endloop
  endfacet
  facet normal -0.989005 -0.14788 0
    outer loop
      vertex 7.20567 -5.8307 -5
      vertex 7.20253 -5.8097 5
      vertex 7.20253 -5.8097 -5
    endloop
  endfacet
  facet normal -0.989005 -0.14788 0
    outer loop
      vertex 7.20253 -5.8097 5
      vertex 7.20567 -5.8307 -5
      vertex 7.20567 -5.8307 5
    endloop
  endfacet
  facet normal -0.382407 0.923994 0
    outer loop
      vertex 6.47633 -7.1198 -5
      vertex 6.45671 -7.12792 5
      vertex 6.47633 -7.1198 5
    endloop
  endfacet
  facet normal -0.382407 0.923994 0
    outer loop
      vertex 6.45671 -7.12792 5
      vertex 6.47633 -7.1198 -5
      vertex 6.45671 -7.12792 -5
    endloop
  endfacet
  facet normal -0.953782 0.3005 0
    outer loop
      vertex 7.15797 -6.37592 -5
      vertex 7.16435 -6.35567 5
      vertex 7.16435 -6.35567 -5
    endloop
  endfacet
  facet normal -0.953782 0.3005 0
    outer loop
      vertex 7.16435 -6.35567 5
      vertex 7.15797 -6.37592 -5
      vertex 7.15797 -6.37592 5
    endloop
  endfacet
  facet normal 0.662696 -0.748889 0
    outer loop
      vertex 5.187 -5.09596 -5
      vertex 5.2029 -5.08189 5
      vertex 5.187 -5.09596 5
    endloop
  endfacet
  facet normal 0.662696 -0.748889 0
    outer loop
      vertex 5.2029 -5.08189 5
      vertex 5.187 -5.09596 -5
      vertex 5.2029 -5.08189 -5
    endloop
  endfacet
  facet normal -0.996937 -0.0782096 0
    outer loop
      vertex 7.21454 -5.91514 -5
      vertex 7.21288 -5.89398 5
      vertex 7.21288 -5.89398 -5
    endloop
  endfacet
  facet normal -0.996937 -0.0782096 0
    outer loop
      vertex 7.21288 -5.89398 5
      vertex 7.21454 -5.91514 -5
      vertex 7.21454 -5.91514 5
    endloop
  endfacet
  facet normal -0.026381 0.999652 0
    outer loop
      vertex 6.04345 -7.21576 -5
      vertex 6.02223 -7.21632 5
      vertex 6.04345 -7.21576 5
    endloop
  endfacet
  facet normal -0.026381 0.999652 0
    outer loop
      vertex 6.02223 -7.21632 5
      vertex 6.04345 -7.21576 -5
      vertex 6.02223 -7.21632 -5
    endloop
  endfacet
  facet normal -0.748889 0.662696 0
    outer loop
      vertex 6.90504 -6.814 -5
      vertex 6.91911 -6.7981 5
      vertex 6.91911 -6.7981 -5
    endloop
  endfacet
  facet normal -0.748889 0.662696 0
    outer loop
      vertex 6.91911 -6.7981 5
      vertex 6.90504 -6.814 -5
      vertex 6.90504 -6.814 5
    endloop
  endfacet
  facet normal 0.713204 0.700956 0
    outer loop
      vertex 5.1408 -6.8602 5
      vertex 5.12592 -6.84506 -5
      vertex 5.12592 -6.84506 5
    endloop
  endfacet
  facet normal 0.713204 0.700956 0
    outer loop
      vertex 5.12592 -6.84506 -5
      vertex 5.1408 -6.8602 5
      vertex 5.1408 -6.8602 -5
    endloop
  endfacet
  facet normal 0.430555 -0.902564 0
    outer loop
      vertex 5.46772 -4.90661 -5
      vertex 5.48688 -4.89747 5
      vertex 5.46772 -4.90661 5
    endloop
  endfacet
  facet normal 0.430555 -0.902564 0
    outer loop
      vertex 5.48688 -4.89747 5
      vertex 5.46772 -4.90661 -5
      vertex 5.48688 -4.89747 -5
    endloop
  endfacet
  facet normal 0.0782096 0.996937 -0
    outer loop
      vertex 5.91614 -7.21354 -5
      vertex 5.89498 -7.21188 5
      vertex 5.91614 -7.21354 5
    endloop
  endfacet
  facet normal 0.0782096 0.996937 0
    outer loop
      vertex 5.89498 -7.21188 5
      vertex 5.91614 -7.21354 -5
      vertex 5.89498 -7.21188 -5
    endloop
  endfacet
  facet normal -0.916988 -0.398916 0
    outer loop
      vertex 7.1208 -5.52467 -5
      vertex 7.11233 -5.5052 5
      vertex 7.11233 -5.5052 -5
    endloop
  endfacet
  facet normal -0.916988 -0.398916 0
    outer loop
      vertex 7.11233 -5.5052 5
      vertex 7.1208 -5.52467 -5
      vertex 7.1208 -5.52467 5
    endloop
  endfacet
  facet normal -0.958831 0.283976 0
    outer loop
      vertex 7.16435 -6.35567 -5
      vertex 7.17038 -6.33531 5
      vertex 7.17038 -6.33531 -5
    endloop
  endfacet
  facet normal -0.958831 0.283976 0
    outer loop
      vertex 7.17038 -6.33531 5
      vertex 7.16435 -6.35567 -5
      vertex 7.16435 -6.35567 5
    endloop
  endfacet
  facet normal 0.181786 -0.983338 0
    outer loop
      vertex 5.76888 -4.80584 -5
      vertex 5.78976 -4.80198 5
      vertex 5.76888 -4.80584 5
    endloop
  endfacet
  facet normal 0.181786 -0.983338 0
    outer loop
      vertex 5.78976 -4.80198 5
      vertex 5.76888 -4.80584 -5
      vertex 5.78976 -4.80198 -5
    endloop
  endfacet
  facet normal -0.700956 0.713204 0
    outer loop
      vertex 6.8612 -6.8602 -5
      vertex 6.84606 -6.87508 5
      vertex 6.8612 -6.8602 5
    endloop
  endfacet
  facet normal -0.700956 0.713204 0
    outer loop
      vertex 6.84606 -6.87508 5
      vertex 6.8612 -6.8602 -5
      vertex 6.84606 -6.87508 -5
    endloop
  endfacet
  facet normal 0.477102 0.878848 -0
    outer loop
      vertex 5.42989 -7.07411 -5
      vertex 5.41123 -7.06398 5
      vertex 5.42989 -7.07411 5
    endloop
  endfacet
  facet normal 0.477102 0.878848 0
    outer loop
      vertex 5.41123 -7.06398 5
      vertex 5.42989 -7.07411 -5
      vertex 5.41123 -7.06398 -5
    endloop
  endfacet
  facet normal -0.414513 -0.910044 0
    outer loop
      vertex 6.4958 -4.88867 -5
      vertex 6.51512 -4.89747 5
      vertex 6.4958 -4.88867 5
    endloop
  endfacet
  facet normal -0.414513 -0.910044 -0
    outer loop
      vertex 6.51512 -4.89747 5
      vertex 6.4958 -4.88867 -5
      vertex 6.51512 -4.89747 -5
    endloop
  endfacet
  facet normal 0.878848 0.477102 0
    outer loop
      vertex 4.93702 -6.58977 5
      vertex 4.92689 -6.57111 -5
      vertex 4.92689 -6.57111 5
    endloop
  endfacet
  facet normal 0.878848 0.477102 0
    outer loop
      vertex 4.92689 -6.57111 -5
      vertex 4.93702 -6.58977 5
      vertex 4.93702 -6.58977 -5
    endloop
  endfacet
  facet normal 0.725458 -0.688267 0
    outer loop
      vertex 5.1113 -5.17035 5
      vertex 5.12592 -5.15494 -5
      vertex 5.12592 -5.15494 5
    endloop
  endfacet
  facet normal 0.725458 -0.688267 0
    outer loop
      vertex 5.12592 -5.15494 -5
      vertex 5.1113 -5.17035 5
      vertex 5.1113 -5.17035 -5
    endloop
  endfacet
  facet normal 0.96368 -0.267061 0
    outer loop
      vertex 4.82595 -5.68515 5
      vertex 4.83162 -5.66469 -5
      vertex 4.83162 -5.66469 5
    endloop
  endfacet
  facet normal 0.96368 -0.267061 0
    outer loop
      vertex 4.83162 -5.66469 -5
      vertex 4.82595 -5.68515 5
      vertex 4.82595 -5.68515 -5
    endloop
  endfacet
  facet normal 0.910044 -0.414513 0
    outer loop
      vertex 4.88967 -5.5052 5
      vertex 4.89847 -5.48588 -5
      vertex 4.89847 -5.48588 5
    endloop
  endfacet
  facet normal 0.910044 -0.414513 0
    outer loop
      vertex 4.89847 -5.48588 -5
      vertex 4.88967 -5.5052 5
      vertex 4.88967 -5.5052 -5
    endloop
  endfacet
  facet normal -0.492585 0.870264 0
    outer loop
      vertex 6.60925 -7.05352 -5
      vertex 6.59077 -7.06398 5
      vertex 6.60925 -7.05352 5
    endloop
  endfacet
  facet normal -0.492585 0.870264 0
    outer loop
      vertex 6.59077 -7.06398 5
      vertex 6.60925 -7.05352 -5
      vertex 6.59077 -7.06398 -5
    endloop
  endfacet
  facet normal -0.333978 -0.942581 0
    outer loop
      vertex 6.39706 -4.84977 -5
      vertex 6.41707 -4.85686 5
      vertex 6.39706 -4.84977 5
    endloop
  endfacet
  facet normal -0.333978 -0.942581 -0
    outer loop
      vertex 6.41707 -4.85686 5
      vertex 6.39706 -4.84977 -5
      vertex 6.41707 -4.85686 -5
    endloop
  endfacet
  facet normal -0.552088 -0.833786 0
    outer loop
      vertex 6.66356 -4.97975 -5
      vertex 6.68126 -4.99147 5
      vertex 6.66356 -4.97975 5
    endloop
  endfacet
  facet normal -0.552088 -0.833786 -0
    outer loop
      vertex 6.68126 -4.99147 5
      vertex 6.66356 -4.97975 -5
      vertex 6.68126 -4.99147 -5
    endloop
  endfacet
  facet normal -0.594788 0.803882 0
    outer loop
      vertex 6.73311 -6.97154 -5
      vertex 6.71604 -6.98417 5
      vertex 6.73311 -6.97154 5
    endloop
  endfacet
  facet normal -0.594788 0.803882 0
    outer loop
      vertex 6.71604 -6.98417 5
      vertex 6.73311 -6.97154 -5
      vertex 6.71604 -6.98417 -5
    endloop
  endfacet
  facet normal -0.993587 0.113068 0
    outer loop
      vertex 7.20844 -6.14825 -5
      vertex 7.21084 -6.12716 5
      vertex 7.21084 -6.12716 -5
    endloop
  endfacet
  facet normal -0.993587 0.113068 0
    outer loop
      vertex 7.21084 -6.12716 5
      vertex 7.20844 -6.14825 -5
      vertex 7.20844 -6.14825 5
    endloop
  endfacet
  facet normal 0.317358 -0.948306 0
    outer loop
      vertex 5.60494 -4.84977 -5
      vertex 5.62508 -4.84303 5
      vertex 5.60494 -4.84977 5
    endloop
  endfacet
  facet normal 0.317358 -0.948306 0
    outer loop
      vertex 5.62508 -4.84303 5
      vertex 5.60494 -4.84977 -5
      vertex 5.62508 -4.84303 -5
    endloop
  endfacet
  facet normal 0.99996 0.00894924 0
    outer loop
      vertex 4.78468 -6.02123 5
      vertex 4.78449 -6 -5
      vertex 4.78449 -6 5
    endloop
  endfacet
  facet normal 0.99996 0.00894924 0
    outer loop
      vertex 4.78449 -6 -5
      vertex 4.78468 -6.02123 5
      vertex 4.78468 -6.02123 -5
    endloop
  endfacet
  facet normal -0.608481 -0.793568 0
    outer loop
      vertex 6.73311 -5.02846 -5
      vertex 6.74996 -5.04138 5
      vertex 6.73311 -5.02846 5
    endloop
  endfacet
  facet normal -0.608481 -0.793568 -0
    outer loop
      vertex 6.74996 -5.04138 5
      vertex 6.73311 -5.02846 -5
      vertex 6.74996 -5.04138 -5
    endloop
  endfacet
  facet normal -0.461664 0.887055 0
    outer loop
      vertex 6.57211 -7.07411 -5
      vertex 6.55328 -7.08391 5
      vertex 6.57211 -7.07411 5
    endloop
  endfacet
  facet normal -0.461664 0.887055 0
    outer loop
      vertex 6.55328 -7.08391 5
      vertex 6.57211 -7.07411 -5
      vertex 6.55328 -7.08391 -5
    endloop
  endfacet
  facet normal 0.688267 -0.725458 0
    outer loop
      vertex 5.15594 -5.12492 -5
      vertex 5.17135 -5.1103 5
      vertex 5.15594 -5.12492 5
    endloop
  endfacet
  facet normal 0.688267 -0.725458 0
    outer loop
      vertex 5.17135 -5.1103 5
      vertex 5.15594 -5.12492 -5
      vertex 5.17135 -5.1103 -5
    endloop
  endfacet
  facet normal -0.688267 0.725458 0
    outer loop
      vertex 6.84606 -6.87508 -5
      vertex 6.83065 -6.8897 5
      vertex 6.84606 -6.87508 5
    endloop
  endfacet
  facet normal -0.688267 0.725458 0
    outer loop
      vertex 6.83065 -6.8897 5
      vertex 6.84606 -6.87508 -5
      vertex 6.83065 -6.8897 -5
    endloop
  endfacet
  facet normal 0.537302 0.84339 -0
    outer loop
      vertex 5.35635 -7.03166 -5
      vertex 5.33844 -7.02025 5
      vertex 5.35635 -7.03166 5
    endloop
  endfacet
  facet normal 0.537302 0.84339 0
    outer loop
      vertex 5.33844 -7.02025 5
      vertex 5.35635 -7.03166 -5
      vertex 5.33844 -7.02025 -5
    endloop
  endfacet
  facet normal 0.976331 0.216282 0
    outer loop
      vertex 4.81567 -6.27365 5
      vertex 4.81108 -6.25293 -5
      vertex 4.81108 -6.25293 5
    endloop
  endfacet
  facet normal 0.976331 0.216282 0
    outer loop
      vertex 4.81108 -6.25293 -5
      vertex 4.81567 -6.27365 5
      vertex 4.81567 -6.27365 -5
    endloop
  endfacet
  facet normal 0.700956 0.713204 -0
    outer loop
      vertex 5.15594 -6.87508 -5
      vertex 5.1408 -6.8602 5
      vertex 5.15594 -6.87508 5
    endloop
  endfacet
  facet normal 0.700956 0.713204 0
    outer loop
      vertex 5.1408 -6.8602 5
      vertex 5.15594 -6.87508 -5
      vertex 5.1408 -6.8602 -5
    endloop
  endfacet
  facet normal -0.0433146 -0.999061 0
    outer loop
      vertex 6.04345 -4.78424 -5
      vertex 6.06467 -4.78516 5
      vertex 6.04345 -4.78424 5
    endloop
  endfacet
  facet normal -0.0433146 -0.999061 -0
    outer loop
      vertex 6.06467 -4.78516 5
      vertex 6.04345 -4.78424 -5
      vertex 6.06467 -4.78516 -5
    endloop
  endfacet
  facet normal -0.930253 0.36692 0
    outer loop
      vertex 7.12892 -6.45571 -5
      vertex 7.13671 -6.43596 5
      vertex 7.13671 -6.43596 -5
    endloop
  endfacet
  facet normal -0.930253 0.36692 0
    outer loop
      vertex 7.13671 -6.43596 5
      vertex 7.12892 -6.45571 -5
      vertex 7.12892 -6.45571 5
    endloop
  endfacet
  facet normal 0.130467 -0.991453 0
    outer loop
      vertex 5.8317 -4.79533 -5
      vertex 5.85275 -4.79256 5
      vertex 5.8317 -4.79533 5
    endloop
  endfacet
  facet normal 0.130467 -0.991453 0
    outer loop
      vertex 5.85275 -4.79256 5
      vertex 5.8317 -4.79533 -5
      vertex 5.85275 -4.79256 -5
    endloop
  endfacet
  facet normal 0.983338 0.181786 0
    outer loop
      vertex 4.80684 -6.23212 5
      vertex 4.80298 -6.21124 -5
      vertex 4.80298 -6.21124 5
    endloop
  endfacet
  facet normal 0.983338 0.181786 0
    outer loop
      vertex 4.80298 -6.21124 -5
      vertex 4.80684 -6.23212 5
      vertex 4.80684 -6.23212 -5
    endloop
  endfacet
  facet normal 0.748889 0.662696 0
    outer loop
      vertex 5.09696 -6.814 5
      vertex 5.08289 -6.7981 -5
      vertex 5.08289 -6.7981 5
    endloop
  endfacet
  facet normal 0.748889 0.662696 0
    outer loop
      vertex 5.08289 -6.7981 -5
      vertex 5.09696 -6.814 5
      vertex 5.09696 -6.814 -5
    endloop
  endfacet
  facet normal -0.999061 0.0433146 0
    outer loop
      vertex 7.21584 -6.06367 -5
      vertex 7.21676 -6.04245 5
      vertex 7.21676 -6.04245 -5
    endloop
  endfacet
  facet normal -0.999061 0.0433146 0
    outer loop
      vertex 7.21676 -6.04245 5
      vertex 7.21584 -6.06367 -5
      vertex 7.21584 -6.06367 5
    endloop
  endfacet
  facet normal -0.44646 -0.894804 0
    outer loop
      vertex 6.53428 -4.90661 -5
      vertex 6.55328 -4.91609 5
      vertex 6.53428 -4.90661 5
    endloop
  endfacet
  facet normal -0.44646 -0.894804 -0
    outer loop
      vertex 6.55328 -4.91609 5
      vertex 6.53428 -4.90661 -5
      vertex 6.55328 -4.91609 -5
    endloop
  endfacet
  facet normal -0.870264 -0.492585 0
    outer loop
      vertex 7.06498 -5.41023 -5
      vertex 7.05452 -5.39175 5
      vertex 7.05452 -5.39175 -5
    endloop
  endfacet
  facet normal -0.870264 -0.492585 0
    outer loop
      vertex 7.05452 -5.39175 5
      vertex 7.06498 -5.41023 -5
      vertex 7.06498 -5.41023 5
    endloop
  endfacet
  facet normal -0.414513 0.910044 0
    outer loop
      vertex 6.51512 -7.10253 -5
      vertex 6.4958 -7.11133 5
      vertex 6.51512 -7.10253 5
    endloop
  endfacet
  facet normal -0.414513 0.910044 0
    outer loop
      vertex 6.4958 -7.11133 5
      vertex 6.51512 -7.10253 -5
      vertex 6.4958 -7.11133 -5
    endloop
  endfacet
  facet normal 0.948306 0.317358 0
    outer loop
      vertex 4.85077 -6.39606 5
      vertex 4.84403 -6.37592 -5
      vertex 4.84403 -6.37592 5
    endloop
  endfacet
  facet normal 0.948306 0.317358 0
    outer loop
      vertex 4.84403 -6.37592 -5
      vertex 4.85077 -6.39606 5
      vertex 4.85077 -6.39606 -5
    endloop
  endfacet
  facet normal -0.986241 -0.165315 0
    outer loop
      vertex 7.20253 -5.8097 -5
      vertex 7.19902 -5.78876 5
      vertex 7.19902 -5.78876 -5
    endloop
  endfacet
  facet normal -0.986241 -0.165315 0
    outer loop
      vertex 7.19902 -5.78876 5
      vertex 7.20253 -5.8097 -5
      vertex 7.20253 -5.8097 5
    endloop
  endfacet
  facet normal 0.936774 -0.349936 0
    outer loop
      vertex 4.85786 -5.58393 5
      vertex 4.86529 -5.56404 -5
      vertex 4.86529 -5.56404 5
    endloop
  endfacet
  facet normal 0.936774 -0.349936 0
    outer loop
      vertex 4.86529 -5.56404 -5
      vertex 4.85786 -5.58393 5
      vertex 4.85786 -5.58393 -5
    endloop
  endfacet
  facet normal 0.993587 0.113068 0
    outer loop
      vertex 4.79356 -6.14825 5
      vertex 4.79116 -6.12716 -5
      vertex 4.79116 -6.12716 5
    endloop
  endfacet
  facet normal 0.993587 0.113068 0
    outer loop
      vertex 4.79116 -6.12716 -5
      vertex 4.79356 -6.14825 5
      vertex 4.79356 -6.14825 -5
    endloop
  endfacet
  facet normal 0.62274 0.782429 -0
    outer loop
      vertex 5.25204 -6.95862 -5
      vertex 5.23543 -6.9454 5
      vertex 5.25204 -6.95862 5
    endloop
  endfacet
  facet normal 0.62274 0.782429 0
    outer loop
      vertex 5.23543 -6.9454 5
      vertex 5.25204 -6.95862 -5
      vertex 5.23543 -6.9454 -5
    endloop
  endfacet
  facet normal 0.713204 -0.700956 0
    outer loop
      vertex 5.12592 -5.15494 5
      vertex 5.1408 -5.1398 -5
      vertex 5.1408 -5.1398 5
    endloop
  endfacet
  facet normal 0.713204 -0.700956 0
    outer loop
      vertex 5.1408 -5.1398 -5
      vertex 5.12592 -5.15494 5
      vertex 5.12592 -5.15494 -5
    endloop
  endfacet
  facet normal 0.803882 -0.594788 0
    outer loop
      vertex 5.01683 -5.28496 5
      vertex 5.02946 -5.26789 -5
      vertex 5.02946 -5.26789 5
    endloop
  endfacet
  facet normal 0.803882 -0.594788 0
    outer loop
      vertex 5.02946 -5.26789 -5
      vertex 5.01683 -5.28496 5
      vertex 5.01683 -5.28496 -5
    endloop
  endfacet
  facet normal -0.979868 0.199646 0
    outer loop
      vertex 7.19092 -6.25293 -5
      vertex 7.19516 -6.23212 5
      vertex 7.19516 -6.23212 -5
    endloop
  endfacet
  facet normal -0.979868 0.199646 0
    outer loop
      vertex 7.19516 -6.23212 5
      vertex 7.19092 -6.25293 -5
      vertex 7.19092 -6.25293 5
    endloop
  endfacet
  facet normal 0.953782 0.3005 0
    outer loop
      vertex 4.84403 -6.37592 5
      vertex 4.83765 -6.35567 -5
      vertex 4.83765 -6.35567 5
    endloop
  endfacet
  facet normal 0.953782 0.3005 0
    outer loop
      vertex 4.83765 -6.35567 -5
      vertex 4.84403 -6.37592 5
      vertex 4.84403 -6.37592 -5
    endloop
  endfacet
  facet normal 0.84339 0.537302 0
    outer loop
      vertex 4.98075 -6.66256 5
      vertex 4.96934 -6.64465 -5
      vertex 4.96934 -6.64465 5
    endloop
  endfacet
  facet normal 0.84339 0.537302 0
    outer loop
      vertex 4.96934 -6.64465 -5
      vertex 4.98075 -6.66256 5
      vertex 4.98075 -6.66256 -5
    endloop
  endfacet
  facet normal 0.522441 -0.852676 0
    outer loop
      vertex 5.35635 -4.96834 -5
      vertex 5.37445 -4.95725 5
      vertex 5.35635 -4.96834 5
    endloop
  endfacet
  facet normal 0.522441 -0.852676 0
    outer loop
      vertex 5.37445 -4.95725 5
      vertex 5.35635 -4.96834 -5
      vertex 5.37445 -4.95725 -5
    endloop
  endfacet
  facet normal 0.492585 0.870264 -0
    outer loop
      vertex 5.41123 -7.06398 -5
      vertex 5.39275 -7.05352 5
      vertex 5.41123 -7.06398 5
    endloop
  endfacet
  facet normal 0.492585 0.870264 0
    outer loop
      vertex 5.39275 -7.05352 5
      vertex 5.41123 -7.06398 -5
      vertex 5.39275 -7.05352 -5
    endloop
  endfacet
  facet normal 0.675575 -0.737291 0
    outer loop
      vertex 5.17135 -5.1103 -5
      vertex 5.187 -5.09596 5
      vertex 5.17135 -5.1103 5
    endloop
  endfacet
  facet normal 0.675575 -0.737291 0
    outer loop
      vertex 5.187 -5.09596 5
      vertex 5.17135 -5.1103 -5
      vertex 5.187 -5.09596 -5
    endloop
  endfacet
  facet normal 0.636004 -0.771685 0
    outer loop
      vertex 5.21905 -5.0681 -5
      vertex 5.23543 -5.0546 5
      vertex 5.21905 -5.0681 5
    endloop
  endfacet
  facet normal 0.636004 -0.771685 0
    outer loop
      vertex 5.23543 -5.0546 5
      vertex 5.21905 -5.0681 -5
      vertex 5.23543 -5.0546 -5
    endloop
  endfacet
  facet normal -0.861825 -0.507205 0
    outer loop
      vertex 7.05452 -5.39175 -5
      vertex 7.04375 -5.37345 5
      vertex 7.04375 -5.37345 -5
    endloop
  endfacet
  facet normal -0.861825 -0.507205 0
    outer loop
      vertex 7.04375 -5.37345 5
      vertex 7.05452 -5.39175 -5
      vertex 7.05452 -5.39175 5
    endloop
  endfacet
  facet normal -0.878848 -0.477102 0
    outer loop
      vertex 7.07511 -5.42889 -5
      vertex 7.06498 -5.41023 5
      vertex 7.06498 -5.41023 -5
    endloop
  endfacet
  facet normal -0.878848 -0.477102 0
    outer loop
      vertex 7.06498 -5.41023 5
      vertex 7.07511 -5.42889 -5
      vertex 7.07511 -5.42889 5
    endloop
  endfacet
  facet normal 0.99996 -0.00894924 0
    outer loop
      vertex 4.78449 -6 5
      vertex 4.78468 -5.97877 -5
      vertex 4.78468 -5.97877 5
    endloop
  endfacet
  facet normal 0.99996 -0.00894924 0
    outer loop
      vertex 4.78468 -5.97877 -5
      vertex 4.78449 -6 5
      vertex 4.78449 -6 -5
    endloop
  endfacet
  facet normal -0.84339 0.537302 0
    outer loop
      vertex 7.02125 -6.66256 -5
      vertex 7.03266 -6.64465 5
      vertex 7.03266 -6.64465 -5
    endloop
  endfacet
  facet normal -0.84339 0.537302 0
    outer loop
      vertex 7.03266 -6.64465 5
      vertex 7.02125 -6.66256 -5
      vertex 7.02125 -6.66256 5
    endloop
  endfacet
  facet normal -0.968086 0.250619 0
    outer loop
      vertex 7.17605 -6.31485 -5
      vertex 7.18137 -6.2943 5
      vertex 7.18137 -6.2943 -5
    endloop
  endfacet
  facet normal -0.968086 0.250619 0
    outer loop
      vertex 7.18137 -6.2943 5
      vertex 7.17605 -6.31485 -5
      vertex 7.17605 -6.31485 5
    endloop
  endfacet
  facet normal -0.507205 0.861825 0
    outer loop
      vertex 6.62755 -7.04275 -5
      vertex 6.60925 -7.05352 5
      vertex 6.62755 -7.04275 5
    endloop
  endfacet
  facet normal -0.507205 0.861825 0
    outer loop
      vertex 6.60925 -7.05352 5
      vertex 6.62755 -7.04275 -5
      vertex 6.60925 -7.05352 -5
    endloop
  endfacet
  facet normal -0.636004 -0.771685 0
    outer loop
      vertex 6.76657 -5.0546 -5
      vertex 6.78295 -5.0681 5
      vertex 6.76657 -5.0546 5
    endloop
  endfacet
  facet normal -0.636004 -0.771685 -0
    outer loop
      vertex 6.78295 -5.0681 5
      vertex 6.76657 -5.0546 -5
      vertex 6.78295 -5.0681 -5
    endloop
  endfacet
  facet normal 0.737291 -0.675575 0
    outer loop
      vertex 5.09696 -5.186 5
      vertex 5.1113 -5.17035 -5
      vertex 5.1113 -5.17035 5
    endloop
  endfacet
  facet normal 0.737291 -0.675575 0
    outer loop
      vertex 5.1113 -5.17035 -5
      vertex 5.09696 -5.186 5
      vertex 5.09696 -5.186 -5
    endloop
  endfacet
  facet normal 0.81402 -0.580837 0
    outer loop
      vertex 5.0045 -5.30224 5
      vertex 5.01683 -5.28496 -5
      vertex 5.01683 -5.28496 5
    endloop
  endfacet
  facet normal 0.81402 -0.580837 0
    outer loop
      vertex 5.01683 -5.28496 -5
      vertex 5.0045 -5.30224 5
      vertex 5.0045 -5.30224 -5
    endloop
  endfacet
  facet normal -0.552088 0.833786 0
    outer loop
      vertex 6.68126 -7.00853 -5
      vertex 6.66356 -7.02025 5
      vertex 6.68126 -7.00853 5
    endloop
  endfacet
  facet normal -0.552088 0.833786 0
    outer loop
      vertex 6.66356 -7.02025 5
      vertex 6.68126 -7.00853 -5
      vertex 6.66356 -7.02025 -5
    endloop
  endfacet
  facet normal 0.165315 0.986241 -0
    outer loop
      vertex 5.8107 -7.20153 -5
      vertex 5.78976 -7.19802 5
      vertex 5.8107 -7.20153 5
    endloop
  endfacet
  facet normal 0.165315 0.986241 0
    outer loop
      vertex 5.78976 -7.19802 5
      vertex 5.8107 -7.20153 -5
      vertex 5.78976 -7.19802 -5
    endloop
  endfacet
  facet normal 0.958831 -0.283976 0
    outer loop
      vertex 4.83162 -5.66469 5
      vertex 4.83765 -5.64433 -5
      vertex 4.83765 -5.64433 5
    endloop
  endfacet
  facet normal 0.958831 -0.283976 0
    outer loop
      vertex 4.83765 -5.64433 -5
      vertex 4.83162 -5.66469 5
      vertex 4.83162 -5.66469 -5
    endloop
  endfacet
  facet normal -0.878848 0.477102 0
    outer loop
      vertex 7.06498 -6.58977 -5
      vertex 7.07511 -6.57111 5
      vertex 7.07511 -6.57111 -5
    endloop
  endfacet
  facet normal -0.878848 0.477102 0
    outer loop
      vertex 7.07511 -6.57111 5
      vertex 7.06498 -6.58977 -5
      vertex 7.06498 -6.58977 5
    endloop
  endfacet
  facet normal 0.492585 -0.870264 0
    outer loop
      vertex 5.39275 -4.94648 -5
      vertex 5.41123 -4.93602 5
      vertex 5.39275 -4.94648 5
    endloop
  endfacet
  facet normal 0.492585 -0.870264 0
    outer loop
      vertex 5.41123 -4.93602 5
      vertex 5.39275 -4.94648 -5
      vertex 5.41123 -4.93602 -5
    endloop
  endfacet
  facet normal 0.782429 -0.62274 0
    outer loop
      vertex 5.04238 -5.25104 5
      vertex 5.0556 -5.23443 -5
      vertex 5.0556 -5.23443 5
    endloop
  endfacet
  facet normal 0.782429 -0.62274 0
    outer loop
      vertex 5.0556 -5.23443 -5
      vertex 5.04238 -5.25104 5
      vertex 5.04238 -5.25104 -5
    endloop
  endfacet
  facet normal 0.44646 -0.894804 0
    outer loop
      vertex 5.44872 -4.91609 -5
      vertex 5.46772 -4.90661 5
      vertex 5.44872 -4.91609 5
    endloop
  endfacet
  facet normal 0.44646 -0.894804 0
    outer loop
      vertex 5.46772 -4.90661 5
      vertex 5.44872 -4.91609 -5
      vertex 5.46772 -4.90661 -5
    endloop
  endfacet
  facet normal 0.552088 0.833786 -0
    outer loop
      vertex 5.33844 -7.02025 -5
      vertex 5.32074 -7.00853 5
      vertex 5.33844 -7.02025 5
    endloop
  endfacet
  facet normal 0.552088 0.833786 0
    outer loop
      vertex 5.32074 -7.00853 5
      vertex 5.33844 -7.02025 -5
      vertex 5.32074 -7.00853 -5
    endloop
  endfacet
  facet normal -0.317358 0.948306 0
    outer loop
      vertex 6.39706 -7.15023 -5
      vertex 6.37692 -7.15697 5
      vertex 6.39706 -7.15023 5
    endloop
  endfacet
  facet normal -0.317358 0.948306 0
    outer loop
      vertex 6.37692 -7.15697 5
      vertex 6.39706 -7.15023 -5
      vertex 6.37692 -7.15697 -5
    endloop
  endfacet
  facet normal -0.181786 -0.983338 0
    outer loop
      vertex 6.21224 -4.80198 -5
      vertex 6.23312 -4.80584 5
      vertex 6.21224 -4.80198 5
    endloop
  endfacet
  facet normal -0.181786 -0.983338 -0
    outer loop
      vertex 6.23312 -4.80584 5
      vertex 6.21224 -4.80198 -5
      vertex 6.23312 -4.80584 -5
    endloop
  endfacet
  facet normal 0.636004 0.771685 -0
    outer loop
      vertex 5.23543 -6.9454 -5
      vertex 5.21905 -6.9319 5
      vertex 5.23543 -6.9454 5
    endloop
  endfacet
  facet normal 0.636004 0.771685 0
    outer loop
      vertex 5.21905 -6.9319 5
      vertex 5.23543 -6.9454 -5
      vertex 5.21905 -6.9319 -5
    endloop
  endfacet
  facet normal 0.349936 0.936774 -0
    outer loop
      vertex 5.58493 -7.14314 -5
      vertex 5.56504 -7.13571 5
      vertex 5.58493 -7.14314 5
    endloop
  endfacet
  facet normal 0.349936 0.936774 0
    outer loop
      vertex 5.56504 -7.13571 5
      vertex 5.58493 -7.14314 -5
      vertex 5.56504 -7.13571 -5
    endloop
  endfacet
  facet normal -0.675575 -0.737291 0
    outer loop
      vertex 6.815 -5.09596 -5
      vertex 6.83065 -5.1103 5
      vertex 6.815 -5.09596 5
    endloop
  endfacet
  facet normal -0.675575 -0.737291 -0
    outer loop
      vertex 6.83065 -5.1103 5
      vertex 6.815 -5.09596 -5
      vertex 6.83065 -5.1103 -5
    endloop
  endfacet
  facet normal 0.824069 -0.566489 0
    outer loop
      vertex 4.99247 -5.31974 5
      vertex 5.0045 -5.30224 -5
      vertex 5.0045 -5.30224 5
    endloop
  endfacet
  facet normal 0.824069 -0.566489 0
    outer loop
      vertex 5.0045 -5.30224 -5
      vertex 4.99247 -5.31974 5
      vertex 4.99247 -5.31974 -5
    endloop
  endfacet
  facet normal -0.861825 0.507205 0
    outer loop
      vertex 7.04375 -6.62655 -5
      vertex 7.05452 -6.60825 5
      vertex 7.05452 -6.60825 -5
    endloop
  endfacet
  facet normal -0.861825 0.507205 0
    outer loop
      vertex 7.05452 -6.60825 5
      vertex 7.04375 -6.62655 -5
      vertex 7.04375 -6.62655 5
    endloop
  endfacet
  facet normal -0.737291 -0.675575 0
    outer loop
      vertex 6.90504 -5.186 -5
      vertex 6.8907 -5.17035 5
      vertex 6.8907 -5.17035 -5
    endloop
  endfacet
  facet normal -0.737291 -0.675575 0
    outer loop
      vertex 6.8907 -5.17035 5
      vertex 6.90504 -5.186 -5
      vertex 6.90504 -5.186 5
    endloop
  endfacet
  facet normal -0.748889 -0.662696 0
    outer loop
      vertex 6.91911 -5.2019 -5
      vertex 6.90504 -5.186 5
      vertex 6.90504 -5.186 -5
    endloop
  endfacet
  facet normal -0.748889 -0.662696 0
    outer loop
      vertex 6.90504 -5.186 5
      vertex 6.91911 -5.2019 -5
      vertex 6.91911 -5.2019 5
    endloop
  endfacet
  facet normal -0.989005 0.14788 0
    outer loop
      vertex 7.20253 -6.1903 -5
      vertex 7.20567 -6.1693 5
      vertex 7.20567 -6.1693 -5
    endloop
  endfacet
  facet normal -0.989005 0.14788 0
    outer loop
      vertex 7.20567 -6.1693 5
      vertex 7.20253 -6.1903 -5
      vertex 7.20253 -6.1903 5
    endloop
  endfacet
  facet normal -0.430555 -0.902564 0
    outer loop
      vertex 6.51512 -4.89747 -5
      vertex 6.53428 -4.90661 5
      vertex 6.51512 -4.89747 5
    endloop
  endfacet
  facet normal -0.430555 -0.902564 -0
    outer loop
      vertex 6.53428 -4.90661 5
      vertex 6.51512 -4.89747 -5
      vertex 6.53428 -4.90661 -5
    endloop
  endfacet
  facet normal 0.930253 -0.36692 0
    outer loop
      vertex 4.86529 -5.56404 5
      vertex 4.87308 -5.54429 -5
      vertex 4.87308 -5.54429 5
    endloop
  endfacet
  facet normal 0.930253 -0.36692 0
    outer loop
      vertex 4.87308 -5.54429 -5
      vertex 4.86529 -5.56404 5
      vertex 4.86529 -5.56404 -5
    endloop
  endfacet
  facet normal 0.995376 -0.0960533 0
    outer loop
      vertex 4.78912 -5.89398 5
      vertex 4.79116 -5.87284 -5
      vertex 4.79116 -5.87284 5
    endloop
  endfacet
  facet normal 0.995376 -0.0960533 0
    outer loop
      vertex 4.79116 -5.87284 -5
      vertex 4.78912 -5.89398 5
      vertex 4.78912 -5.89398 -5
    endloop
  endfacet
  facet normal 0.0960533 -0.995376 0
    outer loop
      vertex 5.87384 -4.79016 -5
      vertex 5.89498 -4.78812 5
      vertex 5.87384 -4.79016 5
    endloop
  endfacet
  facet normal 0.0960533 -0.995376 0
    outer loop
      vertex 5.89498 -4.78812 5
      vertex 5.87384 -4.79016 -5
      vertex 5.89498 -4.78812 -5
    endloop
  endfacet
  facet normal -0.96368 0.267061 0
    outer loop
      vertex 7.17038 -6.33531 -5
      vertex 7.17605 -6.31485 5
      vertex 7.17605 -6.31485 -5
    endloop
  endfacet
  facet normal -0.96368 0.267061 0
    outer loop
      vertex 7.17605 -6.31485 5
      vertex 7.17038 -6.33531 -5
      vertex 7.17038 -6.33531 5
    endloop
  endfacet
  facet normal 0.398916 0.916988 -0
    outer loop
      vertex 5.52567 -7.1198 -5
      vertex 5.5062 -7.11133 5
      vertex 5.52567 -7.1198 5
    endloop
  endfacet
  facet normal 0.398916 0.916988 0
    outer loop
      vertex 5.5062 -7.11133 5
      vertex 5.52567 -7.1198 -5
      vertex 5.5062 -7.11133 -5
    endloop
  endfacet
  facet normal -0.976331 -0.216282 0
    outer loop
      vertex 7.19092 -5.74707 -5
      vertex 7.18633 -5.72635 5
      vertex 7.18633 -5.72635 -5
    endloop
  endfacet
  facet normal -0.976331 -0.216282 0
    outer loop
      vertex 7.18633 -5.72635 5
      vertex 7.19092 -5.74707 -5
      vertex 7.19092 -5.74707 5
    endloop
  endfacet
  facet normal -0.250619 0.968086 0
    outer loop
      vertex 6.31585 -7.17505 -5
      vertex 6.2953 -7.18037 5
      vertex 6.31585 -7.17505 5
    endloop
  endfacet
  facet normal -0.250619 0.968086 0
    outer loop
      vertex 6.2953 -7.18037 5
      vertex 6.31585 -7.17505 -5
      vertex 6.2953 -7.18037 -5
    endloop
  endfacet
  facet normal 0.852676 0.522441 0
    outer loop
      vertex 4.96934 -6.64465 5
      vertex 4.95825 -6.62655 -5
      vertex 4.95825 -6.62655 5
    endloop
  endfacet
  facet normal 0.852676 0.522441 0
    outer loop
      vertex 4.95825 -6.62655 -5
      vertex 4.96934 -6.64465 5
      vertex 4.96934 -6.64465 -5
    endloop
  endfacet
  facet normal -0.36692 -0.930253 0
    outer loop
      vertex 6.43696 -4.86429 -5
      vertex 6.45671 -4.87208 5
      vertex 6.43696 -4.86429 5
    endloop
  endfacet
  facet normal -0.36692 -0.930253 -0
    outer loop
      vertex 6.45671 -4.87208 5
      vertex 6.43696 -4.86429 -5
      vertex 6.45671 -4.87208 -5
    endloop
  endfacet
  facet normal -0.894804 0.44646 0
    outer loop
      vertex 7.08491 -6.55228 -5
      vertex 7.09439 -6.53328 5
      vertex 7.09439 -6.53328 -5
    endloop
  endfacet
  facet normal -0.894804 0.44646 0
    outer loop
      vertex 7.09439 -6.53328 5
      vertex 7.08491 -6.55228 -5
      vertex 7.08491 -6.55228 5
    endloop
  endfacet
  facet normal 0.986241 -0.165315 0
    outer loop
      vertex 4.79947 -5.8097 5
      vertex 4.80298 -5.78876 -5
      vertex 4.80298 -5.78876 5
    endloop
  endfacet
  facet normal 0.986241 -0.165315 0
    outer loop
      vertex 4.80298 -5.78876 -5
      vertex 4.79947 -5.8097 5
      vertex 4.79947 -5.8097 -5
    endloop
  endfacet
  facet normal -0.349936 -0.936774 0
    outer loop
      vertex 6.41707 -4.85686 -5
      vertex 6.43696 -4.86429 5
      vertex 6.41707 -4.85686 5
    endloop
  endfacet
  facet normal -0.349936 -0.936774 -0
    outer loop
      vertex 6.43696 -4.86429 5
      vertex 6.41707 -4.85686 -5
      vertex 6.43696 -4.86429 -5
    endloop
  endfacet
  facet normal -0.96368 -0.267061 0
    outer loop
      vertex 7.17605 -5.68515 -5
      vertex 7.17038 -5.66469 5
      vertex 7.17038 -5.66469 -5
    endloop
  endfacet
  facet normal -0.96368 -0.267061 0
    outer loop
      vertex 7.17038 -5.66469 5
      vertex 7.17605 -5.68515 -5
      vertex 7.17605 -5.68515 5
    endloop
  endfacet
  facet normal -0.923994 -0.382407 0
    outer loop
      vertex 7.12892 -5.54429 -5
      vertex 7.1208 -5.52467 5
      vertex 7.1208 -5.52467 -5
    endloop
  endfacet
  facet normal -0.923994 -0.382407 0
    outer loop
      vertex 7.1208 -5.52467 5
      vertex 7.12892 -5.54429 -5
      vertex 7.12892 -5.54429 5
    endloop
  endfacet
  facet normal 0.113068 0.993587 -0
    outer loop
      vertex 5.87384 -7.20984 -5
      vertex 5.85275 -7.20744 5
      vertex 5.87384 -7.20984 5
    endloop
  endfacet
  facet normal 0.113068 0.993587 0
    outer loop
      vertex 5.85275 -7.20744 5
      vertex 5.87384 -7.20984 -5
      vertex 5.85275 -7.20744 -5
    endloop
  endfacet
  facet normal -0.00894924 -0.99996 0
    outer loop
      vertex 6.001 -4.78349 -5
      vertex 6.02223 -4.78368 5
      vertex 6.001 -4.78349 5
    endloop
  endfacet
  facet normal -0.00894924 -0.99996 -0
    outer loop
      vertex 6.02223 -4.78368 5
      vertex 6.001 -4.78349 -5
      vertex 6.02223 -4.78368 -5
    endloop
  endfacet
  facet normal 0.998123 0.0612346 0
    outer loop
      vertex 4.78746 -6.08486 5
      vertex 4.78616 -6.06367 -5
      vertex 4.78616 -6.06367 5
    endloop
  endfacet
  facet normal 0.998123 0.0612346 0
    outer loop
      vertex 4.78616 -6.06367 -5
      vertex 4.78746 -6.08486 5
      vertex 4.78746 -6.08486 -5
    endloop
  endfacet
  facet normal -0.477102 -0.878848 0
    outer loop
      vertex 6.57211 -4.92589 -5
      vertex 6.59077 -4.93602 5
      vertex 6.57211 -4.92589 5
    endloop
  endfacet
  facet normal -0.477102 -0.878848 -0
    outer loop
      vertex 6.59077 -4.93602 5
      vertex 6.57211 -4.92589 -5
      vertex 6.59077 -4.93602 -5
    endloop
  endfacet
  facet normal 0.461664 -0.887055 0
    outer loop
      vertex 5.42989 -4.92589 -5
      vertex 5.44872 -4.91609 5
      vertex 5.42989 -4.92589 5
    endloop
  endfacet
  facet normal 0.461664 -0.887055 0
    outer loop
      vertex 5.44872 -4.91609 5
      vertex 5.42989 -4.92589 -5
      vertex 5.44872 -4.91609 -5
    endloop
  endfacet
  facet normal 0.199646 0.979868 -0
    outer loop
      vertex 5.76888 -7.19416 -5
      vertex 5.74807 -7.18992 5
      vertex 5.76888 -7.19416 5
    endloop
  endfacet
  facet normal 0.199646 0.979868 0
    outer loop
      vertex 5.74807 -7.18992 5
      vertex 5.76888 -7.19416 -5
      vertex 5.74807 -7.18992 -5
    endloop
  endfacet
  facet normal 0.998123 -0.0612346 0
    outer loop
      vertex 4.78616 -5.93633 5
      vertex 4.78746 -5.91514 -5
      vertex 4.78746 -5.91514 5
    endloop
  endfacet
  facet normal 0.998123 -0.0612346 0
    outer loop
      vertex 4.78746 -5.91514 -5
      vertex 4.78616 -5.93633 5
      vertex 4.78616 -5.93633 -5
    endloop
  endfacet
  facet normal 0.36692 0.930253 -0
    outer loop
      vertex 5.56504 -7.13571 -5
      vertex 5.54529 -7.12792 5
      vertex 5.56504 -7.13571 5
    endloop
  endfacet
  facet normal 0.36692 0.930253 0
    outer loop
      vertex 5.54529 -7.12792 5
      vertex 5.56504 -7.13571 -5
      vertex 5.54529 -7.12792 -5
    endloop
  endfacet
  facet normal 0.902564 0.430555 0
    outer loop
      vertex 4.90761 -6.53328 5
      vertex 4.89847 -6.51412 -5
      vertex 4.89847 -6.51412 5
    endloop
  endfacet
  facet normal 0.902564 0.430555 0
    outer loop
      vertex 4.89847 -6.51412 -5
      vertex 4.90761 -6.53328 5
      vertex 4.90761 -6.53328 -5
    endloop
  endfacet
  facet normal 0.507205 -0.861825 0
    outer loop
      vertex 5.37445 -4.95725 -5
      vertex 5.39275 -4.94648 5
      vertex 5.37445 -4.95725 5
    endloop
  endfacet
  facet normal 0.507205 -0.861825 0
    outer loop
      vertex 5.39275 -4.94648 5
      vertex 5.37445 -4.95725 -5
      vertex 5.39275 -4.94648 -5
    endloop
  endfacet
  facet normal -0.594788 -0.803882 0
    outer loop
      vertex 6.71604 -5.01583 -5
      vertex 6.73311 -5.02846 5
      vertex 6.71604 -5.01583 5
    endloop
  endfacet
  facet normal -0.594788 -0.803882 -0
    outer loop
      vertex 6.73311 -5.02846 5
      vertex 6.71604 -5.01583 -5
      vertex 6.73311 -5.02846 -5
    endloop
  endfacet
  facet normal 0.522441 0.852676 -0
    outer loop
      vertex 5.37445 -7.04275 -5
      vertex 5.35635 -7.03166 5
      vertex 5.37445 -7.04275 5
    endloop
  endfacet
  facet normal 0.522441 0.852676 0
    outer loop
      vertex 5.35635 -7.03166 5
      vertex 5.37445 -7.04275 -5
      vertex 5.35635 -7.03166 -5
    endloop
  endfacet
  facet normal 0.430555 0.902564 -0
    outer loop
      vertex 5.48688 -7.10253 -5
      vertex 5.46772 -7.09339 5
      vertex 5.48688 -7.10253 5
    endloop
  endfacet
  facet normal 0.430555 0.902564 0
    outer loop
      vertex 5.46772 -7.09339 5
      vertex 5.48688 -7.10253 -5
      vertex 5.46772 -7.09339 -5
    endloop
  endfacet
  facet normal 0.916988 0.398916 0
    outer loop
      vertex 4.88967 -6.4948 5
      vertex 4.8812 -6.47533 -5
      vertex 4.8812 -6.47533 5
    endloop
  endfacet
  facet normal 0.916988 0.398916 0
    outer loop
      vertex 4.8812 -6.47533 -5
      vertex 4.88967 -6.4948 5
      vertex 4.88967 -6.4948 -5
    endloop
  endfacet
  facet normal 0.803882 0.594788 0
    outer loop
      vertex 5.02946 -6.73211 5
      vertex 5.01683 -6.71504 -5
      vertex 5.01683 -6.71504 5
    endloop
  endfacet
  facet normal 0.803882 0.594788 0
    outer loop
      vertex 5.01683 -6.71504 -5
      vertex 5.02946 -6.73211 5
      vertex 5.02946 -6.73211 -5
    endloop
  endfacet
  facet normal -0.216282 -0.976331 0
    outer loop
      vertex 6.25393 -4.81008 -5
      vertex 6.27465 -4.81467 5
      vertex 6.25393 -4.81008 5
    endloop
  endfacet
  facet normal -0.216282 -0.976331 -0
    outer loop
      vertex 6.27465 -4.81467 5
      vertex 6.25393 -4.81008 -5
      vertex 6.27465 -4.81467 -5
    endloop
  endfacet
  facet normal 0.537302 -0.84339 0
    outer loop
      vertex 5.33844 -4.97975 -5
      vertex 5.35635 -4.96834 5
      vertex 5.33844 -4.97975 5
    endloop
  endfacet
  facet normal 0.537302 -0.84339 0
    outer loop
      vertex 5.35635 -4.96834 5
      vertex 5.33844 -4.97975 -5
      vertex 5.35635 -4.96834 -5
    endloop
  endfacet
  facet normal -0.199646 0.979868 0
    outer loop
      vertex 6.25393 -7.18992 -5
      vertex 6.23312 -7.19416 5
      vertex 6.25393 -7.18992 5
    endloop
  endfacet
  facet normal -0.199646 0.979868 0
    outer loop
      vertex 6.23312 -7.19416 5
      vertex 6.25393 -7.18992 -5
      vertex 6.23312 -7.19416 -5
    endloop
  endfacet
  facet normal -0.608481 0.793568 0
    outer loop
      vertex 6.74996 -6.95862 -5
      vertex 6.73311 -6.97154 5
      vertex 6.74996 -6.95862 5
    endloop
  endfacet
  facet normal -0.608481 0.793568 0
    outer loop
      vertex 6.73311 -6.97154 5
      vertex 6.74996 -6.95862 -5
      vertex 6.73311 -6.97154 -5
    endloop
  endfacet
  facet normal -0.283976 -0.958831 0
    outer loop
      vertex 6.33631 -4.83062 -5
      vertex 6.35667 -4.83665 5
      vertex 6.33631 -4.83062 5
    endloop
  endfacet
  facet normal -0.283976 -0.958831 -0
    outer loop
      vertex 6.35667 -4.83665 5
      vertex 6.33631 -4.83062 -5
      vertex 6.35667 -4.83665 -5
    endloop
  endfacet
  facet normal 0.771685 0.636004 0
    outer loop
      vertex 5.0691 -6.78195 5
      vertex 5.0556 -6.76557 -5
      vertex 5.0556 -6.76557 5
    endloop
  endfacet
  facet normal 0.771685 0.636004 0
    outer loop
      vertex 5.0556 -6.76557 -5
      vertex 5.0691 -6.78195 5
      vertex 5.0691 -6.78195 -5
    endloop
  endfacet
  facet normal 0.566489 0.824069 -0
    outer loop
      vertex 5.32074 -7.00853 -5
      vertex 5.30324 -6.9965 5
      vertex 5.32074 -7.00853 5
    endloop
  endfacet
  facet normal 0.566489 0.824069 0
    outer loop
      vertex 5.30324 -6.9965 5
      vertex 5.32074 -7.00853 -5
      vertex 5.30324 -6.9965 -5
    endloop
  endfacet
  facet normal -0.870264 0.492585 0
    outer loop
      vertex 7.05452 -6.60825 -5
      vertex 7.06498 -6.58977 5
      vertex 7.06498 -6.58977 -5
    endloop
  endfacet
  facet normal -0.870264 0.492585 0
    outer loop
      vertex 7.06498 -6.58977 5
      vertex 7.05452 -6.60825 -5
      vertex 7.05452 -6.60825 5
    endloop
  endfacet
  facet normal -0.199646 -0.979868 0
    outer loop
      vertex 6.23312 -4.80584 -5
      vertex 6.25393 -4.81008 5
      vertex 6.23312 -4.80584 5
    endloop
  endfacet
  facet normal -0.199646 -0.979868 -0
    outer loop
      vertex 6.25393 -4.81008 5
      vertex 6.23312 -4.80584 -5
      vertex 6.25393 -4.81008 -5
    endloop
  endfacet
  facet normal -0.999652 0.026381 0
    outer loop
      vertex 7.21676 -6.04245 -5
      vertex 7.21732 -6.02123 5
      vertex 7.21732 -6.02123 -5
    endloop
  endfacet
  facet normal -0.999652 0.026381 0
    outer loop
      vertex 7.21732 -6.02123 5
      vertex 7.21676 -6.04245 -5
      vertex 7.21676 -6.04245 5
    endloop
  endfacet
  facet normal -0.00894924 0.99996 0
    outer loop
      vertex 6.02223 -7.21632 -5
      vertex 6.001 -7.21651 5
      vertex 6.02223 -7.21632 5
    endloop
  endfacet
  facet normal -0.00894924 0.99996 0
    outer loop
      vertex 6.001 -7.21651 5
      vertex 6.02223 -7.21632 -5
      vertex 6.001 -7.21651 -5
    endloop
  endfacet
  facet normal 0.972345 0.233551 0
    outer loop
      vertex 4.82063 -6.2943 5
      vertex 4.81567 -6.27365 -5
      vertex 4.81567 -6.27365 5
    endloop
  endfacet
  facet normal 0.972345 0.233551 0
    outer loop
      vertex 4.81567 -6.27365 -5
      vertex 4.82063 -6.2943 5
      vertex 4.82063 -6.2943 -5
    endloop
  endfacet
  facet normal -0.649355 0.760485 0
    outer loop
      vertex 6.7991 -6.91811 -5
      vertex 6.78295 -6.9319 5
      vertex 6.7991 -6.91811 5
    endloop
  endfacet
  facet normal -0.649355 0.760485 0
    outer loop
      vertex 6.78295 -6.9319 5
      vertex 6.7991 -6.91811 -5
      vertex 6.78295 -6.9319 -5
    endloop
  endfacet
  facet normal 0.594788 -0.803882 0
    outer loop
      vertex 5.26889 -5.02846 -5
      vertex 5.28596 -5.01583 5
      vertex 5.26889 -5.02846 5
    endloop
  endfacet
  facet normal 0.594788 -0.803882 0
    outer loop
      vertex 5.28596 -5.01583 5
      vertex 5.26889 -5.02846 -5
      vertex 5.28596 -5.01583 -5
    endloop
  endfacet
  facet normal -0.852676 -0.522441 0
    outer loop
      vertex 7.04375 -5.37345 -5
      vertex 7.03266 -5.35535 5
      vertex 7.03266 -5.35535 -5
    endloop
  endfacet
  facet normal -0.852676 -0.522441 0
    outer loop
      vertex 7.03266 -5.35535 5
      vertex 7.04375 -5.37345 -5
      vertex 7.04375 -5.37345 5
    endloop
  endfacet
  facet normal -0.566489 -0.824069 0
    outer loop
      vertex 6.68126 -4.99147 -5
      vertex 6.69876 -5.0035 5
      vertex 6.68126 -4.99147 5
    endloop
  endfacet
  facet normal -0.566489 -0.824069 -0
    outer loop
      vertex 6.69876 -5.0035 5
      vertex 6.68126 -4.99147 -5
      vertex 6.69876 -5.0035 -5
    endloop
  endfacet
  facet normal -0.233551 -0.972345 0
    outer loop
      vertex 6.27465 -4.81467 -5
      vertex 6.2953 -4.81963 5
      vertex 6.27465 -4.81467 5
    endloop
  endfacet
  facet normal -0.233551 -0.972345 -0
    outer loop
      vertex 6.2953 -4.81963 5
      vertex 6.27465 -4.81467 -5
      vertex 6.2953 -4.81963 -5
    endloop
  endfacet
  facet normal 0.0433146 -0.999061 0
    outer loop
      vertex 5.93733 -4.78516 -5
      vertex 5.95855 -4.78424 5
      vertex 5.93733 -4.78516 5
    endloop
  endfacet
  facet normal 0.0433146 -0.999061 0
    outer loop
      vertex 5.95855 -4.78424 5
      vertex 5.93733 -4.78516 -5
      vertex 5.95855 -4.78424 -5
    endloop
  endfacet
  facet normal 0.00894924 -0.99996 0
    outer loop
      vertex 5.97977 -4.78368 -5
      vertex 6.001 -4.78349 5
      vertex 5.97977 -4.78368 5
    endloop
  endfacet
  facet normal 0.00894924 -0.99996 0
    outer loop
      vertex 6.001 -4.78349 5
      vertex 5.97977 -4.78368 -5
      vertex 6.001 -4.78349 -5
    endloop
  endfacet
  facet normal -0.887055 0.461664 0
    outer loop
      vertex 7.07511 -6.57111 -5
      vertex 7.08491 -6.55228 5
      vertex 7.08491 -6.55228 -5
    endloop
  endfacet
  facet normal -0.887055 0.461664 0
    outer loop
      vertex 7.08491 -6.55228 5
      vertex 7.07511 -6.57111 -5
      vertex 7.07511 -6.57111 5
    endloop
  endfacet
  facet normal -0.991453 0.130467 0
    outer loop
      vertex 7.20567 -6.1693 -5
      vertex 7.20844 -6.14825 5
      vertex 7.20844 -6.14825 -5
    endloop
  endfacet
  facet normal -0.991453 0.130467 0
    outer loop
      vertex 7.20844 -6.14825 5
      vertex 7.20567 -6.1693 -5
      vertex 7.20567 -6.1693 5
    endloop
  endfacet
  facet normal 0.026381 0.999652 -0
    outer loop
      vertex 5.97977 -7.21632 -5
      vertex 5.95855 -7.21576 5
      vertex 5.97977 -7.21632 5
    endloop
  endfacet
  facet normal 0.026381 0.999652 0
    outer loop
      vertex 5.95855 -7.21576 5
      vertex 5.97977 -7.21632 -5
      vertex 5.95855 -7.21576 -5
    endloop
  endfacet
  facet normal -0.233551 0.972345 0
    outer loop
      vertex 6.2953 -7.18037 -5
      vertex 6.27465 -7.18533 5
      vertex 6.2953 -7.18037 5
    endloop
  endfacet
  facet normal -0.233551 0.972345 0
    outer loop
      vertex 6.27465 -7.18533 5
      vertex 6.2953 -7.18037 -5
      vertex 6.27465 -7.18533 -5
    endloop
  endfacet
  facet normal 0.995376 0.0960533 0
    outer loop
      vertex 4.79116 -6.12716 5
      vertex 4.78912 -6.10602 -5
      vertex 4.78912 -6.10602 5
    endloop
  endfacet
  facet normal 0.995376 0.0960533 0
    outer loop
      vertex 4.78912 -6.10602 -5
      vertex 4.79116 -6.12716 5
      vertex 4.79116 -6.12716 -5
    endloop
  endfacet
  facet normal 0.902564 -0.430555 0
    outer loop
      vertex 4.89847 -5.48588 5
      vertex 4.90761 -5.46672 -5
      vertex 4.90761 -5.46672 5
    endloop
  endfacet
  facet normal 0.902564 -0.430555 0
    outer loop
      vertex 4.90761 -5.46672 -5
      vertex 4.89847 -5.48588 5
      vertex 4.89847 -5.48588 -5
    endloop
  endfacet
  facet normal 0.00894924 0.99996 -0
    outer loop
      vertex 6.001 -7.21651 -5
      vertex 5.97977 -7.21632 5
      vertex 6.001 -7.21651 5
    endloop
  endfacet
  facet normal 0.00894924 0.99996 0
    outer loop
      vertex 5.97977 -7.21632 5
      vertex 6.001 -7.21651 -5
      vertex 5.97977 -7.21632 -5
    endloop
  endfacet
  facet normal 0.608481 0.793568 -0
    outer loop
      vertex 5.26889 -6.97154 -5
      vertex 5.25204 -6.95862 5
      vertex 5.26889 -6.97154 5
    endloop
  endfacet
  facet normal 0.608481 0.793568 0
    outer loop
      vertex 5.25204 -6.95862 5
      vertex 5.26889 -6.97154 -5
      vertex 5.25204 -6.95862 -5
    endloop
  endfacet
  facet normal 0.181786 0.983338 -0
    outer loop
      vertex 5.78976 -7.19802 -5
      vertex 5.76888 -7.19416 5
      vertex 5.78976 -7.19802 5
    endloop
  endfacet
  facet normal 0.181786 0.983338 0
    outer loop
      vertex 5.76888 -7.19416 5
      vertex 5.78976 -7.19802 -5
      vertex 5.76888 -7.19416 -5
    endloop
  endfacet
  facet normal -0.216282 0.976331 0
    outer loop
      vertex 6.27465 -7.18533 -5
      vertex 6.25393 -7.18992 5
      vertex 6.27465 -7.18533 5
    endloop
  endfacet
  facet normal -0.216282 0.976331 0
    outer loop
      vertex 6.25393 -7.18992 5
      vertex 6.27465 -7.18533 -5
      vertex 6.25393 -7.18992 -5
    endloop
  endfacet
  facet normal -0.995376 0.0960533 0
    outer loop
      vertex 7.21084 -6.12716 -5
      vertex 7.21288 -6.10602 5
      vertex 7.21288 -6.10602 -5
    endloop
  endfacet
  facet normal -0.995376 0.0960533 0
    outer loop
      vertex 7.21288 -6.10602 5
      vertex 7.21084 -6.12716 -5
      vertex 7.21084 -6.12716 5
    endloop
  endfacet
  facet normal -0.910044 0.414513 0
    outer loop
      vertex 7.10353 -6.51412 -5
      vertex 7.11233 -6.4948 5
      vertex 7.11233 -6.4948 -5
    endloop
  endfacet
  facet normal -0.910044 0.414513 0
    outer loop
      vertex 7.11233 -6.4948 5
      vertex 7.10353 -6.51412 -5
      vertex 7.10353 -6.51412 5
    endloop
  endfacet
  facet normal 0.930253 0.36692 0
    outer loop
      vertex 4.87308 -6.45571 5
      vertex 4.86529 -6.43596 -5
      vertex 4.86529 -6.43596 5
    endloop
  endfacet
  facet normal 0.930253 0.36692 0
    outer loop
      vertex 4.86529 -6.43596 -5
      vertex 4.87308 -6.45571 5
      vertex 4.87308 -6.45571 -5
    endloop
  endfacet
  facet normal 0.14788 0.989005 -0
    outer loop
      vertex 5.8317 -7.20467 -5
      vertex 5.8107 -7.20153 5
      vertex 5.8317 -7.20467 5
    endloop
  endfacet
  facet normal 0.14788 0.989005 0
    outer loop
      vertex 5.8107 -7.20153 5
      vertex 5.8317 -7.20467 -5
      vertex 5.8107 -7.20153 -5
    endloop
  endfacet
  facet normal 0.608481 -0.793568 0
    outer loop
      vertex 5.25204 -5.04138 -5
      vertex 5.26889 -5.02846 5
      vertex 5.25204 -5.04138 5
    endloop
  endfacet
  facet normal 0.608481 -0.793568 0
    outer loop
      vertex 5.26889 -5.02846 5
      vertex 5.25204 -5.04138 -5
      vertex 5.26889 -5.02846 -5
    endloop
  endfacet
  facet normal -0.580837 0.81402 0
    outer loop
      vertex 6.71604 -6.98417 -5
      vertex 6.69876 -6.9965 5
      vertex 6.71604 -6.98417 5
    endloop
  endfacet
  facet normal -0.580837 0.81402 0
    outer loop
      vertex 6.69876 -6.9965 5
      vertex 6.71604 -6.98417 -5
      vertex 6.69876 -6.9965 -5
    endloop
  endfacet
  facet normal -0.477102 0.878848 0
    outer loop
      vertex 6.59077 -7.06398 -5
      vertex 6.57211 -7.07411 5
      vertex 6.59077 -7.06398 5
    endloop
  endfacet
  facet normal -0.477102 0.878848 0
    outer loop
      vertex 6.57211 -7.07411 5
      vertex 6.59077 -7.06398 -5
      vertex 6.57211 -7.07411 -5
    endloop
  endfacet
  facet normal -0.942581 0.333978 0
    outer loop
      vertex 7.14414 -6.41607 -5
      vertex 7.15123 -6.39606 5
      vertex 7.15123 -6.39606 -5
    endloop
  endfacet
  facet normal -0.942581 0.333978 0
    outer loop
      vertex 7.15123 -6.39606 5
      vertex 7.14414 -6.41607 -5
      vertex 7.14414 -6.41607 5
    endloop
  endfacet
  facet normal -0.14788 0.989005 0
    outer loop
      vertex 6.1913 -7.20153 -5
      vertex 6.1703 -7.20467 5
      vertex 6.1913 -7.20153 5
    endloop
  endfacet
  facet normal -0.14788 0.989005 0
    outer loop
      vertex 6.1703 -7.20467 5
      vertex 6.1913 -7.20153 -5
      vertex 6.1703 -7.20467 -5
    endloop
  endfacet
  facet normal -0.522441 0.852676 0
    outer loop
      vertex 6.64565 -7.03166 -5
      vertex 6.62755 -7.04275 5
      vertex 6.64565 -7.03166 5
    endloop
  endfacet
  facet normal -0.522441 0.852676 0
    outer loop
      vertex 6.62755 -7.04275 5
      vertex 6.64565 -7.03166 -5
      vertex 6.62755 -7.04275 -5
    endloop
  endfacet
  facet normal 0.461664 0.887055 -0
    outer loop
      vertex 5.44872 -7.08391 -5
      vertex 5.42989 -7.07411 5
      vertex 5.44872 -7.08391 5
    endloop
  endfacet
  facet normal 0.461664 0.887055 0
    outer loop
      vertex 5.42989 -7.07411 5
      vertex 5.44872 -7.08391 -5
      vertex 5.42989 -7.07411 -5
    endloop
  endfacet
  facet normal -0.700956 -0.713204 0
    outer loop
      vertex 6.84606 -5.12492 -5
      vertex 6.8612 -5.1398 5
      vertex 6.84606 -5.12492 5
    endloop
  endfacet
  facet normal -0.700956 -0.713204 -0
    outer loop
      vertex 6.8612 -5.1398 5
      vertex 6.84606 -5.12492 -5
      vertex 6.8612 -5.1398 -5
    endloop
  endfacet
  facet normal 0.986241 0.165315 0
    outer loop
      vertex 4.80298 -6.21124 5
      vertex 4.79947 -6.1903 -5
      vertex 4.79947 -6.1903 5
    endloop
  endfacet
  facet normal 0.986241 0.165315 0
    outer loop
      vertex 4.79947 -6.1903 -5
      vertex 4.80298 -6.21124 5
      vertex 4.80298 -6.21124 -5
    endloop
  endfacet
  facet normal -0.760485 0.649355 0
    outer loop
      vertex 6.91911 -6.7981 -5
      vertex 6.9329 -6.78195 5
      vertex 6.9329 -6.78195 -5
    endloop
  endfacet
  facet normal -0.760485 0.649355 0
    outer loop
      vertex 6.9329 -6.78195 5
      vertex 6.91911 -6.7981 -5
      vertex 6.91911 -6.7981 5
    endloop
  endfacet
  facet normal 0.782429 0.62274 0
    outer loop
      vertex 5.0556 -6.76557 5
      vertex 5.04238 -6.74896 -5
      vertex 5.04238 -6.74896 5
    endloop
  endfacet
  facet normal 0.782429 0.62274 0
    outer loop
      vertex 5.04238 -6.74896 -5
      vertex 5.0556 -6.76557 5
      vertex 5.0556 -6.76557 -5
    endloop
  endfacet
  facet normal -0.3005 0.953782 0
    outer loop
      vertex 6.37692 -7.15697 -5
      vertex 6.35667 -7.16335 5
      vertex 6.37692 -7.15697 5
    endloop
  endfacet
  facet normal -0.3005 0.953782 0
    outer loop
      vertex 6.35667 -7.16335 5
      vertex 6.37692 -7.15697 -5
      vertex 6.35667 -7.16335 -5
    endloop
  endfacet
  facet normal -0.283976 0.958831 0
    outer loop
      vertex 6.35667 -7.16335 -5
      vertex 6.33631 -7.16938 5
      vertex 6.35667 -7.16335 5
    endloop
  endfacet
  facet normal -0.283976 0.958831 0
    outer loop
      vertex 6.33631 -7.16938 5
      vertex 6.35667 -7.16335 -5
      vertex 6.33631 -7.16938 -5
    endloop
  endfacet
  facet normal 0.991453 0.130467 0
    outer loop
      vertex 4.79633 -6.1693 5
      vertex 4.79356 -6.14825 -5
      vertex 4.79356 -6.14825 5
    endloop
  endfacet
  facet normal 0.991453 0.130467 0
    outer loop
      vertex 4.79356 -6.14825 -5
      vertex 4.79633 -6.1693 5
      vertex 4.79633 -6.1693 -5
    endloop
  endfacet
  facet normal -0.507205 -0.861825 0
    outer loop
      vertex 6.60925 -4.94648 -5
      vertex 6.62755 -4.95725 5
      vertex 6.60925 -4.94648 5
    endloop
  endfacet
  facet normal -0.507205 -0.861825 -0
    outer loop
      vertex 6.62755 -4.95725 5
      vertex 6.60925 -4.94648 -5
      vertex 6.62755 -4.95725 -5
    endloop
  endfacet
  facet normal 0.833786 -0.552088 0
    outer loop
      vertex 4.98075 -5.33744 5
      vertex 4.99247 -5.31974 -5
      vertex 4.99247 -5.31974 5
    endloop
  endfacet
  facet normal 0.833786 -0.552088 0
    outer loop
      vertex 4.99247 -5.31974 -5
      vertex 4.98075 -5.33744 5
      vertex 4.98075 -5.33744 -5
    endloop
  endfacet
  facet normal -0.130467 -0.991453 0
    outer loop
      vertex 6.14925 -4.79256 -5
      vertex 6.1703 -4.79533 5
      vertex 6.14925 -4.79256 5
    endloop
  endfacet
  facet normal -0.130467 -0.991453 -0
    outer loop
      vertex 6.1703 -4.79533 5
      vertex 6.14925 -4.79256 -5
      vertex 6.1703 -4.79533 -5
    endloop
  endfacet
  facet normal -0.833786 0.552088 0
    outer loop
      vertex 7.00953 -6.68026 -5
      vertex 7.02125 -6.66256 5
      vertex 7.02125 -6.66256 -5
    endloop
  endfacet
  facet normal -0.833786 0.552088 0
    outer loop
      vertex 7.02125 -6.66256 5
      vertex 7.00953 -6.68026 -5
      vertex 7.00953 -6.68026 5
    endloop
  endfacet
  facet normal -0.14788 -0.989005 0
    outer loop
      vertex 6.1703 -4.79533 -5
      vertex 6.1913 -4.79847 5
      vertex 6.1703 -4.79533 5
    endloop
  endfacet
  facet normal -0.14788 -0.989005 -0
    outer loop
      vertex 6.1913 -4.79847 5
      vertex 6.1703 -4.79533 -5
      vertex 6.1913 -4.79847 -5
    endloop
  endfacet
  facet normal 0.580837 0.81402 -0
    outer loop
      vertex 5.30324 -6.9965 -5
      vertex 5.28596 -6.98417 5
      vertex 5.30324 -6.9965 5
    endloop
  endfacet
  facet normal 0.580837 0.81402 0
    outer loop
      vertex 5.28596 -6.98417 5
      vertex 5.30324 -6.9965 -5
      vertex 5.28596 -6.98417 -5
    endloop
  endfacet
  facet normal -0.713204 -0.700956 0
    outer loop
      vertex 6.87608 -5.15494 -5
      vertex 6.8612 -5.1398 5
      vertex 6.8612 -5.1398 -5
    endloop
  endfacet
  facet normal -0.713204 -0.700956 0
    outer loop
      vertex 6.8612 -5.1398 5
      vertex 6.87608 -5.15494 -5
      vertex 6.87608 -5.15494 5
    endloop
  endfacet
  facet normal 0.861619 0.507555 0
    outer loop
      vertex 4.95825 -6.62655 5
      vertex 4.94747 -6.60825 -5
      vertex 4.94747 -6.60825 5
    endloop
  endfacet
  facet normal 0.861619 0.507555 0
    outer loop
      vertex 4.94747 -6.60825 -5
      vertex 4.95825 -6.62655 5
      vertex 4.95825 -6.62655 -5
    endloop
  endfacet
  facet normal 0.382407 0.923994 -0
    outer loop
      vertex 5.54529 -7.12792 -5
      vertex 5.52567 -7.1198 5
      vertex 5.54529 -7.12792 5
    endloop
  endfacet
  facet normal 0.382407 0.923994 0
    outer loop
      vertex 5.52567 -7.1198 5
      vertex 5.54529 -7.12792 -5
      vertex 5.52567 -7.1198 -5
    endloop
  endfacet
  facet normal -0.771685 -0.636004 0
    outer loop
      vertex 6.9464 -5.23443 -5
      vertex 6.9329 -5.21805 5
      vertex 6.9329 -5.21805 -5
    endloop
  endfacet
  facet normal -0.771685 -0.636004 0
    outer loop
      vertex 6.9329 -5.21805 5
      vertex 6.9464 -5.23443 -5
      vertex 6.9464 -5.23443 5
    endloop
  endfacet
  facet normal 0.887055 -0.461664 0
    outer loop
      vertex 4.91709 -5.44772 5
      vertex 4.92689 -5.42889 -5
      vertex 4.92689 -5.42889 5
    endloop
  endfacet
  facet normal 0.887055 -0.461664 0
    outer loop
      vertex 4.92689 -5.42889 -5
      vertex 4.91709 -5.44772 5
      vertex 4.91709 -5.44772 -5
    endloop
  endfacet
  facet normal -0.936774 -0.349936 0
    outer loop
      vertex 7.14414 -5.58393 -5
      vertex 7.13671 -5.56404 5
      vertex 7.13671 -5.56404 -5
    endloop
  endfacet
  facet normal -0.936774 -0.349936 0
    outer loop
      vertex 7.13671 -5.56404 5
      vertex 7.14414 -5.58393 -5
      vertex 7.14414 -5.58393 5
    endloop
  endfacet
  facet normal 0.62274 -0.782429 0
    outer loop
      vertex 5.23543 -5.0546 -5
      vertex 5.25204 -5.04138 5
      vertex 5.23543 -5.0546 5
    endloop
  endfacet
  facet normal 0.62274 -0.782429 0
    outer loop
      vertex 5.25204 -5.04138 5
      vertex 5.23543 -5.0546 -5
      vertex 5.25204 -5.04138 -5
    endloop
  endfacet
  facet normal 0.233551 0.972345 -0
    outer loop
      vertex 5.72735 -7.18533 -5
      vertex 5.7067 -7.18037 5
      vertex 5.72735 -7.18533 5
    endloop
  endfacet
  facet normal 0.233551 0.972345 0
    outer loop
      vertex 5.7067 -7.18037 5
      vertex 5.72735 -7.18533 -5
      vertex 5.7067 -7.18037 -5
    endloop
  endfacet
  facet normal 0.989005 0.14788 0
    outer loop
      vertex 4.79947 -6.1903 5
      vertex 4.79633 -6.1693 -5
      vertex 4.79633 -6.1693 5
    endloop
  endfacet
  facet normal 0.989005 0.14788 0
    outer loop
      vertex 4.79633 -6.1693 -5
      vertex 4.79947 -6.1903 5
      vertex 4.79947 -6.1903 -5
    endloop
  endfacet
  facet normal 0.748889 -0.662696 0
    outer loop
      vertex 5.08289 -5.2019 5
      vertex 5.09696 -5.186 -5
      vertex 5.09696 -5.186 5
    endloop
  endfacet
  facet normal 0.748889 -0.662696 0
    outer loop
      vertex 5.09696 -5.186 -5
      vertex 5.08289 -5.2019 5
      vertex 5.08289 -5.2019 -5
    endloop
  endfacet
  facet normal 0.923994 -0.382407 0
    outer loop
      vertex 4.87308 -5.54429 5
      vertex 4.8812 -5.52467 -5
      vertex 4.8812 -5.52467 5
    endloop
  endfacet
  facet normal 0.923994 -0.382407 0
    outer loop
      vertex 4.8812 -5.52467 -5
      vertex 4.87308 -5.54429 5
      vertex 4.87308 -5.54429 -5
    endloop
  endfacet
  facet normal 0.414513 0.910044 -0
    outer loop
      vertex 5.5062 -7.11133 -5
      vertex 5.48688 -7.10253 5
      vertex 5.5062 -7.11133 5
    endloop
  endfacet
  facet normal 0.414513 0.910044 0
    outer loop
      vertex 5.48688 -7.10253 5
      vertex 5.5062 -7.11133 -5
      vertex 5.48688 -7.10253 -5
    endloop
  endfacet
  facet normal 0.725458 0.688267 0
    outer loop
      vertex 5.12592 -6.84506 5
      vertex 5.1113 -6.82965 -5
      vertex 5.1113 -6.82965 5
    endloop
  endfacet
  facet normal 0.725458 0.688267 0
    outer loop
      vertex 5.1113 -6.82965 -5
      vertex 5.12592 -6.84506 5
      vertex 5.12592 -6.84506 -5
    endloop
  endfacet
  facet normal -0.522441 -0.852676 0
    outer loop
      vertex 6.62755 -4.95725 -5
      vertex 6.64565 -4.96834 5
      vertex 6.62755 -4.95725 5
    endloop
  endfacet
  facet normal -0.522441 -0.852676 -0
    outer loop
      vertex 6.64565 -4.96834 5
      vertex 6.62755 -4.95725 -5
      vertex 6.64565 -4.96834 -5
    endloop
  endfacet
  facet normal 0.737291 0.675575 0
    outer loop
      vertex 5.1113 -6.82965 5
      vertex 5.09696 -6.814 -5
      vertex 5.09696 -6.814 5
    endloop
  endfacet
  facet normal 0.737291 0.675575 0
    outer loop
      vertex 5.09696 -6.814 -5
      vertex 5.1113 -6.82965 5
      vertex 5.1113 -6.82965 -5
    endloop
  endfacet
  facet normal 0.267061 -0.96368 0
    outer loop
      vertex 5.66569 -4.83062 -5
      vertex 5.68615 -4.82495 5
      vertex 5.66569 -4.83062 5
    endloop
  endfacet
  facet normal 0.267061 -0.96368 0
    outer loop
      vertex 5.68615 -4.82495 5
      vertex 5.66569 -4.83062 -5
      vertex 5.68615 -4.82495 -5
    endloop
  endfacet
  facet normal -0.803882 -0.594788 0
    outer loop
      vertex 6.98517 -5.28496 -5
      vertex 6.97254 -5.26789 5
      vertex 6.97254 -5.26789 -5
    endloop
  endfacet
  facet normal -0.803882 -0.594788 0
    outer loop
      vertex 6.97254 -5.26789 5
      vertex 6.98517 -5.28496 -5
      vertex 6.98517 -5.28496 5
    endloop
  endfacet
  facet normal -0.824069 0.566489 0
    outer loop
      vertex 6.9975 -6.69776 -5
      vertex 7.00953 -6.68026 5
      vertex 7.00953 -6.68026 -5
    endloop
  endfacet
  facet normal -0.824069 0.566489 0
    outer loop
      vertex 7.00953 -6.68026 5
      vertex 6.9975 -6.69776 -5
      vertex 6.9975 -6.69776 5
    endloop
  endfacet
  facet normal 0.958831 0.283976 0
    outer loop
      vertex 4.83765 -6.35567 5
      vertex 4.83162 -6.33531 -5
      vertex 4.83162 -6.33531 5
    endloop
  endfacet
  facet normal 0.958831 0.283976 0
    outer loop
      vertex 4.83162 -6.33531 -5
      vertex 4.83765 -6.35567 5
      vertex 4.83765 -6.35567 -5
    endloop
  endfacet
  facet normal 0.96368 0.267061 0
    outer loop
      vertex 4.83162 -6.33531 5
      vertex 4.82595 -6.31485 -5
      vertex 4.82595 -6.31485 5
    endloop
  endfacet
  facet normal 0.96368 0.267061 0
    outer loop
      vertex 4.82595 -6.31485 -5
      vertex 4.83162 -6.33531 5
      vertex 4.83162 -6.33531 -5
    endloop
  endfacet
  facet normal 0.942581 -0.333978 0
    outer loop
      vertex 4.85077 -5.60394 5
      vertex 4.85786 -5.58393 -5
      vertex 4.85786 -5.58393 5
    endloop
  endfacet
  facet normal 0.942581 -0.333978 0
    outer loop
      vertex 4.85786 -5.58393 -5
      vertex 4.85077 -5.60394 5
      vertex 4.85077 -5.60394 -5
    endloop
  endfacet
  facet normal 0.942581 0.333978 0
    outer loop
      vertex 4.85786 -6.41607 5
      vertex 4.85077 -6.39606 -5
      vertex 4.85077 -6.39606 5
    endloop
  endfacet
  facet normal 0.942581 0.333978 0
    outer loop
      vertex 4.85077 -6.39606 -5
      vertex 4.85786 -6.41607 5
      vertex 4.85786 -6.41607 -5
    endloop
  endfacet
  facet normal -0.165315 -0.986241 0
    outer loop
      vertex 6.1913 -4.79847 -5
      vertex 6.21224 -4.80198 5
      vertex 6.1913 -4.79847 5
    endloop
  endfacet
  facet normal -0.165315 -0.986241 -0
    outer loop
      vertex 6.21224 -4.80198 5
      vertex 6.1913 -4.79847 -5
      vertex 6.21224 -4.80198 -5
    endloop
  endfacet
  facet normal -0.948306 -0.317358 0
    outer loop
      vertex 7.15797 -5.62408 -5
      vertex 7.15123 -5.60394 5
      vertex 7.15123 -5.60394 -5
    endloop
  endfacet
  facet normal -0.948306 -0.317358 0
    outer loop
      vertex 7.15123 -5.60394 5
      vertex 7.15797 -5.62408 -5
      vertex 7.15797 -5.62408 5
    endloop
  endfacet
  facet normal 0.250619 0.968086 -0
    outer loop
      vertex 5.7067 -7.18037 -5
      vertex 5.68615 -7.17505 5
      vertex 5.7067 -7.18037 5
    endloop
  endfacet
  facet normal 0.250619 0.968086 0
    outer loop
      vertex 5.68615 -7.17505 5
      vertex 5.7067 -7.18037 -5
      vertex 5.68615 -7.17505 -5
    endloop
  endfacet
  facet normal 0.991453 -0.130467 0
    outer loop
      vertex 4.79356 -5.85175 5
      vertex 4.79633 -5.8307 -5
      vertex 4.79633 -5.8307 5
    endloop
  endfacet
  facet normal 0.991453 -0.130467 0
    outer loop
      vertex 4.79633 -5.8307 -5
      vertex 4.79356 -5.85175 5
      vertex 4.79356 -5.85175 -5
    endloop
  endfacet
  facet normal 0.999041 -0.0437845 0
    outer loop
      vertex 4.78523 -5.95755 5
      vertex 4.78616 -5.93633 -5
      vertex 4.78616 -5.93633 5
    endloop
  endfacet
  facet normal 0.999041 -0.0437845 0
    outer loop
      vertex 4.78616 -5.93633 -5
      vertex 4.78523 -5.95755 5
      vertex 4.78523 -5.95755 -5
    endloop
  endfacet
  facet normal -0.250619 -0.968086 0
    outer loop
      vertex 6.2953 -4.81963 -5
      vertex 6.31585 -4.82495 5
      vertex 6.2953 -4.81963 5
    endloop
  endfacet
  facet normal -0.250619 -0.968086 -0
    outer loop
      vertex 6.31585 -4.82495 5
      vertex 6.2953 -4.81963 -5
      vertex 6.31585 -4.82495 -5
    endloop
  endfacet
  facet normal 0.477102 -0.878848 0
    outer loop
      vertex 5.41123 -4.93602 -5
      vertex 5.42989 -4.92589 5
      vertex 5.41123 -4.93602 5
    endloop
  endfacet
  facet normal 0.477102 -0.878848 0
    outer loop
      vertex 5.42989 -4.92589 5
      vertex 5.41123 -4.93602 -5
      vertex 5.42989 -4.92589 -5
    endloop
  endfacet
  facet normal 0.910044 0.414513 0
    outer loop
      vertex 4.89847 -6.51412 5
      vertex 4.88967 -6.4948 -5
      vertex 4.88967 -6.4948 5
    endloop
  endfacet
  facet normal 0.910044 0.414513 0
    outer loop
      vertex 4.88967 -6.4948 -5
      vertex 4.89847 -6.51412 5
      vertex 4.89847 -6.51412 -5
    endloop
  endfacet
  facet normal 0.84339 -0.537302 0
    outer loop
      vertex 4.96934 -5.35535 5
      vertex 4.98075 -5.33744 -5
      vertex 4.98075 -5.33744 5
    endloop
  endfacet
  facet normal 0.84339 -0.537302 0
    outer loop
      vertex 4.98075 -5.33744 -5
      vertex 4.96934 -5.35535 5
      vertex 4.96934 -5.35535 -5
    endloop
  endfacet
  facet normal -0.113068 -0.993587 0
    outer loop
      vertex 6.12816 -4.79016 -5
      vertex 6.14925 -4.79256 5
      vertex 6.12816 -4.79016 5
    endloop
  endfacet
  facet normal -0.113068 -0.993587 -0
    outer loop
      vertex 6.14925 -4.79256 5
      vertex 6.12816 -4.79016 -5
      vertex 6.14925 -4.79256 -5
    endloop
  endfacet
  facet normal 0.44646 0.894804 -0
    outer loop
      vertex 5.46772 -7.09339 -5
      vertex 5.44872 -7.08391 5
      vertex 5.46772 -7.09339 5
    endloop
  endfacet
  facet normal 0.44646 0.894804 0
    outer loop
      vertex 5.44872 -7.08391 5
      vertex 5.46772 -7.09339 -5
      vertex 5.44872 -7.08391 -5
    endloop
  endfacet
  facet normal 0.14788 -0.989005 0
    outer loop
      vertex 5.8107 -4.79847 -5
      vertex 5.8317 -4.79533 5
      vertex 5.8107 -4.79847 5
    endloop
  endfacet
  facet normal 0.14788 -0.989005 0
    outer loop
      vertex 5.8317 -4.79533 5
      vertex 5.8107 -4.79847 -5
      vertex 5.8317 -4.79533 -5
    endloop
  endfacet
  facet normal 0.333978 0.942581 -0
    outer loop
      vertex 5.60494 -7.15023 -5
      vertex 5.58493 -7.14314 5
      vertex 5.60494 -7.15023 5
    endloop
  endfacet
  facet normal 0.333978 0.942581 0
    outer loop
      vertex 5.58493 -7.14314 5
      vertex 5.60494 -7.15023 -5
      vertex 5.58493 -7.14314 -5
    endloop
  endfacet
  facet normal -0.760485 -0.649355 0
    outer loop
      vertex 6.9329 -5.21805 -5
      vertex 6.91911 -5.2019 5
      vertex 6.91911 -5.2019 -5
    endloop
  endfacet
  facet normal -0.760485 -0.649355 0
    outer loop
      vertex 6.91911 -5.2019 5
      vertex 6.9329 -5.21805 -5
      vertex 6.9329 -5.21805 5
    endloop
  endfacet
  facet normal -0.113068 0.993587 0
    outer loop
      vertex 6.14925 -7.20744 -5
      vertex 6.12816 -7.20984 5
      vertex 6.14925 -7.20744 5
    endloop
  endfacet
  facet normal -0.113068 0.993587 0
    outer loop
      vertex 6.12816 -7.20984 5
      vertex 6.14925 -7.20744 -5
      vertex 6.12816 -7.20984 -5
    endloop
  endfacet
  facet normal 0.3005 0.953782 -0
    outer loop
      vertex 5.64533 -7.16335 -5
      vertex 5.62508 -7.15697 5
      vertex 5.64533 -7.16335 5
    endloop
  endfacet
  facet normal 0.3005 0.953782 0
    outer loop
      vertex 5.62508 -7.15697 5
      vertex 5.64533 -7.16335 -5
      vertex 5.62508 -7.15697 -5
    endloop
  endfacet
  facet normal 0.887055 0.461664 0
    outer loop
      vertex 4.92689 -6.57111 5
      vertex 4.91709 -6.55228 -5
      vertex 4.91709 -6.55228 5
    endloop
  endfacet
  facet normal 0.887055 0.461664 0
    outer loop
      vertex 4.91709 -6.55228 -5
      vertex 4.92689 -6.57111 5
      vertex 4.92689 -6.57111 -5
    endloop
  endfacet
  facet normal 0.894804 0.44646 0
    outer loop
      vertex 4.91709 -6.55228 5
      vertex 4.90761 -6.53328 -5
      vertex 4.90761 -6.53328 5
    endloop
  endfacet
  facet normal 0.894804 0.44646 0
    outer loop
      vertex 4.90761 -6.53328 -5
      vertex 4.91709 -6.55228 5
      vertex 4.91709 -6.55228 -5
    endloop
  endfacet
  facet normal -0.130467 0.991453 0
    outer loop
      vertex 6.1703 -7.20467 -5
      vertex 6.14925 -7.20744 5
      vertex 6.1703 -7.20467 5
    endloop
  endfacet
  facet normal -0.130467 0.991453 0
    outer loop
      vertex 6.14925 -7.20744 5
      vertex 6.1703 -7.20467 -5
      vertex 6.14925 -7.20744 -5
    endloop
  endfacet
  facet normal 0.793568 0.608481 0
    outer loop
      vertex 5.04238 -6.74896 5
      vertex 5.02946 -6.73211 -5
      vertex 5.02946 -6.73211 5
    endloop
  endfacet
  facet normal 0.793568 0.608481 0
    outer loop
      vertex 5.02946 -6.73211 -5
      vertex 5.04238 -6.74896 5
      vertex 5.04238 -6.74896 -5
    endloop
  endfacet
  facet normal 0.130467 0.991453 -0
    outer loop
      vertex 5.85275 -7.20744 -5
      vertex 5.8317 -7.20467 5
      vertex 5.85275 -7.20744 5
    endloop
  endfacet
  facet normal 0.130467 0.991453 0
    outer loop
      vertex 5.8317 -7.20467 5
      vertex 5.85275 -7.20744 -5
      vertex 5.8317 -7.20467 -5
    endloop
  endfacet
  facet normal -0.771685 0.636004 0
    outer loop
      vertex 6.9329 -6.78195 -5
      vertex 6.9464 -6.76557 5
      vertex 6.9464 -6.76557 -5
    endloop
  endfacet
  facet normal -0.771685 0.636004 0
    outer loop
      vertex 6.9464 -6.76557 5
      vertex 6.9329 -6.78195 -5
      vertex 6.9329 -6.78195 5
    endloop
  endfacet
  facet normal -0.317358 -0.948306 0
    outer loop
      vertex 6.37692 -4.84303 -5
      vertex 6.39706 -4.84977 5
      vertex 6.37692 -4.84303 5
    endloop
  endfacet
  facet normal -0.317358 -0.948306 -0
    outer loop
      vertex 6.39706 -4.84977 5
      vertex 6.37692 -4.84303 -5
      vertex 6.39706 -4.84977 -5
    endloop
  endfacet
  facet normal -0.972345 0.233551 0
    outer loop
      vertex 7.18137 -6.2943 -5
      vertex 7.18633 -6.27365 5
      vertex 7.18633 -6.27365 -5
    endloop
  endfacet
  facet normal -0.972345 0.233551 0
    outer loop
      vertex 7.18633 -6.27365 5
      vertex 7.18137 -6.2943 -5
      vertex 7.18137 -6.2943 5
    endloop
  endfacet
  facet normal 0.894804 -0.44646 0
    outer loop
      vertex 4.90761 -5.46672 5
      vertex 4.91709 -5.44772 -5
      vertex 4.91709 -5.44772 5
    endloop
  endfacet
  facet normal 0.894804 -0.44646 0
    outer loop
      vertex 4.91709 -5.44772 -5
      vertex 4.90761 -5.46672 5
      vertex 4.90761 -5.46672 -5
    endloop
  endfacet
  facet normal 0.507205 0.861825 -0
    outer loop
      vertex 5.39275 -7.05352 -5
      vertex 5.37445 -7.04275 5
      vertex 5.39275 -7.05352 5
    endloop
  endfacet
  facet normal 0.507205 0.861825 0
    outer loop
      vertex 5.37445 -7.04275 5
      vertex 5.39275 -7.05352 -5
      vertex 5.37445 -7.04275 -5
    endloop
  endfacet
  facet normal -0.803882 0.594788 0
    outer loop
      vertex 6.97254 -6.73211 -5
      vertex 6.98517 -6.71504 5
      vertex 6.98517 -6.71504 -5
    endloop
  endfacet
  facet normal -0.803882 0.594788 0
    outer loop
      vertex 6.98517 -6.71504 5
      vertex 6.97254 -6.73211 -5
      vertex 6.97254 -6.73211 5
    endloop
  endfacet
  facet normal 0.793568 -0.608481 0
    outer loop
      vertex 5.02946 -5.26789 5
      vertex 5.04238 -5.25104 -5
      vertex 5.04238 -5.25104 5
    endloop
  endfacet
  facet normal 0.793568 -0.608481 0
    outer loop
      vertex 5.04238 -5.25104 -5
      vertex 5.02946 -5.26789 5
      vertex 5.02946 -5.26789 -5
    endloop
  endfacet
  facet normal 0.233551 -0.972345 0
    outer loop
      vertex 5.7067 -4.81963 -5
      vertex 5.72735 -4.81467 5
      vertex 5.7067 -4.81963 5
    endloop
  endfacet
  facet normal 0.233551 -0.972345 0
    outer loop
      vertex 5.72735 -4.81467 5
      vertex 5.7067 -4.81963 -5
      vertex 5.72735 -4.81467 -5
    endloop
  endfacet
  facet normal 0.283976 0.958831 -0
    outer loop
      vertex 5.66569 -7.16938 -5
      vertex 5.64533 -7.16335 5
      vertex 5.66569 -7.16938 5
    endloop
  endfacet
  facet normal 0.283976 0.958831 0
    outer loop
      vertex 5.64533 -7.16335 5
      vertex 5.66569 -7.16938 -5
      vertex 5.64533 -7.16335 -5
    endloop
  endfacet
  facet normal -0.537302 0.84339 0
    outer loop
      vertex 6.66356 -7.02025 -5
      vertex 6.64565 -7.03166 5
      vertex 6.66356 -7.02025 5
    endloop
  endfacet
  facet normal -0.537302 0.84339 0
    outer loop
      vertex 6.64565 -7.03166 5
      vertex 6.66356 -7.02025 -5
      vertex 6.64565 -7.03166 -5
    endloop
  endfacet
  facet normal -0.461664 -0.887055 0
    outer loop
      vertex 6.55328 -4.91609 -5
      vertex 6.57211 -4.92589 5
      vertex 6.55328 -4.91609 5
    endloop
  endfacet
  facet normal -0.461664 -0.887055 -0
    outer loop
      vertex 6.57211 -4.92589 5
      vertex 6.55328 -4.91609 -5
      vertex 6.57211 -4.92589 -5
    endloop
  endfacet
  facet normal 0.972345 -0.233551 0
    outer loop
      vertex 4.81567 -5.72635 5
      vertex 4.82063 -5.7057 -5
      vertex 4.82063 -5.7057 5
    endloop
  endfacet
  facet normal 0.972345 -0.233551 0
    outer loop
      vertex 4.82063 -5.7057 -5
      vertex 4.81567 -5.72635 5
      vertex 4.81567 -5.72635 -5
    endloop
  endfacet
  facet normal 0.0433146 0.999061 -0
    outer loop
      vertex 5.95855 -7.21576 -5
      vertex 5.93733 -7.21484 5
      vertex 5.95855 -7.21576 5
    endloop
  endfacet
  facet normal 0.0433146 0.999061 0
    outer loop
      vertex 5.93733 -7.21484 5
      vertex 5.95855 -7.21576 -5
      vertex 5.93733 -7.21484 -5
    endloop
  endfacet
  facet normal 0.968086 0.250619 0
    outer loop
      vertex 4.82595 -6.31485 5
      vertex 4.82063 -6.2943 -5
      vertex 4.82063 -6.2943 5
    endloop
  endfacet
  facet normal 0.968086 0.250619 0
    outer loop
      vertex 4.82063 -6.2943 -5
      vertex 4.82595 -6.31485 5
      vertex 4.82595 -6.31485 -5
    endloop
  endfacet
  facet normal 0.333978 -0.942581 0
    outer loop
      vertex 5.58493 -4.85686 -5
      vertex 5.60494 -4.84977 5
      vertex 5.58493 -4.85686 5
    endloop
  endfacet
  facet normal 0.333978 -0.942581 0
    outer loop
      vertex 5.60494 -4.84977 5
      vertex 5.58493 -4.85686 -5
      vertex 5.60494 -4.84977 -5
    endloop
  endfacet
  facet normal 0.594788 0.803882 -0
    outer loop
      vertex 5.28596 -6.98417 -5
      vertex 5.26889 -6.97154 5
      vertex 5.28596 -6.98417 5
    endloop
  endfacet
  facet normal 0.594788 0.803882 0
    outer loop
      vertex 5.26889 -6.97154 5
      vertex 5.28596 -6.98417 -5
      vertex 5.26889 -6.97154 -5
    endloop
  endfacet
  facet normal 0.662696 0.748889 -0
    outer loop
      vertex 5.2029 -6.91811 -5
      vertex 5.187 -6.90404 5
      vertex 5.2029 -6.91811 5
    endloop
  endfacet
  facet normal 0.662696 0.748889 0
    outer loop
      vertex 5.187 -6.90404 5
      vertex 5.2029 -6.91811 -5
      vertex 5.187 -6.90404 -5
    endloop
  endfacet
  facet normal -0.782429 -0.62274 0
    outer loop
      vertex 6.95962 -5.25104 -5
      vertex 6.9464 -5.23443 5
      vertex 6.9464 -5.23443 -5
    endloop
  endfacet
  facet normal -0.782429 -0.62274 0
    outer loop
      vertex 6.9464 -5.23443 5
      vertex 6.95962 -5.25104 -5
      vertex 6.95962 -5.25104 5
    endloop
  endfacet
  facet normal 0.216282 0.976331 -0
    outer loop
      vertex 5.74807 -7.18992 -5
      vertex 5.72735 -7.18533 5
      vertex 5.74807 -7.18992 5
    endloop
  endfacet
  facet normal 0.216282 0.976331 0
    outer loop
      vertex 5.72735 -7.18533 5
      vertex 5.74807 -7.18992 -5
      vertex 5.72735 -7.18533 -5
    endloop
  endfacet
  facet normal -0.267061 -0.96368 0
    outer loop
      vertex 6.31585 -4.82495 -5
      vertex 6.33631 -4.83062 5
      vertex 6.31585 -4.82495 5
    endloop
  endfacet
  facet normal -0.267061 -0.96368 -0
    outer loop
      vertex 6.33631 -4.83062 5
      vertex 6.31585 -4.82495 -5
      vertex 6.33631 -4.83062 -5
    endloop
  endfacet
  facet normal -0.999652 -0.026381 0
    outer loop
      vertex 7.21732 6.02223 -5
      vertex 7.21676 6.04345 5
      vertex 7.21676 6.04345 -5
    endloop
  endfacet
  facet normal -0.999652 -0.026381 0
    outer loop
      vertex 7.21676 6.04345 5
      vertex 7.21732 6.02223 -5
      vertex 7.21732 6.02223 5
    endloop
  endfacet
  facet normal -0.99996 -0.00894924 0
    outer loop
      vertex 7.21751 6.001 -5
      vertex 7.21732 6.02223 5
      vertex 7.21732 6.02223 -5
    endloop
  endfacet
  facet normal -0.99996 -0.00894924 0
    outer loop
      vertex 7.21732 6.02223 5
      vertex 7.21751 6.001 -5
      vertex 7.21751 6.001 5
    endloop
  endfacet
  facet normal -0.999061 -0.0433146 0
    outer loop
      vertex 7.21676 6.04345 -5
      vertex 7.21584 6.06467 5
      vertex 7.21584 6.06467 -5
    endloop
  endfacet
  facet normal -0.999061 -0.0433146 0
    outer loop
      vertex 7.21584 6.06467 5
      vertex 7.21676 6.04345 -5
      vertex 7.21676 6.04345 5
    endloop
  endfacet
  facet normal -0.537302 -0.84339 0
    outer loop
      vertex 6.64565 7.03266 -5
      vertex 6.66356 7.02125 5
      vertex 6.64565 7.03266 5
    endloop
  endfacet
  facet normal -0.537302 -0.84339 -0
    outer loop
      vertex 6.66356 7.02125 5
      vertex 6.64565 7.03266 -5
      vertex 6.66356 7.02125 -5
    endloop
  endfacet
  facet normal -0.165315 0.986241 0
    outer loop
      vertex 6.21224 4.80298 -5
      vertex 6.1913 4.79947 5
      vertex 6.21224 4.80298 5
    endloop
  endfacet
  facet normal -0.165315 0.986241 0
    outer loop
      vertex 6.1913 4.79947 5
      vertex 6.21224 4.80298 -5
      vertex 6.1913 4.79947 -5
    endloop
  endfacet
  facet normal -0.382407 -0.923994 0
    outer loop
      vertex 6.45671 7.12892 -5
      vertex 6.47633 7.1208 5
      vertex 6.45671 7.12892 5
    endloop
  endfacet
  facet normal -0.382407 -0.923994 -0
    outer loop
      vertex 6.47633 7.1208 5
      vertex 6.45671 7.12892 -5
      vertex 6.47633 7.1208 -5
    endloop
  endfacet
  facet normal 0.936774 0.349936 0
    outer loop
      vertex 4.86529 5.56504 5
      vertex 4.85786 5.58493 -5
      vertex 4.85786 5.58493 5
    endloop
  endfacet
  facet normal 0.936774 0.349936 0
    outer loop
      vertex 4.85786 5.58493 -5
      vertex 4.86529 5.56504 5
      vertex 4.86529 5.56504 -5
    endloop
  endfacet
  facet normal -0.998123 -0.0612346 0
    outer loop
      vertex 7.21584 6.06467 -5
      vertex 7.21454 6.08586 5
      vertex 7.21454 6.08586 -5
    endloop
  endfacet
  facet normal -0.998123 -0.0612346 0
    outer loop
      vertex 7.21454 6.08586 5
      vertex 7.21584 6.06467 -5
      vertex 7.21584 6.06467 5
    endloop
  endfacet
  facet normal -0.983338 -0.181786 0
    outer loop
      vertex 7.19902 6.21224 -5
      vertex 7.19516 6.23312 5
      vertex 7.19516 6.23312 -5
    endloop
  endfacet
  facet normal -0.983338 -0.181786 0
    outer loop
      vertex 7.19516 6.23312 5
      vertex 7.19902 6.21224 -5
      vertex 7.19902 6.21224 5
    endloop
  endfacet
  facet normal 0.0782096 -0.996937 0
    outer loop
      vertex 5.89498 7.21288 -5
      vertex 5.91614 7.21454 5
      vertex 5.89498 7.21288 5
    endloop
  endfacet
  facet normal 0.0782096 -0.996937 0
    outer loop
      vertex 5.91614 7.21454 5
      vertex 5.89498 7.21288 -5
      vertex 5.91614 7.21454 -5
    endloop
  endfacet
  facet normal -0.349936 0.936774 0
    outer loop
      vertex 6.43696 4.86529 -5
      vertex 6.41707 4.85786 5
      vertex 6.43696 4.86529 5
    endloop
  endfacet
  facet normal -0.349936 0.936774 0
    outer loop
      vertex 6.41707 4.85786 5
      vertex 6.43696 4.86529 -5
      vertex 6.41707 4.85786 -5
    endloop
  endfacet
  facet normal -0.0960533 -0.995376 0
    outer loop
      vertex 6.10702 7.21288 -5
      vertex 6.12816 7.21084 5
      vertex 6.10702 7.21288 5
    endloop
  endfacet
  facet normal -0.0960533 -0.995376 -0
    outer loop
      vertex 6.12816 7.21084 5
      vertex 6.10702 7.21288 -5
      vertex 6.12816 7.21084 -5
    endloop
  endfacet
  facet normal -0.983338 0.181786 0
    outer loop
      vertex 7.19516 5.76888 -5
      vertex 7.19902 5.78976 5
      vertex 7.19902 5.78976 -5
    endloop
  endfacet
  facet normal -0.983338 0.181786 0
    outer loop
      vertex 7.19902 5.78976 5
      vertex 7.19516 5.76888 -5
      vertex 7.19516 5.76888 5
    endloop
  endfacet
  facet normal -0.675575 0.737291 0
    outer loop
      vertex 6.83065 5.1113 -5
      vertex 6.815 5.09696 5
      vertex 6.83065 5.1113 5
    endloop
  endfacet
  facet normal -0.675575 0.737291 0
    outer loop
      vertex 6.815 5.09696 5
      vertex 6.83065 5.1113 -5
      vertex 6.815 5.09696 -5
    endloop
  endfacet
  facet normal 0.566489 -0.824069 0
    outer loop
      vertex 5.30324 6.9975 -5
      vertex 5.32074 7.00953 5
      vertex 5.30324 6.9975 5
    endloop
  endfacet
  facet normal 0.566489 -0.824069 0
    outer loop
      vertex 5.32074 7.00953 5
      vertex 5.30324 6.9975 -5
      vertex 5.32074 7.00953 -5
    endloop
  endfacet
  facet normal 0.953782 -0.3005 0
    outer loop
      vertex 4.83765 6.35667 5
      vertex 4.84403 6.37692 -5
      vertex 4.84403 6.37692 5
    endloop
  endfacet
  facet normal 0.953782 -0.3005 0
    outer loop
      vertex 4.84403 6.37692 -5
      vertex 4.83765 6.35667 5
      vertex 4.83765 6.35667 -5
    endloop
  endfacet
  facet normal -0.81402 -0.580837 0
    outer loop
      vertex 6.9975 6.69876 -5
      vertex 6.98517 6.71604 5
      vertex 6.98517 6.71604 -5
    endloop
  endfacet
  facet normal -0.81402 -0.580837 0
    outer loop
      vertex 6.98517 6.71604 5
      vertex 6.9975 6.69876 -5
      vertex 6.9975 6.69876 5
    endloop
  endfacet
  facet normal 0.760485 -0.649355 0
    outer loop
      vertex 5.0691 6.78295 5
      vertex 5.08289 6.7991 -5
      vertex 5.08289 6.7991 5
    endloop
  endfacet
  facet normal 0.760485 -0.649355 0
    outer loop
      vertex 5.08289 6.7991 -5
      vertex 5.0691 6.78295 5
      vertex 5.0691 6.78295 -5
    endloop
  endfacet
  facet normal -0.953782 -0.3005 0
    outer loop
      vertex 7.16435 6.35667 -5
      vertex 7.15797 6.37692 5
      vertex 7.15797 6.37692 -5
    endloop
  endfacet
  facet normal -0.953782 -0.3005 0
    outer loop
      vertex 7.15797 6.37692 5
      vertex 7.16435 6.35667 -5
      vertex 7.16435 6.35667 5
    endloop
  endfacet
  facet normal -0.725458 -0.688267 0
    outer loop
      vertex 6.8907 6.83065 -5
      vertex 6.87608 6.84606 5
      vertex 6.87608 6.84606 -5
    endloop
  endfacet
  facet normal -0.725458 -0.688267 0
    outer loop
      vertex 6.87608 6.84606 5
      vertex 6.8907 6.83065 -5
      vertex 6.8907 6.83065 5
    endloop
  endfacet
  facet normal -0.62274 -0.782429 0
    outer loop
      vertex 6.74996 6.95962 -5
      vertex 6.76657 6.9464 5
      vertex 6.74996 6.95962 5
    endloop
  endfacet
  facet normal -0.62274 -0.782429 -0
    outer loop
      vertex 6.76657 6.9464 5
      vertex 6.74996 6.95962 -5
      vertex 6.76657 6.9464 -5
    endloop
  endfacet
  facet normal -0.580837 -0.81402 0
    outer loop
      vertex 6.69876 6.9975 -5
      vertex 6.71604 6.98517 5
      vertex 6.69876 6.9975 5
    endloop
  endfacet
  facet normal -0.580837 -0.81402 -0
    outer loop
      vertex 6.71604 6.98517 5
      vertex 6.69876 6.9975 -5
      vertex 6.71604 6.98517 -5
    endloop
  endfacet
  facet normal -0.887055 -0.461664 0
    outer loop
      vertex 7.08491 6.55328 -5
      vertex 7.07511 6.57211 5
      vertex 7.07511 6.57211 -5
    endloop
  endfacet
  facet normal -0.887055 -0.461664 0
    outer loop
      vertex 7.07511 6.57211 5
      vertex 7.08491 6.55328 -5
      vertex 7.08491 6.55328 5
    endloop
  endfacet
  facet normal 0.3005 -0.953782 0
    outer loop
      vertex 5.62508 7.15797 -5
      vertex 5.64533 7.16435 5
      vertex 5.62508 7.15797 5
    endloop
  endfacet
  facet normal 0.3005 -0.953782 0
    outer loop
      vertex 5.64533 7.16435 5
      vertex 5.62508 7.15797 -5
      vertex 5.64533 7.16435 -5
    endloop
  endfacet
  facet normal -0.782429 0.62274 0
    outer loop
      vertex 6.9464 5.23543 -5
      vertex 6.95962 5.25204 5
      vertex 6.95962 5.25204 -5
    endloop
  endfacet
  facet normal -0.782429 0.62274 0
    outer loop
      vertex 6.95962 5.25204 5
      vertex 6.9464 5.23543 -5
      vertex 6.9464 5.23543 5
    endloop
  endfacet
  facet normal -0.662696 -0.748889 0
    outer loop
      vertex 6.7991 6.91911 -5
      vertex 6.815 6.90504 5
      vertex 6.7991 6.91911 5
    endloop
  endfacet
  facet normal -0.662696 -0.748889 -0
    outer loop
      vertex 6.815 6.90504 5
      vertex 6.7991 6.91911 -5
      vertex 6.815 6.90504 -5
    endloop
  endfacet
  facet normal -0.972345 -0.233551 0
    outer loop
      vertex 7.18633 6.27465 -5
      vertex 7.18137 6.2953 5
      vertex 7.18137 6.2953 -5
    endloop
  endfacet
  facet normal -0.972345 -0.233551 0
    outer loop
      vertex 7.18137 6.2953 5
      vertex 7.18633 6.27465 -5
      vertex 7.18633 6.27465 5
    endloop
  endfacet
  facet normal -0.998123 0.0612346 0
    outer loop
      vertex 7.21454 5.91614 -5
      vertex 7.21584 5.93733 5
      vertex 7.21584 5.93733 -5
    endloop
  endfacet
  facet normal -0.998123 0.0612346 0
    outer loop
      vertex 7.21584 5.93733 5
      vertex 7.21454 5.91614 -5
      vertex 7.21454 5.91614 5
    endloop
  endfacet
  facet normal -0.636004 0.771685 0
    outer loop
      vertex 6.78295 5.0691 -5
      vertex 6.76657 5.0556 5
      vertex 6.78295 5.0691 5
    endloop
  endfacet
  facet normal -0.636004 0.771685 0
    outer loop
      vertex 6.76657 5.0556 5
      vertex 6.78295 5.0691 -5
      vertex 6.76657 5.0556 -5
    endloop
  endfacet
  facet normal -0.026381 -0.999652 0
    outer loop
      vertex 6.02223 7.21732 -5
      vertex 6.04345 7.21676 5
      vertex 6.02223 7.21732 5
    endloop
  endfacet
  facet normal -0.026381 -0.999652 -0
    outer loop
      vertex 6.04345 7.21676 5
      vertex 6.02223 7.21732 -5
      vertex 6.04345 7.21676 -5
    endloop
  endfacet
  facet normal -0.824069 -0.566489 0
    outer loop
      vertex 7.00953 6.68126 -5
      vertex 6.9975 6.69876 5
      vertex 6.9975 6.69876 -5
    endloop
  endfacet
  facet normal -0.824069 -0.566489 0
    outer loop
      vertex 6.9975 6.69876 5
      vertex 7.00953 6.68126 -5
      vertex 7.00953 6.68126 5
    endloop
  endfacet
  facet normal -0.0960533 0.995376 0
    outer loop
      vertex 6.12816 4.79116 -5
      vertex 6.10702 4.78912 5
      vertex 6.12816 4.79116 5
    endloop
  endfacet
  facet normal -0.0960533 0.995376 0
    outer loop
      vertex 6.10702 4.78912 5
      vertex 6.12816 4.79116 -5
      vertex 6.10702 4.78912 -5
    endloop
  endfacet
  facet normal -0.968086 -0.250619 0
    outer loop
      vertex 7.18137 6.2953 -5
      vertex 7.17605 6.31585 5
      vertex 7.17605 6.31585 -5
    endloop
  endfacet
  facet normal -0.968086 -0.250619 0
    outer loop
      vertex 7.17605 6.31585 5
      vertex 7.18137 6.2953 -5
      vertex 7.18137 6.2953 5
    endloop
  endfacet
  facet normal -0.725458 0.688267 0
    outer loop
      vertex 6.87608 5.15594 -5
      vertex 6.8907 5.17135 5
      vertex 6.8907 5.17135 -5
    endloop
  endfacet
  facet normal -0.725458 0.688267 0
    outer loop
      vertex 6.8907 5.17135 5
      vertex 6.87608 5.15594 -5
      vertex 6.87608 5.15594 5
    endloop
  endfacet
  facet normal 0.968086 -0.250619 0
    outer loop
      vertex 4.82063 6.2953 5
      vertex 4.82595 6.31585 -5
      vertex 4.82595 6.31585 5
    endloop
  endfacet
  facet normal 0.968086 -0.250619 0
    outer loop
      vertex 4.82595 6.31585 -5
      vertex 4.82063 6.2953 5
      vertex 4.82063 6.2953 -5
    endloop
  endfacet
  facet normal -0.99996 0.00894924 0
    outer loop
      vertex 7.21732 5.97977 -5
      vertex 7.21751 6.001 5
      vertex 7.21751 6.001 -5
    endloop
  endfacet
  facet normal -0.99996 0.00894924 0
    outer loop
      vertex 7.21751 6.001 5
      vertex 7.21732 5.97977 -5
      vertex 7.21732 5.97977 5
    endloop
  endfacet
  facet normal -0.793568 0.608481 0
    outer loop
      vertex 6.95962 5.25204 -5
      vertex 6.97254 5.26889 5
      vertex 6.97254 5.26889 -5
    endloop
  endfacet
  facet normal -0.793568 0.608481 0
    outer loop
      vertex 6.97254 5.26889 5
      vertex 6.95962 5.25204 -5
      vertex 6.95962 5.25204 5
    endloop
  endfacet
  facet normal 0.861619 -0.507555 0
    outer loop
      vertex 4.94747 6.60925 5
      vertex 4.95825 6.62755 -5
      vertex 4.95825 6.62755 5
    endloop
  endfacet
  facet normal 0.861619 -0.507555 0
    outer loop
      vertex 4.95825 6.62755 -5
      vertex 4.94747 6.60925 5
      vertex 4.94747 6.60925 -5
    endloop
  endfacet
  facet normal 0.833786 0.552088 0
    outer loop
      vertex 4.99247 5.32074 5
      vertex 4.98075 5.33844 -5
      vertex 4.98075 5.33844 5
    endloop
  endfacet
  facet normal 0.833786 0.552088 0
    outer loop
      vertex 4.98075 5.33844 -5
      vertex 4.99247 5.32074 5
      vertex 4.99247 5.32074 -5
    endloop
  endfacet
  facet normal -0.910044 -0.414513 0
    outer loop
      vertex 7.11233 6.4958 -5
      vertex 7.10353 6.51512 5
      vertex 7.10353 6.51512 -5
    endloop
  endfacet
  facet normal -0.910044 -0.414513 0
    outer loop
      vertex 7.10353 6.51512 5
      vertex 7.11233 6.4958 -5
      vertex 7.11233 6.4958 5
    endloop
  endfacet
  facet normal 0.026381 -0.999652 0
    outer loop
      vertex 5.95855 7.21676 -5
      vertex 5.97977 7.21732 5
      vertex 5.95855 7.21676 5
    endloop
  endfacet
  facet normal 0.026381 -0.999652 0
    outer loop
      vertex 5.97977 7.21732 5
      vertex 5.95855 7.21676 -5
      vertex 5.97977 7.21732 -5
    endloop
  endfacet
  facet normal -0.181786 0.983338 0
    outer loop
      vertex 6.23312 4.80684 -5
      vertex 6.21224 4.80298 5
      vertex 6.23312 4.80684 5
    endloop
  endfacet
  facet normal -0.181786 0.983338 0
    outer loop
      vertex 6.21224 4.80298 5
      vertex 6.23312 4.80684 -5
      vertex 6.21224 4.80298 -5
    endloop
  endfacet
  facet normal -0.936774 0.349936 0
    outer loop
      vertex 7.13671 5.56504 -5
      vertex 7.14414 5.58493 5
      vertex 7.14414 5.58493 -5
    endloop
  endfacet
  facet normal -0.936774 0.349936 0
    outer loop
      vertex 7.14414 5.58493 5
      vertex 7.13671 5.56504 -5
      vertex 7.13671 5.56504 5
    endloop
  endfacet
  facet normal 0.382407 -0.923994 0
    outer loop
      vertex 5.52567 7.1208 -5
      vertex 5.54529 7.12892 5
      vertex 5.52567 7.1208 5
    endloop
  endfacet
  facet normal 0.382407 -0.923994 0
    outer loop
      vertex 5.54529 7.12892 5
      vertex 5.52567 7.1208 -5
      vertex 5.54529 7.12892 -5
    endloop
  endfacet
  facet normal -0.84339 -0.537302 0
    outer loop
      vertex 7.03266 6.64565 -5
      vertex 7.02125 6.66356 5
      vertex 7.02125 6.66356 -5
    endloop
  endfacet
  facet normal -0.84339 -0.537302 0
    outer loop
      vertex 7.02125 6.66356 5
      vertex 7.03266 6.64565 -5
      vertex 7.03266 6.64565 5
    endloop
  endfacet
  facet normal -0.996937 0.0782096 0
    outer loop
      vertex 7.21288 5.89498 -5
      vertex 7.21454 5.91614 5
      vertex 7.21454 5.91614 -5
    endloop
  endfacet
  facet normal -0.996937 0.0782096 0
    outer loop
      vertex 7.21454 5.91614 5
      vertex 7.21288 5.89498 -5
      vertex 7.21288 5.89498 5
    endloop
  endfacet
  facet normal -0.930253 -0.36692 0
    outer loop
      vertex 7.13671 6.43696 -5
      vertex 7.12892 6.45671 5
      vertex 7.12892 6.45671 -5
    endloop
  endfacet
  facet normal -0.930253 -0.36692 0
    outer loop
      vertex 7.12892 6.45671 5
      vertex 7.13671 6.43696 -5
      vertex 7.13671 6.43696 5
    endloop
  endfacet
  facet normal 0.349936 -0.936774 0
    outer loop
      vertex 5.56504 7.13671 -5
      vertex 5.58493 7.14414 5
      vertex 5.56504 7.13671 5
    endloop
  endfacet
  facet normal 0.349936 -0.936774 0
    outer loop
      vertex 5.58493 7.14414 5
      vertex 5.56504 7.13671 -5
      vertex 5.58493 7.14414 -5
    endloop
  endfacet
  facet normal -0.852676 0.522441 0
    outer loop
      vertex 7.03266 5.35635 -5
      vertex 7.04375 5.37445 5
      vertex 7.04375 5.37445 -5
    endloop
  endfacet
  facet normal -0.852676 0.522441 0
    outer loop
      vertex 7.04375 5.37445 5
      vertex 7.03266 5.35635 -5
      vertex 7.03266 5.35635 5
    endloop
  endfacet
  facet normal -0.991453 -0.130467 0
    outer loop
      vertex 7.20844 6.14925 -5
      vertex 7.20567 6.1703 5
      vertex 7.20567 6.1703 -5
    endloop
  endfacet
  facet normal -0.991453 -0.130467 0
    outer loop
      vertex 7.20567 6.1703 5
      vertex 7.20844 6.14925 -5
      vertex 7.20844 6.14925 5
    endloop
  endfacet
  facet normal 0.878848 -0.477102 0
    outer loop
      vertex 4.92689 6.57211 5
      vertex 4.93702 6.59077 -5
      vertex 4.93702 6.59077 5
    endloop
  endfacet
  facet normal 0.878848 -0.477102 0
    outer loop
      vertex 4.93702 6.59077 -5
      vertex 4.92689 6.57211 5
      vertex 4.92689 6.57211 -5
    endloop
  endfacet
  facet normal 0.675575 0.737291 -0
    outer loop
      vertex 5.187 5.09696 -5
      vertex 5.17135 5.1113 5
      vertex 5.187 5.09696 5
    endloop
  endfacet
  facet normal 0.675575 0.737291 0
    outer loop
      vertex 5.17135 5.1113 5
      vertex 5.187 5.09696 -5
      vertex 5.17135 5.1113 -5
    endloop
  endfacet
  facet normal 0.996937 0.0782096 0
    outer loop
      vertex 4.78912 5.89498 5
      vertex 4.78746 5.91614 -5
      vertex 4.78746 5.91614 5
    endloop
  endfacet
  facet normal 0.996937 0.0782096 0
    outer loop
      vertex 4.78746 5.91614 -5
      vertex 4.78912 5.89498 5
      vertex 4.78912 5.89498 -5
    endloop
  endfacet
  facet normal 0.999664 -0.0259102 0
    outer loop
      vertex 4.78468 6.02223 5
      vertex 4.78523 6.04345 -5
      vertex 4.78523 6.04345 5
    endloop
  endfacet
  facet normal 0.999664 -0.0259102 0
    outer loop
      vertex 4.78523 6.04345 -5
      vertex 4.78468 6.02223 5
      vertex 4.78468 6.02223 -5
    endloop
  endfacet
  facet normal -0.3005 -0.953782 0
    outer loop
      vertex 6.35667 7.16435 -5
      vertex 6.37692 7.15797 5
      vertex 6.35667 7.16435 5
    endloop
  endfacet
  facet normal -0.3005 -0.953782 -0
    outer loop
      vertex 6.37692 7.15797 5
      vertex 6.35667 7.16435 -5
      vertex 6.37692 7.15797 -5
    endloop
  endfacet
  facet normal -0.0437845 0.999041 0
    outer loop
      vertex 6.06467 4.78616 -5
      vertex 6.04345 4.78523 5
      vertex 6.06467 4.78616 5
    endloop
  endfacet
  facet normal -0.0437845 0.999041 0
    outer loop
      vertex 6.04345 4.78523 5
      vertex 6.06467 4.78616 -5
      vertex 6.04345 4.78523 -5
    endloop
  endfacet
  facet normal 0.414513 -0.910044 0
    outer loop
      vertex 5.48688 7.10353 -5
      vertex 5.5062 7.11233 5
      vertex 5.48688 7.10353 5
    endloop
  endfacet
  facet normal 0.414513 -0.910044 0
    outer loop
      vertex 5.5062 7.11233 5
      vertex 5.48688 7.10353 -5
      vertex 5.5062 7.11233 -5
    endloop
  endfacet
  facet normal 0.0612346 -0.998123 0
    outer loop
      vertex 5.91614 7.21454 -5
      vertex 5.93733 7.21584 5
      vertex 5.91614 7.21454 5
    endloop
  endfacet
  facet normal 0.0612346 -0.998123 0
    outer loop
      vertex 5.93733 7.21584 5
      vertex 5.91614 7.21454 -5
      vertex 5.93733 7.21584 -5
    endloop
  endfacet
  facet normal 0.916988 -0.398916 0
    outer loop
      vertex 4.8812 6.47633 5
      vertex 4.88967 6.4958 -5
      vertex 4.88967 6.4958 5
    endloop
  endfacet
  facet normal 0.916988 -0.398916 0
    outer loop
      vertex 4.88967 6.4958 -5
      vertex 4.8812 6.47633 5
      vertex 4.8812 6.47633 -5
    endloop
  endfacet
  facet normal 0.267061 0.96368 -0
    outer loop
      vertex 5.68615 4.82595 -5
      vertex 5.66569 4.83162 5
      vertex 5.68615 4.82595 5
    endloop
  endfacet
  facet normal 0.267061 0.96368 0
    outer loop
      vertex 5.66569 4.83162 5
      vertex 5.68615 4.82595 -5
      vertex 5.66569 4.83162 -5
    endloop
  endfacet
  facet normal 0.976331 -0.216282 0
    outer loop
      vertex 4.81108 6.25393 5
      vertex 4.81567 6.27465 -5
      vertex 4.81567 6.27465 5
    endloop
  endfacet
  facet normal 0.976331 -0.216282 0
    outer loop
      vertex 4.81567 6.27465 -5
      vertex 4.81108 6.25393 5
      vertex 4.81108 6.25393 -5
    endloop
  endfacet
  facet normal -0.902564 -0.430555 0
    outer loop
      vertex 7.10353 6.51512 -5
      vertex 7.09439 6.53428 5
      vertex 7.09439 6.53428 -5
    endloop
  endfacet
  facet normal -0.902564 -0.430555 0
    outer loop
      vertex 7.09439 6.53428 5
      vertex 7.10353 6.51512 -5
      vertex 7.10353 6.51512 5
    endloop
  endfacet
  facet normal -0.398916 -0.916988 0
    outer loop
      vertex 6.47633 7.1208 -5
      vertex 6.4958 7.11233 5
      vertex 6.47633 7.1208 5
    endloop
  endfacet
  facet normal -0.398916 -0.916988 -0
    outer loop
      vertex 6.4958 7.11233 5
      vertex 6.47633 7.1208 -5
      vertex 6.4958 7.11233 -5
    endloop
  endfacet
  facet normal -0.267061 0.96368 0
    outer loop
      vertex 6.33631 4.83162 -5
      vertex 6.31585 4.82595 5
      vertex 6.33631 4.83162 5
    endloop
  endfacet
  facet normal -0.267061 0.96368 0
    outer loop
      vertex 6.31585 4.82595 5
      vertex 6.33631 4.83162 -5
      vertex 6.31585 4.82595 -5
    endloop
  endfacet
  facet normal 0.989005 -0.14788 0
    outer loop
      vertex 4.79633 6.1703 5
      vertex 4.79947 6.1913 -5
      vertex 4.79947 6.1913 5
    endloop
  endfacet
  facet normal 0.989005 -0.14788 0
    outer loop
      vertex 4.79947 6.1913 -5
      vertex 4.79633 6.1703 5
      vertex 4.79633 6.1703 -5
    endloop
  endfacet
  facet normal 0.771685 -0.636004 0
    outer loop
      vertex 5.0556 6.76657 5
      vertex 5.0691 6.78295 -5
      vertex 5.0691 6.78295 5
    endloop
  endfacet
  facet normal 0.771685 -0.636004 0
    outer loop
      vertex 5.0691 6.78295 -5
      vertex 5.0556 6.76657 5
      vertex 5.0556 6.76657 -5
    endloop
  endfacet
  facet normal 0.979868 0.199646 0
    outer loop
      vertex 4.81108 5.74807 5
      vertex 4.80684 5.76888 -5
      vertex 4.80684 5.76888 5
    endloop
  endfacet
  facet normal 0.979868 0.199646 0
    outer loop
      vertex 4.80684 5.76888 -5
      vertex 4.81108 5.74807 5
      vertex 4.81108 5.74807 -5
    endloop
  endfacet
  facet normal 0.317358 0.948306 -0
    outer loop
      vertex 5.62508 4.84403 -5
      vertex 5.60494 4.85077 5
      vertex 5.62508 4.84403 5
    endloop
  endfacet
  facet normal 0.317358 0.948306 0
    outer loop
      vertex 5.60494 4.85077 5
      vertex 5.62508 4.84403 -5
      vertex 5.60494 4.85077 -5
    endloop
  endfacet
  facet normal 0.649355 0.760485 -0
    outer loop
      vertex 5.21905 5.0691 -5
      vertex 5.2029 5.08289 5
      vertex 5.21905 5.0691 5
    endloop
  endfacet
  facet normal 0.649355 0.760485 0
    outer loop
      vertex 5.2029 5.08289 5
      vertex 5.21905 5.0691 -5
      vertex 5.2029 5.08289 -5
    endloop
  endfacet
  facet normal -0.81402 0.580837 0
    outer loop
      vertex 6.98517 5.28596 -5
      vertex 6.9975 5.30324 5
      vertex 6.9975 5.30324 -5
    endloop
  endfacet
  facet normal -0.81402 0.580837 0
    outer loop
      vertex 6.9975 5.30324 5
      vertex 6.98517 5.28596 -5
      vertex 6.98517 5.28596 5
    endloop
  endfacet
  facet normal 0.250619 -0.968086 0
    outer loop
      vertex 5.68615 7.17605 -5
      vertex 5.7067 7.18137 5
      vertex 5.68615 7.17605 5
    endloop
  endfacet
  facet normal 0.250619 -0.968086 0
    outer loop
      vertex 5.7067 7.18137 5
      vertex 5.68615 7.17605 -5
      vertex 5.7067 7.18137 -5
    endloop
  endfacet
  facet normal 0.0612346 0.998123 -0
    outer loop
      vertex 5.93733 4.78616 -5
      vertex 5.91614 4.78746 5
      vertex 5.93733 4.78616 5
    endloop
  endfacet
  facet normal 0.0612346 0.998123 0
    outer loop
      vertex 5.91614 4.78746 5
      vertex 5.93733 4.78616 -5
      vertex 5.91614 4.78746 -5
    endloop
  endfacet
  facet normal 0.199646 -0.979868 0
    outer loop
      vertex 5.74807 7.19092 -5
      vertex 5.76888 7.19516 5
      vertex 5.74807 7.19092 5
    endloop
  endfacet
  facet normal 0.199646 -0.979868 0
    outer loop
      vertex 5.76888 7.19516 5
      vertex 5.74807 7.19092 -5
      vertex 5.76888 7.19516 -5
    endloop
  endfacet
  facet normal -0.0612346 0.998123 0
    outer loop
      vertex 6.08586 4.78746 -5
      vertex 6.06467 4.78616 5
      vertex 6.08586 4.78746 5
    endloop
  endfacet
  facet normal -0.0612346 0.998123 0
    outer loop
      vertex 6.06467 4.78616 5
      vertex 6.08586 4.78746 -5
      vertex 6.06467 4.78616 -5
    endloop
  endfacet
  facet normal 0.552088 -0.833786 0
    outer loop
      vertex 5.32074 7.00953 -5
      vertex 5.33844 7.02125 5
      vertex 5.32074 7.00953 5
    endloop
  endfacet
  facet normal 0.552088 -0.833786 0
    outer loop
      vertex 5.33844 7.02125 5
      vertex 5.32074 7.00953 -5
      vertex 5.33844 7.02125 -5
    endloop
  endfacet
  facet normal -0.793568 -0.608481 0
    outer loop
      vertex 6.97254 6.73311 -5
      vertex 6.95962 6.74996 5
      vertex 6.95962 6.74996 -5
    endloop
  endfacet
  facet normal -0.793568 -0.608481 0
    outer loop
      vertex 6.95962 6.74996 5
      vertex 6.97254 6.73311 -5
      vertex 6.97254 6.73311 5
    endloop
  endfacet
  facet normal 0.870466 0.492228 0
    outer loop
      vertex 4.94747 5.39275 5
      vertex 4.93702 5.41123 -5
      vertex 4.93702 5.41123 5
    endloop
  endfacet
  facet normal 0.870466 0.492228 0
    outer loop
      vertex 4.93702 5.41123 -5
      vertex 4.94747 5.39275 5
      vertex 4.94747 5.39275 -5
    endloop
  endfacet
  facet normal -0.942581 -0.333978 0
    outer loop
      vertex 7.15123 6.39706 -5
      vertex 7.14414 6.41707 5
      vertex 7.14414 6.41707 -5
    endloop
  endfacet
  facet normal -0.942581 -0.333978 0
    outer loop
      vertex 7.14414 6.41707 5
      vertex 7.15123 6.39706 -5
      vertex 7.15123 6.39706 5
    endloop
  endfacet
  facet normal -0.916988 0.398916 0
    outer loop
      vertex 7.11233 5.5062 -5
      vertex 7.1208 5.52567 5
      vertex 7.1208 5.52567 -5
    endloop
  endfacet
  facet normal -0.916988 0.398916 0
    outer loop
      vertex 7.1208 5.52567 5
      vertex 7.11233 5.5062 -5
      vertex 7.11233 5.5062 5
    endloop
  endfacet
  facet normal 0.999041 0.0437845 0
    outer loop
      vertex 4.78616 5.93733 5
      vertex 4.78523 5.95855 -5
      vertex 4.78523 5.95855 5
    endloop
  endfacet
  facet normal 0.999041 0.0437845 0
    outer loop
      vertex 4.78523 5.95855 -5
      vertex 4.78616 5.93733 5
      vertex 4.78616 5.93733 -5
    endloop
  endfacet
  facet normal 0.996937 -0.0782096 0
    outer loop
      vertex 4.78746 6.08586 5
      vertex 4.78912 6.10702 -5
      vertex 4.78912 6.10702 5
    endloop
  endfacet
  facet normal 0.996937 -0.0782096 0
    outer loop
      vertex 4.78912 6.10702 -5
      vertex 4.78746 6.08586 5
      vertex 4.78746 6.08586 -5
    endloop
  endfacet
  facet normal 0.999664 0.0259102 0
    outer loop
      vertex 4.78523 5.95855 5
      vertex 4.78468 5.97977 -5
      vertex 4.78468 5.97977 5
    endloop
  endfacet
  facet normal 0.999664 0.0259102 0
    outer loop
      vertex 4.78468 5.97977 -5
      vertex 4.78523 5.95855 5
      vertex 4.78523 5.95855 -5
    endloop
  endfacet
  facet normal 0.113068 -0.993587 0
    outer loop
      vertex 5.85275 7.20844 -5
      vertex 5.87384 7.21084 5
      vertex 5.85275 7.20844 5
    endloop
  endfacet
  facet normal 0.113068 -0.993587 0
    outer loop
      vertex 5.87384 7.21084 5
      vertex 5.85275 7.20844 -5
      vertex 5.87384 7.21084 -5
    endloop
  endfacet
  facet normal -0.995376 -0.0960533 0
    outer loop
      vertex 7.21288 6.10702 -5
      vertex 7.21084 6.12816 5
      vertex 7.21084 6.12816 -5
    endloop
  endfacet
  facet normal -0.995376 -0.0960533 0
    outer loop
      vertex 7.21084 6.12816 5
      vertex 7.21288 6.10702 -5
      vertex 7.21288 6.10702 5
    endloop
  endfacet
  facet normal -0.0612346 -0.998123 0
    outer loop
      vertex 6.06467 7.21584 -5
      vertex 6.08586 7.21454 5
      vertex 6.06467 7.21584 5
    endloop
  endfacet
  facet normal -0.0612346 -0.998123 -0
    outer loop
      vertex 6.08586 7.21454 5
      vertex 6.06467 7.21584 -5
      vertex 6.08586 7.21454 -5
    endloop
  endfacet
  facet normal 0.36692 -0.930253 0
    outer loop
      vertex 5.54529 7.12892 -5
      vertex 5.56504 7.13671 5
      vertex 5.54529 7.12892 5
    endloop
  endfacet
  facet normal 0.36692 -0.930253 0
    outer loop
      vertex 5.56504 7.13671 5
      vertex 5.54529 7.12892 -5
      vertex 5.56504 7.13671 -5
    endloop
  endfacet
  facet normal 0.283976 -0.958831 0
    outer loop
      vertex 5.64533 7.16435 -5
      vertex 5.66569 7.17038 5
      vertex 5.64533 7.16435 5
    endloop
  endfacet
  facet normal 0.283976 -0.958831 0
    outer loop
      vertex 5.66569 7.17038 5
      vertex 5.64533 7.16435 -5
      vertex 5.66569 7.17038 -5
    endloop
  endfacet
  facet normal -0.430555 0.902564 0
    outer loop
      vertex 6.53428 4.90761 -5
      vertex 6.51512 4.89847 5
      vertex 6.53428 4.90761 5
    endloop
  endfacet
  facet normal -0.430555 0.902564 0
    outer loop
      vertex 6.51512 4.89847 5
      vertex 6.53428 4.90761 -5
      vertex 6.51512 4.89847 -5
    endloop
  endfacet
  facet normal 0.81402 0.580837 0
    outer loop
      vertex 5.01683 5.28596 5
      vertex 5.0045 5.30324 -5
      vertex 5.0045 5.30324 5
    endloop
  endfacet
  facet normal 0.81402 0.580837 0
    outer loop
      vertex 5.0045 5.30324 -5
      vertex 5.01683 5.28596 5
      vertex 5.01683 5.28596 -5
    endloop
  endfacet
  facet normal -0.0782096 0.996937 0
    outer loop
      vertex 6.10702 4.78912 -5
      vertex 6.08586 4.78746 5
      vertex 6.10702 4.78912 5
    endloop
  endfacet
  facet normal -0.0782096 0.996937 0
    outer loop
      vertex 6.08586 4.78746 5
      vertex 6.10702 4.78912 -5
      vertex 6.08586 4.78746 -5
    endloop
  endfacet
  facet normal 0.165315 -0.986241 0
    outer loop
      vertex 5.78976 7.19902 -5
      vertex 5.8107 7.20253 5
      vertex 5.78976 7.19902 5
    endloop
  endfacet
  facet normal 0.165315 -0.986241 0
    outer loop
      vertex 5.8107 7.20253 5
      vertex 5.78976 7.19902 -5
      vertex 5.8107 7.20253 -5
    endloop
  endfacet
  facet normal -0.986241 0.165315 0
    outer loop
      vertex 7.19902 5.78976 -5
      vertex 7.20253 5.8107 5
      vertex 7.20253 5.8107 -5
    endloop
  endfacet
  facet normal -0.986241 0.165315 0
    outer loop
      vertex 7.20253 5.8107 5
      vertex 7.19902 5.78976 -5
      vertex 7.19902 5.78976 5
    endloop
  endfacet
  facet normal 0.983338 -0.181786 0
    outer loop
      vertex 4.80298 6.21224 5
      vertex 4.80684 6.23312 -5
      vertex 4.80684 6.23312 5
    endloop
  endfacet
  facet normal 0.983338 -0.181786 0
    outer loop
      vertex 4.80684 6.23312 -5
      vertex 4.80298 6.21224 5
      vertex 4.80298 6.21224 -5
    endloop
  endfacet
  facet normal -0.737291 0.675575 0
    outer loop
      vertex 6.8907 5.17135 -5
      vertex 6.90504 5.187 5
      vertex 6.90504 5.187 -5
    endloop
  endfacet
  facet normal -0.737291 0.675575 0
    outer loop
      vertex 6.90504 5.187 5
      vertex 6.8907 5.17135 -5
      vertex 6.8907 5.17135 5
    endloop
  endfacet
  facet normal 0.398916 -0.916988 0
    outer loop
      vertex 5.5062 7.11233 -5
      vertex 5.52567 7.1208 5
      vertex 5.5062 7.11233 5
    endloop
  endfacet
  facet normal 0.398916 -0.916988 0
    outer loop
      vertex 5.52567 7.1208 5
      vertex 5.5062 7.11233 -5
      vertex 5.52567 7.1208 -5
    endloop
  endfacet
  facet normal 0.852676 -0.522441 0
    outer loop
      vertex 4.95825 6.62755 5
      vertex 4.96934 6.64565 -5
      vertex 4.96934 6.64565 5
    endloop
  endfacet
  facet normal 0.852676 -0.522441 0
    outer loop
      vertex 4.96934 6.64565 -5
      vertex 4.95825 6.62755 5
      vertex 4.95825 6.62755 -5
    endloop
  endfacet
  facet normal -0.662696 0.748889 0
    outer loop
      vertex 6.815 5.09696 -5
      vertex 6.7991 5.08289 5
      vertex 6.815 5.09696 5
    endloop
  endfacet
  facet normal -0.662696 0.748889 0
    outer loop
      vertex 6.7991 5.08289 5
      vertex 6.815 5.09696 -5
      vertex 6.7991 5.08289 -5
    endloop
  endfacet
  facet normal -0.36692 0.930253 0
    outer loop
      vertex 6.45671 4.87308 -5
      vertex 6.43696 4.86529 5
      vertex 6.45671 4.87308 5
    endloop
  endfacet
  facet normal -0.36692 0.930253 0
    outer loop
      vertex 6.43696 4.86529 5
      vertex 6.45671 4.87308 -5
      vertex 6.43696 4.86529 -5
    endloop
  endfacet
  facet normal -0.958831 -0.283976 0
    outer loop
      vertex 7.17038 6.33631 -5
      vertex 7.16435 6.35667 5
      vertex 7.16435 6.35667 -5
    endloop
  endfacet
  facet normal -0.958831 -0.283976 0
    outer loop
      vertex 7.16435 6.35667 5
      vertex 7.17038 6.33631 -5
      vertex 7.17038 6.33631 5
    endloop
  endfacet
  facet normal -0.979868 -0.199646 0
    outer loop
      vertex 7.19516 6.23312 -5
      vertex 7.19092 6.25393 5
      vertex 7.19092 6.25393 -5
    endloop
  endfacet
  facet normal -0.979868 -0.199646 0
    outer loop
      vertex 7.19092 6.25393 5
      vertex 7.19516 6.23312 -5
      vertex 7.19516 6.23312 5
    endloop
  endfacet
  facet normal -0.902564 0.430555 0
    outer loop
      vertex 7.09439 5.46772 -5
      vertex 7.10353 5.48688 5
      vertex 7.10353 5.48688 -5
    endloop
  endfacet
  facet normal -0.902564 0.430555 0
    outer loop
      vertex 7.10353 5.48688 5
      vertex 7.09439 5.46772 -5
      vertex 7.09439 5.46772 5
    endloop
  endfacet
  facet normal 0.216282 -0.976331 0
    outer loop
      vertex 5.72735 7.18633 -5
      vertex 5.74807 7.19092 5
      vertex 5.72735 7.18633 5
    endloop
  endfacet
  facet normal 0.216282 -0.976331 0
    outer loop
      vertex 5.74807 7.19092 5
      vertex 5.72735 7.18633 -5
      vertex 5.74807 7.19092 -5
    endloop
  endfacet
  facet normal -0.993587 -0.113068 0
    outer loop
      vertex 7.21084 6.12816 -5
      vertex 7.20844 6.14925 5
      vertex 7.20844 6.14925 -5
    endloop
  endfacet
  facet normal -0.993587 -0.113068 0
    outer loop
      vertex 7.20844 6.14925 5
      vertex 7.21084 6.12816 -5
      vertex 7.21084 6.12816 5
    endloop
  endfacet
  facet normal 0.824069 0.566489 0
    outer loop
      vertex 5.0045 5.30324 5
      vertex 4.99247 5.32074 -5
      vertex 4.99247 5.32074 5
    endloop
  endfacet
  facet normal 0.824069 0.566489 0
    outer loop
      vertex 4.99247 5.32074 -5
      vertex 5.0045 5.30324 5
      vertex 5.0045 5.30324 -5
    endloop
  endfacet
  facet normal -0.0782096 -0.996937 0
    outer loop
      vertex 6.08586 7.21454 -5
      vertex 6.10702 7.21288 5
      vertex 6.08586 7.21454 5
    endloop
  endfacet
  facet normal -0.0782096 -0.996937 -0
    outer loop
      vertex 6.10702 7.21288 5
      vertex 6.08586 7.21454 -5
      vertex 6.10702 7.21288 -5
    endloop
  endfacet
  facet normal -0.566489 0.824069 0
    outer loop
      vertex 6.69876 5.0045 -5
      vertex 6.68126 4.99247 5
      vertex 6.69876 5.0045 5
    endloop
  endfacet
  facet normal -0.566489 0.824069 0
    outer loop
      vertex 6.68126 4.99247 5
      vertex 6.69876 5.0045 -5
      vertex 6.68126 4.99247 -5
    endloop
  endfacet
  facet normal 0.688267 0.725458 -0
    outer loop
      vertex 5.17135 5.1113 -5
      vertex 5.15594 5.12592 5
      vertex 5.17135 5.1113 5
    endloop
  endfacet
  facet normal 0.688267 0.725458 0
    outer loop
      vertex 5.15594 5.12592 5
      vertex 5.17135 5.1113 -5
      vertex 5.15594 5.12592 -5
    endloop
  endfacet
  facet normal -0.649355 -0.760485 0
    outer loop
      vertex 6.78295 6.9329 -5
      vertex 6.7991 6.91911 5
      vertex 6.78295 6.9329 5
    endloop
  endfacet
  facet normal -0.649355 -0.760485 -0
    outer loop
      vertex 6.7991 6.91911 5
      vertex 6.78295 6.9329 -5
      vertex 6.7991 6.91911 -5
    endloop
  endfacet
  facet normal 0.649355 -0.760485 0
    outer loop
      vertex 5.2029 6.91911 -5
      vertex 5.21905 6.9329 5
      vertex 5.2029 6.91911 5
    endloop
  endfacet
  facet normal 0.649355 -0.760485 0
    outer loop
      vertex 5.21905 6.9329 5
      vertex 5.2029 6.91911 -5
      vertex 5.21905 6.9329 -5
    endloop
  endfacet
  facet normal -0.44646 0.894804 0
    outer loop
      vertex 6.55328 4.91709 -5
      vertex 6.53428 4.90761 5
      vertex 6.55328 4.91709 5
    endloop
  endfacet
  facet normal -0.44646 0.894804 0
    outer loop
      vertex 6.53428 4.90761 5
      vertex 6.55328 4.91709 -5
      vertex 6.53428 4.90761 -5
    endloop
  endfacet
  facet normal -0.333978 0.942581 0
    outer loop
      vertex 6.41707 4.85786 -5
      vertex 6.39706 4.85077 5
      vertex 6.41707 4.85786 5
    endloop
  endfacet
  facet normal -0.333978 0.942581 0
    outer loop
      vertex 6.39706 4.85077 5
      vertex 6.41707 4.85786 -5
      vertex 6.39706 4.85077 -5
    endloop
  endfacet
  facet normal -0.948306 0.317358 0
    outer loop
      vertex 7.15123 5.60494 -5
      vertex 7.15797 5.62508 5
      vertex 7.15797 5.62508 -5
    endloop
  endfacet
  facet normal -0.948306 0.317358 0
    outer loop
      vertex 7.15797 5.62508 5
      vertex 7.15123 5.60494 -5
      vertex 7.15123 5.60494 5
    endloop
  endfacet
  facet normal -0.62274 0.782429 0
    outer loop
      vertex 6.76657 5.0556 -5
      vertex 6.74996 5.04238 5
      vertex 6.76657 5.0556 5
    endloop
  endfacet
  facet normal -0.62274 0.782429 0
    outer loop
      vertex 6.74996 5.04238 5
      vertex 6.76657 5.0556 -5
      vertex 6.74996 5.04238 -5
    endloop
  endfacet
  facet normal 0.948306 -0.317358 0
    outer loop
      vertex 4.84403 6.37692 5
      vertex 4.85077 6.39706 -5
      vertex 4.85077 6.39706 5
    endloop
  endfacet
  facet normal 0.948306 -0.317358 0
    outer loop
      vertex 4.85077 6.39706 -5
      vertex 4.84403 6.37692 5
      vertex 4.84403 6.37692 -5
    endloop
  endfacet
  facet normal 0.923994 0.382407 0
    outer loop
      vertex 4.8812 5.52567 5
      vertex 4.87308 5.54529 -5
      vertex 4.87308 5.54529 5
    endloop
  endfacet
  facet normal 0.923994 0.382407 0
    outer loop
      vertex 4.87308 5.54529 -5
      vertex 4.8812 5.52567 5
      vertex 4.8812 5.52567 -5
    endloop
  endfacet
  facet normal 0.0960533 0.995376 -0
    outer loop
      vertex 5.89498 4.78912 -5
      vertex 5.87384 4.79116 5
      vertex 5.89498 4.78912 5
    endloop
  endfacet
  facet normal 0.0960533 0.995376 0
    outer loop
      vertex 5.87384 4.79116 5
      vertex 5.89498 4.78912 -5
      vertex 5.87384 4.79116 -5
    endloop
  endfacet
  facet normal -0.492585 -0.870264 0
    outer loop
      vertex 6.59077 7.06498 -5
      vertex 6.60925 7.05452 5
      vertex 6.59077 7.06498 5
    endloop
  endfacet
  facet normal -0.492585 -0.870264 -0
    outer loop
      vertex 6.60925 7.05452 5
      vertex 6.59077 7.06498 -5
      vertex 6.60925 7.05452 -5
    endloop
  endfacet
  facet normal -0.923994 0.382407 0
    outer loop
      vertex 7.1208 5.52567 -5
      vertex 7.12892 5.54529 5
      vertex 7.12892 5.54529 -5
    endloop
  endfacet
  facet normal -0.923994 0.382407 0
    outer loop
      vertex 7.12892 5.54529 5
      vertex 7.1208 5.52567 -5
      vertex 7.1208 5.52567 5
    endloop
  endfacet
  facet normal -0.894804 -0.44646 0
    outer loop
      vertex 7.09439 6.53428 -5
      vertex 7.08491 6.55328 5
      vertex 7.08491 6.55328 -5
    endloop
  endfacet
  facet normal -0.894804 -0.44646 0
    outer loop
      vertex 7.08491 6.55328 5
      vertex 7.09439 6.53428 -5
      vertex 7.09439 6.53428 5
    endloop
  endfacet
  facet normal -0.713204 0.700956 0
    outer loop
      vertex 6.8612 5.1408 -5
      vertex 6.87608 5.15594 5
      vertex 6.87608 5.15594 -5
    endloop
  endfacet
  facet normal -0.713204 0.700956 0
    outer loop
      vertex 6.87608 5.15594 5
      vertex 6.8612 5.1408 -5
      vertex 6.8612 5.1408 5
    endloop
  endfacet
  facet normal -0.398916 0.916988 0
    outer loop
      vertex 6.4958 4.88967 -5
      vertex 6.47633 4.8812 5
      vertex 6.4958 4.88967 5
    endloop
  endfacet
  facet normal -0.398916 0.916988 0
    outer loop
      vertex 6.47633 4.8812 5
      vertex 6.4958 4.88967 -5
      vertex 6.47633 4.8812 -5
    endloop
  endfacet
  facet normal 0.760485 0.649355 0
    outer loop
      vertex 5.08289 5.2029 5
      vertex 5.0691 5.21905 -5
      vertex 5.0691 5.21905 5
    endloop
  endfacet
  facet normal 0.760485 0.649355 0
    outer loop
      vertex 5.0691 5.21905 -5
      vertex 5.08289 5.2029 5
      vertex 5.08289 5.2029 -5
    endloop
  endfacet
  facet normal 0.700956 -0.713204 0
    outer loop
      vertex 5.1408 6.8612 -5
      vertex 5.15594 6.87608 5
      vertex 5.1408 6.8612 5
    endloop
  endfacet
  facet normal 0.700956 -0.713204 0
    outer loop
      vertex 5.15594 6.87608 5
      vertex 5.1408 6.8612 -5
      vertex 5.15594 6.87608 -5
    endloop
  endfacet
  facet normal 0.870466 -0.492228 0
    outer loop
      vertex 4.93702 6.59077 5
      vertex 4.94747 6.60925 -5
      vertex 4.94747 6.60925 5
    endloop
  endfacet
  facet normal 0.870466 -0.492228 0
    outer loop
      vertex 4.94747 6.60925 -5
      vertex 4.93702 6.59077 5
      vertex 4.93702 6.59077 -5
    endloop
  endfacet
  facet normal 0.580837 -0.81402 0
    outer loop
      vertex 5.28596 6.98517 -5
      vertex 5.30324 6.9975 5
      vertex 5.28596 6.98517 5
    endloop
  endfacet
  facet normal 0.580837 -0.81402 0
    outer loop
      vertex 5.30324 6.9975 5
      vertex 5.28596 6.98517 -5
      vertex 5.30324 6.9975 -5
    endloop
  endfacet
  facet normal -0.976331 0.216282 0
    outer loop
      vertex 7.18633 5.72735 -5
      vertex 7.19092 5.74807 5
      vertex 7.19092 5.74807 -5
    endloop
  endfacet
  facet normal -0.976331 0.216282 0
    outer loop
      vertex 7.19092 5.74807 5
      vertex 7.18633 5.72735 -5
      vertex 7.18633 5.72735 5
    endloop
  endfacet
  facet normal 0.993587 -0.113068 0
    outer loop
      vertex 4.79116 6.12816 5
      vertex 4.79356 6.14925 -5
      vertex 4.79356 6.14925 5
    endloop
  endfacet
  facet normal 0.993587 -0.113068 0
    outer loop
      vertex 4.79356 6.14925 -5
      vertex 4.79116 6.12816 5
      vertex 4.79116 6.12816 -5
    endloop
  endfacet
  facet normal 0.979868 -0.199646 0
    outer loop
      vertex 4.80684 6.23312 5
      vertex 4.81108 6.25393 -5
      vertex 4.81108 6.25393 5
    endloop
  endfacet
  facet normal 0.979868 -0.199646 0
    outer loop
      vertex 4.81108 6.25393 -5
      vertex 4.80684 6.23312 5
      vertex 4.80684 6.23312 -5
    endloop
  endfacet
  facet normal -0.833786 -0.552088 0
    outer loop
      vertex 7.02125 6.66356 -5
      vertex 7.00953 6.68126 5
      vertex 7.00953 6.68126 -5
    endloop
  endfacet
  facet normal -0.833786 -0.552088 0
    outer loop
      vertex 7.00953 6.68126 5
      vertex 7.02125 6.66356 -5
      vertex 7.02125 6.66356 5
    endloop
  endfacet
  facet normal -0.688267 -0.725458 0
    outer loop
      vertex 6.83065 6.8907 -5
      vertex 6.84606 6.87608 5
      vertex 6.83065 6.8907 5
    endloop
  endfacet
  facet normal -0.688267 -0.725458 -0
    outer loop
      vertex 6.84606 6.87608 5
      vertex 6.83065 6.8907 -5
      vertex 6.84606 6.87608 -5
    endloop
  endfacet
  facet normal -0.989005 -0.14788 0
    outer loop
      vertex 7.20567 6.1703 -5
      vertex 7.20253 6.1913 5
      vertex 7.20253 6.1913 -5
    endloop
  endfacet
  facet normal -0.989005 -0.14788 0
    outer loop
      vertex 7.20253 6.1913 5
      vertex 7.20567 6.1703 -5
      vertex 7.20567 6.1703 5
    endloop
  endfacet
  facet normal -0.382407 0.923994 0
    outer loop
      vertex 6.47633 4.8812 -5
      vertex 6.45671 4.87308 5
      vertex 6.47633 4.8812 5
    endloop
  endfacet
  facet normal -0.382407 0.923994 0
    outer loop
      vertex 6.45671 4.87308 5
      vertex 6.47633 4.8812 -5
      vertex 6.45671 4.87308 -5
    endloop
  endfacet
  facet normal -0.953782 0.3005 0
    outer loop
      vertex 7.15797 5.62508 -5
      vertex 7.16435 5.64533 5
      vertex 7.16435 5.64533 -5
    endloop
  endfacet
  facet normal -0.953782 0.3005 0
    outer loop
      vertex 7.16435 5.64533 5
      vertex 7.15797 5.62508 -5
      vertex 7.15797 5.62508 5
    endloop
  endfacet
  facet normal 0.662696 -0.748889 0
    outer loop
      vertex 5.187 6.90504 -5
      vertex 5.2029 6.91911 5
      vertex 5.187 6.90504 5
    endloop
  endfacet
  facet normal 0.662696 -0.748889 0
    outer loop
      vertex 5.2029 6.91911 5
      vertex 5.187 6.90504 -5
      vertex 5.2029 6.91911 -5
    endloop
  endfacet
  facet normal -0.996937 -0.0782096 0
    outer loop
      vertex 7.21454 6.08586 -5
      vertex 7.21288 6.10702 5
      vertex 7.21288 6.10702 -5
    endloop
  endfacet
  facet normal -0.996937 -0.0782096 0
    outer loop
      vertex 7.21288 6.10702 5
      vertex 7.21454 6.08586 -5
      vertex 7.21454 6.08586 5
    endloop
  endfacet
  facet normal -0.0259102 0.999664 0
    outer loop
      vertex 6.04345 4.78523 -5
      vertex 6.02223 4.78468 5
      vertex 6.04345 4.78523 5
    endloop
  endfacet
  facet normal -0.0259102 0.999664 0
    outer loop
      vertex 6.02223 4.78468 5
      vertex 6.04345 4.78523 -5
      vertex 6.02223 4.78468 -5
    endloop
  endfacet
  facet normal -0.748889 0.662696 0
    outer loop
      vertex 6.90504 5.187 -5
      vertex 6.91911 5.2029 5
      vertex 6.91911 5.2029 -5
    endloop
  endfacet
  facet normal -0.748889 0.662696 0
    outer loop
      vertex 6.91911 5.2029 5
      vertex 6.90504 5.187 -5
      vertex 6.90504 5.187 5
    endloop
  endfacet
  facet normal 0.713204 0.700956 0
    outer loop
      vertex 5.1408 5.1408 5
      vertex 5.12592 5.15594 -5
      vertex 5.12592 5.15594 5
    endloop
  endfacet
  facet normal 0.713204 0.700956 0
    outer loop
      vertex 5.12592 5.15594 -5
      vertex 5.1408 5.1408 5
      vertex 5.1408 5.1408 -5
    endloop
  endfacet
  facet normal 0.430555 -0.902564 0
    outer loop
      vertex 5.46772 7.09439 -5
      vertex 5.48688 7.10353 5
      vertex 5.46772 7.09439 5
    endloop
  endfacet
  facet normal 0.430555 -0.902564 0
    outer loop
      vertex 5.48688 7.10353 5
      vertex 5.46772 7.09439 -5
      vertex 5.48688 7.10353 -5
    endloop
  endfacet
  facet normal 0.0782096 0.996937 -0
    outer loop
      vertex 5.91614 4.78746 -5
      vertex 5.89498 4.78912 5
      vertex 5.91614 4.78746 5
    endloop
  endfacet
  facet normal 0.0782096 0.996937 0
    outer loop
      vertex 5.89498 4.78912 5
      vertex 5.91614 4.78746 -5
      vertex 5.89498 4.78912 -5
    endloop
  endfacet
  facet normal -0.916988 -0.398916 0
    outer loop
      vertex 7.1208 6.47633 -5
      vertex 7.11233 6.4958 5
      vertex 7.11233 6.4958 -5
    endloop
  endfacet
  facet normal -0.916988 -0.398916 0
    outer loop
      vertex 7.11233 6.4958 5
      vertex 7.1208 6.47633 -5
      vertex 7.1208 6.47633 5
    endloop
  endfacet
  facet normal -0.958831 0.283976 0
    outer loop
      vertex 7.16435 5.64533 -5
      vertex 7.17038 5.66569 5
      vertex 7.17038 5.66569 -5
    endloop
  endfacet
  facet normal -0.958831 0.283976 0
    outer loop
      vertex 7.17038 5.66569 5
      vertex 7.16435 5.64533 -5
      vertex 7.16435 5.64533 5
    endloop
  endfacet
  facet normal 0.181786 -0.983338 0
    outer loop
      vertex 5.76888 7.19516 -5
      vertex 5.78976 7.19902 5
      vertex 5.76888 7.19516 5
    endloop
  endfacet
  facet normal 0.181786 -0.983338 0
    outer loop
      vertex 5.78976 7.19902 5
      vertex 5.76888 7.19516 -5
      vertex 5.78976 7.19902 -5
    endloop
  endfacet
  facet normal -0.700956 0.713204 0
    outer loop
      vertex 6.8612 5.1408 -5
      vertex 6.84606 5.12592 5
      vertex 6.8612 5.1408 5
    endloop
  endfacet
  facet normal -0.700956 0.713204 0
    outer loop
      vertex 6.84606 5.12592 5
      vertex 6.8612 5.1408 -5
      vertex 6.84606 5.12592 -5
    endloop
  endfacet
  facet normal 0.477102 0.878848 -0
    outer loop
      vertex 5.42989 4.92689 -5
      vertex 5.41123 4.93702 5
      vertex 5.42989 4.92689 5
    endloop
  endfacet
  facet normal 0.477102 0.878848 0
    outer loop
      vertex 5.41123 4.93702 5
      vertex 5.42989 4.92689 -5
      vertex 5.41123 4.93702 -5
    endloop
  endfacet
  facet normal -0.414513 -0.910044 0
    outer loop
      vertex 6.4958 7.11233 -5
      vertex 6.51512 7.10353 5
      vertex 6.4958 7.11233 5
    endloop
  endfacet
  facet normal -0.414513 -0.910044 -0
    outer loop
      vertex 6.51512 7.10353 5
      vertex 6.4958 7.11233 -5
      vertex 6.51512 7.10353 -5
    endloop
  endfacet
  facet normal 0.878848 0.477102 0
    outer loop
      vertex 4.93702 5.41123 5
      vertex 4.92689 5.42989 -5
      vertex 4.92689 5.42989 5
    endloop
  endfacet
  facet normal 0.878848 0.477102 0
    outer loop
      vertex 4.92689 5.42989 -5
      vertex 4.93702 5.41123 5
      vertex 4.93702 5.41123 -5
    endloop
  endfacet
  facet normal 0.725458 -0.688267 0
    outer loop
      vertex 5.1113 6.83065 5
      vertex 5.12592 6.84606 -5
      vertex 5.12592 6.84606 5
    endloop
  endfacet
  facet normal 0.725458 -0.688267 0
    outer loop
      vertex 5.12592 6.84606 -5
      vertex 5.1113 6.83065 5
      vertex 5.1113 6.83065 -5
    endloop
  endfacet
  facet normal 0.96368 -0.267061 0
    outer loop
      vertex 4.82595 6.31585 5
      vertex 4.83162 6.33631 -5
      vertex 4.83162 6.33631 5
    endloop
  endfacet
  facet normal 0.96368 -0.267061 0
    outer loop
      vertex 4.83162 6.33631 -5
      vertex 4.82595 6.31585 5
      vertex 4.82595 6.31585 -5
    endloop
  endfacet
  facet normal 0.910044 -0.414513 0
    outer loop
      vertex 4.88967 6.4958 5
      vertex 4.89847 6.51512 -5
      vertex 4.89847 6.51512 5
    endloop
  endfacet
  facet normal 0.910044 -0.414513 0
    outer loop
      vertex 4.89847 6.51512 -5
      vertex 4.88967 6.4958 5
      vertex 4.88967 6.4958 -5
    endloop
  endfacet
  facet normal -0.492228 0.870466 0
    outer loop
      vertex 6.60925 4.94747 -5
      vertex 6.59077 4.93702 5
      vertex 6.60925 4.94747 5
    endloop
  endfacet
  facet normal -0.492228 0.870466 0
    outer loop
      vertex 6.59077 4.93702 5
      vertex 6.60925 4.94747 -5
      vertex 6.59077 4.93702 -5
    endloop
  endfacet
  facet normal -0.333978 -0.942581 0
    outer loop
      vertex 6.39706 7.15123 -5
      vertex 6.41707 7.14414 5
      vertex 6.39706 7.15123 5
    endloop
  endfacet
  facet normal -0.333978 -0.942581 -0
    outer loop
      vertex 6.41707 7.14414 5
      vertex 6.39706 7.15123 -5
      vertex 6.41707 7.14414 -5
    endloop
  endfacet
  facet normal -0.552088 -0.833786 0
    outer loop
      vertex 6.66356 7.02125 -5
      vertex 6.68126 7.00953 5
      vertex 6.66356 7.02125 5
    endloop
  endfacet
  facet normal -0.552088 -0.833786 -0
    outer loop
      vertex 6.68126 7.00953 5
      vertex 6.66356 7.02125 -5
      vertex 6.68126 7.00953 -5
    endloop
  endfacet
  facet normal -0.594788 0.803882 0
    outer loop
      vertex 6.73311 5.02946 -5
      vertex 6.71604 5.01683 5
      vertex 6.73311 5.02946 5
    endloop
  endfacet
  facet normal -0.594788 0.803882 0
    outer loop
      vertex 6.71604 5.01683 5
      vertex 6.73311 5.02946 -5
      vertex 6.71604 5.01683 -5
    endloop
  endfacet
  facet normal -0.993587 0.113068 0
    outer loop
      vertex 7.20844 5.85275 -5
      vertex 7.21084 5.87384 5
      vertex 7.21084 5.87384 -5
    endloop
  endfacet
  facet normal -0.993587 0.113068 0
    outer loop
      vertex 7.21084 5.87384 5
      vertex 7.20844 5.85275 -5
      vertex 7.20844 5.85275 5
    endloop
  endfacet
  facet normal 0.317358 -0.948306 0
    outer loop
      vertex 5.60494 7.15123 -5
      vertex 5.62508 7.15797 5
      vertex 5.60494 7.15123 5
    endloop
  endfacet
  facet normal 0.317358 -0.948306 0
    outer loop
      vertex 5.62508 7.15797 5
      vertex 5.60494 7.15123 -5
      vertex 5.62508 7.15797 -5
    endloop
  endfacet
  facet normal 0.99996 0.00894924 0
    outer loop
      vertex 4.78468 5.97977 5
      vertex 4.78449 6.001 -5
      vertex 4.78449 6.001 5
    endloop
  endfacet
  facet normal 0.99996 0.00894924 0
    outer loop
      vertex 4.78449 6.001 -5
      vertex 4.78468 5.97977 5
      vertex 4.78468 5.97977 -5
    endloop
  endfacet
  facet normal -0.608481 -0.793568 0
    outer loop
      vertex 6.73311 6.97254 -5
      vertex 6.74996 6.95962 5
      vertex 6.73311 6.97254 5
    endloop
  endfacet
  facet normal -0.608481 -0.793568 -0
    outer loop
      vertex 6.74996 6.95962 5
      vertex 6.73311 6.97254 -5
      vertex 6.74996 6.95962 -5
    endloop
  endfacet
  facet normal -0.461664 0.887055 0
    outer loop
      vertex 6.57211 4.92689 -5
      vertex 6.55328 4.91709 5
      vertex 6.57211 4.92689 5
    endloop
  endfacet
  facet normal -0.461664 0.887055 0
    outer loop
      vertex 6.55328 4.91709 5
      vertex 6.57211 4.92689 -5
      vertex 6.55328 4.91709 -5
    endloop
  endfacet
  facet normal 0.688267 -0.725458 0
    outer loop
      vertex 5.15594 6.87608 -5
      vertex 5.17135 6.8907 5
      vertex 5.15594 6.87608 5
    endloop
  endfacet
  facet normal 0.688267 -0.725458 0
    outer loop
      vertex 5.17135 6.8907 5
      vertex 5.15594 6.87608 -5
      vertex 5.17135 6.8907 -5
    endloop
  endfacet
  facet normal -0.688267 0.725458 0
    outer loop
      vertex 6.84606 5.12592 -5
      vertex 6.83065 5.1113 5
      vertex 6.84606 5.12592 5
    endloop
  endfacet
  facet normal -0.688267 0.725458 0
    outer loop
      vertex 6.83065 5.1113 5
      vertex 6.84606 5.12592 -5
      vertex 6.83065 5.1113 -5
    endloop
  endfacet
  facet normal 0.537302 0.84339 -0
    outer loop
      vertex 5.35635 4.96934 -5
      vertex 5.33844 4.98075 5
      vertex 5.35635 4.96934 5
    endloop
  endfacet
  facet normal 0.537302 0.84339 0
    outer loop
      vertex 5.33844 4.98075 5
      vertex 5.35635 4.96934 -5
      vertex 5.33844 4.98075 -5
    endloop
  endfacet
  facet normal 0.976331 0.216282 0
    outer loop
      vertex 4.81567 5.72735 5
      vertex 4.81108 5.74807 -5
      vertex 4.81108 5.74807 5
    endloop
  endfacet
  facet normal 0.976331 0.216282 0
    outer loop
      vertex 4.81108 5.74807 -5
      vertex 4.81567 5.72735 5
      vertex 4.81567 5.72735 -5
    endloop
  endfacet
  facet normal 0.700956 0.713204 -0
    outer loop
      vertex 5.15594 5.12592 -5
      vertex 5.1408 5.1408 5
      vertex 5.15594 5.12592 5
    endloop
  endfacet
  facet normal 0.700956 0.713204 0
    outer loop
      vertex 5.1408 5.1408 5
      vertex 5.15594 5.12592 -5
      vertex 5.1408 5.1408 -5
    endloop
  endfacet
  facet normal -0.0433146 -0.999061 0
    outer loop
      vertex 6.04345 7.21676 -5
      vertex 6.06467 7.21584 5
      vertex 6.04345 7.21676 5
    endloop
  endfacet
  facet normal -0.0433146 -0.999061 -0
    outer loop
      vertex 6.06467 7.21584 5
      vertex 6.04345 7.21676 -5
      vertex 6.06467 7.21584 -5
    endloop
  endfacet
  facet normal -0.930253 0.36692 0
    outer loop
      vertex 7.12892 5.54529 -5
      vertex 7.13671 5.56504 5
      vertex 7.13671 5.56504 -5
    endloop
  endfacet
  facet normal -0.930253 0.36692 0
    outer loop
      vertex 7.13671 5.56504 5
      vertex 7.12892 5.54529 -5
      vertex 7.12892 5.54529 5
    endloop
  endfacet
  facet normal 0.130467 -0.991453 0
    outer loop
      vertex 5.8317 7.20567 -5
      vertex 5.85275 7.20844 5
      vertex 5.8317 7.20567 5
    endloop
  endfacet
  facet normal 0.130467 -0.991453 0
    outer loop
      vertex 5.85275 7.20844 5
      vertex 5.8317 7.20567 -5
      vertex 5.85275 7.20844 -5
    endloop
  endfacet
  facet normal 0.983338 0.181786 0
    outer loop
      vertex 4.80684 5.76888 5
      vertex 4.80298 5.78976 -5
      vertex 4.80298 5.78976 5
    endloop
  endfacet
  facet normal 0.983338 0.181786 0
    outer loop
      vertex 4.80298 5.78976 -5
      vertex 4.80684 5.76888 5
      vertex 4.80684 5.76888 -5
    endloop
  endfacet
  facet normal 0.748889 0.662696 0
    outer loop
      vertex 5.09696 5.187 5
      vertex 5.08289 5.2029 -5
      vertex 5.08289 5.2029 5
    endloop
  endfacet
  facet normal 0.748889 0.662696 0
    outer loop
      vertex 5.08289 5.2029 -5
      vertex 5.09696 5.187 5
      vertex 5.09696 5.187 -5
    endloop
  endfacet
  facet normal -0.999061 0.0433146 0
    outer loop
      vertex 7.21584 5.93733 -5
      vertex 7.21676 5.95855 5
      vertex 7.21676 5.95855 -5
    endloop
  endfacet
  facet normal -0.999061 0.0433146 0
    outer loop
      vertex 7.21676 5.95855 5
      vertex 7.21584 5.93733 -5
      vertex 7.21584 5.93733 5
    endloop
  endfacet
  facet normal -0.44646 -0.894804 0
    outer loop
      vertex 6.53428 7.09439 -5
      vertex 6.55328 7.08491 5
      vertex 6.53428 7.09439 5
    endloop
  endfacet
  facet normal -0.44646 -0.894804 -0
    outer loop
      vertex 6.55328 7.08491 5
      vertex 6.53428 7.09439 -5
      vertex 6.55328 7.08491 -5
    endloop
  endfacet
  facet normal -0.870264 -0.492585 0
    outer loop
      vertex 7.06498 6.59077 -5
      vertex 7.05452 6.60925 5
      vertex 7.05452 6.60925 -5
    endloop
  endfacet
  facet normal -0.870264 -0.492585 0
    outer loop
      vertex 7.05452 6.60925 5
      vertex 7.06498 6.59077 -5
      vertex 7.06498 6.59077 5
    endloop
  endfacet
  facet normal -0.414513 0.910044 0
    outer loop
      vertex 6.51512 4.89847 -5
      vertex 6.4958 4.88967 5
      vertex 6.51512 4.89847 5
    endloop
  endfacet
  facet normal -0.414513 0.910044 0
    outer loop
      vertex 6.4958 4.88967 5
      vertex 6.51512 4.89847 -5
      vertex 6.4958 4.88967 -5
    endloop
  endfacet
  facet normal 0.948306 0.317358 0
    outer loop
      vertex 4.85077 5.60494 5
      vertex 4.84403 5.62508 -5
      vertex 4.84403 5.62508 5
    endloop
  endfacet
  facet normal 0.948306 0.317358 0
    outer loop
      vertex 4.84403 5.62508 -5
      vertex 4.85077 5.60494 5
      vertex 4.85077 5.60494 -5
    endloop
  endfacet
  facet normal -0.986241 -0.165315 0
    outer loop
      vertex 7.20253 6.1913 -5
      vertex 7.19902 6.21224 5
      vertex 7.19902 6.21224 -5
    endloop
  endfacet
  facet normal -0.986241 -0.165315 0
    outer loop
      vertex 7.19902 6.21224 5
      vertex 7.20253 6.1913 -5
      vertex 7.20253 6.1913 5
    endloop
  endfacet
  facet normal 0.936774 -0.349936 0
    outer loop
      vertex 4.85786 6.41707 5
      vertex 4.86529 6.43696 -5
      vertex 4.86529 6.43696 5
    endloop
  endfacet
  facet normal 0.936774 -0.349936 0
    outer loop
      vertex 4.86529 6.43696 -5
      vertex 4.85786 6.41707 5
      vertex 4.85786 6.41707 -5
    endloop
  endfacet
  facet normal 0.993587 0.113068 0
    outer loop
      vertex 4.79356 5.85275 5
      vertex 4.79116 5.87384 -5
      vertex 4.79116 5.87384 5
    endloop
  endfacet
  facet normal 0.993587 0.113068 0
    outer loop
      vertex 4.79116 5.87384 -5
      vertex 4.79356 5.85275 5
      vertex 4.79356 5.85275 -5
    endloop
  endfacet
  facet normal 0.62274 0.782429 -0
    outer loop
      vertex 5.25204 5.04238 -5
      vertex 5.23543 5.0556 5
      vertex 5.25204 5.04238 5
    endloop
  endfacet
  facet normal 0.62274 0.782429 0
    outer loop
      vertex 5.23543 5.0556 5
      vertex 5.25204 5.04238 -5
      vertex 5.23543 5.0556 -5
    endloop
  endfacet
  facet normal 0.713204 -0.700956 0
    outer loop
      vertex 5.12592 6.84606 5
      vertex 5.1408 6.8612 -5
      vertex 5.1408 6.8612 5
    endloop
  endfacet
  facet normal 0.713204 -0.700956 0
    outer loop
      vertex 5.1408 6.8612 -5
      vertex 5.12592 6.84606 5
      vertex 5.12592 6.84606 -5
    endloop
  endfacet
  facet normal 0.803882 -0.594788 0
    outer loop
      vertex 5.01683 6.71604 5
      vertex 5.02946 6.73311 -5
      vertex 5.02946 6.73311 5
    endloop
  endfacet
  facet normal 0.803882 -0.594788 0
    outer loop
      vertex 5.02946 6.73311 -5
      vertex 5.01683 6.71604 5
      vertex 5.01683 6.71604 -5
    endloop
  endfacet
  facet normal -0.979868 0.199646 0
    outer loop
      vertex 7.19092 5.74807 -5
      vertex 7.19516 5.76888 5
      vertex 7.19516 5.76888 -5
    endloop
  endfacet
  facet normal -0.979868 0.199646 0
    outer loop
      vertex 7.19516 5.76888 5
      vertex 7.19092 5.74807 -5
      vertex 7.19092 5.74807 5
    endloop
  endfacet
  facet normal 0.953782 0.3005 0
    outer loop
      vertex 4.84403 5.62508 5
      vertex 4.83765 5.64533 -5
      vertex 4.83765 5.64533 5
    endloop
  endfacet
  facet normal 0.953782 0.3005 0
    outer loop
      vertex 4.83765 5.64533 -5
      vertex 4.84403 5.62508 5
      vertex 4.84403 5.62508 -5
    endloop
  endfacet
  facet normal 0.84339 0.537302 0
    outer loop
      vertex 4.98075 5.33844 5
      vertex 4.96934 5.35635 -5
      vertex 4.96934 5.35635 5
    endloop
  endfacet
  facet normal 0.84339 0.537302 0
    outer loop
      vertex 4.96934 5.35635 -5
      vertex 4.98075 5.33844 5
      vertex 4.98075 5.33844 -5
    endloop
  endfacet
  facet normal 0.522441 -0.852676 0
    outer loop
      vertex 5.35635 7.03266 -5
      vertex 5.37445 7.04375 5
      vertex 5.35635 7.03266 5
    endloop
  endfacet
  facet normal 0.522441 -0.852676 0
    outer loop
      vertex 5.37445 7.04375 5
      vertex 5.35635 7.03266 -5
      vertex 5.37445 7.04375 -5
    endloop
  endfacet
  facet normal 0.492228 0.870466 -0
    outer loop
      vertex 5.41123 4.93702 -5
      vertex 5.39275 4.94747 5
      vertex 5.41123 4.93702 5
    endloop
  endfacet
  facet normal 0.492228 0.870466 0
    outer loop
      vertex 5.39275 4.94747 5
      vertex 5.41123 4.93702 -5
      vertex 5.39275 4.94747 -5
    endloop
  endfacet
  facet normal 0.675575 -0.737291 0
    outer loop
      vertex 5.17135 6.8907 -5
      vertex 5.187 6.90504 5
      vertex 5.17135 6.8907 5
    endloop
  endfacet
  facet normal 0.675575 -0.737291 0
    outer loop
      vertex 5.187 6.90504 5
      vertex 5.17135 6.8907 -5
      vertex 5.187 6.90504 -5
    endloop
  endfacet
  facet normal 0.636004 -0.771685 0
    outer loop
      vertex 5.21905 6.9329 -5
      vertex 5.23543 6.9464 5
      vertex 5.21905 6.9329 5
    endloop
  endfacet
  facet normal 0.636004 -0.771685 0
    outer loop
      vertex 5.23543 6.9464 5
      vertex 5.21905 6.9329 -5
      vertex 5.23543 6.9464 -5
    endloop
  endfacet
  facet normal -0.861825 -0.507205 0
    outer loop
      vertex 7.05452 6.60925 -5
      vertex 7.04375 6.62755 5
      vertex 7.04375 6.62755 -5
    endloop
  endfacet
  facet normal -0.861825 -0.507205 0
    outer loop
      vertex 7.04375 6.62755 5
      vertex 7.05452 6.60925 -5
      vertex 7.05452 6.60925 5
    endloop
  endfacet
  facet normal -0.878848 -0.477102 0
    outer loop
      vertex 7.07511 6.57211 -5
      vertex 7.06498 6.59077 5
      vertex 7.06498 6.59077 -5
    endloop
  endfacet
  facet normal -0.878848 -0.477102 0
    outer loop
      vertex 7.06498 6.59077 5
      vertex 7.07511 6.57211 -5
      vertex 7.07511 6.57211 5
    endloop
  endfacet
  facet normal 0.99996 -0.00894924 0
    outer loop
      vertex 4.78449 6.001 5
      vertex 4.78468 6.02223 -5
      vertex 4.78468 6.02223 5
    endloop
  endfacet
  facet normal 0.99996 -0.00894924 0
    outer loop
      vertex 4.78468 6.02223 -5
      vertex 4.78449 6.001 5
      vertex 4.78449 6.001 -5
    endloop
  endfacet
  facet normal -0.84339 0.537302 0
    outer loop
      vertex 7.02125 5.33844 -5
      vertex 7.03266 5.35635 5
      vertex 7.03266 5.35635 -5
    endloop
  endfacet
  facet normal -0.84339 0.537302 0
    outer loop
      vertex 7.03266 5.35635 5
      vertex 7.02125 5.33844 -5
      vertex 7.02125 5.33844 5
    endloop
  endfacet
  facet normal -0.968086 0.250619 0
    outer loop
      vertex 7.17605 5.68615 -5
      vertex 7.18137 5.7067 5
      vertex 7.18137 5.7067 -5
    endloop
  endfacet
  facet normal -0.968086 0.250619 0
    outer loop
      vertex 7.18137 5.7067 5
      vertex 7.17605 5.68615 -5
      vertex 7.17605 5.68615 5
    endloop
  endfacet
  facet normal -0.507555 0.861619 0
    outer loop
      vertex 6.62755 4.95825 -5
      vertex 6.60925 4.94747 5
      vertex 6.62755 4.95825 5
    endloop
  endfacet
  facet normal -0.507555 0.861619 0
    outer loop
      vertex 6.60925 4.94747 5
      vertex 6.62755 4.95825 -5
      vertex 6.60925 4.94747 -5
    endloop
  endfacet
  facet normal -0.636004 -0.771685 0
    outer loop
      vertex 6.76657 6.9464 -5
      vertex 6.78295 6.9329 5
      vertex 6.76657 6.9464 5
    endloop
  endfacet
  facet normal -0.636004 -0.771685 -0
    outer loop
      vertex 6.78295 6.9329 5
      vertex 6.76657 6.9464 -5
      vertex 6.78295 6.9329 -5
    endloop
  endfacet
  facet normal 0.737291 -0.675575 0
    outer loop
      vertex 5.09696 6.815 5
      vertex 5.1113 6.83065 -5
      vertex 5.1113 6.83065 5
    endloop
  endfacet
  facet normal 0.737291 -0.675575 0
    outer loop
      vertex 5.1113 6.83065 -5
      vertex 5.09696 6.815 5
      vertex 5.09696 6.815 -5
    endloop
  endfacet
  facet normal 0.81402 -0.580837 0
    outer loop
      vertex 5.0045 6.69876 5
      vertex 5.01683 6.71604 -5
      vertex 5.01683 6.71604 5
    endloop
  endfacet
  facet normal 0.81402 -0.580837 0
    outer loop
      vertex 5.01683 6.71604 -5
      vertex 5.0045 6.69876 5
      vertex 5.0045 6.69876 -5
    endloop
  endfacet
  facet normal -0.552088 0.833786 0
    outer loop
      vertex 6.68126 4.99247 -5
      vertex 6.66356 4.98075 5
      vertex 6.68126 4.99247 5
    endloop
  endfacet
  facet normal -0.552088 0.833786 0
    outer loop
      vertex 6.66356 4.98075 5
      vertex 6.68126 4.99247 -5
      vertex 6.66356 4.98075 -5
    endloop
  endfacet
  facet normal 0.165315 0.986241 -0
    outer loop
      vertex 5.8107 4.79947 -5
      vertex 5.78976 4.80298 5
      vertex 5.8107 4.79947 5
    endloop
  endfacet
  facet normal 0.165315 0.986241 0
    outer loop
      vertex 5.78976 4.80298 5
      vertex 5.8107 4.79947 -5
      vertex 5.78976 4.80298 -5
    endloop
  endfacet
  facet normal 0.958831 -0.283976 0
    outer loop
      vertex 4.83162 6.33631 5
      vertex 4.83765 6.35667 -5
      vertex 4.83765 6.35667 5
    endloop
  endfacet
  facet normal 0.958831 -0.283976 0
    outer loop
      vertex 4.83765 6.35667 -5
      vertex 4.83162 6.33631 5
      vertex 4.83162 6.33631 -5
    endloop
  endfacet
  facet normal -0.878848 0.477102 0
    outer loop
      vertex 7.06498 5.41123 -5
      vertex 7.07511 5.42989 5
      vertex 7.07511 5.42989 -5
    endloop
  endfacet
  facet normal -0.878848 0.477102 0
    outer loop
      vertex 7.07511 5.42989 5
      vertex 7.06498 5.41123 -5
      vertex 7.06498 5.41123 5
    endloop
  endfacet
  facet normal 0.492585 -0.870264 0
    outer loop
      vertex 5.39275 7.05452 -5
      vertex 5.41123 7.06498 5
      vertex 5.39275 7.05452 5
    endloop
  endfacet
  facet normal 0.492585 -0.870264 0
    outer loop
      vertex 5.41123 7.06498 5
      vertex 5.39275 7.05452 -5
      vertex 5.41123 7.06498 -5
    endloop
  endfacet
  facet normal 0.782429 -0.62274 0
    outer loop
      vertex 5.04238 6.74996 5
      vertex 5.0556 6.76657 -5
      vertex 5.0556 6.76657 5
    endloop
  endfacet
  facet normal 0.782429 -0.62274 0
    outer loop
      vertex 5.0556 6.76657 -5
      vertex 5.04238 6.74996 5
      vertex 5.04238 6.74996 -5
    endloop
  endfacet
  facet normal 0.44646 -0.894804 0
    outer loop
      vertex 5.44872 7.08491 -5
      vertex 5.46772 7.09439 5
      vertex 5.44872 7.08491 5
    endloop
  endfacet
  facet normal 0.44646 -0.894804 0
    outer loop
      vertex 5.46772 7.09439 5
      vertex 5.44872 7.08491 -5
      vertex 5.46772 7.09439 -5
    endloop
  endfacet
  facet normal 0.552088 0.833786 -0
    outer loop
      vertex 5.33844 4.98075 -5
      vertex 5.32074 4.99247 5
      vertex 5.33844 4.98075 5
    endloop
  endfacet
  facet normal 0.552088 0.833786 0
    outer loop
      vertex 5.32074 4.99247 5
      vertex 5.33844 4.98075 -5
      vertex 5.32074 4.99247 -5
    endloop
  endfacet
  facet normal -0.317358 0.948306 0
    outer loop
      vertex 6.39706 4.85077 -5
      vertex 6.37692 4.84403 5
      vertex 6.39706 4.85077 5
    endloop
  endfacet
  facet normal -0.317358 0.948306 0
    outer loop
      vertex 6.37692 4.84403 5
      vertex 6.39706 4.85077 -5
      vertex 6.37692 4.84403 -5
    endloop
  endfacet
  facet normal -0.181786 -0.983338 0
    outer loop
      vertex 6.21224 7.19902 -5
      vertex 6.23312 7.19516 5
      vertex 6.21224 7.19902 5
    endloop
  endfacet
  facet normal -0.181786 -0.983338 -0
    outer loop
      vertex 6.23312 7.19516 5
      vertex 6.21224 7.19902 -5
      vertex 6.23312 7.19516 -5
    endloop
  endfacet
  facet normal 0.636004 0.771685 -0
    outer loop
      vertex 5.23543 5.0556 -5
      vertex 5.21905 5.0691 5
      vertex 5.23543 5.0556 5
    endloop
  endfacet
  facet normal 0.636004 0.771685 0
    outer loop
      vertex 5.21905 5.0691 5
      vertex 5.23543 5.0556 -5
      vertex 5.21905 5.0691 -5
    endloop
  endfacet
  facet normal 0.349936 0.936774 -0
    outer loop
      vertex 5.58493 4.85786 -5
      vertex 5.56504 4.86529 5
      vertex 5.58493 4.85786 5
    endloop
  endfacet
  facet normal 0.349936 0.936774 0
    outer loop
      vertex 5.56504 4.86529 5
      vertex 5.58493 4.85786 -5
      vertex 5.56504 4.86529 -5
    endloop
  endfacet
  facet normal -0.675575 -0.737291 0
    outer loop
      vertex 6.815 6.90504 -5
      vertex 6.83065 6.8907 5
      vertex 6.815 6.90504 5
    endloop
  endfacet
  facet normal -0.675575 -0.737291 -0
    outer loop
      vertex 6.83065 6.8907 5
      vertex 6.815 6.90504 -5
      vertex 6.83065 6.8907 -5
    endloop
  endfacet
  facet normal 0.824069 -0.566489 0
    outer loop
      vertex 4.99247 6.68126 5
      vertex 5.0045 6.69876 -5
      vertex 5.0045 6.69876 5
    endloop
  endfacet
  facet normal 0.824069 -0.566489 0
    outer loop
      vertex 5.0045 6.69876 -5
      vertex 4.99247 6.68126 5
      vertex 4.99247 6.68126 -5
    endloop
  endfacet
  facet normal -0.861825 0.507205 0
    outer loop
      vertex 7.04375 5.37445 -5
      vertex 7.05452 5.39275 5
      vertex 7.05452 5.39275 -5
    endloop
  endfacet
  facet normal -0.861825 0.507205 0
    outer loop
      vertex 7.05452 5.39275 5
      vertex 7.04375 5.37445 -5
      vertex 7.04375 5.37445 5
    endloop
  endfacet
  facet normal -0.737291 -0.675575 0
    outer loop
      vertex 6.90504 6.815 -5
      vertex 6.8907 6.83065 5
      vertex 6.8907 6.83065 -5
    endloop
  endfacet
  facet normal -0.737291 -0.675575 0
    outer loop
      vertex 6.8907 6.83065 5
      vertex 6.90504 6.815 -5
      vertex 6.90504 6.815 5
    endloop
  endfacet
  facet normal -0.748889 -0.662696 0
    outer loop
      vertex 6.91911 6.7991 -5
      vertex 6.90504 6.815 5
      vertex 6.90504 6.815 -5
    endloop
  endfacet
  facet normal -0.748889 -0.662696 0
    outer loop
      vertex 6.90504 6.815 5
      vertex 6.91911 6.7991 -5
      vertex 6.91911 6.7991 5
    endloop
  endfacet
  facet normal -0.989005 0.14788 0
    outer loop
      vertex 7.20253 5.8107 -5
      vertex 7.20567 5.8317 5
      vertex 7.20567 5.8317 -5
    endloop
  endfacet
  facet normal -0.989005 0.14788 0
    outer loop
      vertex 7.20567 5.8317 5
      vertex 7.20253 5.8107 -5
      vertex 7.20253 5.8107 5
    endloop
  endfacet
  facet normal -0.430555 -0.902564 0
    outer loop
      vertex 6.51512 7.10353 -5
      vertex 6.53428 7.09439 5
      vertex 6.51512 7.10353 5
    endloop
  endfacet
  facet normal -0.430555 -0.902564 -0
    outer loop
      vertex 6.53428 7.09439 5
      vertex 6.51512 7.10353 -5
      vertex 6.53428 7.09439 -5
    endloop
  endfacet
  facet normal 0.930253 -0.36692 0
    outer loop
      vertex 4.86529 6.43696 5
      vertex 4.87308 6.45671 -5
      vertex 4.87308 6.45671 5
    endloop
  endfacet
  facet normal 0.930253 -0.36692 0
    outer loop
      vertex 4.87308 6.45671 -5
      vertex 4.86529 6.43696 5
      vertex 4.86529 6.43696 -5
    endloop
  endfacet
  facet normal 0.995376 -0.0960533 0
    outer loop
      vertex 4.78912 6.10702 5
      vertex 4.79116 6.12816 -5
      vertex 4.79116 6.12816 5
    endloop
  endfacet
  facet normal 0.995376 -0.0960533 0
    outer loop
      vertex 4.79116 6.12816 -5
      vertex 4.78912 6.10702 5
      vertex 4.78912 6.10702 -5
    endloop
  endfacet
  facet normal 0.0960533 -0.995376 0
    outer loop
      vertex 5.87384 7.21084 -5
      vertex 5.89498 7.21288 5
      vertex 5.87384 7.21084 5
    endloop
  endfacet
  facet normal 0.0960533 -0.995376 0
    outer loop
      vertex 5.89498 7.21288 5
      vertex 5.87384 7.21084 -5
      vertex 5.89498 7.21288 -5
    endloop
  endfacet
  facet normal -0.96368 0.267061 0
    outer loop
      vertex 7.17038 5.66569 -5
      vertex 7.17605 5.68615 5
      vertex 7.17605 5.68615 -5
    endloop
  endfacet
  facet normal -0.96368 0.267061 0
    outer loop
      vertex 7.17605 5.68615 5
      vertex 7.17038 5.66569 -5
      vertex 7.17038 5.66569 5
    endloop
  endfacet
  facet normal 0.398916 0.916988 -0
    outer loop
      vertex 5.52567 4.8812 -5
      vertex 5.5062 4.88967 5
      vertex 5.52567 4.8812 5
    endloop
  endfacet
  facet normal 0.398916 0.916988 0
    outer loop
      vertex 5.5062 4.88967 5
      vertex 5.52567 4.8812 -5
      vertex 5.5062 4.88967 -5
    endloop
  endfacet
  facet normal -0.976331 -0.216282 0
    outer loop
      vertex 7.19092 6.25393 -5
      vertex 7.18633 6.27465 5
      vertex 7.18633 6.27465 -5
    endloop
  endfacet
  facet normal -0.976331 -0.216282 0
    outer loop
      vertex 7.18633 6.27465 5
      vertex 7.19092 6.25393 -5
      vertex 7.19092 6.25393 5
    endloop
  endfacet
  facet normal -0.250619 0.968086 0
    outer loop
      vertex 6.31585 4.82595 -5
      vertex 6.2953 4.82063 5
      vertex 6.31585 4.82595 5
    endloop
  endfacet
  facet normal -0.250619 0.968086 0
    outer loop
      vertex 6.2953 4.82063 5
      vertex 6.31585 4.82595 -5
      vertex 6.2953 4.82063 -5
    endloop
  endfacet
  facet normal 0.852676 0.522441 0
    outer loop
      vertex 4.96934 5.35635 5
      vertex 4.95825 5.37445 -5
      vertex 4.95825 5.37445 5
    endloop
  endfacet
  facet normal 0.852676 0.522441 0
    outer loop
      vertex 4.95825 5.37445 -5
      vertex 4.96934 5.35635 5
      vertex 4.96934 5.35635 -5
    endloop
  endfacet
  facet normal -0.36692 -0.930253 0
    outer loop
      vertex 6.43696 7.13671 -5
      vertex 6.45671 7.12892 5
      vertex 6.43696 7.13671 5
    endloop
  endfacet
  facet normal -0.36692 -0.930253 -0
    outer loop
      vertex 6.45671 7.12892 5
      vertex 6.43696 7.13671 -5
      vertex 6.45671 7.12892 -5
    endloop
  endfacet
  facet normal -0.894804 0.44646 0
    outer loop
      vertex 7.08491 5.44872 -5
      vertex 7.09439 5.46772 5
      vertex 7.09439 5.46772 -5
    endloop
  endfacet
  facet normal -0.894804 0.44646 0
    outer loop
      vertex 7.09439 5.46772 5
      vertex 7.08491 5.44872 -5
      vertex 7.08491 5.44872 5
    endloop
  endfacet
  facet normal 0.986241 -0.165315 0
    outer loop
      vertex 4.79947 6.1913 5
      vertex 4.80298 6.21224 -5
      vertex 4.80298 6.21224 5
    endloop
  endfacet
  facet normal 0.986241 -0.165315 0
    outer loop
      vertex 4.80298 6.21224 -5
      vertex 4.79947 6.1913 5
      vertex 4.79947 6.1913 -5
    endloop
  endfacet
  facet normal -0.349936 -0.936774 0
    outer loop
      vertex 6.41707 7.14414 -5
      vertex 6.43696 7.13671 5
      vertex 6.41707 7.14414 5
    endloop
  endfacet
  facet normal -0.349936 -0.936774 -0
    outer loop
      vertex 6.43696 7.13671 5
      vertex 6.41707 7.14414 -5
      vertex 6.43696 7.13671 -5
    endloop
  endfacet
  facet normal -0.96368 -0.267061 0
    outer loop
      vertex 7.17605 6.31585 -5
      vertex 7.17038 6.33631 5
      vertex 7.17038 6.33631 -5
    endloop
  endfacet
  facet normal -0.96368 -0.267061 0
    outer loop
      vertex 7.17038 6.33631 5
      vertex 7.17605 6.31585 -5
      vertex 7.17605 6.31585 5
    endloop
  endfacet
  facet normal -0.923994 -0.382407 0
    outer loop
      vertex 7.12892 6.45671 -5
      vertex 7.1208 6.47633 5
      vertex 7.1208 6.47633 -5
    endloop
  endfacet
  facet normal -0.923994 -0.382407 0
    outer loop
      vertex 7.1208 6.47633 5
      vertex 7.12892 6.45671 -5
      vertex 7.12892 6.45671 5
    endloop
  endfacet
  facet normal 0.113068 0.993587 -0
    outer loop
      vertex 5.87384 4.79116 -5
      vertex 5.85275 4.79356 5
      vertex 5.87384 4.79116 5
    endloop
  endfacet
  facet normal 0.113068 0.993587 0
    outer loop
      vertex 5.85275 4.79356 5
      vertex 5.87384 4.79116 -5
      vertex 5.85275 4.79356 -5
    endloop
  endfacet
  facet normal -0.00894924 -0.99996 0
    outer loop
      vertex 6.001 7.21751 -5
      vertex 6.02223 7.21732 5
      vertex 6.001 7.21751 5
    endloop
  endfacet
  facet normal -0.00894924 -0.99996 -0
    outer loop
      vertex 6.02223 7.21732 5
      vertex 6.001 7.21751 -5
      vertex 6.02223 7.21732 -5
    endloop
  endfacet
  facet normal 0.998123 0.0612346 0
    outer loop
      vertex 4.78746 5.91614 5
      vertex 4.78616 5.93733 -5
      vertex 4.78616 5.93733 5
    endloop
  endfacet
  facet normal 0.998123 0.0612346 0
    outer loop
      vertex 4.78616 5.93733 -5
      vertex 4.78746 5.91614 5
      vertex 4.78746 5.91614 -5
    endloop
  endfacet
  facet normal -0.477102 -0.878848 0
    outer loop
      vertex 6.57211 7.07511 -5
      vertex 6.59077 7.06498 5
      vertex 6.57211 7.07511 5
    endloop
  endfacet
  facet normal -0.477102 -0.878848 -0
    outer loop
      vertex 6.59077 7.06498 5
      vertex 6.57211 7.07511 -5
      vertex 6.59077 7.06498 -5
    endloop
  endfacet
  facet normal 0.461664 -0.887055 0
    outer loop
      vertex 5.42989 7.07511 -5
      vertex 5.44872 7.08491 5
      vertex 5.42989 7.07511 5
    endloop
  endfacet
  facet normal 0.461664 -0.887055 0
    outer loop
      vertex 5.44872 7.08491 5
      vertex 5.42989 7.07511 -5
      vertex 5.44872 7.08491 -5
    endloop
  endfacet
  facet normal 0.199646 0.979868 -0
    outer loop
      vertex 5.76888 4.80684 -5
      vertex 5.74807 4.81108 5
      vertex 5.76888 4.80684 5
    endloop
  endfacet
  facet normal 0.199646 0.979868 0
    outer loop
      vertex 5.74807 4.81108 5
      vertex 5.76888 4.80684 -5
      vertex 5.74807 4.81108 -5
    endloop
  endfacet
  facet normal 0.998123 -0.0612346 0
    outer loop
      vertex 4.78616 6.06467 5
      vertex 4.78746 6.08586 -5
      vertex 4.78746 6.08586 5
    endloop
  endfacet
  facet normal 0.998123 -0.0612346 0
    outer loop
      vertex 4.78746 6.08586 -5
      vertex 4.78616 6.06467 5
      vertex 4.78616 6.06467 -5
    endloop
  endfacet
  facet normal 0.36692 0.930253 -0
    outer loop
      vertex 5.56504 4.86529 -5
      vertex 5.54529 4.87308 5
      vertex 5.56504 4.86529 5
    endloop
  endfacet
  facet normal 0.36692 0.930253 0
    outer loop
      vertex 5.54529 4.87308 5
      vertex 5.56504 4.86529 -5
      vertex 5.54529 4.87308 -5
    endloop
  endfacet
  facet normal 0.902564 0.430555 0
    outer loop
      vertex 4.90761 5.46772 5
      vertex 4.89847 5.48688 -5
      vertex 4.89847 5.48688 5
    endloop
  endfacet
  facet normal 0.902564 0.430555 0
    outer loop
      vertex 4.89847 5.48688 -5
      vertex 4.90761 5.46772 5
      vertex 4.90761 5.46772 -5
    endloop
  endfacet
  facet normal 0.507205 -0.861825 0
    outer loop
      vertex 5.37445 7.04375 -5
      vertex 5.39275 7.05452 5
      vertex 5.37445 7.04375 5
    endloop
  endfacet
  facet normal 0.507205 -0.861825 0
    outer loop
      vertex 5.39275 7.05452 5
      vertex 5.37445 7.04375 -5
      vertex 5.39275 7.05452 -5
    endloop
  endfacet
  facet normal -0.594788 -0.803882 0
    outer loop
      vertex 6.71604 6.98517 -5
      vertex 6.73311 6.97254 5
      vertex 6.71604 6.98517 5
    endloop
  endfacet
  facet normal -0.594788 -0.803882 -0
    outer loop
      vertex 6.73311 6.97254 5
      vertex 6.71604 6.98517 -5
      vertex 6.73311 6.97254 -5
    endloop
  endfacet
  facet normal 0.522441 0.852676 -0
    outer loop
      vertex 5.37445 4.95825 -5
      vertex 5.35635 4.96934 5
      vertex 5.37445 4.95825 5
    endloop
  endfacet
  facet normal 0.522441 0.852676 0
    outer loop
      vertex 5.35635 4.96934 5
      vertex 5.37445 4.95825 -5
      vertex 5.35635 4.96934 -5
    endloop
  endfacet
  facet normal 0.430555 0.902564 -0
    outer loop
      vertex 5.48688 4.89847 -5
      vertex 5.46772 4.90761 5
      vertex 5.48688 4.89847 5
    endloop
  endfacet
  facet normal 0.430555 0.902564 0
    outer loop
      vertex 5.46772 4.90761 5
      vertex 5.48688 4.89847 -5
      vertex 5.46772 4.90761 -5
    endloop
  endfacet
  facet normal 0.916988 0.398916 0
    outer loop
      vertex 4.88967 5.5062 5
      vertex 4.8812 5.52567 -5
      vertex 4.8812 5.52567 5
    endloop
  endfacet
  facet normal 0.916988 0.398916 0
    outer loop
      vertex 4.8812 5.52567 -5
      vertex 4.88967 5.5062 5
      vertex 4.88967 5.5062 -5
    endloop
  endfacet
  facet normal 0.803882 0.594788 0
    outer loop
      vertex 5.02946 5.26889 5
      vertex 5.01683 5.28596 -5
      vertex 5.01683 5.28596 5
    endloop
  endfacet
  facet normal 0.803882 0.594788 0
    outer loop
      vertex 5.01683 5.28596 -5
      vertex 5.02946 5.26889 5
      vertex 5.02946 5.26889 -5
    endloop
  endfacet
  facet normal -0.216282 -0.976331 0
    outer loop
      vertex 6.25393 7.19092 -5
      vertex 6.27465 7.18633 5
      vertex 6.25393 7.19092 5
    endloop
  endfacet
  facet normal -0.216282 -0.976331 -0
    outer loop
      vertex 6.27465 7.18633 5
      vertex 6.25393 7.19092 -5
      vertex 6.27465 7.18633 -5
    endloop
  endfacet
  facet normal 0.537302 -0.84339 0
    outer loop
      vertex 5.33844 7.02125 -5
      vertex 5.35635 7.03266 5
      vertex 5.33844 7.02125 5
    endloop
  endfacet
  facet normal 0.537302 -0.84339 0
    outer loop
      vertex 5.35635 7.03266 5
      vertex 5.33844 7.02125 -5
      vertex 5.35635 7.03266 -5
    endloop
  endfacet
  facet normal -0.199646 0.979868 0
    outer loop
      vertex 6.25393 4.81108 -5
      vertex 6.23312 4.80684 5
      vertex 6.25393 4.81108 5
    endloop
  endfacet
  facet normal -0.199646 0.979868 0
    outer loop
      vertex 6.23312 4.80684 5
      vertex 6.25393 4.81108 -5
      vertex 6.23312 4.80684 -5
    endloop
  endfacet
  facet normal -0.608481 0.793568 0
    outer loop
      vertex 6.74996 5.04238 -5
      vertex 6.73311 5.02946 5
      vertex 6.74996 5.04238 5
    endloop
  endfacet
  facet normal -0.608481 0.793568 0
    outer loop
      vertex 6.73311 5.02946 5
      vertex 6.74996 5.04238 -5
      vertex 6.73311 5.02946 -5
    endloop
  endfacet
  facet normal -0.283976 -0.958831 0
    outer loop
      vertex 6.33631 7.17038 -5
      vertex 6.35667 7.16435 5
      vertex 6.33631 7.17038 5
    endloop
  endfacet
  facet normal -0.283976 -0.958831 -0
    outer loop
      vertex 6.35667 7.16435 5
      vertex 6.33631 7.17038 -5
      vertex 6.35667 7.16435 -5
    endloop
  endfacet
  facet normal 0.771685 0.636004 0
    outer loop
      vertex 5.0691 5.21905 5
      vertex 5.0556 5.23543 -5
      vertex 5.0556 5.23543 5
    endloop
  endfacet
  facet normal 0.771685 0.636004 0
    outer loop
      vertex 5.0556 5.23543 -5
      vertex 5.0691 5.21905 5
      vertex 5.0691 5.21905 -5
    endloop
  endfacet
  facet normal 0.566489 0.824069 -0
    outer loop
      vertex 5.32074 4.99247 -5
      vertex 5.30324 5.0045 5
      vertex 5.32074 4.99247 5
    endloop
  endfacet
  facet normal 0.566489 0.824069 0
    outer loop
      vertex 5.30324 5.0045 5
      vertex 5.32074 4.99247 -5
      vertex 5.30324 5.0045 -5
    endloop
  endfacet
  facet normal -0.870264 0.492585 0
    outer loop
      vertex 7.05452 5.39275 -5
      vertex 7.06498 5.41123 5
      vertex 7.06498 5.41123 -5
    endloop
  endfacet
  facet normal -0.870264 0.492585 0
    outer loop
      vertex 7.06498 5.41123 5
      vertex 7.05452 5.39275 -5
      vertex 7.05452 5.39275 5
    endloop
  endfacet
  facet normal -0.199646 -0.979868 0
    outer loop
      vertex 6.23312 7.19516 -5
      vertex 6.25393 7.19092 5
      vertex 6.23312 7.19516 5
    endloop
  endfacet
  facet normal -0.199646 -0.979868 -0
    outer loop
      vertex 6.25393 7.19092 5
      vertex 6.23312 7.19516 -5
      vertex 6.25393 7.19092 -5
    endloop
  endfacet
  facet normal -0.999652 0.026381 0
    outer loop
      vertex 7.21676 5.95855 -5
      vertex 7.21732 5.97977 5
      vertex 7.21732 5.97977 -5
    endloop
  endfacet
  facet normal -0.999652 0.026381 0
    outer loop
      vertex 7.21732 5.97977 5
      vertex 7.21676 5.95855 -5
      vertex 7.21676 5.95855 5
    endloop
  endfacet
  facet normal -0.00894924 0.99996 0
    outer loop
      vertex 6.02223 4.78468 -5
      vertex 6.001 4.78449 5
      vertex 6.02223 4.78468 5
    endloop
  endfacet
  facet normal -0.00894924 0.99996 0
    outer loop
      vertex 6.001 4.78449 5
      vertex 6.02223 4.78468 -5
      vertex 6.001 4.78449 -5
    endloop
  endfacet
  facet normal 0.972345 0.233551 0
    outer loop
      vertex 4.82063 5.7067 5
      vertex 4.81567 5.72735 -5
      vertex 4.81567 5.72735 5
    endloop
  endfacet
  facet normal 0.972345 0.233551 0
    outer loop
      vertex 4.81567 5.72735 -5
      vertex 4.82063 5.7067 5
      vertex 4.82063 5.7067 -5
    endloop
  endfacet
  facet normal -0.649355 0.760485 0
    outer loop
      vertex 6.7991 5.08289 -5
      vertex 6.78295 5.0691 5
      vertex 6.7991 5.08289 5
    endloop
  endfacet
  facet normal -0.649355 0.760485 0
    outer loop
      vertex 6.78295 5.0691 5
      vertex 6.7991 5.08289 -5
      vertex 6.78295 5.0691 -5
    endloop
  endfacet
  facet normal 0.594788 -0.803882 0
    outer loop
      vertex 5.26889 6.97254 -5
      vertex 5.28596 6.98517 5
      vertex 5.26889 6.97254 5
    endloop
  endfacet
  facet normal 0.594788 -0.803882 0
    outer loop
      vertex 5.28596 6.98517 5
      vertex 5.26889 6.97254 -5
      vertex 5.28596 6.98517 -5
    endloop
  endfacet
  facet normal -0.852676 -0.522441 0
    outer loop
      vertex 7.04375 6.62755 -5
      vertex 7.03266 6.64565 5
      vertex 7.03266 6.64565 -5
    endloop
  endfacet
  facet normal -0.852676 -0.522441 0
    outer loop
      vertex 7.03266 6.64565 5
      vertex 7.04375 6.62755 -5
      vertex 7.04375 6.62755 5
    endloop
  endfacet
  facet normal -0.566489 -0.824069 0
    outer loop
      vertex 6.68126 7.00953 -5
      vertex 6.69876 6.9975 5
      vertex 6.68126 7.00953 5
    endloop
  endfacet
  facet normal -0.566489 -0.824069 -0
    outer loop
      vertex 6.69876 6.9975 5
      vertex 6.68126 7.00953 -5
      vertex 6.69876 6.9975 -5
    endloop
  endfacet
  facet normal -0.233551 -0.972345 0
    outer loop
      vertex 6.27465 7.18633 -5
      vertex 6.2953 7.18137 5
      vertex 6.27465 7.18633 5
    endloop
  endfacet
  facet normal -0.233551 -0.972345 -0
    outer loop
      vertex 6.2953 7.18137 5
      vertex 6.27465 7.18633 -5
      vertex 6.2953 7.18137 -5
    endloop
  endfacet
  facet normal 0.0433146 -0.999061 0
    outer loop
      vertex 5.93733 7.21584 -5
      vertex 5.95855 7.21676 5
      vertex 5.93733 7.21584 5
    endloop
  endfacet
  facet normal 0.0433146 -0.999061 0
    outer loop
      vertex 5.95855 7.21676 5
      vertex 5.93733 7.21584 -5
      vertex 5.95855 7.21676 -5
    endloop
  endfacet
  facet normal 0.00894924 -0.99996 0
    outer loop
      vertex 5.97977 7.21732 -5
      vertex 6.001 7.21751 5
      vertex 5.97977 7.21732 5
    endloop
  endfacet
  facet normal 0.00894924 -0.99996 0
    outer loop
      vertex 6.001 7.21751 5
      vertex 5.97977 7.21732 -5
      vertex 6.001 7.21751 -5
    endloop
  endfacet
  facet normal -0.887055 0.461664 0
    outer loop
      vertex 7.07511 5.42989 -5
      vertex 7.08491 5.44872 5
      vertex 7.08491 5.44872 -5
    endloop
  endfacet
  facet normal -0.887055 0.461664 0
    outer loop
      vertex 7.08491 5.44872 5
      vertex 7.07511 5.42989 -5
      vertex 7.07511 5.42989 5
    endloop
  endfacet
  facet normal -0.991453 0.130467 0
    outer loop
      vertex 7.20567 5.8317 -5
      vertex 7.20844 5.85275 5
      vertex 7.20844 5.85275 -5
    endloop
  endfacet
  facet normal -0.991453 0.130467 0
    outer loop
      vertex 7.20844 5.85275 5
      vertex 7.20567 5.8317 -5
      vertex 7.20567 5.8317 5
    endloop
  endfacet
  facet normal 0.0259102 0.999664 -0
    outer loop
      vertex 5.97977 4.78468 -5
      vertex 5.95855 4.78523 5
      vertex 5.97977 4.78468 5
    endloop
  endfacet
  facet normal 0.0259102 0.999664 0
    outer loop
      vertex 5.95855 4.78523 5
      vertex 5.97977 4.78468 -5
      vertex 5.95855 4.78523 -5
    endloop
  endfacet
  facet normal -0.233551 0.972345 0
    outer loop
      vertex 6.2953 4.82063 -5
      vertex 6.27465 4.81567 5
      vertex 6.2953 4.82063 5
    endloop
  endfacet
  facet normal -0.233551 0.972345 0
    outer loop
      vertex 6.27465 4.81567 5
      vertex 6.2953 4.82063 -5
      vertex 6.27465 4.81567 -5
    endloop
  endfacet
  facet normal 0.995376 0.0960533 0
    outer loop
      vertex 4.79116 5.87384 5
      vertex 4.78912 5.89498 -5
      vertex 4.78912 5.89498 5
    endloop
  endfacet
  facet normal 0.995376 0.0960533 0
    outer loop
      vertex 4.78912 5.89498 -5
      vertex 4.79116 5.87384 5
      vertex 4.79116 5.87384 -5
    endloop
  endfacet
  facet normal 0.902564 -0.430555 0
    outer loop
      vertex 4.89847 6.51512 5
      vertex 4.90761 6.53428 -5
      vertex 4.90761 6.53428 5
    endloop
  endfacet
  facet normal 0.902564 -0.430555 0
    outer loop
      vertex 4.90761 6.53428 -5
      vertex 4.89847 6.51512 5
      vertex 4.89847 6.51512 -5
    endloop
  endfacet
  facet normal 0.00894924 0.99996 -0
    outer loop
      vertex 6.001 4.78449 -5
      vertex 5.97977 4.78468 5
      vertex 6.001 4.78449 5
    endloop
  endfacet
  facet normal 0.00894924 0.99996 0
    outer loop
      vertex 5.97977 4.78468 5
      vertex 6.001 4.78449 -5
      vertex 5.97977 4.78468 -5
    endloop
  endfacet
  facet normal 0.608481 0.793568 -0
    outer loop
      vertex 5.26889 5.02946 -5
      vertex 5.25204 5.04238 5
      vertex 5.26889 5.02946 5
    endloop
  endfacet
  facet normal 0.608481 0.793568 0
    outer loop
      vertex 5.25204 5.04238 5
      vertex 5.26889 5.02946 -5
      vertex 5.25204 5.04238 -5
    endloop
  endfacet
  facet normal 0.181786 0.983338 -0
    outer loop
      vertex 5.78976 4.80298 -5
      vertex 5.76888 4.80684 5
      vertex 5.78976 4.80298 5
    endloop
  endfacet
  facet normal 0.181786 0.983338 0
    outer loop
      vertex 5.76888 4.80684 5
      vertex 5.78976 4.80298 -5
      vertex 5.76888 4.80684 -5
    endloop
  endfacet
  facet normal -0.216282 0.976331 0
    outer loop
      vertex 6.27465 4.81567 -5
      vertex 6.25393 4.81108 5
      vertex 6.27465 4.81567 5
    endloop
  endfacet
  facet normal -0.216282 0.976331 0
    outer loop
      vertex 6.25393 4.81108 5
      vertex 6.27465 4.81567 -5
      vertex 6.25393 4.81108 -5
    endloop
  endfacet
  facet normal -0.995376 0.0960533 0
    outer loop
      vertex 7.21084 5.87384 -5
      vertex 7.21288 5.89498 5
      vertex 7.21288 5.89498 -5
    endloop
  endfacet
  facet normal -0.995376 0.0960533 0
    outer loop
      vertex 7.21288 5.89498 5
      vertex 7.21084 5.87384 -5
      vertex 7.21084 5.87384 5
    endloop
  endfacet
  facet normal -0.910044 0.414513 0
    outer loop
      vertex 7.10353 5.48688 -5
      vertex 7.11233 5.5062 5
      vertex 7.11233 5.5062 -5
    endloop
  endfacet
  facet normal -0.910044 0.414513 0
    outer loop
      vertex 7.11233 5.5062 5
      vertex 7.10353 5.48688 -5
      vertex 7.10353 5.48688 5
    endloop
  endfacet
  facet normal 0.930253 0.36692 0
    outer loop
      vertex 4.87308 5.54529 5
      vertex 4.86529 5.56504 -5
      vertex 4.86529 5.56504 5
    endloop
  endfacet
  facet normal 0.930253 0.36692 0
    outer loop
      vertex 4.86529 5.56504 -5
      vertex 4.87308 5.54529 5
      vertex 4.87308 5.54529 -5
    endloop
  endfacet
  facet normal 0.14788 0.989005 -0
    outer loop
      vertex 5.8317 4.79633 -5
      vertex 5.8107 4.79947 5
      vertex 5.8317 4.79633 5
    endloop
  endfacet
  facet normal 0.14788 0.989005 0
    outer loop
      vertex 5.8107 4.79947 5
      vertex 5.8317 4.79633 -5
      vertex 5.8107 4.79947 -5
    endloop
  endfacet
  facet normal 0.608481 -0.793568 0
    outer loop
      vertex 5.25204 6.95962 -5
      vertex 5.26889 6.97254 5
      vertex 5.25204 6.95962 5
    endloop
  endfacet
  facet normal 0.608481 -0.793568 0
    outer loop
      vertex 5.26889 6.97254 5
      vertex 5.25204 6.95962 -5
      vertex 5.26889 6.97254 -5
    endloop
  endfacet
  facet normal -0.580837 0.81402 0
    outer loop
      vertex 6.71604 5.01683 -5
      vertex 6.69876 5.0045 5
      vertex 6.71604 5.01683 5
    endloop
  endfacet
  facet normal -0.580837 0.81402 0
    outer loop
      vertex 6.69876 5.0045 5
      vertex 6.71604 5.01683 -5
      vertex 6.69876 5.0045 -5
    endloop
  endfacet
  facet normal -0.477102 0.878848 0
    outer loop
      vertex 6.59077 4.93702 -5
      vertex 6.57211 4.92689 5
      vertex 6.59077 4.93702 5
    endloop
  endfacet
  facet normal -0.477102 0.878848 0
    outer loop
      vertex 6.57211 4.92689 5
      vertex 6.59077 4.93702 -5
      vertex 6.57211 4.92689 -5
    endloop
  endfacet
  facet normal -0.942581 0.333978 0
    outer loop
      vertex 7.14414 5.58493 -5
      vertex 7.15123 5.60494 5
      vertex 7.15123 5.60494 -5
    endloop
  endfacet
  facet normal -0.942581 0.333978 0
    outer loop
      vertex 7.15123 5.60494 5
      vertex 7.14414 5.58493 -5
      vertex 7.14414 5.58493 5
    endloop
  endfacet
  facet normal -0.14788 0.989005 0
    outer loop
      vertex 6.1913 4.79947 -5
      vertex 6.1703 4.79633 5
      vertex 6.1913 4.79947 5
    endloop
  endfacet
  facet normal -0.14788 0.989005 0
    outer loop
      vertex 6.1703 4.79633 5
      vertex 6.1913 4.79947 -5
      vertex 6.1703 4.79633 -5
    endloop
  endfacet
  facet normal -0.522441 0.852676 0
    outer loop
      vertex 6.64565 4.96934 -5
      vertex 6.62755 4.95825 5
      vertex 6.64565 4.96934 5
    endloop
  endfacet
  facet normal -0.522441 0.852676 0
    outer loop
      vertex 6.62755 4.95825 5
      vertex 6.64565 4.96934 -5
      vertex 6.62755 4.95825 -5
    endloop
  endfacet
  facet normal 0.461664 0.887055 -0
    outer loop
      vertex 5.44872 4.91709 -5
      vertex 5.42989 4.92689 5
      vertex 5.44872 4.91709 5
    endloop
  endfacet
  facet normal 0.461664 0.887055 0
    outer loop
      vertex 5.42989 4.92689 5
      vertex 5.44872 4.91709 -5
      vertex 5.42989 4.92689 -5
    endloop
  endfacet
  facet normal -0.700956 -0.713204 0
    outer loop
      vertex 6.84606 6.87608 -5
      vertex 6.8612 6.8612 5
      vertex 6.84606 6.87608 5
    endloop
  endfacet
  facet normal -0.700956 -0.713204 -0
    outer loop
      vertex 6.8612 6.8612 5
      vertex 6.84606 6.87608 -5
      vertex 6.8612 6.8612 -5
    endloop
  endfacet
  facet normal 0.986241 0.165315 0
    outer loop
      vertex 4.80298 5.78976 5
      vertex 4.79947 5.8107 -5
      vertex 4.79947 5.8107 5
    endloop
  endfacet
  facet normal 0.986241 0.165315 0
    outer loop
      vertex 4.79947 5.8107 -5
      vertex 4.80298 5.78976 5
      vertex 4.80298 5.78976 -5
    endloop
  endfacet
  facet normal -0.760485 0.649355 0
    outer loop
      vertex 6.91911 5.2029 -5
      vertex 6.9329 5.21905 5
      vertex 6.9329 5.21905 -5
    endloop
  endfacet
  facet normal -0.760485 0.649355 0
    outer loop
      vertex 6.9329 5.21905 5
      vertex 6.91911 5.2029 -5
      vertex 6.91911 5.2029 5
    endloop
  endfacet
  facet normal 0.782429 0.62274 0
    outer loop
      vertex 5.0556 5.23543 5
      vertex 5.04238 5.25204 -5
      vertex 5.04238 5.25204 5
    endloop
  endfacet
  facet normal 0.782429 0.62274 0
    outer loop
      vertex 5.04238 5.25204 -5
      vertex 5.0556 5.23543 5
      vertex 5.0556 5.23543 -5
    endloop
  endfacet
  facet normal -0.3005 0.953782 0
    outer loop
      vertex 6.37692 4.84403 -5
      vertex 6.35667 4.83765 5
      vertex 6.37692 4.84403 5
    endloop
  endfacet
  facet normal -0.3005 0.953782 0
    outer loop
      vertex 6.35667 4.83765 5
      vertex 6.37692 4.84403 -5
      vertex 6.35667 4.83765 -5
    endloop
  endfacet
  facet normal -0.283976 0.958831 0
    outer loop
      vertex 6.35667 4.83765 -5
      vertex 6.33631 4.83162 5
      vertex 6.35667 4.83765 5
    endloop
  endfacet
  facet normal -0.283976 0.958831 0
    outer loop
      vertex 6.33631 4.83162 5
      vertex 6.35667 4.83765 -5
      vertex 6.33631 4.83162 -5
    endloop
  endfacet
  facet normal 0.991453 0.130467 0
    outer loop
      vertex 4.79633 5.8317 5
      vertex 4.79356 5.85275 -5
      vertex 4.79356 5.85275 5
    endloop
  endfacet
  facet normal 0.991453 0.130467 0
    outer loop
      vertex 4.79356 5.85275 -5
      vertex 4.79633 5.8317 5
      vertex 4.79633 5.8317 -5
    endloop
  endfacet
  facet normal -0.507205 -0.861825 0
    outer loop
      vertex 6.60925 7.05452 -5
      vertex 6.62755 7.04375 5
      vertex 6.60925 7.05452 5
    endloop
  endfacet
  facet normal -0.507205 -0.861825 -0
    outer loop
      vertex 6.62755 7.04375 5
      vertex 6.60925 7.05452 -5
      vertex 6.62755 7.04375 -5
    endloop
  endfacet
  facet normal 0.833786 -0.552088 0
    outer loop
      vertex 4.98075 6.66356 5
      vertex 4.99247 6.68126 -5
      vertex 4.99247 6.68126 5
    endloop
  endfacet
  facet normal 0.833786 -0.552088 0
    outer loop
      vertex 4.99247 6.68126 -5
      vertex 4.98075 6.66356 5
      vertex 4.98075 6.66356 -5
    endloop
  endfacet
  facet normal -0.130467 -0.991453 0
    outer loop
      vertex 6.14925 7.20844 -5
      vertex 6.1703 7.20567 5
      vertex 6.14925 7.20844 5
    endloop
  endfacet
  facet normal -0.130467 -0.991453 -0
    outer loop
      vertex 6.1703 7.20567 5
      vertex 6.14925 7.20844 -5
      vertex 6.1703 7.20567 -5
    endloop
  endfacet
  facet normal -0.833786 0.552088 0
    outer loop
      vertex 7.00953 5.32074 -5
      vertex 7.02125 5.33844 5
      vertex 7.02125 5.33844 -5
    endloop
  endfacet
  facet normal -0.833786 0.552088 0
    outer loop
      vertex 7.02125 5.33844 5
      vertex 7.00953 5.32074 -5
      vertex 7.00953 5.32074 5
    endloop
  endfacet
  facet normal -0.14788 -0.989005 0
    outer loop
      vertex 6.1703 7.20567 -5
      vertex 6.1913 7.20253 5
      vertex 6.1703 7.20567 5
    endloop
  endfacet
  facet normal -0.14788 -0.989005 -0
    outer loop
      vertex 6.1913 7.20253 5
      vertex 6.1703 7.20567 -5
      vertex 6.1913 7.20253 -5
    endloop
  endfacet
  facet normal 0.580837 0.81402 -0
    outer loop
      vertex 5.30324 5.0045 -5
      vertex 5.28596 5.01683 5
      vertex 5.30324 5.0045 5
    endloop
  endfacet
  facet normal 0.580837 0.81402 0
    outer loop
      vertex 5.28596 5.01683 5
      vertex 5.30324 5.0045 -5
      vertex 5.28596 5.01683 -5
    endloop
  endfacet
  facet normal -0.713204 -0.700956 0
    outer loop
      vertex 6.87608 6.84606 -5
      vertex 6.8612 6.8612 5
      vertex 6.8612 6.8612 -5
    endloop
  endfacet
  facet normal -0.713204 -0.700956 0
    outer loop
      vertex 6.8612 6.8612 5
      vertex 6.87608 6.84606 -5
      vertex 6.87608 6.84606 5
    endloop
  endfacet
  facet normal 0.861619 0.507555 0
    outer loop
      vertex 4.95825 5.37445 5
      vertex 4.94747 5.39275 -5
      vertex 4.94747 5.39275 5
    endloop
  endfacet
  facet normal 0.861619 0.507555 0
    outer loop
      vertex 4.94747 5.39275 -5
      vertex 4.95825 5.37445 5
      vertex 4.95825 5.37445 -5
    endloop
  endfacet
  facet normal 0.382407 0.923994 -0
    outer loop
      vertex 5.54529 4.87308 -5
      vertex 5.52567 4.8812 5
      vertex 5.54529 4.87308 5
    endloop
  endfacet
  facet normal 0.382407 0.923994 0
    outer loop
      vertex 5.52567 4.8812 5
      vertex 5.54529 4.87308 -5
      vertex 5.52567 4.8812 -5
    endloop
  endfacet
  facet normal -0.771685 -0.636004 0
    outer loop
      vertex 6.9464 6.76657 -5
      vertex 6.9329 6.78295 5
      vertex 6.9329 6.78295 -5
    endloop
  endfacet
  facet normal -0.771685 -0.636004 0
    outer loop
      vertex 6.9329 6.78295 5
      vertex 6.9464 6.76657 -5
      vertex 6.9464 6.76657 5
    endloop
  endfacet
  facet normal 0.887055 -0.461664 0
    outer loop
      vertex 4.91709 6.55328 5
      vertex 4.92689 6.57211 -5
      vertex 4.92689 6.57211 5
    endloop
  endfacet
  facet normal 0.887055 -0.461664 0
    outer loop
      vertex 4.92689 6.57211 -5
      vertex 4.91709 6.55328 5
      vertex 4.91709 6.55328 -5
    endloop
  endfacet
  facet normal -0.936774 -0.349936 0
    outer loop
      vertex 7.14414 6.41707 -5
      vertex 7.13671 6.43696 5
      vertex 7.13671 6.43696 -5
    endloop
  endfacet
  facet normal -0.936774 -0.349936 0
    outer loop
      vertex 7.13671 6.43696 5
      vertex 7.14414 6.41707 -5
      vertex 7.14414 6.41707 5
    endloop
  endfacet
  facet normal 0.62274 -0.782429 0
    outer loop
      vertex 5.23543 6.9464 -5
      vertex 5.25204 6.95962 5
      vertex 5.23543 6.9464 5
    endloop
  endfacet
  facet normal 0.62274 -0.782429 0
    outer loop
      vertex 5.25204 6.95962 5
      vertex 5.23543 6.9464 -5
      vertex 5.25204 6.95962 -5
    endloop
  endfacet
  facet normal 0.233551 0.972345 -0
    outer loop
      vertex 5.72735 4.81567 -5
      vertex 5.7067 4.82063 5
      vertex 5.72735 4.81567 5
    endloop
  endfacet
  facet normal 0.233551 0.972345 0
    outer loop
      vertex 5.7067 4.82063 5
      vertex 5.72735 4.81567 -5
      vertex 5.7067 4.82063 -5
    endloop
  endfacet
  facet normal 0.989005 0.14788 0
    outer loop
      vertex 4.79947 5.8107 5
      vertex 4.79633 5.8317 -5
      vertex 4.79633 5.8317 5
    endloop
  endfacet
  facet normal 0.989005 0.14788 0
    outer loop
      vertex 4.79633 5.8317 -5
      vertex 4.79947 5.8107 5
      vertex 4.79947 5.8107 -5
    endloop
  endfacet
  facet normal 0.748889 -0.662696 0
    outer loop
      vertex 5.08289 6.7991 5
      vertex 5.09696 6.815 -5
      vertex 5.09696 6.815 5
    endloop
  endfacet
  facet normal 0.748889 -0.662696 0
    outer loop
      vertex 5.09696 6.815 -5
      vertex 5.08289 6.7991 5
      vertex 5.08289 6.7991 -5
    endloop
  endfacet
  facet normal 0.923994 -0.382407 0
    outer loop
      vertex 4.87308 6.45671 5
      vertex 4.8812 6.47633 -5
      vertex 4.8812 6.47633 5
    endloop
  endfacet
  facet normal 0.923994 -0.382407 0
    outer loop
      vertex 4.8812 6.47633 -5
      vertex 4.87308 6.45671 5
      vertex 4.87308 6.45671 -5
    endloop
  endfacet
  facet normal 0.414513 0.910044 -0
    outer loop
      vertex 5.5062 4.88967 -5
      vertex 5.48688 4.89847 5
      vertex 5.5062 4.88967 5
    endloop
  endfacet
  facet normal 0.414513 0.910044 0
    outer loop
      vertex 5.48688 4.89847 5
      vertex 5.5062 4.88967 -5
      vertex 5.48688 4.89847 -5
    endloop
  endfacet
  facet normal 0.725458 0.688267 0
    outer loop
      vertex 5.12592 5.15594 5
      vertex 5.1113 5.17135 -5
      vertex 5.1113 5.17135 5
    endloop
  endfacet
  facet normal 0.725458 0.688267 0
    outer loop
      vertex 5.1113 5.17135 -5
      vertex 5.12592 5.15594 5
      vertex 5.12592 5.15594 -5
    endloop
  endfacet
  facet normal -0.522441 -0.852676 0
    outer loop
      vertex 6.62755 7.04375 -5
      vertex 6.64565 7.03266 5
      vertex 6.62755 7.04375 5
    endloop
  endfacet
  facet normal -0.522441 -0.852676 -0
    outer loop
      vertex 6.64565 7.03266 5
      vertex 6.62755 7.04375 -5
      vertex 6.64565 7.03266 -5
    endloop
  endfacet
  facet normal 0.737291 0.675575 0
    outer loop
      vertex 5.1113 5.17135 5
      vertex 5.09696 5.187 -5
      vertex 5.09696 5.187 5
    endloop
  endfacet
  facet normal 0.737291 0.675575 0
    outer loop
      vertex 5.09696 5.187 -5
      vertex 5.1113 5.17135 5
      vertex 5.1113 5.17135 -5
    endloop
  endfacet
  facet normal 0.267061 -0.96368 0
    outer loop
      vertex 5.66569 7.17038 -5
      vertex 5.68615 7.17605 5
      vertex 5.66569 7.17038 5
    endloop
  endfacet
  facet normal 0.267061 -0.96368 0
    outer loop
      vertex 5.68615 7.17605 5
      vertex 5.66569 7.17038 -5
      vertex 5.68615 7.17605 -5
    endloop
  endfacet
  facet normal -0.803882 -0.594788 0
    outer loop
      vertex 6.98517 6.71604 -5
      vertex 6.97254 6.73311 5
      vertex 6.97254 6.73311 -5
    endloop
  endfacet
  facet normal -0.803882 -0.594788 0
    outer loop
      vertex 6.97254 6.73311 5
      vertex 6.98517 6.71604 -5
      vertex 6.98517 6.71604 5
    endloop
  endfacet
  facet normal -0.824069 0.566489 0
    outer loop
      vertex 6.9975 5.30324 -5
      vertex 7.00953 5.32074 5
      vertex 7.00953 5.32074 -5
    endloop
  endfacet
  facet normal -0.824069 0.566489 0
    outer loop
      vertex 7.00953 5.32074 5
      vertex 6.9975 5.30324 -5
      vertex 6.9975 5.30324 5
    endloop
  endfacet
  facet normal 0.958831 0.283976 0
    outer loop
      vertex 4.83765 5.64533 5
      vertex 4.83162 5.66569 -5
      vertex 4.83162 5.66569 5
    endloop
  endfacet
  facet normal 0.958831 0.283976 0
    outer loop
      vertex 4.83162 5.66569 -5
      vertex 4.83765 5.64533 5
      vertex 4.83765 5.64533 -5
    endloop
  endfacet
  facet normal 0.96368 0.267061 0
    outer loop
      vertex 4.83162 5.66569 5
      vertex 4.82595 5.68615 -5
      vertex 4.82595 5.68615 5
    endloop
  endfacet
  facet normal 0.96368 0.267061 0
    outer loop
      vertex 4.82595 5.68615 -5
      vertex 4.83162 5.66569 5
      vertex 4.83162 5.66569 -5
    endloop
  endfacet
  facet normal 0.942581 -0.333978 0
    outer loop
      vertex 4.85077 6.39706 5
      vertex 4.85786 6.41707 -5
      vertex 4.85786 6.41707 5
    endloop
  endfacet
  facet normal 0.942581 -0.333978 0
    outer loop
      vertex 4.85786 6.41707 -5
      vertex 4.85077 6.39706 5
      vertex 4.85077 6.39706 -5
    endloop
  endfacet
  facet normal 0.942581 0.333978 0
    outer loop
      vertex 4.85786 5.58493 5
      vertex 4.85077 5.60494 -5
      vertex 4.85077 5.60494 5
    endloop
  endfacet
  facet normal 0.942581 0.333978 0
    outer loop
      vertex 4.85077 5.60494 -5
      vertex 4.85786 5.58493 5
      vertex 4.85786 5.58493 -5
    endloop
  endfacet
  facet normal -0.165315 -0.986241 0
    outer loop
      vertex 6.1913 7.20253 -5
      vertex 6.21224 7.19902 5
      vertex 6.1913 7.20253 5
    endloop
  endfacet
  facet normal -0.165315 -0.986241 -0
    outer loop
      vertex 6.21224 7.19902 5
      vertex 6.1913 7.20253 -5
      vertex 6.21224 7.19902 -5
    endloop
  endfacet
  facet normal -0.948306 -0.317358 0
    outer loop
      vertex 7.15797 6.37692 -5
      vertex 7.15123 6.39706 5
      vertex 7.15123 6.39706 -5
    endloop
  endfacet
  facet normal -0.948306 -0.317358 0
    outer loop
      vertex 7.15123 6.39706 5
      vertex 7.15797 6.37692 -5
      vertex 7.15797 6.37692 5
    endloop
  endfacet
  facet normal 0.250619 0.968086 -0
    outer loop
      vertex 5.7067 4.82063 -5
      vertex 5.68615 4.82595 5
      vertex 5.7067 4.82063 5
    endloop
  endfacet
  facet normal 0.250619 0.968086 0
    outer loop
      vertex 5.68615 4.82595 5
      vertex 5.7067 4.82063 -5
      vertex 5.68615 4.82595 -5
    endloop
  endfacet
  facet normal 0.991453 -0.130467 0
    outer loop
      vertex 4.79356 6.14925 5
      vertex 4.79633 6.1703 -5
      vertex 4.79633 6.1703 5
    endloop
  endfacet
  facet normal 0.991453 -0.130467 0
    outer loop
      vertex 4.79633 6.1703 -5
      vertex 4.79356 6.14925 5
      vertex 4.79356 6.14925 -5
    endloop
  endfacet
  facet normal 0.999041 -0.0437845 0
    outer loop
      vertex 4.78523 6.04345 5
      vertex 4.78616 6.06467 -5
      vertex 4.78616 6.06467 5
    endloop
  endfacet
  facet normal 0.999041 -0.0437845 0
    outer loop
      vertex 4.78616 6.06467 -5
      vertex 4.78523 6.04345 5
      vertex 4.78523 6.04345 -5
    endloop
  endfacet
  facet normal -0.250619 -0.968086 0
    outer loop
      vertex 6.2953 7.18137 -5
      vertex 6.31585 7.17605 5
      vertex 6.2953 7.18137 5
    endloop
  endfacet
  facet normal -0.250619 -0.968086 -0
    outer loop
      vertex 6.31585 7.17605 5
      vertex 6.2953 7.18137 -5
      vertex 6.31585 7.17605 -5
    endloop
  endfacet
  facet normal 0.477102 -0.878848 0
    outer loop
      vertex 5.41123 7.06498 -5
      vertex 5.42989 7.07511 5
      vertex 5.41123 7.06498 5
    endloop
  endfacet
  facet normal 0.477102 -0.878848 0
    outer loop
      vertex 5.42989 7.07511 5
      vertex 5.41123 7.06498 -5
      vertex 5.42989 7.07511 -5
    endloop
  endfacet
  facet normal 0.910044 0.414513 0
    outer loop
      vertex 4.89847 5.48688 5
      vertex 4.88967 5.5062 -5
      vertex 4.88967 5.5062 5
    endloop
  endfacet
  facet normal 0.910044 0.414513 0
    outer loop
      vertex 4.88967 5.5062 -5
      vertex 4.89847 5.48688 5
      vertex 4.89847 5.48688 -5
    endloop
  endfacet
  facet normal 0.84339 -0.537302 0
    outer loop
      vertex 4.96934 6.64565 5
      vertex 4.98075 6.66356 -5
      vertex 4.98075 6.66356 5
    endloop
  endfacet
  facet normal 0.84339 -0.537302 0
    outer loop
      vertex 4.98075 6.66356 -5
      vertex 4.96934 6.64565 5
      vertex 4.96934 6.64565 -5
    endloop
  endfacet
  facet normal -0.113068 -0.993587 0
    outer loop
      vertex 6.12816 7.21084 -5
      vertex 6.14925 7.20844 5
      vertex 6.12816 7.21084 5
    endloop
  endfacet
  facet normal -0.113068 -0.993587 -0
    outer loop
      vertex 6.14925 7.20844 5
      vertex 6.12816 7.21084 -5
      vertex 6.14925 7.20844 -5
    endloop
  endfacet
  facet normal 0.44646 0.894804 -0
    outer loop
      vertex 5.46772 4.90761 -5
      vertex 5.44872 4.91709 5
      vertex 5.46772 4.90761 5
    endloop
  endfacet
  facet normal 0.44646 0.894804 0
    outer loop
      vertex 5.44872 4.91709 5
      vertex 5.46772 4.90761 -5
      vertex 5.44872 4.91709 -5
    endloop
  endfacet
  facet normal 0.14788 -0.989005 0
    outer loop
      vertex 5.8107 7.20253 -5
      vertex 5.8317 7.20567 5
      vertex 5.8107 7.20253 5
    endloop
  endfacet
  facet normal 0.14788 -0.989005 0
    outer loop
      vertex 5.8317 7.20567 5
      vertex 5.8107 7.20253 -5
      vertex 5.8317 7.20567 -5
    endloop
  endfacet
  facet normal 0.333978 0.942581 -0
    outer loop
      vertex 5.60494 4.85077 -5
      vertex 5.58493 4.85786 5
      vertex 5.60494 4.85077 5
    endloop
  endfacet
  facet normal 0.333978 0.942581 0
    outer loop
      vertex 5.58493 4.85786 5
      vertex 5.60494 4.85077 -5
      vertex 5.58493 4.85786 -5
    endloop
  endfacet
  facet normal -0.760485 -0.649355 0
    outer loop
      vertex 6.9329 6.78295 -5
      vertex 6.91911 6.7991 5
      vertex 6.91911 6.7991 -5
    endloop
  endfacet
  facet normal -0.760485 -0.649355 0
    outer loop
      vertex 6.91911 6.7991 5
      vertex 6.9329 6.78295 -5
      vertex 6.9329 6.78295 5
    endloop
  endfacet
  facet normal -0.113068 0.993587 0
    outer loop
      vertex 6.14925 4.79356 -5
      vertex 6.12816 4.79116 5
      vertex 6.14925 4.79356 5
    endloop
  endfacet
  facet normal -0.113068 0.993587 0
    outer loop
      vertex 6.12816 4.79116 5
      vertex 6.14925 4.79356 -5
      vertex 6.12816 4.79116 -5
    endloop
  endfacet
  facet normal 0.3005 0.953782 -0
    outer loop
      vertex 5.64533 4.83765 -5
      vertex 5.62508 4.84403 5
      vertex 5.64533 4.83765 5
    endloop
  endfacet
  facet normal 0.3005 0.953782 0
    outer loop
      vertex 5.62508 4.84403 5
      vertex 5.64533 4.83765 -5
      vertex 5.62508 4.84403 -5
    endloop
  endfacet
  facet normal 0.887055 0.461664 0
    outer loop
      vertex 4.92689 5.42989 5
      vertex 4.91709 5.44872 -5
      vertex 4.91709 5.44872 5
    endloop
  endfacet
  facet normal 0.887055 0.461664 0
    outer loop
      vertex 4.91709 5.44872 -5
      vertex 4.92689 5.42989 5
      vertex 4.92689 5.42989 -5
    endloop
  endfacet
  facet normal 0.894804 0.44646 0
    outer loop
      vertex 4.91709 5.44872 5
      vertex 4.90761 5.46772 -5
      vertex 4.90761 5.46772 5
    endloop
  endfacet
  facet normal 0.894804 0.44646 0
    outer loop
      vertex 4.90761 5.46772 -5
      vertex 4.91709 5.44872 5
      vertex 4.91709 5.44872 -5
    endloop
  endfacet
  facet normal -0.130467 0.991453 0
    outer loop
      vertex 6.1703 4.79633 -5
      vertex 6.14925 4.79356 5
      vertex 6.1703 4.79633 5
    endloop
  endfacet
  facet normal -0.130467 0.991453 0
    outer loop
      vertex 6.14925 4.79356 5
      vertex 6.1703 4.79633 -5
      vertex 6.14925 4.79356 -5
    endloop
  endfacet
  facet normal 0.793568 0.608481 0
    outer loop
      vertex 5.04238 5.25204 5
      vertex 5.02946 5.26889 -5
      vertex 5.02946 5.26889 5
    endloop
  endfacet
  facet normal 0.793568 0.608481 0
    outer loop
      vertex 5.02946 5.26889 -5
      vertex 5.04238 5.25204 5
      vertex 5.04238 5.25204 -5
    endloop
  endfacet
  facet normal 0.130467 0.991453 -0
    outer loop
      vertex 5.85275 4.79356 -5
      vertex 5.8317 4.79633 5
      vertex 5.85275 4.79356 5
    endloop
  endfacet
  facet normal 0.130467 0.991453 0
    outer loop
      vertex 5.8317 4.79633 5
      vertex 5.85275 4.79356 -5
      vertex 5.8317 4.79633 -5
    endloop
  endfacet
  facet normal -0.771685 0.636004 0
    outer loop
      vertex 6.9329 5.21905 -5
      vertex 6.9464 5.23543 5
      vertex 6.9464 5.23543 -5
    endloop
  endfacet
  facet normal -0.771685 0.636004 0
    outer loop
      vertex 6.9464 5.23543 5
      vertex 6.9329 5.21905 -5
      vertex 6.9329 5.21905 5
    endloop
  endfacet
  facet normal -0.317358 -0.948306 0
    outer loop
      vertex 6.37692 7.15797 -5
      vertex 6.39706 7.15123 5
      vertex 6.37692 7.15797 5
    endloop
  endfacet
  facet normal -0.317358 -0.948306 -0
    outer loop
      vertex 6.39706 7.15123 5
      vertex 6.37692 7.15797 -5
      vertex 6.39706 7.15123 -5
    endloop
  endfacet
  facet normal -0.972345 0.233551 0
    outer loop
      vertex 7.18137 5.7067 -5
      vertex 7.18633 5.72735 5
      vertex 7.18633 5.72735 -5
    endloop
  endfacet
  facet normal -0.972345 0.233551 0
    outer loop
      vertex 7.18633 5.72735 5
      vertex 7.18137 5.7067 -5
      vertex 7.18137 5.7067 5
    endloop
  endfacet
  facet normal 0.894804 -0.44646 0
    outer loop
      vertex 4.90761 6.53428 5
      vertex 4.91709 6.55328 -5
      vertex 4.91709 6.55328 5
    endloop
  endfacet
  facet normal 0.894804 -0.44646 0
    outer loop
      vertex 4.91709 6.55328 -5
      vertex 4.90761 6.53428 5
      vertex 4.90761 6.53428 -5
    endloop
  endfacet
  facet normal 0.507555 0.861619 -0
    outer loop
      vertex 5.39275 4.94747 -5
      vertex 5.37445 4.95825 5
      vertex 5.39275 4.94747 5
    endloop
  endfacet
  facet normal 0.507555 0.861619 0
    outer loop
      vertex 5.37445 4.95825 5
      vertex 5.39275 4.94747 -5
      vertex 5.37445 4.95825 -5
    endloop
  endfacet
  facet normal -0.803882 0.594788 0
    outer loop
      vertex 6.97254 5.26889 -5
      vertex 6.98517 5.28596 5
      vertex 6.98517 5.28596 -5
    endloop
  endfacet
  facet normal -0.803882 0.594788 0
    outer loop
      vertex 6.98517 5.28596 5
      vertex 6.97254 5.26889 -5
      vertex 6.97254 5.26889 5
    endloop
  endfacet
  facet normal 0.793568 -0.608481 0
    outer loop
      vertex 5.02946 6.73311 5
      vertex 5.04238 6.74996 -5
      vertex 5.04238 6.74996 5
    endloop
  endfacet
  facet normal 0.793568 -0.608481 0
    outer loop
      vertex 5.04238 6.74996 -5
      vertex 5.02946 6.73311 5
      vertex 5.02946 6.73311 -5
    endloop
  endfacet
  facet normal 0.233551 -0.972345 0
    outer loop
      vertex 5.7067 7.18137 -5
      vertex 5.72735 7.18633 5
      vertex 5.7067 7.18137 5
    endloop
  endfacet
  facet normal 0.233551 -0.972345 0
    outer loop
      vertex 5.72735 7.18633 5
      vertex 5.7067 7.18137 -5
      vertex 5.72735 7.18633 -5
    endloop
  endfacet
  facet normal 0.283976 0.958831 -0
    outer loop
      vertex 5.66569 4.83162 -5
      vertex 5.64533 4.83765 5
      vertex 5.66569 4.83162 5
    endloop
  endfacet
  facet normal 0.283976 0.958831 0
    outer loop
      vertex 5.64533 4.83765 5
      vertex 5.66569 4.83162 -5
      vertex 5.64533 4.83765 -5
    endloop
  endfacet
  facet normal -0.537302 0.84339 0
    outer loop
      vertex 6.66356 4.98075 -5
      vertex 6.64565 4.96934 5
      vertex 6.66356 4.98075 5
    endloop
  endfacet
  facet normal -0.537302 0.84339 0
    outer loop
      vertex 6.64565 4.96934 5
      vertex 6.66356 4.98075 -5
      vertex 6.64565 4.96934 -5
    endloop
  endfacet
  facet normal -0.461664 -0.887055 0
    outer loop
      vertex 6.55328 7.08491 -5
      vertex 6.57211 7.07511 5
      vertex 6.55328 7.08491 5
    endloop
  endfacet
  facet normal -0.461664 -0.887055 -0
    outer loop
      vertex 6.57211 7.07511 5
      vertex 6.55328 7.08491 -5
      vertex 6.57211 7.07511 -5
    endloop
  endfacet
  facet normal 0.972345 -0.233551 0
    outer loop
      vertex 4.81567 6.27465 5
      vertex 4.82063 6.2953 -5
      vertex 4.82063 6.2953 5
    endloop
  endfacet
  facet normal 0.972345 -0.233551 0
    outer loop
      vertex 4.82063 6.2953 -5
      vertex 4.81567 6.27465 5
      vertex 4.81567 6.27465 -5
    endloop
  endfacet
  facet normal 0.0437845 0.999041 -0
    outer loop
      vertex 5.95855 4.78523 -5
      vertex 5.93733 4.78616 5
      vertex 5.95855 4.78523 5
    endloop
  endfacet
  facet normal 0.0437845 0.999041 0
    outer loop
      vertex 5.93733 4.78616 5
      vertex 5.95855 4.78523 -5
      vertex 5.93733 4.78616 -5
    endloop
  endfacet
  facet normal 0.968086 0.250619 0
    outer loop
      vertex 4.82595 5.68615 5
      vertex 4.82063 5.7067 -5
      vertex 4.82063 5.7067 5
    endloop
  endfacet
  facet normal 0.968086 0.250619 0
    outer loop
      vertex 4.82063 5.7067 -5
      vertex 4.82595 5.68615 5
      vertex 4.82595 5.68615 -5
    endloop
  endfacet
  facet normal 0.333978 -0.942581 0
    outer loop
      vertex 5.58493 7.14414 -5
      vertex 5.60494 7.15123 5
      vertex 5.58493 7.14414 5
    endloop
  endfacet
  facet normal 0.333978 -0.942581 0
    outer loop
      vertex 5.60494 7.15123 5
      vertex 5.58493 7.14414 -5
      vertex 5.60494 7.15123 -5
    endloop
  endfacet
  facet normal 0.594788 0.803882 -0
    outer loop
      vertex 5.28596 5.01683 -5
      vertex 5.26889 5.02946 5
      vertex 5.28596 5.01683 5
    endloop
  endfacet
  facet normal 0.594788 0.803882 0
    outer loop
      vertex 5.26889 5.02946 5
      vertex 5.28596 5.01683 -5
      vertex 5.26889 5.02946 -5
    endloop
  endfacet
  facet normal 0.662696 0.748889 -0
    outer loop
      vertex 5.2029 5.08289 -5
      vertex 5.187 5.09696 5
      vertex 5.2029 5.08289 5
    endloop
  endfacet
  facet normal 0.662696 0.748889 0
    outer loop
      vertex 5.187 5.09696 5
      vertex 5.2029 5.08289 -5
      vertex 5.187 5.09696 -5
    endloop
  endfacet
  facet normal -0.782429 -0.62274 0
    outer loop
      vertex 6.95962 6.74996 -5
      vertex 6.9464 6.76657 5
      vertex 6.9464 6.76657 -5
    endloop
  endfacet
  facet normal -0.782429 -0.62274 0
    outer loop
      vertex 6.9464 6.76657 5
      vertex 6.95962 6.74996 -5
      vertex 6.95962 6.74996 5
    endloop
  endfacet
  facet normal 0.216282 0.976331 -0
    outer loop
      vertex 5.74807 4.81108 -5
      vertex 5.72735 4.81567 5
      vertex 5.74807 4.81108 5
    endloop
  endfacet
  facet normal 0.216282 0.976331 0
    outer loop
      vertex 5.72735 4.81567 5
      vertex 5.74807 4.81108 -5
      vertex 5.72735 4.81567 -5
    endloop
  endfacet
  facet normal -0.267061 -0.96368 0
    outer loop
      vertex 6.31585 7.17605 -5
      vertex 6.33631 7.17038 5
      vertex 6.31585 7.17605 5
    endloop
  endfacet
  facet normal -0.267061 -0.96368 -0
    outer loop
      vertex 6.33631 7.17038 5
      vertex 6.31585 7.17605 -5
      vertex 6.33631 7.17038 -5
    endloop
  endfacet
  facet normal 1 -0 0
    outer loop
      vertex 12 -12 5
      vertex 12 12 -5
      vertex 12 12 5
    endloop
  endfacet
  facet normal 1 0 0
    outer loop
      vertex 12 12 -5
      vertex 12 -12 5
      vertex 12 -12 -5
    endloop
  endfacet
  facet normal 0 0 1
    outer loop
      vertex -4.8802 5.52567 5
      vertex 4.8812 5.52567 5
      vertex -4.87208 5.54529 5
    endloop
  endfacet
  facet normal 0 0 1
    outer loop
      vertex 5.1113 -5.17035 5
      vertex -4.78368 -5.97877 5
      vertex -4.78349 -6 5
    endloop
  endfacet
  facet normal 0 0 1
    outer loop
      vertex 4.8812 5.52567 5
      vertex -4.8802 5.52567 5
      vertex 4.88967 5.5062 5
    endloop
  endfacet
  facet normal 0 0 1
    outer loop
      vertex 5.1113 -5.17035 5
      vertex -4.78424 -5.95755 5
      vertex -4.78368 -5.97877 5
    endloop
  endfacet
  facet normal 0 0 1
    outer loop
      vertex -4.88867 5.5062 5
      vertex 4.88967 5.5062 5
      vertex -4.8802 5.52567 5
    endloop
  endfacet
  facet normal 0 0 1
    outer loop
      vertex 5.1113 -5.17035 5
      vertex -4.78516 -5.93633 5
      vertex -4.78424 -5.95755 5
    endloop
  endfacet
  facet normal 0 0 1
    outer loop
      vertex 4.88967 5.5062 5
      vertex -4.88867 5.5062 5
      vertex 4.89847 5.48688 5
    endloop
  endfacet
  facet normal 0 0 1
    outer loop
      vertex 5.1113 -5.17035 5
      vertex -4.78646 -5.91514 5
      vertex -4.78516 -5.93633 5
    endloop
  endfacet
  facet normal 0 0 1
    outer loop
      vertex -4.89747 5.48688 5
      vertex 4.89847 5.48688 5
      vertex -4.88867 5.5062 5
    endloop
  endfacet
  facet normal 0 0 1
    outer loop
      vertex 5.1113 -5.17035 5
      vertex -4.78812 -5.89398 5
      vertex -4.78646 -5.91514 5
    endloop
  endfacet
  facet normal 0 0 1
    outer loop
      vertex 4.89847 5.48688 5
      vertex -4.89747 5.48688 5
      vertex 4.90761 5.46772 5
    endloop
  endfacet
  facet normal 0 0 1
    outer loop
      vertex 5.1113 -5.17035 5
      vertex -4.79016 -5.87284 5
      vertex -4.78812 -5.89398 5
    endloop
  endfacet
  facet normal 0 0 1
    outer loop
      vertex -4.90661 5.46772 5
      vertex 4.90761 5.46772 5
      vertex -4.89747 5.48688 5
    endloop
  endfacet
  facet normal 0 0 1
    outer loop
      vertex 5.1113 -5.17035 5
      vertex -4.79256 -5.85175 5
      vertex -4.79016 -5.87284 5
    endloop
  endfacet
  facet normal 0 0 1
    outer loop
      vertex 4.90761 5.46772 5
      vertex -4.90661 5.46772 5
      vertex 4.91709 5.44872 5
    endloop
  endfacet
  facet normal 0 0 1
    outer loop
      vertex 5.1113 -5.17035 5
      vertex -4.79533 -5.8307 5
      vertex -4.79256 -5.85175 5
    endloop
  endfacet
  facet normal 0 0 1
    outer loop
      vertex -4.91609 5.44872 5
      vertex 4.91709 5.44872 5
      vertex -4.90661 5.46772 5
    endloop
  endfacet
  facet normal 0 0 1
    outer loop
      vertex 5.1113 -5.17035 5
      vertex -4.79847 -5.8097 5
      vertex -4.79533 -5.8307 5
    endloop
  endfacet
  facet normal 0 0 1
    outer loop
      vertex 4.91709 5.44872 5
      vertex -4.91609 5.44872 5
      vertex 4.92689 5.42989 5
    endloop
  endfacet
  facet normal 0 0 1
    outer loop
      vertex 5.1113 -5.17035 5
      vertex -4.80198 -5.78876 5
      vertex -4.79847 -5.8097 5
    endloop
  endfacet
  facet normal 0 0 1
    outer loop
      vertex -4.92589 5.42989 5
      vertex 4.92689 5.42989 5
      vertex -4.91609 5.44872 5
    endloop
  endfacet
  facet normal 0 0 1
    outer loop
      vertex 5.1113 -5.17035 5
      vertex -4.80584 -5.76788 5
      vertex -4.80198 -5.78876 5
    endloop
  endfacet
  facet normal 0 0 1
    outer loop
      vertex 4.92689 5.42989 5
      vertex -4.92589 5.42989 5
      vertex 4.93702 5.41123 5
    endloop
  endfacet
  facet normal 0 0 1
    outer loop
      vertex 5.1113 -5.17035 5
      vertex -4.81008 -5.74707 5
      vertex -4.80584 -5.76788 5
    endloop
  endfacet
  facet normal 0 0 1
    outer loop
      vertex -4.93602 5.41123 5
      vertex 4.93702 5.41123 5
      vertex -4.92589 5.42989 5
    endloop
  endfacet
  facet normal 0 0 1
    outer loop
      vertex 5.1113 -5.17035 5
      vertex -4.81467 -5.72635 5
      vertex -4.81008 -5.74707 5
    endloop
  endfacet
  facet normal 0 0 1
    outer loop
      vertex 4.93702 5.41123 5
      vertex -4.93602 5.41123 5
      vertex 4.94747 5.39275 5
    endloop
  endfacet
  facet normal 0 0 1
    outer loop
      vertex 5.1113 -5.17035 5
      vertex -4.81963 -5.7057 5
      vertex -4.81467 -5.72635 5
    endloop
  endfacet
  facet normal 0 0 1
    outer loop
      vertex -4.94648 5.39275 5
      vertex 4.94747 5.39275 5
      vertex -4.93602 5.41123 5
    endloop
  endfacet
  facet normal 0 0 1
    outer loop
      vertex 5.1113 -5.17035 5
      vertex -4.82495 -5.68515 5
      vertex -4.81963 -5.7057 5
    endloop
  endfacet
  facet normal 0 0 1
    outer loop
      vertex 4.94747 5.39275 5
      vertex -4.94648 5.39275 5
      vertex 4.95825 5.37445 5
    endloop
  endfacet
  facet normal 0 0 1
    outer loop
      vertex 5.1113 -5.17035 5
      vertex -4.83062 -5.66469 5
      vertex -4.82495 -5.68515 5
    endloop
  endfacet
  facet normal 0 0 1
    outer loop
      vertex -4.95725 5.37445 5
      vertex 4.95825 5.37445 5
      vertex -4.94648 5.39275 5
    endloop
  endfacet
  facet normal 0 0 1
    outer loop
      vertex 5.1113 -5.17035 5
      vertex -4.83665 -5.64433 5
      vertex -4.83062 -5.66469 5
    endloop
  endfacet
  facet normal 0 0 1
    outer loop
      vertex 4.95825 5.37445 5
      vertex -4.95725 5.37445 5
      vertex 4.96934 5.35635 5
    endloop
  endfacet
  facet normal 0 0 1
    outer loop
      vertex 5.1113 -5.17035 5
      vertex -4.84303 -5.62408 5
      vertex -4.83665 -5.64433 5
    endloop
  endfacet
  facet normal 0 0 1
    outer loop
      vertex -4.96834 5.35635 5
      vertex 4.96934 5.35635 5
      vertex -4.95725 5.37445 5
    endloop
  endfacet
  facet normal 0 0 1
    outer loop
      vertex 5.1113 -5.17035 5
      vertex -4.84977 -5.60394 5
      vertex -4.84303 -5.62408 5
    endloop
  endfacet
  facet normal 0 0 1
    outer loop
      vertex 4.96934 5.35635 5
      vertex -4.96834 5.35635 5
      vertex 4.98075 5.33844 5
    endloop
  endfacet
  facet normal 0 0 1
    outer loop
      vertex 5.1113 -5.17035 5
      vertex -4.85686 -5.58393 5
      vertex -4.84977 -5.60394 5
    endloop
  endfacet
  facet normal 0 0 1
    outer loop
      vertex -4.97975 5.33844 5
      vertex 4.98075 5.33844 5
      vertex -4.96834 5.35635 5
    endloop
  endfacet
  facet normal 0 0 1
    outer loop
      vertex 5.1113 -5.17035 5
      vertex -4.86429 -5.56404 5
      vertex -4.85686 -5.58393 5
    endloop
  endfacet
  facet normal 0 0 1
    outer loop
      vertex 4.98075 5.33844 5
      vertex -4.97975 5.33844 5
      vertex 4.99247 5.32074 5
    endloop
  endfacet
  facet normal 0 0 1
    outer loop
      vertex 5.1113 -5.17035 5
      vertex -4.87208 -5.54429 5
      vertex -4.86429 -5.56404 5
    endloop
  endfacet
  facet normal 0 0 1
    outer loop
      vertex -4.99147 5.32074 5
      vertex 4.99247 5.32074 5
      vertex -4.97975 5.33844 5
    endloop
  endfacet
  facet normal 0 0 1
    outer loop
      vertex 5.1113 -5.17035 5
      vertex -4.8802 -5.52467 5
      vertex -4.87208 -5.54429 5
    endloop
  endfacet
  facet normal 0 0 1
    outer loop
      vertex 4.99247 5.32074 5
      vertex -4.99147 5.32074 5
      vertex 5.0045 5.30324 5
    endloop
  endfacet
  facet normal 0 0 1
    outer loop
      vertex 5.1113 -5.17035 5
      vertex -4.88867 -5.5052 5
      vertex -4.8802 -5.52467 5
    endloop
  endfacet
  facet normal 0 0 1
    outer loop
      vertex -5.0035 5.30324 5
      vertex 5.0045 5.30324 5
      vertex -4.99147 5.32074 5
    endloop
  endfacet
  facet normal 0 0 1
    outer loop
      vertex 5.1113 -5.17035 5
      vertex -4.89747 -5.48588 5
      vertex -4.88867 -5.5052 5
    endloop
  endfacet
  facet normal 0 0 1
    outer loop
      vertex 5.0045 5.30324 5
      vertex -5.0035 5.30324 5
      vertex 5.01683 5.28596 5
    endloop
  endfacet
  facet normal 0 0 1
    outer loop
      vertex 5.1113 -5.17035 5
      vertex -4.90661 -5.46672 5
      vertex -4.89747 -5.48588 5
    endloop
  endfacet
  facet normal 0 0 1
    outer loop
      vertex -5.01583 5.28596 5
      vertex 5.01683 5.28596 5
      vertex -5.0035 5.30324 5
    endloop
  endfacet
  facet normal 0 0 1
    outer loop
      vertex 5.1113 -5.17035 5
      vertex -4.91609 -5.44772 5
      vertex -4.90661 -5.46672 5
    endloop
  endfacet
  facet normal 0 0 1
    outer loop
      vertex 5.01683 5.28596 5
      vertex -5.01583 5.28596 5
      vertex 5.02946 5.26889 5
    endloop
  endfacet
  facet normal 0 0 1
    outer loop
      vertex 5.1113 -5.17035 5
      vertex -4.92589 -5.42889 5
      vertex -4.91609 -5.44772 5
    endloop
  endfacet
  facet normal 0 0 1
    outer loop
      vertex -5.02846 5.26889 5
      vertex 5.02946 5.26889 5
      vertex -5.01583 5.28596 5
    endloop
  endfacet
  facet normal 0 0 1
    outer loop
      vertex 5.1113 -5.17035 5
      vertex -4.93602 -5.41023 5
      vertex -4.92589 -5.42889 5
    endloop
  endfacet
  facet normal 0 0 1
    outer loop
      vertex 5.02946 5.26889 5
      vertex -5.02846 5.26889 5
      vertex 5.04238 5.25204 5
    endloop
  endfacet
  facet normal 0 0 1
    outer loop
      vertex 5.1113 -5.17035 5
      vertex -4.94648 -5.39175 5
      vertex -4.93602 -5.41023 5
    endloop
  endfacet
  facet normal 0 0 1
    outer loop
      vertex -5.04138 5.25204 5
      vertex 5.04238 5.25204 5
      vertex -5.02846 5.26889 5
    endloop
  endfacet
  facet normal 0 0 1
    outer loop
      vertex 5.1113 -5.17035 5
      vertex -4.95725 -5.37345 5
      vertex -4.94648 -5.39175 5
    endloop
  endfacet
  facet normal 0 0 1
    outer loop
      vertex 5.04238 5.25204 5
      vertex -5.04138 5.25204 5
      vertex 5.0556 5.23543 5
    endloop
  endfacet
  facet normal 0 0 1
    outer loop
      vertex 5.1113 -5.17035 5
      vertex -4.96834 -5.35535 5
      vertex -4.95725 -5.37345 5
    endloop
  endfacet
  facet normal 0 0 1
    outer loop
      vertex -5.0546 5.23543 5
      vertex 5.0556 5.23543 5
      vertex -5.04138 5.25204 5
    endloop
  endfacet
  facet normal 0 0 1
    outer loop
      vertex 5.1113 -5.17035 5
      vertex -4.97975 -5.33744 5
      vertex -4.96834 -5.35535 5
    endloop
  endfacet
  facet normal 0 0 1
    outer loop
      vertex 5.0556 5.23543 5
      vertex -5.0546 5.23543 5
      vertex 5.0691 5.21905 5
    endloop
  endfacet
  facet normal 0 0 1
    outer loop
      vertex 5.1113 -5.17035 5
      vertex -4.99147 -5.31974 5
      vertex -4.97975 -5.33744 5
    endloop
  endfacet
  facet normal 0 0 1
    outer loop
      vertex -5.0681 5.21905 5
      vertex 5.0691 5.21905 5
      vertex -5.0546 5.23543 5
    endloop
  endfacet
  facet normal 0 0 1
    outer loop
      vertex 5.1113 -5.17035 5
      vertex -5.0035 -5.30224 5
      vertex -4.99147 -5.31974 5
    endloop
  endfacet
  facet normal 0 0 1
    outer loop
      vertex 5.0691 5.21905 5
      vertex -5.0681 5.21905 5
      vertex 5.08289 5.2029 5
    endloop
  endfacet
  facet normal 0 0 1
    outer loop
      vertex 5.1113 -5.17035 5
      vertex -5.01583 -5.28496 5
      vertex -5.0035 -5.30224 5
    endloop
  endfacet
  facet normal 0 0 1
    outer loop
      vertex -5.08189 5.2029 5
      vertex 5.08289 5.2029 5
      vertex -5.0681 5.21905 5
    endloop
  endfacet
  facet normal 0 0 1
    outer loop
      vertex 5.1113 -5.17035 5
      vertex -5.02846 -5.26789 5
      vertex -5.01583 -5.28496 5
    endloop
  endfacet
  facet normal 0 0 1
    outer loop
      vertex 5.08289 5.2029 5
      vertex -5.08189 5.2029 5
      vertex 5.09696 5.187 5
    endloop
  endfacet
  facet normal 0 0 1
    outer loop
      vertex 5.1113 -5.17035 5
      vertex -5.04138 -5.25104 5
      vertex -5.02846 -5.26789 5
    endloop
  endfacet
  facet normal 0 0 1
    outer loop
      vertex -5.09596 5.187 5
      vertex 5.09696 5.187 5
      vertex -5.08189 5.2029 5
    endloop
  endfacet
  facet normal 0 0 1
    outer loop
      vertex 5.1113 -5.17035 5
      vertex -5.0546 -5.23443 5
      vertex -5.04138 -5.25104 5
    endloop
  endfacet
  facet normal 0 0 1
    outer loop
      vertex 5.09696 5.187 5
      vertex -5.09596 5.187 5
      vertex 5.1113 5.17135 5
    endloop
  endfacet
  facet normal 0 0 1
    outer loop
      vertex 5.1113 -5.17035 5
      vertex -5.0681 -5.21805 5
      vertex -5.0546 -5.23443 5
    endloop
  endfacet
  facet normal 0 0 1
    outer loop
      vertex -5.1103 5.17135 5
      vertex 5.1113 5.17135 5
      vertex -5.09596 5.187 5
    endloop
  endfacet
  facet normal 0 0 1
    outer loop
      vertex 5.1113 -5.17035 5
      vertex -5.08189 -5.2019 5
      vertex -5.0681 -5.21805 5
    endloop
  endfacet
  facet normal 0 0 1
    outer loop
      vertex -5.12492 5.15594 5
      vertex 5.1113 5.17135 5
      vertex -5.1103 5.17135 5
    endloop
  endfacet
  facet normal 0 0 1
    outer loop
      vertex 5.1113 -5.17035 5
      vertex -5.09596 -5.186 5
      vertex -5.08189 -5.2019 5
    endloop
  endfacet
  facet normal 0 0 1
    outer loop
      vertex -5.1398 5.1408 5
      vertex 5.1113 5.17135 5
      vertex -5.12492 5.15594 5
    endloop
  endfacet
  facet normal 0 0 1
    outer loop
      vertex 5.1113 -5.17035 5
      vertex -5.1103 -5.17035 5
      vertex -5.09596 -5.186 5
    endloop
  endfacet
  facet normal 0 0 1
    outer loop
      vertex 5.1113 5.17135 5
      vertex -5.1398 5.1408 5
      vertex 5.1113 -5.17035 5
    endloop
  endfacet
  facet normal 0 0 1
    outer loop
      vertex 5.1113 -5.17035 5
      vertex -5.12492 -5.15494 5
      vertex -5.1103 -5.17035 5
    endloop
  endfacet
  facet normal -0 0 1
    outer loop
      vertex -5.1398 -5.1398 5
      vertex 5.1113 -5.17035 5
      vertex -5.1398 5.1408 5
    endloop
  endfacet
  facet normal 0 0 1
    outer loop
      vertex 5.1113 -5.17035 5
      vertex -5.1398 -5.1398 5
      vertex -5.12492 -5.15494 5
    endloop
  endfacet
  facet normal -0 0 1
    outer loop
      vertex -5.15494 5.12592 5
      vertex -5.1398 -5.1398 5
      vertex -5.1398 5.1408 5
    endloop
  endfacet
  facet normal 0 0 1
    outer loop
      vertex -5.15494 5.12592 5
      vertex -5.15494 -5.12492 5
      vertex -5.1398 -5.1398 5
    endloop
  endfacet
  facet normal -0 0 1
    outer loop
      vertex -5.17035 5.1113 5
      vertex -5.15494 -5.12492 5
      vertex -5.15494 5.12592 5
    endloop
  endfacet
  facet normal 0 0 1
    outer loop
      vertex -5.17035 5.1113 5
      vertex -5.17035 -5.1103 5
      vertex -5.15494 -5.12492 5
    endloop
  endfacet
  facet normal -0 0 1
    outer loop
      vertex -5.186 5.09696 5
      vertex -5.17035 -5.1103 5
      vertex -5.17035 5.1113 5
    endloop
  endfacet
  facet normal 0 0 1
    outer loop
      vertex -5.186 5.09696 5
      vertex -5.186 -5.09596 5
      vertex -5.17035 -5.1103 5
    endloop
  endfacet
  facet normal -0 0 1
    outer loop
      vertex -5.2019 5.08289 5
      vertex -5.186 -5.09596 5
      vertex -5.186 5.09696 5
    endloop
  endfacet
  facet normal 0 0 1
    outer loop
      vertex -5.2019 5.08289 5
      vertex -5.2019 -5.08189 5
      vertex -5.186 -5.09596 5
    endloop
  endfacet
  facet normal -0 0 1
    outer loop
      vertex -5.21805 5.0691 5
      vertex -5.2019 -5.08189 5
      vertex -5.2019 5.08289 5
    endloop
  endfacet
  facet normal 0 0 1
    outer loop
      vertex -5.21805 5.0691 5
      vertex -5.21805 -5.0681 5
      vertex -5.2019 -5.08189 5
    endloop
  endfacet
  facet normal -0 0 1
    outer loop
      vertex -5.23443 5.0556 5
      vertex -5.21805 -5.0681 5
      vertex -5.21805 5.0691 5
    endloop
  endfacet
  facet normal 0 0 1
    outer loop
      vertex -5.23443 5.0556 5
      vertex -5.23443 -5.0546 5
      vertex -5.21805 -5.0681 5
    endloop
  endfacet
  facet normal -0 0 1
    outer loop
      vertex -5.25104 5.04238 5
      vertex -5.23443 -5.0546 5
      vertex -5.23443 5.0556 5
    endloop
  endfacet
  facet normal 0 0 1
    outer loop
      vertex -5.25104 5.04238 5
      vertex -5.25104 -5.04138 5
      vertex -5.23443 -5.0546 5
    endloop
  endfacet
  facet normal -0 0 1
    outer loop
      vertex -5.26789 5.02946 5
      vertex -5.25104 -5.04138 5
      vertex -5.25104 5.04238 5
    endloop
  endfacet
  facet normal 0 0 1
    outer loop
      vertex -5.26789 5.02946 5
      vertex -5.26789 -5.02846 5
      vertex -5.25104 -5.04138 5
    endloop
  endfacet
  facet normal -0 0 1
    outer loop
      vertex -5.28496 5.01683 5
      vertex -5.26789 -5.02846 5
      vertex -5.26789 5.02946 5
    endloop
  endfacet
  facet normal 0 0 1
    outer loop
      vertex -5.28496 5.01683 5
      vertex -5.28496 -5.01583 5
      vertex -5.26789 -5.02846 5
    endloop
  endfacet
  facet normal -0 0 1
    outer loop
      vertex -5.30224 5.0045 5
      vertex -5.28496 -5.01583 5
      vertex -5.28496 5.01683 5
    endloop
  endfacet
  facet normal 0 0 1
    outer loop
      vertex -5.30224 5.0045 5
      vertex -5.30224 -5.0035 5
      vertex -5.28496 -5.01583 5
    endloop
  endfacet
  facet normal -0 0 1
    outer loop
      vertex -5.31974 4.99247 5
      vertex -5.30224 -5.0035 5
      vertex -5.30224 5.0045 5
    endloop
  endfacet
  facet normal 0 0 1
    outer loop
      vertex -5.31974 4.99247 5
      vertex -5.31974 -4.99147 5
      vertex -5.30224 -5.0035 5
    endloop
  endfacet
  facet normal -0 0 1
    outer loop
      vertex -5.33744 4.98075 5
      vertex -5.31974 -4.99147 5
      vertex -5.31974 4.99247 5
    endloop
  endfacet
  facet normal 0 0 1
    outer loop
      vertex -5.33744 4.98075 5
      vertex -5.33744 -4.97975 5
      vertex -5.31974 -4.99147 5
    endloop
  endfacet
  facet normal -0 0 1
    outer loop
      vertex -5.35535 4.96934 5
      vertex -5.33744 -4.97975 5
      vertex -5.33744 4.98075 5
    endloop
  endfacet
  facet normal 0 0 1
    outer loop
      vertex -5.35535 4.96934 5
      vertex -5.35535 -4.96834 5
      vertex -5.33744 -4.97975 5
    endloop
  endfacet
  facet normal -0 0 1
    outer loop
      vertex -5.37345 4.95825 5
      vertex -5.35535 -4.96834 5
      vertex -5.35535 4.96934 5
    endloop
  endfacet
  facet normal 0 0 1
    outer loop
      vertex -5.37345 4.95825 5
      vertex -5.37345 -4.95725 5
      vertex -5.35535 -4.96834 5
    endloop
  endfacet
  facet normal -0 0 1
    outer loop
      vertex -5.39175 4.94747 5
      vertex -5.37345 -4.95725 5
      vertex -5.37345 4.95825 5
    endloop
  endfacet
  facet normal 0 0 1
    outer loop
      vertex -5.39175 4.94747 5
      vertex -5.39175 -4.94648 5
      vertex -5.37345 -4.95725 5
    endloop
  endfacet
  facet normal -0 0 1
    outer loop
      vertex -5.41023 4.93702 5
      vertex -5.39175 -4.94648 5
      vertex -5.39175 4.94747 5
    endloop
  endfacet
  facet normal 0 0 1
    outer loop
      vertex -5.41023 4.93702 5
      vertex -5.41023 -4.93602 5
      vertex -5.39175 -4.94648 5
    endloop
  endfacet
  facet normal -0 0 1
    outer loop
      vertex -5.42889 4.92689 5
      vertex -5.41023 -4.93602 5
      vertex -5.41023 4.93702 5
    endloop
  endfacet
  facet normal 0 0 1
    outer loop
      vertex -5.42889 4.92689 5
      vertex -5.42889 -4.92589 5
      vertex -5.41023 -4.93602 5
    endloop
  endfacet
  facet normal -0 0 1
    outer loop
      vertex -5.44772 4.91709 5
      vertex -5.42889 -4.92589 5
      vertex -5.42889 4.92689 5
    endloop
  endfacet
  facet normal 0 0 1
    outer loop
      vertex -5.44772 4.91709 5
      vertex -5.44772 -4.91609 5
      vertex -5.42889 -4.92589 5
    endloop
  endfacet
  facet normal -0 0 1
    outer loop
      vertex -5.46672 4.90761 5
      vertex -5.44772 -4.91609 5
      vertex -5.44772 4.91709 5
    endloop
  endfacet
  facet normal 0 0 1
    outer loop
      vertex -5.46672 4.90761 5
      vertex -5.46672 -4.90661 5
      vertex -5.44772 -4.91609 5
    endloop
  endfacet
  facet normal -0 0 1
    outer loop
      vertex -5.48588 4.89847 5
      vertex -5.46672 -4.90661 5
      vertex -5.46672 4.90761 5
    endloop
  endfacet
  facet normal 0 0 1
    outer loop
      vertex -5.48588 4.89847 5
      vertex -5.48588 -4.89747 5
      vertex -5.46672 -4.90661 5
    endloop
  endfacet
  facet normal -0 0 1
    outer loop
      vertex -5.5052 4.88967 5
      vertex -5.48588 -4.89747 5
      vertex -5.48588 4.89847 5
    endloop
  endfacet
  facet normal 0 0 1
    outer loop
      vertex -5.5052 4.88967 5
      vertex -5.5052 -4.88867 5
      vertex -5.48588 -4.89747 5
    endloop
  endfacet
  facet normal -0 0 1
    outer loop
      vertex -5.52467 4.8812 5
      vertex -5.5052 -4.88867 5
      vertex -5.5052 4.88967 5
    endloop
  endfacet
  facet normal 0 0 1
    outer loop
      vertex -5.52467 4.8812 5
      vertex -5.52467 -4.8802 5
      vertex -5.5052 -4.88867 5
    endloop
  endfacet
  facet normal -0 0 1
    outer loop
      vertex -5.54429 4.87308 5
      vertex -5.52467 -4.8802 5
      vertex -5.52467 4.8812 5
    endloop
  endfacet
  facet normal 0 0 1
    outer loop
      vertex -5.54429 4.87308 5
      vertex -5.54429 -4.87208 5
      vertex -5.52467 -4.8802 5
    endloop
  endfacet
  facet normal -0 0 1
    outer loop
      vertex -5.56404 4.86529 5
      vertex -5.54429 -4.87208 5
      vertex -5.54429 4.87308 5
    endloop
  endfacet
  facet normal 0 0 1
    outer loop
      vertex -5.56404 4.86529 5
      vertex -5.56404 -4.86429 5
      vertex -5.54429 -4.87208 5
    endloop
  endfacet
  facet normal -0 0 1
    outer loop
      vertex -5.58393 4.85786 5
      vertex -5.56404 -4.86429 5
      vertex -5.56404 4.86529 5
    endloop
  endfacet
  facet normal 0 0 1
    outer loop
      vertex -5.58393 4.85786 5
      vertex -5.58393 -4.85686 5
      vertex -5.56404 -4.86429 5
    endloop
  endfacet
  facet normal -0 0 1
    outer loop
      vertex -5.60394 4.85077 5
      vertex -5.58393 -4.85686 5
      vertex -5.58393 4.85786 5
    endloop
  endfacet
  facet normal 0 0 1
    outer loop
      vertex -5.60394 4.85077 5
      vertex -5.60394 -4.84977 5
      vertex -5.58393 -4.85686 5
    endloop
  endfacet
  facet normal -0 0 1
    outer loop
      vertex -5.62408 4.84403 5
      vertex -5.60394 -4.84977 5
      vertex -5.60394 4.85077 5
    endloop
  endfacet
  facet normal 0 0 1
    outer loop
      vertex -5.62408 4.84403 5
      vertex -5.62408 -4.84303 5
      vertex -5.60394 -4.84977 5
    endloop
  endfacet
  facet normal -0 0 1
    outer loop
      vertex -5.64433 4.83765 5
      vertex -5.62408 -4.84303 5
      vertex -5.62408 4.84403 5
    endloop
  endfacet
  facet normal 0 0 1
    outer loop
      vertex -5.64433 4.83765 5
      vertex -5.64433 -4.83665 5
      vertex -5.62408 -4.84303 5
    endloop
  endfacet
  facet normal -0 0 1
    outer loop
      vertex -5.66469 4.83162 5
      vertex -5.64433 -4.83665 5
      vertex -5.64433 4.83765 5
    endloop
  endfacet
  facet normal 0 0 1
    outer loop
      vertex -5.66469 4.83162 5
      vertex -5.66469 -4.83062 5
      vertex -5.64433 -4.83665 5
    endloop
  endfacet
  facet normal -0 0 1
    outer loop
      vertex -5.68515 4.82595 5
      vertex -5.66469 -4.83062 5
      vertex -5.66469 4.83162 5
    endloop
  endfacet
  facet normal 0 0 1
    outer loop
      vertex -5.68515 4.82595 5
      vertex -5.68515 -4.82495 5
      vertex -5.66469 -4.83062 5
    endloop
  endfacet
  facet normal -0 0 1
    outer loop
      vertex -5.7057 4.82063 5
      vertex -5.68515 -4.82495 5
      vertex -5.68515 4.82595 5
    endloop
  endfacet
  facet normal 0 0 1
    outer loop
      vertex -5.7057 4.82063 5
      vertex -5.7057 -4.81963 5
      vertex -5.68515 -4.82495 5
    endloop
  endfacet
  facet normal -0 0 1
    outer loop
      vertex -5.72635 4.81567 5
      vertex -5.7057 -4.81963 5
      vertex -5.7057 4.82063 5
    endloop
  endfacet
  facet normal 0 0 1
    outer loop
      vertex -5.72635 4.81567 5
      vertex -5.72635 -4.81467 5
      vertex -5.7057 -4.81963 5
    endloop
  endfacet
  facet normal -0 0 1
    outer loop
      vertex -5.74707 4.81108 5
      vertex -5.72635 -4.81467 5
      vertex -5.72635 4.81567 5
    endloop
  endfacet
  facet normal 0 0 1
    outer loop
      vertex -5.74707 4.81108 5
      vertex -5.74707 -4.81008 5
      vertex -5.72635 -4.81467 5
    endloop
  endfacet
  facet normal -0 0 1
    outer loop
      vertex -5.76788 4.80684 5
      vertex -5.74707 -4.81008 5
      vertex -5.74707 4.81108 5
    endloop
  endfacet
  facet normal 0 0 1
    outer loop
      vertex -5.76788 4.80684 5
      vertex -5.76788 -4.80584 5
      vertex -5.74707 -4.81008 5
    endloop
  endfacet
  facet normal -0 0 1
    outer loop
      vertex -5.78876 4.80298 5
      vertex -5.76788 -4.80584 5
      vertex -5.76788 4.80684 5
    endloop
  endfacet
  facet normal 0 0 1
    outer loop
      vertex -5.78876 4.80298 5
      vertex -5.78876 -4.80198 5
      vertex -5.76788 -4.80584 5
    endloop
  endfacet
  facet normal -0 0 1
    outer loop
      vertex -5.8097 4.79947 5
      vertex -5.78876 -4.80198 5
      vertex -5.78876 4.80298 5
    endloop
  endfacet
  facet normal 0 0 1
    outer loop
      vertex -5.8097 4.79947 5
      vertex -5.8097 -4.79847 5
      vertex -5.78876 -4.80198 5
    endloop
  endfacet
  facet normal -0 0 1
    outer loop
      vertex -5.8307 4.79633 5
      vertex -5.8097 -4.79847 5
      vertex -5.8097 4.79947 5
    endloop
  endfacet
  facet normal 0 0 1
    outer loop
      vertex -5.8307 4.79633 5
      vertex -5.8307 -4.79533 5
      vertex -5.8097 -4.79847 5
    endloop
  endfacet
  facet normal -0 0 1
    outer loop
      vertex -5.85175 4.79356 5
      vertex -5.8307 -4.79533 5
      vertex -5.8307 4.79633 5
    endloop
  endfacet
  facet normal 0 0 1
    outer loop
      vertex -5.85175 4.79356 5
      vertex -5.85175 -4.79256 5
      vertex -5.8307 -4.79533 5
    endloop
  endfacet
  facet normal -0 0 1
    outer loop
      vertex -5.87284 4.79116 5
      vertex -5.85175 -4.79256 5
      vertex -5.85175 4.79356 5
    endloop
  endfacet
  facet normal 0 0 1
    outer loop
      vertex -5.87284 4.79116 5
      vertex -5.87284 -4.79016 5
      vertex -5.85175 -4.79256 5
    endloop
  endfacet
  facet normal -0 0 1
    outer loop
      vertex -5.89398 4.78912 5
      vertex -5.87284 -4.79016 5
      vertex -5.87284 4.79116 5
    endloop
  endfacet
  facet normal 0 0 1
    outer loop
      vertex -5.89398 4.78912 5
      vertex -5.89398 -4.78812 5
      vertex -5.87284 -4.79016 5
    endloop
  endfacet
  facet normal -0 0 1
    outer loop
      vertex -5.91514 4.78746 5
      vertex -5.89398 -4.78812 5
      vertex -5.89398 4.78912 5
    endloop
  endfacet
  facet normal 0 0 1
    outer loop
      vertex -5.91514 4.78746 5
      vertex -5.91514 -4.78646 5
      vertex -5.89398 -4.78812 5
    endloop
  endfacet
  facet normal -0 0 1
    outer loop
      vertex -5.93633 4.78616 5
      vertex -5.91514 -4.78646 5
      vertex -5.91514 4.78746 5
    endloop
  endfacet
  facet normal 0 0 1
    outer loop
      vertex -5.93633 4.78616 5
      vertex -5.93633 -4.78516 5
      vertex -5.91514 -4.78646 5
    endloop
  endfacet
  facet normal -0 0 1
    outer loop
      vertex -5.95755 4.78523 5
      vertex -5.93633 -4.78516 5
      vertex -5.93633 4.78616 5
    endloop
  endfacet
  facet normal 0 0 1
    outer loop
      vertex -5.95755 4.78523 5
      vertex -5.95755 -4.78424 5
      vertex -5.93633 -4.78516 5
    endloop
  endfacet
  facet normal -0 0 1
    outer loop
      vertex -5.97877 4.78468 5
      vertex -5.95755 -4.78424 5
      vertex -5.95755 4.78523 5
    endloop
  endfacet
  facet normal 0 0 1
    outer loop
      vertex -5.97877 4.78468 5
      vertex -5.97877 -4.78368 5
      vertex -5.95755 -4.78424 5
    endloop
  endfacet
  facet normal -0 0 1
    outer loop
      vertex -6 4.78449 5
      vertex -5.97877 -4.78368 5
      vertex -5.97877 4.78468 5
    endloop
  endfacet
  facet normal 0 0 1
    outer loop
      vertex -6 4.78449 5
      vertex -6 -4.78349 5
      vertex -5.97877 -4.78368 5
    endloop
  endfacet
  facet normal 0 0 1
    outer loop
      vertex -6.02123 4.78468 5
      vertex -6 -4.78349 5
      vertex -6 4.78449 5
    endloop
  endfacet
  facet normal 0 0 1
    outer loop
      vertex -6.02123 4.78468 5
      vertex -6.02123 -4.78368 5
      vertex -6 -4.78349 5
    endloop
  endfacet
  facet normal 0 0 1
    outer loop
      vertex -6.04245 4.78523 5
      vertex -6.02123 -4.78368 5
      vertex -6.02123 4.78468 5
    endloop
  endfacet
  facet normal 0 0 1
    outer loop
      vertex -6.04245 4.78523 5
      vertex -6.04245 -4.78424 5
      vertex -6.02123 -4.78368 5
    endloop
  endfacet
  facet normal 0 0 1
    outer loop
      vertex -6.06367 4.78616 5
      vertex -6.04245 -4.78424 5
      vertex -6.04245 4.78523 5
    endloop
  endfacet
  facet normal 0 0 1
    outer loop
      vertex -6.06367 4.78616 5
      vertex -6.06367 -4.78516 5
      vertex -6.04245 -4.78424 5
    endloop
  endfacet
  facet normal 0 0 1
    outer loop
      vertex -6.08486 4.78746 5
      vertex -6.06367 -4.78516 5
      vertex -6.06367 4.78616 5
    endloop
  endfacet
  facet normal 0 0 1
    outer loop
      vertex -6.08486 4.78746 5
      vertex -6.08486 -4.78646 5
      vertex -6.06367 -4.78516 5
    endloop
  endfacet
  facet normal 0 0 1
    outer loop
      vertex -6.10602 4.78912 5
      vertex -6.08486 -4.78646 5
      vertex -6.08486 4.78746 5
    endloop
  endfacet
  facet normal 0 0 1
    outer loop
      vertex -6.10602 4.78912 5
      vertex -6.10602 -4.78812 5
      vertex -6.08486 -4.78646 5
    endloop
  endfacet
  facet normal 0 0 1
    outer loop
      vertex -6.12716 4.79116 5
      vertex -6.10602 -4.78812 5
      vertex -6.10602 4.78912 5
    endloop
  endfacet
  facet normal 0 0 1
    outer loop
      vertex -6.12716 4.79116 5
      vertex -6.12716 -4.79016 5
      vertex -6.10602 -4.78812 5
    endloop
  endfacet
  facet normal 0 0 1
    outer loop
      vertex -6.14825 4.79356 5
      vertex -6.12716 -4.79016 5
      vertex -6.12716 4.79116 5
    endloop
  endfacet
  facet normal 0 0 1
    outer loop
      vertex -6.14825 4.79356 5
      vertex -6.14825 -4.79256 5
      vertex -6.12716 -4.79016 5
    endloop
  endfacet
  facet normal 0 0 1
    outer loop
      vertex -6.1693 4.79633 5
      vertex -6.14825 -4.79256 5
      vertex -6.14825 4.79356 5
    endloop
  endfacet
  facet normal 0 0 1
    outer loop
      vertex -6.1693 4.79633 5
      vertex -6.1693 -4.79533 5
      vertex -6.14825 -4.79256 5
    endloop
  endfacet
  facet normal 0 0 1
    outer loop
      vertex -6.1903 4.79947 5
      vertex -6.1693 -4.79533 5
      vertex -6.1693 4.79633 5
    endloop
  endfacet
  facet normal 0 0 1
    outer loop
      vertex -6.1903 4.79947 5
      vertex -6.1903 -4.79847 5
      vertex -6.1693 -4.79533 5
    endloop
  endfacet
  facet normal 0 0 1
    outer loop
      vertex -6.21124 4.80298 5
      vertex -6.1903 -4.79847 5
      vertex -6.1903 4.79947 5
    endloop
  endfacet
  facet normal 0 0 1
    outer loop
      vertex -6.21124 4.80298 5
      vertex -6.21124 -4.80198 5
      vertex -6.1903 -4.79847 5
    endloop
  endfacet
  facet normal 0 0 1
    outer loop
      vertex -6.23212 4.80684 5
      vertex -6.21124 -4.80198 5
      vertex -6.21124 4.80298 5
    endloop
  endfacet
  facet normal 0 0 1
    outer loop
      vertex -6.23212 4.80684 5
      vertex -6.23212 -4.80584 5
      vertex -6.21124 -4.80198 5
    endloop
  endfacet
  facet normal 0 0 1
    outer loop
      vertex -6.25293 4.81108 5
      vertex -6.23212 -4.80584 5
      vertex -6.23212 4.80684 5
    endloop
  endfacet
  facet normal 0 0 1
    outer loop
      vertex -6.25293 4.81108 5
      vertex -6.25293 -4.81008 5
      vertex -6.23212 -4.80584 5
    endloop
  endfacet
  facet normal 0 0 1
    outer loop
      vertex -6.27365 4.81567 5
      vertex -6.25293 -4.81008 5
      vertex -6.25293 4.81108 5
    endloop
  endfacet
  facet normal 0 0 1
    outer loop
      vertex -6.27365 4.81567 5
      vertex -6.27365 -4.81467 5
      vertex -6.25293 -4.81008 5
    endloop
  endfacet
  facet normal 0 0 1
    outer loop
      vertex -6.2943 4.82063 5
      vertex -6.27365 -4.81467 5
      vertex -6.27365 4.81567 5
    endloop
  endfacet
  facet normal 0 0 1
    outer loop
      vertex -6.2943 4.82063 5
      vertex -6.2943 -4.81963 5
      vertex -6.27365 -4.81467 5
    endloop
  endfacet
  facet normal 0 0 1
    outer loop
      vertex -6.31485 4.82595 5
      vertex -6.2943 -4.81963 5
      vertex -6.2943 4.82063 5
    endloop
  endfacet
  facet normal 0 0 1
    outer loop
      vertex -6.31485 4.82595 5
      vertex -6.31485 -4.82495 5
      vertex -6.2943 -4.81963 5
    endloop
  endfacet
  facet normal 0 0 1
    outer loop
      vertex -6.33531 4.83162 5
      vertex -6.31485 -4.82495 5
      vertex -6.31485 4.82595 5
    endloop
  endfacet
  facet normal 0 0 1
    outer loop
      vertex -6.33531 4.83162 5
      vertex -6.33531 -4.83062 5
      vertex -6.31485 -4.82495 5
    endloop
  endfacet
  facet normal 0 0 1
    outer loop
      vertex -6.35567 4.83765 5
      vertex -6.33531 -4.83062 5
      vertex -6.33531 4.83162 5
    endloop
  endfacet
  facet normal 0 0 1
    outer loop
      vertex -6.35567 4.83765 5
      vertex -6.35567 -4.83665 5
      vertex -6.33531 -4.83062 5
    endloop
  endfacet
  facet normal 0 0 1
    outer loop
      vertex -6.37592 4.84403 5
      vertex -6.35567 -4.83665 5
      vertex -6.35567 4.83765 5
    endloop
  endfacet
  facet normal 0 0 1
    outer loop
      vertex -6.37592 4.84403 5
      vertex -6.37592 -4.84303 5
      vertex -6.35567 -4.83665 5
    endloop
  endfacet
  facet normal 0 0 1
    outer loop
      vertex -6.39606 4.85077 5
      vertex -6.37592 -4.84303 5
      vertex -6.37592 4.84403 5
    endloop
  endfacet
  facet normal 0 0 1
    outer loop
      vertex -6.39606 4.85077 5
      vertex -6.39606 -4.84977 5
      vertex -6.37592 -4.84303 5
    endloop
  endfacet
  facet normal 0 0 1
    outer loop
      vertex -6.41607 4.85786 5
      vertex -6.39606 -4.84977 5
      vertex -6.39606 4.85077 5
    endloop
  endfacet
  facet normal 0 0 1
    outer loop
      vertex -6.41607 4.85786 5
      vertex -6.41607 -4.85686 5
      vertex -6.39606 -4.84977 5
    endloop
  endfacet
  facet normal 0 0 1
    outer loop
      vertex -6.43596 4.86529 5
      vertex -6.41607 -4.85686 5
      vertex -6.41607 4.85786 5
    endloop
  endfacet
  facet normal 0 0 1
    outer loop
      vertex -6.43596 4.86529 5
      vertex -6.43596 -4.86429 5
      vertex -6.41607 -4.85686 5
    endloop
  endfacet
  facet normal 0 0 1
    outer loop
      vertex -6.45571 4.87308 5
      vertex -6.43596 -4.86429 5
      vertex -6.43596 4.86529 5
    endloop
  endfacet
  facet normal 0 0 1
    outer loop
      vertex -6.45571 4.87308 5
      vertex -6.45571 -4.87208 5
      vertex -6.43596 -4.86429 5
    endloop
  endfacet
  facet normal 0 0 1
    outer loop
      vertex -6.47533 4.8812 5
      vertex -6.45571 -4.87208 5
      vertex -6.45571 4.87308 5
    endloop
  endfacet
  facet normal 0 0 1
    outer loop
      vertex -6.47533 4.8812 5
      vertex -6.47533 -4.8802 5
      vertex -6.45571 -4.87208 5
    endloop
  endfacet
  facet normal 0 0 1
    outer loop
      vertex -6.4948 4.88967 5
      vertex -6.47533 -4.8802 5
      vertex -6.47533 4.8812 5
    endloop
  endfacet
  facet normal 0 0 1
    outer loop
      vertex -6.4948 4.88967 5
      vertex -6.4948 -4.88867 5
      vertex -6.47533 -4.8802 5
    endloop
  endfacet
  facet normal 0 0 1
    outer loop
      vertex -6.51412 4.89847 5
      vertex -6.4948 -4.88867 5
      vertex -6.4948 4.88967 5
    endloop
  endfacet
  facet normal 0 0 1
    outer loop
      vertex -6.51412 4.89847 5
      vertex -6.51412 -4.89747 5
      vertex -6.4948 -4.88867 5
    endloop
  endfacet
  facet normal 0 0 1
    outer loop
      vertex -6.53328 4.90761 5
      vertex -6.51412 -4.89747 5
      vertex -6.51412 4.89847 5
    endloop
  endfacet
  facet normal 0 0 1
    outer loop
      vertex -6.53328 4.90761 5
      vertex -6.53328 -4.90661 5
      vertex -6.51412 -4.89747 5
    endloop
  endfacet
  facet normal 0 0 1
    outer loop
      vertex -6.55228 4.91709 5
      vertex -6.53328 -4.90661 5
      vertex -6.53328 4.90761 5
    endloop
  endfacet
  facet normal 0 0 1
    outer loop
      vertex -6.55228 4.91709 5
      vertex -6.55228 -4.91609 5
      vertex -6.53328 -4.90661 5
    endloop
  endfacet
  facet normal 0 0 1
    outer loop
      vertex -6.57111 4.92689 5
      vertex -6.55228 -4.91609 5
      vertex -6.55228 4.91709 5
    endloop
  endfacet
  facet normal 0 0 1
    outer loop
      vertex -6.57111 4.92689 5
      vertex -6.57111 -4.92589 5
      vertex -6.55228 -4.91609 5
    endloop
  endfacet
  facet normal 0 0 1
    outer loop
      vertex -6.58977 4.93702 5
      vertex -6.57111 -4.92589 5
      vertex -6.57111 4.92689 5
    endloop
  endfacet
  facet normal 0 0 1
    outer loop
      vertex -6.58977 4.93702 5
      vertex -6.58977 -4.93602 5
      vertex -6.57111 -4.92589 5
    endloop
  endfacet
  facet normal 0 0 1
    outer loop
      vertex -6.60825 4.94747 5
      vertex -6.58977 -4.93602 5
      vertex -6.58977 4.93702 5
    endloop
  endfacet
  facet normal 0 0 1
    outer loop
      vertex -6.60825 4.94747 5
      vertex -6.60825 -4.94648 5
      vertex -6.58977 -4.93602 5
    endloop
  endfacet
  facet normal 0 0 1
    outer loop
      vertex -6.62655 4.95825 5
      vertex -6.60825 -4.94648 5
      vertex -6.60825 4.94747 5
    endloop
  endfacet
  facet normal 0 0 1
    outer loop
      vertex -6.62655 4.95825 5
      vertex -6.62655 -4.95725 5
      vertex -6.60825 -4.94648 5
    endloop
  endfacet
  facet normal 0 0 1
    outer loop
      vertex -6.64465 4.96934 5
      vertex -6.62655 -4.95725 5
      vertex -6.62655 4.95825 5
    endloop
  endfacet
  facet normal 0 0 1
    outer loop
      vertex -6.64465 4.96934 5
      vertex -6.64465 -4.96834 5
      vertex -6.62655 -4.95725 5
    endloop
  endfacet
  facet normal 0 0 1
    outer loop
      vertex -6.66256 4.98075 5
      vertex -6.64465 -4.96834 5
      vertex -6.64465 4.96934 5
    endloop
  endfacet
  facet normal 0 0 1
    outer loop
      vertex -6.66256 4.98075 5
      vertex -6.66256 -4.97975 5
      vertex -6.64465 -4.96834 5
    endloop
  endfacet
  facet normal 0 0 1
    outer loop
      vertex -6.68026 4.99247 5
      vertex -6.66256 -4.97975 5
      vertex -6.66256 4.98075 5
    endloop
  endfacet
  facet normal 0 0 1
    outer loop
      vertex -6.68026 4.99247 5
      vertex -6.68026 -4.99147 5
      vertex -6.66256 -4.97975 5
    endloop
  endfacet
  facet normal 0 0 1
    outer loop
      vertex -6.69776 5.0045 5
      vertex -6.68026 -4.99147 5
      vertex -6.68026 4.99247 5
    endloop
  endfacet
  facet normal 0 0 1
    outer loop
      vertex -6.69776 5.0045 5
      vertex -6.69776 -5.0035 5
      vertex -6.68026 -4.99147 5
    endloop
  endfacet
  facet normal 0 0 1
    outer loop
      vertex -6.71504 5.01683 5
      vertex -6.69776 -5.0035 5
      vertex -6.69776 5.0045 5
    endloop
  endfacet
  facet normal 0 0 1
    outer loop
      vertex -6.71504 5.01683 5
      vertex -6.71504 -5.01583 5
      vertex -6.69776 -5.0035 5
    endloop
  endfacet
  facet normal 0 0 1
    outer loop
      vertex -6.73211 5.02946 5
      vertex -6.71504 -5.01583 5
      vertex -6.71504 5.01683 5
    endloop
  endfacet
  facet normal 0 0 1
    outer loop
      vertex -6.73211 5.02946 5
      vertex -6.73211 -5.02846 5
      vertex -6.71504 -5.01583 5
    endloop
  endfacet
  facet normal 0 0 1
    outer loop
      vertex -6.74896 5.04238 5
      vertex -6.73211 -5.02846 5
      vertex -6.73211 5.02946 5
    endloop
  endfacet
  facet normal 0 0 1
    outer loop
      vertex -6.74896 5.04238 5
      vertex -6.74896 -5.04138 5
      vertex -6.73211 -5.02846 5
    endloop
  endfacet
  facet normal 0 0 1
    outer loop
      vertex -6.76557 5.0556 5
      vertex -6.74896 -5.04138 5
      vertex -6.74896 5.04238 5
    endloop
  endfacet
  facet normal 0 0 1
    outer loop
      vertex -6.76557 5.0556 5
      vertex -6.76557 -5.0546 5
      vertex -6.74896 -5.04138 5
    endloop
  endfacet
  facet normal 0 0 1
    outer loop
      vertex -6.78195 5.0691 5
      vertex -6.76557 -5.0546 5
      vertex -6.76557 5.0556 5
    endloop
  endfacet
  facet normal 0 0 1
    outer loop
      vertex -6.78195 5.0691 5
      vertex -6.78195 -5.0681 5
      vertex -6.76557 -5.0546 5
    endloop
  endfacet
  facet normal 0 0 1
    outer loop
      vertex -6.7981 5.08289 5
      vertex -6.78195 -5.0681 5
      vertex -6.78195 5.0691 5
    endloop
  endfacet
  facet normal 0 0 1
    outer loop
      vertex -6.7981 5.08289 5
      vertex -6.7981 -5.08189 5
      vertex -6.78195 -5.0681 5
    endloop
  endfacet
  facet normal 0 0 1
    outer loop
      vertex -6.814 5.09696 5
      vertex -6.7981 -5.08189 5
      vertex -6.7981 5.08289 5
    endloop
  endfacet
  facet normal 0 0 1
    outer loop
      vertex -6.814 5.09696 5
      vertex -6.814 -5.09596 5
      vertex -6.7981 -5.08189 5
    endloop
  endfacet
  facet normal 0 0 1
    outer loop
      vertex -6.82965 5.1113 5
      vertex -6.814 -5.09596 5
      vertex -6.814 5.09696 5
    endloop
  endfacet
  facet normal 0 0 1
    outer loop
      vertex -6.82965 5.1113 5
      vertex -6.82965 -5.1103 5
      vertex -6.814 -5.09596 5
    endloop
  endfacet
  facet normal 0 0 1
    outer loop
      vertex -6.84506 5.12592 5
      vertex -6.82965 -5.1103 5
      vertex -6.82965 5.1113 5
    endloop
  endfacet
  facet normal 0 0 1
    outer loop
      vertex -6.84506 5.12592 5
      vertex -6.84506 -5.12492 5
      vertex -6.82965 -5.1103 5
    endloop
  endfacet
  facet normal 0 0 1
    outer loop
      vertex -6.8602 5.1408 5
      vertex -6.84506 -5.12492 5
      vertex -6.84506 5.12592 5
    endloop
  endfacet
  facet normal 0 0 1
    outer loop
      vertex -6.8602 5.1408 5
      vertex -6.8602 -5.1398 5
      vertex -6.84506 -5.12492 5
    endloop
  endfacet
  facet normal 0 0 1
    outer loop
      vertex -6.87508 5.15594 5
      vertex -6.8602 -5.1398 5
      vertex -6.8602 5.1408 5
    endloop
  endfacet
  facet normal 0 0 1
    outer loop
      vertex -6.87508 5.15594 5
      vertex -6.87508 -5.15494 5
      vertex -6.8602 -5.1398 5
    endloop
  endfacet
  facet normal 0 0 1
    outer loop
      vertex -6.8897 5.17135 5
      vertex -6.87508 -5.15494 5
      vertex -6.87508 5.15594 5
    endloop
  endfacet
  facet normal 0 0 1
    outer loop
      vertex -6.8897 5.17135 5
      vertex -6.8897 -5.17035 5
      vertex -6.87508 -5.15494 5
    endloop
  endfacet
  facet normal 0 0 1
    outer loop
      vertex -6.90404 5.187 5
      vertex -6.8897 -5.17035 5
      vertex -6.8897 5.17135 5
    endloop
  endfacet
  facet normal 0 0 1
    outer loop
      vertex -6.90404 5.187 5
      vertex -6.90404 -5.186 5
      vertex -6.8897 -5.17035 5
    endloop
  endfacet
  facet normal 0 0 1
    outer loop
      vertex -6.91811 5.2029 5
      vertex -6.90404 -5.186 5
      vertex -6.90404 5.187 5
    endloop
  endfacet
  facet normal 0 0 1
    outer loop
      vertex -6.91811 5.2029 5
      vertex -6.91811 -5.2019 5
      vertex -6.90404 -5.186 5
    endloop
  endfacet
  facet normal 0 0 1
    outer loop
      vertex -6.9319 5.21905 5
      vertex -6.91811 -5.2019 5
      vertex -6.91811 5.2029 5
    endloop
  endfacet
  facet normal 0 0 1
    outer loop
      vertex -6.9319 5.21905 5
      vertex -6.9319 -5.21805 5
      vertex -6.91811 -5.2019 5
    endloop
  endfacet
  facet normal 0 0 1
    outer loop
      vertex -6.9454 5.23543 5
      vertex -6.9319 -5.21805 5
      vertex -6.9319 5.21905 5
    endloop
  endfacet
  facet normal 0 0 1
    outer loop
      vertex -6.9454 5.23543 5
      vertex -6.9454 -5.23443 5
      vertex -6.9319 -5.21805 5
    endloop
  endfacet
  facet normal 0 0 1
    outer loop
      vertex -6.95862 5.25204 5
      vertex -6.9454 -5.23443 5
      vertex -6.9454 5.23543 5
    endloop
  endfacet
  facet normal 0 0 1
    outer loop
      vertex -6.95862 5.25204 5
      vertex -6.95862 -5.25104 5
      vertex -6.9454 -5.23443 5
    endloop
  endfacet
  facet normal 0 0 1
    outer loop
      vertex -6.97154 5.26889 5
      vertex -6.95862 -5.25104 5
      vertex -6.95862 5.25204 5
    endloop
  endfacet
  facet normal 0 0 1
    outer loop
      vertex -6.97154 5.26889 5
      vertex -6.97154 -5.26789 5
      vertex -6.95862 -5.25104 5
    endloop
  endfacet
  facet normal 0 0 1
    outer loop
      vertex -6.98417 5.28596 5
      vertex -6.97154 -5.26789 5
      vertex -6.97154 5.26889 5
    endloop
  endfacet
  facet normal 0 0 1
    outer loop
      vertex -6.98417 5.28596 5
      vertex -6.98417 -5.28496 5
      vertex -6.97154 -5.26789 5
    endloop
  endfacet
  facet normal 0 0 1
    outer loop
      vertex -6.9965 5.30324 5
      vertex -6.98417 -5.28496 5
      vertex -6.98417 5.28596 5
    endloop
  endfacet
  facet normal 0 0 1
    outer loop
      vertex -6.9965 5.30324 5
      vertex -6.9965 -5.30224 5
      vertex -6.98417 -5.28496 5
    endloop
  endfacet
  facet normal 0 0 1
    outer loop
      vertex -7.00853 5.32074 5
      vertex -6.9965 -5.30224 5
      vertex -6.9965 5.30324 5
    endloop
  endfacet
  facet normal 0 0 1
    outer loop
      vertex -7.00853 5.32074 5
      vertex -7.00853 -5.31974 5
      vertex -6.9965 -5.30224 5
    endloop
  endfacet
  facet normal 0 0 1
    outer loop
      vertex -7.02025 5.33844 5
      vertex -7.00853 -5.31974 5
      vertex -7.00853 5.32074 5
    endloop
  endfacet
  facet normal 0 0 1
    outer loop
      vertex -7.02025 5.33844 5
      vertex -7.02025 -5.33744 5
      vertex -7.00853 -5.31974 5
    endloop
  endfacet
  facet normal 0 0 1
    outer loop
      vertex -7.03166 5.35635 5
      vertex -7.02025 -5.33744 5
      vertex -7.02025 5.33844 5
    endloop
  endfacet
  facet normal 0 0 1
    outer loop
      vertex -7.03166 5.35635 5
      vertex -7.03166 -5.35535 5
      vertex -7.02025 -5.33744 5
    endloop
  endfacet
  facet normal 0 0 1
    outer loop
      vertex -7.04275 5.37445 5
      vertex -7.03166 -5.35535 5
      vertex -7.03166 5.35635 5
    endloop
  endfacet
  facet normal 0 0 1
    outer loop
      vertex -7.04275 5.37445 5
      vertex -7.04275 -5.37345 5
      vertex -7.03166 -5.35535 5
    endloop
  endfacet
  facet normal 0 0 1
    outer loop
      vertex -7.05352 5.39275 5
      vertex -7.04275 -5.37345 5
      vertex -7.04275 5.37445 5
    endloop
  endfacet
  facet normal 0 0 1
    outer loop
      vertex -7.05352 5.39275 5
      vertex -7.05352 -5.39175 5
      vertex -7.04275 -5.37345 5
    endloop
  endfacet
  facet normal 0 0 1
    outer loop
      vertex -7.06398 5.41123 5
      vertex -7.05352 -5.39175 5
      vertex -7.05352 5.39275 5
    endloop
  endfacet
  facet normal 0 0 1
    outer loop
      vertex -7.06398 5.41123 5
      vertex -7.06398 -5.41023 5
      vertex -7.05352 -5.39175 5
    endloop
  endfacet
  facet normal 0 0 1
    outer loop
      vertex -7.07411 5.42989 5
      vertex -7.06398 -5.41023 5
      vertex -7.06398 5.41123 5
    endloop
  endfacet
  facet normal 0 0 1
    outer loop
      vertex -7.07411 5.42989 5
      vertex -7.07411 -5.42889 5
      vertex -7.06398 -5.41023 5
    endloop
  endfacet
  facet normal 0 0 1
    outer loop
      vertex -7.08391 5.44872 5
      vertex -7.07411 -5.42889 5
      vertex -7.07411 5.42989 5
    endloop
  endfacet
  facet normal 0 0 1
    outer loop
      vertex -7.08391 5.44872 5
      vertex -7.08391 -5.44772 5
      vertex -7.07411 -5.42889 5
    endloop
  endfacet
  facet normal 0 0 1
    outer loop
      vertex -7.09339 5.46772 5
      vertex -7.08391 -5.44772 5
      vertex -7.08391 5.44872 5
    endloop
  endfacet
  facet normal 0 0 1
    outer loop
      vertex -7.09339 5.46772 5
      vertex -7.09339 -5.46672 5
      vertex -7.08391 -5.44772 5
    endloop
  endfacet
  facet normal 0 0 1
    outer loop
      vertex -7.10253 5.48688 5
      vertex -7.09339 -5.46672 5
      vertex -7.09339 5.46772 5
    endloop
  endfacet
  facet normal 0 0 1
    outer loop
      vertex -7.10253 5.48688 5
      vertex -7.10253 -5.48588 5
      vertex -7.09339 -5.46672 5
    endloop
  endfacet
  facet normal 0 0 1
    outer loop
      vertex -7.11133 5.5062 5
      vertex -7.10253 -5.48588 5
      vertex -7.10253 5.48688 5
    endloop
  endfacet
  facet normal 0 0 1
    outer loop
      vertex -7.11133 5.5062 5
      vertex -7.11133 -5.5052 5
      vertex -7.10253 -5.48588 5
    endloop
  endfacet
  facet normal 0 0 1
    outer loop
      vertex -7.1198 5.52567 5
      vertex -7.11133 -5.5052 5
      vertex -7.11133 5.5062 5
    endloop
  endfacet
  facet normal 0 0 1
    outer loop
      vertex -7.1198 5.52567 5
      vertex -7.1198 -5.52467 5
      vertex -7.11133 -5.5052 5
    endloop
  endfacet
  facet normal 0 0 1
    outer loop
      vertex -7.12792 5.54529 5
      vertex -7.1198 -5.52467 5
      vertex -7.1198 5.52567 5
    endloop
  endfacet
  facet normal 0 0 1
    outer loop
      vertex -7.12792 5.54529 5
      vertex -7.12792 -5.54429 5
      vertex -7.1198 -5.52467 5
    endloop
  endfacet
  facet normal 0 0 1
    outer loop
      vertex -7.13571 5.56504 5
      vertex -7.12792 -5.54429 5
      vertex -7.12792 5.54529 5
    endloop
  endfacet
  facet normal 0 0 1
    outer loop
      vertex -7.13571 5.56504 5
      vertex -7.13571 -5.56404 5
      vertex -7.12792 -5.54429 5
    endloop
  endfacet
  facet normal 0 0 1
    outer loop
      vertex -12 12 5
      vertex -7.13571 5.56504 5
      vertex -7.14314 5.58493 5
    endloop
  endfacet
  facet normal 0 0 1
    outer loop
      vertex -7.13571 5.56504 5
      vertex -12 12 5
      vertex -7.13571 -5.56404 5
    endloop
  endfacet
  facet normal 0 0 1
    outer loop
      vertex -12 12 5
      vertex -7.14314 5.58493 5
      vertex -7.15023 5.60494 5
    endloop
  endfacet
  facet normal 0 0 1
    outer loop
      vertex -12 -12 5
      vertex -7.13571 -5.56404 5
      vertex -12 12 5
    endloop
  endfacet
  facet normal 0 0 1
    outer loop
      vertex -12 12 5
      vertex -7.15023 5.60494 5
      vertex -7.15697 5.62508 5
    endloop
  endfacet
  facet normal 0 0 1
    outer loop
      vertex -7.13571 -5.56404 5
      vertex -12 -12 5
      vertex -7.14314 -5.58393 5
    endloop
  endfacet
  facet normal 0 0 1
    outer loop
      vertex -12 12 5
      vertex -7.15697 5.62508 5
      vertex -7.16335 5.64533 5
    endloop
  endfacet
  facet normal 0 0 1
    outer loop
      vertex -7.14314 -5.58393 5
      vertex -12 -12 5
      vertex -7.15023 -5.60394 5
    endloop
  endfacet
  facet normal 0 0 1
    outer loop
      vertex -12 12 5
      vertex -7.16335 5.64533 5
      vertex -7.16938 5.66569 5
    endloop
  endfacet
  facet normal 0 0 1
    outer loop
      vertex -7.15023 -5.60394 5
      vertex -12 -12 5
      vertex -7.15697 -5.62408 5
    endloop
  endfacet
  facet normal 0 0 1
    outer loop
      vertex -12 12 5
      vertex -7.16938 5.66569 5
      vertex -7.17505 5.68615 5
    endloop
  endfacet
  facet normal 0 0 1
    outer loop
      vertex -7.15697 -5.62408 5
      vertex -12 -12 5
      vertex -7.16335 -5.64433 5
    endloop
  endfacet
  facet normal 0 0 1
    outer loop
      vertex -12 12 5
      vertex -7.17505 5.68615 5
      vertex -7.18037 5.7067 5
    endloop
  endfacet
  facet normal 0 0 1
    outer loop
      vertex -7.16335 -5.64433 5
      vertex -12 -12 5
      vertex -7.16938 -5.66469 5
    endloop
  endfacet
  facet normal 0 0 1
    outer loop
      vertex -12 12 5
      vertex -7.18037 5.7067 5
      vertex -7.18533 5.72735 5
    endloop
  endfacet
  facet normal 0 0 1
    outer loop
      vertex -7.16938 -5.66469 5
      vertex -12 -12 5
      vertex -7.17505 -5.68515 5
    endloop
  endfacet
  facet normal 0 0 1
    outer loop
      vertex -12 12 5
      vertex -7.18533 5.72735 5
      vertex -7.18992 5.74807 5
    endloop
  endfacet
  facet normal 0 0 1
    outer loop
      vertex -7.17505 -5.68515 5
      vertex -12 -12 5
      vertex -7.18037 -5.7057 5
    endloop
  endfacet
  facet normal 0 0 1
    outer loop
      vertex -12 12 5
      vertex -7.18992 5.74807 5
      vertex -7.19416 5.76888 5
    endloop
  endfacet
  facet normal 0 0 1
    outer loop
      vertex -7.18037 -5.7057 5
      vertex -12 -12 5
      vertex -7.18533 -5.72635 5
    endloop
  endfacet
  facet normal 0 0 1
    outer loop
      vertex -12 12 5
      vertex -7.19416 5.76888 5
      vertex -7.19802 5.78976 5
    endloop
  endfacet
  facet normal 0 0 1
    outer loop
      vertex -7.18533 -5.72635 5
      vertex -12 -12 5
      vertex -7.18992 -5.74707 5
    endloop
  endfacet
  facet normal 0 0 1
    outer loop
      vertex -12 12 5
      vertex -7.19802 5.78976 5
      vertex -7.20153 5.8107 5
    endloop
  endfacet
  facet normal 0 0 1
    outer loop
      vertex -7.18992 -5.74707 5
      vertex -12 -12 5
      vertex -7.19416 -5.76788 5
    endloop
  endfacet
  facet normal 0 0 1
    outer loop
      vertex -12 12 5
      vertex -7.20153 5.8107 5
      vertex -7.20467 5.8317 5
    endloop
  endfacet
  facet normal 0 0 1
    outer loop
      vertex -7.19416 -5.76788 5
      vertex -12 -12 5
      vertex -7.19802 -5.78876 5
    endloop
  endfacet
  facet normal 0 0 1
    outer loop
      vertex -12 12 5
      vertex -7.20467 5.8317 5
      vertex -7.20744 5.85275 5
    endloop
  endfacet
  facet normal 0 0 1
    outer loop
      vertex -7.19802 -5.78876 5
      vertex -12 -12 5
      vertex -7.20153 -5.8097 5
    endloop
  endfacet
  facet normal 0 0 1
    outer loop
      vertex -12 12 5
      vertex -7.20744 5.85275 5
      vertex -7.20984 5.87384 5
    endloop
  endfacet
  facet normal 0 0 1
    outer loop
      vertex -7.20153 -5.8097 5
      vertex -12 -12 5
      vertex -7.20467 -5.8307 5
    endloop
  endfacet
  facet normal 0 0 1
    outer loop
      vertex -12 12 5
      vertex -7.20984 5.87384 5
      vertex -7.21188 5.89498 5
    endloop
  endfacet
  facet normal 0 0 1
    outer loop
      vertex -7.20467 -5.8307 5
      vertex -12 -12 5
      vertex -7.20744 -5.85175 5
    endloop
  endfacet
  facet normal 0 0 1
    outer loop
      vertex -12 12 5
      vertex -7.21188 5.89498 5
      vertex -7.21354 5.91614 5
    endloop
  endfacet
  facet normal 0 0 1
    outer loop
      vertex -7.20744 -5.85175 5
      vertex -12 -12 5
      vertex -7.20984 -5.87284 5
    endloop
  endfacet
  facet normal 0 0 1
    outer loop
      vertex -12 12 5
      vertex -7.21354 5.91614 5
      vertex -7.21484 5.93733 5
    endloop
  endfacet
  facet normal 0 0 1
    outer loop
      vertex -7.20984 -5.87284 5
      vertex -12 -12 5
      vertex -7.21188 -5.89398 5
    endloop
  endfacet
  facet normal 0 0 1
    outer loop
      vertex -12 12 5
      vertex -7.21484 5.93733 5
      vertex -7.21576 5.95855 5
    endloop
  endfacet
  facet normal 0 0 1
    outer loop
      vertex -7.21188 -5.89398 5
      vertex -12 -12 5
      vertex -7.21354 -5.91514 5
    endloop
  endfacet
  facet normal 0 0 1
    outer loop
      vertex -12 12 5
      vertex -7.21576 5.95855 5
      vertex -7.21632 5.97977 5
    endloop
  endfacet
  facet normal 0 0 1
    outer loop
      vertex -7.21354 -5.91514 5
      vertex -12 -12 5
      vertex -7.21484 -5.93633 5
    endloop
  endfacet
  facet normal 0 0 1
    outer loop
      vertex -12 12 5
      vertex -7.21632 5.97977 5
      vertex -7.21651 6.001 5
    endloop
  endfacet
  facet normal 0 0 1
    outer loop
      vertex -7.21484 -5.93633 5
      vertex -12 -12 5
      vertex -7.21576 -5.95755 5
    endloop
  endfacet
  facet normal 0 0 1
    outer loop
      vertex 7.21584 5.93733 5
      vertex 12 12 5
      vertex 7.21676 5.95855 5
    endloop
  endfacet
  facet normal 0 0 1
    outer loop
      vertex 12 -12 5
      vertex 7.21732 -5.97877 5
      vertex 7.21751 -6 5
    endloop
  endfacet
  facet normal 0 0 1
    outer loop
      vertex 7.21454 5.91614 5
      vertex 12 12 5
      vertex 7.21584 5.93733 5
    endloop
  endfacet
  facet normal 0 0 1
    outer loop
      vertex 12 -12 5
      vertex 7.21676 -5.95755 5
      vertex 7.21732 -5.97877 5
    endloop
  endfacet
  facet normal 0 0 1
    outer loop
      vertex 7.21288 5.89498 5
      vertex 12 12 5
      vertex 7.21454 5.91614 5
    endloop
  endfacet
  facet normal 0 0 1
    outer loop
      vertex 12 -12 5
      vertex 7.21584 -5.93633 5
      vertex 7.21676 -5.95755 5
    endloop
  endfacet
  facet normal 0 0 1
    outer loop
      vertex 7.21084 5.87384 5
      vertex 12 12 5
      vertex 7.21288 5.89498 5
    endloop
  endfacet
  facet normal 0 0 1
    outer loop
      vertex 12 -12 5
      vertex 7.21454 -5.91514 5
      vertex 7.21584 -5.93633 5
    endloop
  endfacet
  facet normal 0 0 1
    outer loop
      vertex 7.20844 5.85275 5
      vertex 12 12 5
      vertex 7.21084 5.87384 5
    endloop
  endfacet
  facet normal 0 0 1
    outer loop
      vertex 12 -12 5
      vertex 7.21288 -5.89398 5
      vertex 7.21454 -5.91514 5
    endloop
  endfacet
  facet normal 0 0 1
    outer loop
      vertex 7.20567 5.8317 5
      vertex 12 12 5
      vertex 7.20844 5.85275 5
    endloop
  endfacet
  facet normal 0 0 1
    outer loop
      vertex 12 -12 5
      vertex 7.21084 -5.87284 5
      vertex 7.21288 -5.89398 5
    endloop
  endfacet
  facet normal 0 0 1
    outer loop
      vertex 7.20253 5.8107 5
      vertex 12 12 5
      vertex 7.20567 5.8317 5
    endloop
  endfacet
  facet normal 0 0 1
    outer loop
      vertex 12 -12 5
      vertex 7.20844 -5.85175 5
      vertex 7.21084 -5.87284 5
    endloop
  endfacet
  facet normal 0 0 1
    outer loop
      vertex 7.19902 5.78976 5
      vertex 12 12 5
      vertex 7.20253 5.8107 5
    endloop
  endfacet
  facet normal 0 0 1
    outer loop
      vertex 12 -12 5
      vertex 7.20567 -5.8307 5
      vertex 7.20844 -5.85175 5
    endloop
  endfacet
  facet normal 0 0 1
    outer loop
      vertex 7.19516 5.76888 5
      vertex 12 12 5
      vertex 7.19902 5.78976 5
    endloop
  endfacet
  facet normal 0 0 1
    outer loop
      vertex 12 -12 5
      vertex 7.20253 -5.8097 5
      vertex 7.20567 -5.8307 5
    endloop
  endfacet
  facet normal 0 0 1
    outer loop
      vertex 7.19092 5.74807 5
      vertex 12 12 5
      vertex 7.19516 5.76888 5
    endloop
  endfacet
  facet normal 0 0 1
    outer loop
      vertex 12 -12 5
      vertex 7.19902 -5.78876 5
      vertex 7.20253 -5.8097 5
    endloop
  endfacet
  facet normal 0 0 1
    outer loop
      vertex 7.18633 5.72735 5
      vertex 12 12 5
      vertex 7.19092 5.74807 5
    endloop
  endfacet
  facet normal 0 0 1
    outer loop
      vertex 12 -12 5
      vertex 7.19516 -5.76788 5
      vertex 7.19902 -5.78876 5
    endloop
  endfacet
  facet normal 0 0 1
    outer loop
      vertex 7.18137 5.7067 5
      vertex 12 12 5
      vertex 7.18633 5.72735 5
    endloop
  endfacet
  facet normal 0 0 1
    outer loop
      vertex 12 -12 5
      vertex 7.19092 -5.74707 5
      vertex 7.19516 -5.76788 5
    endloop
  endfacet
  facet normal 0 0 1
    outer loop
      vertex 7.17605 5.68615 5
      vertex 12 12 5
      vertex 7.18137 5.7067 5
    endloop
  endfacet
  facet normal 0 0 1
    outer loop
      vertex 12 -12 5
      vertex 7.18633 -5.72635 5
      vertex 7.19092 -5.74707 5
    endloop
  endfacet
  facet normal 0 0 1
    outer loop
      vertex 7.17038 5.66569 5
      vertex 12 12 5
      vertex 7.17605 5.68615 5
    endloop
  endfacet
  facet normal 0 0 1
    outer loop
      vertex 12 -12 5
      vertex 7.18137 -5.7057 5
      vertex 7.18633 -5.72635 5
    endloop
  endfacet
  facet normal 0 0 1
    outer loop
      vertex 7.16435 5.64533 5
      vertex 12 12 5
      vertex 7.17038 5.66569 5
    endloop
  endfacet
  facet normal 0 0 1
    outer loop
      vertex 12 -12 5
      vertex 7.17605 -5.68515 5
      vertex 7.18137 -5.7057 5
    endloop
  endfacet
  facet normal 0 0 1
    outer loop
      vertex 7.15797 5.62508 5
      vertex 12 12 5
      vertex 7.16435 5.64533 5
    endloop
  endfacet
  facet normal 0 0 1
    outer loop
      vertex 12 -12 5
      vertex 7.17038 -5.66469 5
      vertex 7.17605 -5.68515 5
    endloop
  endfacet
  facet normal 0 0 1
    outer loop
      vertex 7.15123 5.60494 5
      vertex 12 12 5
      vertex 7.15797 5.62508 5
    endloop
  endfacet
  facet normal 0 0 1
    outer loop
      vertex 12 -12 5
      vertex 7.16435 -5.64433 5
      vertex 7.17038 -5.66469 5
    endloop
  endfacet
  facet normal 0 0 1
    outer loop
      vertex 7.14414 5.58493 5
      vertex 12 12 5
      vertex 7.15123 5.60494 5
    endloop
  endfacet
  facet normal 0 0 1
    outer loop
      vertex 12 -12 5
      vertex 7.15797 -5.62408 5
      vertex 7.16435 -5.64433 5
    endloop
  endfacet
  facet normal 0 0 1
    outer loop
      vertex 7.13671 5.56504 5
      vertex 12 12 5
      vertex 7.14414 5.58493 5
    endloop
  endfacet
  facet normal 0 0 1
    outer loop
      vertex 12 -12 5
      vertex 7.15123 -5.60394 5
      vertex 7.15797 -5.62408 5
    endloop
  endfacet
  facet normal 0 0 1
    outer loop
      vertex 12 12 5
      vertex 7.13671 5.56504 5
      vertex 12 -12 5
    endloop
  endfacet
  facet normal 0 0 1
    outer loop
      vertex 12 -12 5
      vertex 7.14414 -5.58393 5
      vertex 7.15123 -5.60394 5
    endloop
  endfacet
  facet normal -0 0 1
    outer loop
      vertex 7.13671 -5.56404 5
      vertex 12 -12 5
      vertex 7.13671 5.56504 5
    endloop
  endfacet
  facet normal 0 0 1
    outer loop
      vertex 12 -12 5
      vertex 7.13671 -5.56404 5
      vertex 7.14414 -5.58393 5
    endloop
  endfacet
  facet normal -0 0 1
    outer loop
      vertex 7.12892 5.54529 5
      vertex 7.13671 -5.56404 5
      vertex 7.13671 5.56504 5
    endloop
  endfacet
  facet normal 0 0 1
    outer loop
      vertex 7.12892 5.54529 5
      vertex 7.12892 -5.54429 5
      vertex 7.13671 -5.56404 5
    endloop
  endfacet
  facet normal -0 0 1
    outer loop
      vertex 7.1208 5.52567 5
      vertex 7.12892 -5.54429 5
      vertex 7.12892 5.54529 5
    endloop
  endfacet
  facet normal 0 0 1
    outer loop
      vertex 7.1208 5.52567 5
      vertex 7.1208 -5.52467 5
      vertex 7.12892 -5.54429 5
    endloop
  endfacet
  facet normal -0 0 1
    outer loop
      vertex 7.11233 5.5062 5
      vertex 7.1208 -5.52467 5
      vertex 7.1208 5.52567 5
    endloop
  endfacet
  facet normal 0 0 1
    outer loop
      vertex 7.11233 5.5062 5
      vertex 7.11233 -5.5052 5
      vertex 7.1208 -5.52467 5
    endloop
  endfacet
  facet normal -0 0 1
    outer loop
      vertex 7.10353 5.48688 5
      vertex 7.11233 -5.5052 5
      vertex 7.11233 5.5062 5
    endloop
  endfacet
  facet normal 0 0 1
    outer loop
      vertex 7.10353 5.48688 5
      vertex 7.10353 -5.48588 5
      vertex 7.11233 -5.5052 5
    endloop
  endfacet
  facet normal -0 0 1
    outer loop
      vertex 7.09439 5.46772 5
      vertex 7.10353 -5.48588 5
      vertex 7.10353 5.48688 5
    endloop
  endfacet
  facet normal 0 0 1
    outer loop
      vertex 7.09439 5.46772 5
      vertex 7.09439 -5.46672 5
      vertex 7.10353 -5.48588 5
    endloop
  endfacet
  facet normal -0 0 1
    outer loop
      vertex 7.08491 5.44872 5
      vertex 7.09439 -5.46672 5
      vertex 7.09439 5.46772 5
    endloop
  endfacet
  facet normal 0 0 1
    outer loop
      vertex 7.08491 5.44872 5
      vertex 7.08491 -5.44772 5
      vertex 7.09439 -5.46672 5
    endloop
  endfacet
  facet normal -0 0 1
    outer loop
      vertex 7.07511 5.42989 5
      vertex 7.08491 -5.44772 5
      vertex 7.08491 5.44872 5
    endloop
  endfacet
  facet normal 0 0 1
    outer loop
      vertex 7.07511 5.42989 5
      vertex 7.07511 -5.42889 5
      vertex 7.08491 -5.44772 5
    endloop
  endfacet
  facet normal -0 0 1
    outer loop
      vertex 7.06498 5.41123 5
      vertex 7.07511 -5.42889 5
      vertex 7.07511 5.42989 5
    endloop
  endfacet
  facet normal 0 0 1
    outer loop
      vertex 7.06498 5.41123 5
      vertex 7.06498 -5.41023 5
      vertex 7.07511 -5.42889 5
    endloop
  endfacet
  facet normal -0 0 1
    outer loop
      vertex 7.05452 5.39275 5
      vertex 7.06498 -5.41023 5
      vertex 7.06498 5.41123 5
    endloop
  endfacet
  facet normal 0 0 1
    outer loop
      vertex 7.05452 5.39275 5
      vertex 7.05452 -5.39175 5
      vertex 7.06498 -5.41023 5
    endloop
  endfacet
  facet normal -0 0 1
    outer loop
      vertex 7.04375 5.37445 5
      vertex 7.05452 -5.39175 5
      vertex 7.05452 5.39275 5
    endloop
  endfacet
  facet normal 0 0 1
    outer loop
      vertex 7.04375 5.37445 5
      vertex 7.04375 -5.37345 5
      vertex 7.05452 -5.39175 5
    endloop
  endfacet
  facet normal -0 0 1
    outer loop
      vertex 7.03266 5.35635 5
      vertex 7.04375 -5.37345 5
      vertex 7.04375 5.37445 5
    endloop
  endfacet
  facet normal 0 0 1
    outer loop
      vertex 7.03266 5.35635 5
      vertex 7.03266 -5.35535 5
      vertex 7.04375 -5.37345 5
    endloop
  endfacet
  facet normal -0 0 1
    outer loop
      vertex 7.02125 5.33844 5
      vertex 7.03266 -5.35535 5
      vertex 7.03266 5.35635 5
    endloop
  endfacet
  facet normal 0 0 1
    outer loop
      vertex 7.02125 5.33844 5
      vertex 7.02125 -5.33744 5
      vertex 7.03266 -5.35535 5
    endloop
  endfacet
  facet normal -0 0 1
    outer loop
      vertex 7.00953 5.32074 5
      vertex 7.02125 -5.33744 5
      vertex 7.02125 5.33844 5
    endloop
  endfacet
  facet normal 0 0 1
    outer loop
      vertex 7.00953 5.32074 5
      vertex 7.00953 -5.31974 5
      vertex 7.02125 -5.33744 5
    endloop
  endfacet
  facet normal -0 0 1
    outer loop
      vertex 6.9975 5.30324 5
      vertex 7.00953 -5.31974 5
      vertex 7.00953 5.32074 5
    endloop
  endfacet
  facet normal 0 0 1
    outer loop
      vertex 6.9975 5.30324 5
      vertex 6.9975 -5.30224 5
      vertex 7.00953 -5.31974 5
    endloop
  endfacet
  facet normal -0 0 1
    outer loop
      vertex 6.98517 5.28596 5
      vertex 6.9975 -5.30224 5
      vertex 6.9975 5.30324 5
    endloop
  endfacet
  facet normal 0 0 1
    outer loop
      vertex 6.98517 5.28596 5
      vertex 6.98517 -5.28496 5
      vertex 6.9975 -5.30224 5
    endloop
  endfacet
  facet normal -0 0 1
    outer loop
      vertex 6.97254 5.26889 5
      vertex 6.98517 -5.28496 5
      vertex 6.98517 5.28596 5
    endloop
  endfacet
  facet normal 0 0 1
    outer loop
      vertex 6.97254 5.26889 5
      vertex 6.97254 -5.26789 5
      vertex 6.98517 -5.28496 5
    endloop
  endfacet
  facet normal -0 0 1
    outer loop
      vertex 6.95962 5.25204 5
      vertex 6.97254 -5.26789 5
      vertex 6.97254 5.26889 5
    endloop
  endfacet
  facet normal 0 0 1
    outer loop
      vertex 6.95962 5.25204 5
      vertex 6.95962 -5.25104 5
      vertex 6.97254 -5.26789 5
    endloop
  endfacet
  facet normal -0 0 1
    outer loop
      vertex 6.9464 5.23543 5
      vertex 6.95962 -5.25104 5
      vertex 6.95962 5.25204 5
    endloop
  endfacet
  facet normal 0 0 1
    outer loop
      vertex 6.9464 5.23543 5
      vertex 6.9464 -5.23443 5
      vertex 6.95962 -5.25104 5
    endloop
  endfacet
  facet normal -0 0 1
    outer loop
      vertex 6.9329 5.21905 5
      vertex 6.9464 -5.23443 5
      vertex 6.9464 5.23543 5
    endloop
  endfacet
  facet normal 0 0 1
    outer loop
      vertex 6.9329 5.21905 5
      vertex 6.9329 -5.21805 5
      vertex 6.9464 -5.23443 5
    endloop
  endfacet
  facet normal -0 0 1
    outer loop
      vertex 6.91911 5.2029 5
      vertex 6.9329 -5.21805 5
      vertex 6.9329 5.21905 5
    endloop
  endfacet
  facet normal 0 0 1
    outer loop
      vertex 6.91911 5.2029 5
      vertex 6.91911 -5.2019 5
      vertex 6.9329 -5.21805 5
    endloop
  endfacet
  facet normal -0 0 1
    outer loop
      vertex 6.90504 5.187 5
      vertex 6.91911 -5.2019 5
      vertex 6.91911 5.2029 5
    endloop
  endfacet
  facet normal 0 0 1
    outer loop
      vertex 6.90504 5.187 5
      vertex 6.90504 -5.186 5
      vertex 6.91911 -5.2019 5
    endloop
  endfacet
  facet normal -0 0 1
    outer loop
      vertex 6.8907 5.17135 5
      vertex 6.90504 -5.186 5
      vertex 6.90504 5.187 5
    endloop
  endfacet
  facet normal 0 0 1
    outer loop
      vertex 6.8907 5.17135 5
      vertex 6.8907 -5.17035 5
      vertex 6.90504 -5.186 5
    endloop
  endfacet
  facet normal -0 0 1
    outer loop
      vertex 6.87608 5.15594 5
      vertex 6.8907 -5.17035 5
      vertex 6.8907 5.17135 5
    endloop
  endfacet
  facet normal 0 0 1
    outer loop
      vertex 6.87608 5.15594 5
      vertex 6.87608 -5.15494 5
      vertex 6.8907 -5.17035 5
    endloop
  endfacet
  facet normal -0 0 1
    outer loop
      vertex 6.8612 5.1408 5
      vertex 6.87608 -5.15494 5
      vertex 6.87608 5.15594 5
    endloop
  endfacet
  facet normal 0 0 1
    outer loop
      vertex 6.8612 5.1408 5
      vertex 6.8612 -5.1398 5
      vertex 6.87608 -5.15494 5
    endloop
  endfacet
  facet normal -0 0 1
    outer loop
      vertex 6.84606 5.12592 5
      vertex 6.8612 -5.1398 5
      vertex 6.8612 5.1408 5
    endloop
  endfacet
  facet normal 0 0 1
    outer loop
      vertex 6.84606 5.12592 5
      vertex 6.84606 -5.12492 5
      vertex 6.8612 -5.1398 5
    endloop
  endfacet
  facet normal -0 0 1
    outer loop
      vertex 6.83065 5.1113 5
      vertex 6.84606 -5.12492 5
      vertex 6.84606 5.12592 5
    endloop
  endfacet
  facet normal 0 0 1
    outer loop
      vertex 6.83065 5.1113 5
      vertex 6.83065 -5.1103 5
      vertex 6.84606 -5.12492 5
    endloop
  endfacet
  facet normal -0 0 1
    outer loop
      vertex 6.815 5.09696 5
      vertex 6.83065 -5.1103 5
      vertex 6.83065 5.1113 5
    endloop
  endfacet
  facet normal 0 0 1
    outer loop
      vertex 6.815 5.09696 5
      vertex 6.815 -5.09596 5
      vertex 6.83065 -5.1103 5
    endloop
  endfacet
  facet normal -0 0 1
    outer loop
      vertex 6.7991 5.08289 5
      vertex 6.815 -5.09596 5
      vertex 6.815 5.09696 5
    endloop
  endfacet
  facet normal 0 0 1
    outer loop
      vertex 6.7991 5.08289 5
      vertex 6.7991 -5.08189 5
      vertex 6.815 -5.09596 5
    endloop
  endfacet
  facet normal -0 0 1
    outer loop
      vertex 6.78295 5.0691 5
      vertex 6.7991 -5.08189 5
      vertex 6.7991 5.08289 5
    endloop
  endfacet
  facet normal 0 0 1
    outer loop
      vertex 6.78295 5.0691 5
      vertex 6.78295 -5.0681 5
      vertex 6.7991 -5.08189 5
    endloop
  endfacet
  facet normal -0 0 1
    outer loop
      vertex 6.76657 5.0556 5
      vertex 6.78295 -5.0681 5
      vertex 6.78295 5.0691 5
    endloop
  endfacet
  facet normal 0 0 1
    outer loop
      vertex 6.76657 5.0556 5
      vertex 6.76657 -5.0546 5
      vertex 6.78295 -5.0681 5
    endloop
  endfacet
  facet normal -0 0 1
    outer loop
      vertex 6.74996 5.04238 5
      vertex 6.76657 -5.0546 5
      vertex 6.76657 5.0556 5
    endloop
  endfacet
  facet normal 0 0 1
    outer loop
      vertex 6.74996 5.04238 5
      vertex 6.74996 -5.04138 5
      vertex 6.76657 -5.0546 5
    endloop
  endfacet
  facet normal -0 0 1
    outer loop
      vertex 6.73311 5.02946 5
      vertex 6.74996 -5.04138 5
      vertex 6.74996 5.04238 5
    endloop
  endfacet
  facet normal 0 0 1
    outer loop
      vertex 6.73311 5.02946 5
      vertex 6.73311 -5.02846 5
      vertex 6.74996 -5.04138 5
    endloop
  endfacet
  facet normal -0 0 1
    outer loop
      vertex 6.71604 5.01683 5
      vertex 6.73311 -5.02846 5
      vertex 6.73311 5.02946 5
    endloop
  endfacet
  facet normal 0 0 1
    outer loop
      vertex 6.71604 5.01683 5
      vertex 6.71604 -5.01583 5
      vertex 6.73311 -5.02846 5
    endloop
  endfacet
  facet normal -0 0 1
    outer loop
      vertex 6.69876 5.0045 5
      vertex 6.71604 -5.01583 5
      vertex 6.71604 5.01683 5
    endloop
  endfacet
  facet normal 0 0 1
    outer loop
      vertex 6.69876 5.0045 5
      vertex 6.69876 -5.0035 5
      vertex 6.71604 -5.01583 5
    endloop
  endfacet
  facet normal -0 0 1
    outer loop
      vertex 6.68126 4.99247 5
      vertex 6.69876 -5.0035 5
      vertex 6.69876 5.0045 5
    endloop
  endfacet
  facet normal 0 0 1
    outer loop
      vertex 6.68126 4.99247 5
      vertex 6.68126 -4.99147 5
      vertex 6.69876 -5.0035 5
    endloop
  endfacet
  facet normal -0 0 1
    outer loop
      vertex 6.66356 4.98075 5
      vertex 6.68126 -4.99147 5
      vertex 6.68126 4.99247 5
    endloop
  endfacet
  facet normal 0 0 1
    outer loop
      vertex 6.66356 4.98075 5
      vertex 6.66356 -4.97975 5
      vertex 6.68126 -4.99147 5
    endloop
  endfacet
  facet normal -0 0 1
    outer loop
      vertex 6.64565 4.96934 5
      vertex 6.66356 -4.97975 5
      vertex 6.66356 4.98075 5
    endloop
  endfacet
  facet normal 0 0 1
    outer loop
      vertex 6.64565 4.96934 5
      vertex 6.64565 -4.96834 5
      vertex 6.66356 -4.97975 5
    endloop
  endfacet
  facet normal -0 0 1
    outer loop
      vertex 6.62755 4.95825 5
      vertex 6.64565 -4.96834 5
      vertex 6.64565 4.96934 5
    endloop
  endfacet
  facet normal 0 0 1
    outer loop
      vertex 6.62755 4.95825 5
      vertex 6.62755 -4.95725 5
      vertex 6.64565 -4.96834 5
    endloop
  endfacet
  facet normal -0 0 1
    outer loop
      vertex 6.60925 4.94747 5
      vertex 6.62755 -4.95725 5
      vertex 6.62755 4.95825 5
    endloop
  endfacet
  facet normal 0 0 1
    outer loop
      vertex 6.60925 4.94747 5
      vertex 6.60925 -4.94648 5
      vertex 6.62755 -4.95725 5
    endloop
  endfacet
  facet normal -0 0 1
    outer loop
      vertex 6.59077 4.93702 5
      vertex 6.60925 -4.94648 5
      vertex 6.60925 4.94747 5
    endloop
  endfacet
  facet normal 0 0 1
    outer loop
      vertex 6.59077 4.93702 5
      vertex 6.59077 -4.93602 5
      vertex 6.60925 -4.94648 5
    endloop
  endfacet
  facet normal -0 0 1
    outer loop
      vertex 6.57211 4.92689 5
      vertex 6.59077 -4.93602 5
      vertex 6.59077 4.93702 5
    endloop
  endfacet
  facet normal 0 0 1
    outer loop
      vertex 6.57211 4.92689 5
      vertex 6.57211 -4.92589 5
      vertex 6.59077 -4.93602 5
    endloop
  endfacet
  facet normal -0 0 1
    outer loop
      vertex 6.55328 4.91709 5
      vertex 6.57211 -4.92589 5
      vertex 6.57211 4.92689 5
    endloop
  endfacet
  facet normal 0 0 1
    outer loop
      vertex 6.55328 4.91709 5
      vertex 6.55328 -4.91609 5
      vertex 6.57211 -4.92589 5
    endloop
  endfacet
  facet normal -0 0 1
    outer loop
      vertex 6.53428 4.90761 5
      vertex 6.55328 -4.91609 5
      vertex 6.55328 4.91709 5
    endloop
  endfacet
  facet normal 0 0 1
    outer loop
      vertex 6.53428 4.90761 5
      vertex 6.53428 -4.90661 5
      vertex 6.55328 -4.91609 5
    endloop
  endfacet
  facet normal -0 0 1
    outer loop
      vertex 6.51512 4.89847 5
      vertex 6.53428 -4.90661 5
      vertex 6.53428 4.90761 5
    endloop
  endfacet
  facet normal 0 0 1
    outer loop
      vertex 6.51512 4.89847 5
      vertex 6.51512 -4.89747 5
      vertex 6.53428 -4.90661 5
    endloop
  endfacet
  facet normal -0 0 1
    outer loop
      vertex 6.4958 4.88967 5
      vertex 6.51512 -4.89747 5
      vertex 6.51512 4.89847 5
    endloop
  endfacet
  facet normal 0 0 1
    outer loop
      vertex 6.4958 4.88967 5
      vertex 6.4958 -4.88867 5
      vertex 6.51512 -4.89747 5
    endloop
  endfacet
  facet normal -0 0 1
    outer loop
      vertex 6.47633 4.8812 5
      vertex 6.4958 -4.88867 5
      vertex 6.4958 4.88967 5
    endloop
  endfacet
  facet normal 0 0 1
    outer loop
      vertex 6.47633 4.8812 5
      vertex 6.47633 -4.8802 5
      vertex 6.4958 -4.88867 5
    endloop
  endfacet
  facet normal -0 0 1
    outer loop
      vertex 6.45671 4.87308 5
      vertex 6.47633 -4.8802 5
      vertex 6.47633 4.8812 5
    endloop
  endfacet
  facet normal 0 0 1
    outer loop
      vertex 6.45671 4.87308 5
      vertex 6.45671 -4.87208 5
      vertex 6.47633 -4.8802 5
    endloop
  endfacet
  facet normal -0 0 1
    outer loop
      vertex 6.43696 4.86529 5
      vertex 6.45671 -4.87208 5
      vertex 6.45671 4.87308 5
    endloop
  endfacet
  facet normal 0 0 1
    outer loop
      vertex 6.43696 4.86529 5
      vertex 6.43696 -4.86429 5
      vertex 6.45671 -4.87208 5
    endloop
  endfacet
  facet normal -0 0 1
    outer loop
      vertex 6.41707 4.85786 5
      vertex 6.43696 -4.86429 5
      vertex 6.43696 4.86529 5
    endloop
  endfacet
  facet normal 0 0 1
    outer loop
      vertex 6.41707 4.85786 5
      vertex 6.41707 -4.85686 5
      vertex 6.43696 -4.86429 5
    endloop
  endfacet
  facet normal -0 0 1
    outer loop
      vertex 6.39706 4.85077 5
      vertex 6.41707 -4.85686 5
      vertex 6.41707 4.85786 5
    endloop
  endfacet
  facet normal 0 0 1
    outer loop
      vertex 6.39706 4.85077 5
      vertex 6.39706 -4.84977 5
      vertex 6.41707 -4.85686 5
    endloop
  endfacet
  facet normal -0 0 1
    outer loop
      vertex 6.37692 4.84403 5
      vertex 6.39706 -4.84977 5
      vertex 6.39706 4.85077 5
    endloop
  endfacet
  facet normal 0 0 1
    outer loop
      vertex 6.37692 4.84403 5
      vertex 6.37692 -4.84303 5
      vertex 6.39706 -4.84977 5
    endloop
  endfacet
  facet normal -0 0 1
    outer loop
      vertex 6.35667 4.83765 5
      vertex 6.37692 -4.84303 5
      vertex 6.37692 4.84403 5
    endloop
  endfacet
  facet normal 0 0 1
    outer loop
      vertex 6.35667 4.83765 5
      vertex 6.35667 -4.83665 5
      vertex 6.37692 -4.84303 5
    endloop
  endfacet
  facet normal -0 0 1
    outer loop
      vertex 6.33631 4.83162 5
      vertex 6.35667 -4.83665 5
      vertex 6.35667 4.83765 5
    endloop
  endfacet
  facet normal 0 0 1
    outer loop
      vertex 6.33631 4.83162 5
      vertex 6.33631 -4.83062 5
      vertex 6.35667 -4.83665 5
    endloop
  endfacet
  facet normal -0 0 1
    outer loop
      vertex 6.31585 4.82595 5
      vertex 6.33631 -4.83062 5
      vertex 6.33631 4.83162 5
    endloop
  endfacet
  facet normal 0 0 1
    outer loop
      vertex 6.31585 4.82595 5
      vertex 6.31585 -4.82495 5
      vertex 6.33631 -4.83062 5
    endloop
  endfacet
  facet normal -0 0 1
    outer loop
      vertex 6.2953 4.82063 5
      vertex 6.31585 -4.82495 5
      vertex 6.31585 4.82595 5
    endloop
  endfacet
  facet normal 0 0 1
    outer loop
      vertex 6.2953 4.82063 5
      vertex 6.2953 -4.81963 5
      vertex 6.31585 -4.82495 5
    endloop
  endfacet
  facet normal -0 0 1
    outer loop
      vertex 6.27465 4.81567 5
      vertex 6.2953 -4.81963 5
      vertex 6.2953 4.82063 5
    endloop
  endfacet
  facet normal 0 0 1
    outer loop
      vertex 6.27465 4.81567 5
      vertex 6.27465 -4.81467 5
      vertex 6.2953 -4.81963 5
    endloop
  endfacet
  facet normal -0 0 1
    outer loop
      vertex 6.25393 4.81108 5
      vertex 6.27465 -4.81467 5
      vertex 6.27465 4.81567 5
    endloop
  endfacet
  facet normal 0 0 1
    outer loop
      vertex 6.25393 4.81108 5
      vertex 6.25393 -4.81008 5
      vertex 6.27465 -4.81467 5
    endloop
  endfacet
  facet normal -0 0 1
    outer loop
      vertex 6.23312 4.80684 5
      vertex 6.25393 -4.81008 5
      vertex 6.25393 4.81108 5
    endloop
  endfacet
  facet normal 0 0 1
    outer loop
      vertex 6.23312 4.80684 5
      vertex 6.23312 -4.80584 5
      vertex 6.25393 -4.81008 5
    endloop
  endfacet
  facet normal -0 0 1
    outer loop
      vertex 6.21224 4.80298 5
      vertex 6.23312 -4.80584 5
      vertex 6.23312 4.80684 5
    endloop
  endfacet
  facet normal 0 0 1
    outer loop
      vertex 6.21224 4.80298 5
      vertex 6.21224 -4.80198 5
      vertex 6.23312 -4.80584 5
    endloop
  endfacet
  facet normal -0 0 1
    outer loop
      vertex 6.1913 4.79947 5
      vertex 6.21224 -4.80198 5
      vertex 6.21224 4.80298 5
    endloop
  endfacet
  facet normal 0 0 1
    outer loop
      vertex 6.1913 4.79947 5
      vertex 6.1913 -4.79847 5
      vertex 6.21224 -4.80198 5
    endloop
  endfacet
  facet normal -0 0 1
    outer loop
      vertex 6.1703 4.79633 5
      vertex 6.1913 -4.79847 5
      vertex 6.1913 4.79947 5
    endloop
  endfacet
  facet normal 0 0 1
    outer loop
      vertex 6.1703 4.79633 5
      vertex 6.1703 -4.79533 5
      vertex 6.1913 -4.79847 5
    endloop
  endfacet
  facet normal -0 0 1
    outer loop
      vertex 6.14925 4.79356 5
      vertex 6.1703 -4.79533 5
      vertex 6.1703 4.79633 5
    endloop
  endfacet
  facet normal 0 0 1
    outer loop
      vertex 6.14925 4.79356 5
      vertex 6.14925 -4.79256 5
      vertex 6.1703 -4.79533 5
    endloop
  endfacet
  facet normal -0 0 1
    outer loop
      vertex 6.12816 4.79116 5
      vertex 6.14925 -4.79256 5
      vertex 6.14925 4.79356 5
    endloop
  endfacet
  facet normal 0 0 1
    outer loop
      vertex 6.12816 4.79116 5
      vertex 6.12816 -4.79016 5
      vertex 6.14925 -4.79256 5
    endloop
  endfacet
  facet normal -0 0 1
    outer loop
      vertex 6.10702 4.78912 5
      vertex 6.12816 -4.79016 5
      vertex 6.12816 4.79116 5
    endloop
  endfacet
  facet normal 0 0 1
    outer loop
      vertex 6.10702 4.78912 5
      vertex 6.10702 -4.78812 5
      vertex 6.12816 -4.79016 5
    endloop
  endfacet
  facet normal -0 0 1
    outer loop
      vertex 6.08586 4.78746 5
      vertex 6.10702 -4.78812 5
      vertex 6.10702 4.78912 5
    endloop
  endfacet
  facet normal 0 0 1
    outer loop
      vertex 6.08586 4.78746 5
      vertex 6.08586 -4.78646 5
      vertex 6.10702 -4.78812 5
    endloop
  endfacet
  facet normal -0 0 1
    outer loop
      vertex 6.06467 4.78616 5
      vertex 6.08586 -4.78646 5
      vertex 6.08586 4.78746 5
    endloop
  endfacet
  facet normal 0 0 1
    outer loop
      vertex 6.06467 4.78616 5
      vertex 6.06467 -4.78516 5
      vertex 6.08586 -4.78646 5
    endloop
  endfacet
  facet normal -0 0 1
    outer loop
      vertex 6.04345 4.78523 5
      vertex 6.06467 -4.78516 5
      vertex 6.06467 4.78616 5
    endloop
  endfacet
  facet normal 0 0 1
    outer loop
      vertex 6.04345 4.78523 5
      vertex 6.04345 -4.78424 5
      vertex 6.06467 -4.78516 5
    endloop
  endfacet
  facet normal -0 0 1
    outer loop
      vertex 6.02223 4.78468 5
      vertex 6.04345 -4.78424 5
      vertex 6.04345 4.78523 5
    endloop
  endfacet
  facet normal 0 0 1
    outer loop
      vertex 6.02223 4.78468 5
      vertex 6.02223 -4.78368 5
      vertex 6.04345 -4.78424 5
    endloop
  endfacet
  facet normal -0 0 1
    outer loop
      vertex 6.001 4.78449 5
      vertex 6.02223 -4.78368 5
      vertex 6.02223 4.78468 5
    endloop
  endfacet
  facet normal 0 0 1
    outer loop
      vertex 6.001 4.78449 5
      vertex 6.001 -4.78349 5
      vertex 6.02223 -4.78368 5
    endloop
  endfacet
  facet normal 0 0 1
    outer loop
      vertex 5.97977 4.78468 5
      vertex 6.001 -4.78349 5
      vertex 6.001 4.78449 5
    endloop
  endfacet
  facet normal 0 0 1
    outer loop
      vertex 5.97977 4.78468 5
      vertex 5.97977 -4.78368 5
      vertex 6.001 -4.78349 5
    endloop
  endfacet
  facet normal 0 0 1
    outer loop
      vertex 5.95855 4.78523 5
      vertex 5.97977 -4.78368 5
      vertex 5.97977 4.78468 5
    endloop
  endfacet
  facet normal 0 0 1
    outer loop
      vertex 5.95855 4.78523 5
      vertex 5.95855 -4.78424 5
      vertex 5.97977 -4.78368 5
    endloop
  endfacet
  facet normal 0 0 1
    outer loop
      vertex 5.93733 4.78616 5
      vertex 5.95855 -4.78424 5
      vertex 5.95855 4.78523 5
    endloop
  endfacet
  facet normal 0 0 1
    outer loop
      vertex 5.93733 4.78616 5
      vertex 5.93733 -4.78516 5
      vertex 5.95855 -4.78424 5
    endloop
  endfacet
  facet normal 0 0 1
    outer loop
      vertex 5.91614 4.78746 5
      vertex 5.93733 -4.78516 5
      vertex 5.93733 4.78616 5
    endloop
  endfacet
  facet normal 0 0 1
    outer loop
      vertex 5.91614 4.78746 5
      vertex 5.91614 -4.78646 5
      vertex 5.93733 -4.78516 5
    endloop
  endfacet
  facet normal 0 0 1
    outer loop
      vertex 5.89498 4.78912 5
      vertex 5.91614 -4.78646 5
      vertex 5.91614 4.78746 5
    endloop
  endfacet
  facet normal 0 0 1
    outer loop
      vertex 5.89498 4.78912 5
      vertex 5.89498 -4.78812 5
      vertex 5.91614 -4.78646 5
    endloop
  endfacet
  facet normal 0 0 1
    outer loop
      vertex 5.87384 4.79116 5
      vertex 5.89498 -4.78812 5
      vertex 5.89498 4.78912 5
    endloop
  endfacet
  facet normal 0 0 1
    outer loop
      vertex 5.87384 4.79116 5
      vertex 5.87384 -4.79016 5
      vertex 5.89498 -4.78812 5
    endloop
  endfacet
  facet normal 0 0 1
    outer loop
      vertex 5.85275 4.79356 5
      vertex 5.87384 -4.79016 5
      vertex 5.87384 4.79116 5
    endloop
  endfacet
  facet normal 0 0 1
    outer loop
      vertex 5.85275 4.79356 5
      vertex 5.85275 -4.79256 5
      vertex 5.87384 -4.79016 5
    endloop
  endfacet
  facet normal 0 0 1
    outer loop
      vertex 5.8317 4.79633 5
      vertex 5.85275 -4.79256 5
      vertex 5.85275 4.79356 5
    endloop
  endfacet
  facet normal 0 0 1
    outer loop
      vertex 5.8317 4.79633 5
      vertex 5.8317 -4.79533 5
      vertex 5.85275 -4.79256 5
    endloop
  endfacet
  facet normal 0 0 1
    outer loop
      vertex 5.8107 4.79947 5
      vertex 5.8317 -4.79533 5
      vertex 5.8317 4.79633 5
    endloop
  endfacet
  facet normal 0 0 1
    outer loop
      vertex 5.8107 4.79947 5
      vertex 5.8107 -4.79847 5
      vertex 5.8317 -4.79533 5
    endloop
  endfacet
  facet normal 0 0 1
    outer loop
      vertex 5.78976 4.80298 5
      vertex 5.8107 -4.79847 5
      vertex 5.8107 4.79947 5
    endloop
  endfacet
  facet normal 0 0 1
    outer loop
      vertex 5.78976 4.80298 5
      vertex 5.78976 -4.80198 5
      vertex 5.8107 -4.79847 5
    endloop
  endfacet
  facet normal 0 0 1
    outer loop
      vertex 5.76888 4.80684 5
      vertex 5.78976 -4.80198 5
      vertex 5.78976 4.80298 5
    endloop
  endfacet
  facet normal 0 0 1
    outer loop
      vertex 5.76888 4.80684 5
      vertex 5.76888 -4.80584 5
      vertex 5.78976 -4.80198 5
    endloop
  endfacet
  facet normal 0 0 1
    outer loop
      vertex 5.74807 4.81108 5
      vertex 5.76888 -4.80584 5
      vertex 5.76888 4.80684 5
    endloop
  endfacet
  facet normal 0 0 1
    outer loop
      vertex 5.74807 4.81108 5
      vertex 5.74807 -4.81008 5
      vertex 5.76888 -4.80584 5
    endloop
  endfacet
  facet normal 0 0 1
    outer loop
      vertex 5.72735 4.81567 5
      vertex 5.74807 -4.81008 5
      vertex 5.74807 4.81108 5
    endloop
  endfacet
  facet normal 0 0 1
    outer loop
      vertex 5.72735 4.81567 5
      vertex 5.72735 -4.81467 5
      vertex 5.74807 -4.81008 5
    endloop
  endfacet
  facet normal 0 0 1
    outer loop
      vertex 5.7067 4.82063 5
      vertex 5.72735 -4.81467 5
      vertex 5.72735 4.81567 5
    endloop
  endfacet
  facet normal 0 0 1
    outer loop
      vertex 5.7067 4.82063 5
      vertex 5.7067 -4.81963 5
      vertex 5.72735 -4.81467 5
    endloop
  endfacet
  facet normal 0 0 1
    outer loop
      vertex 5.68615 4.82595 5
      vertex 5.7067 -4.81963 5
      vertex 5.7067 4.82063 5
    endloop
  endfacet
  facet normal 0 0 1
    outer loop
      vertex 5.68615 4.82595 5
      vertex 5.68615 -4.82495 5
      vertex 5.7067 -4.81963 5
    endloop
  endfacet
  facet normal 0 0 1
    outer loop
      vertex 5.66569 4.83162 5
      vertex 5.68615 -4.82495 5
      vertex 5.68615 4.82595 5
    endloop
  endfacet
  facet normal 0 0 1
    outer loop
      vertex 5.66569 4.83162 5
      vertex 5.66569 -4.83062 5
      vertex 5.68615 -4.82495 5
    endloop
  endfacet
  facet normal 0 0 1
    outer loop
      vertex 5.64533 4.83765 5
      vertex 5.66569 -4.83062 5
      vertex 5.66569 4.83162 5
    endloop
  endfacet
  facet normal 0 0 1
    outer loop
      vertex 5.64533 4.83765 5
      vertex 5.64533 -4.83665 5
      vertex 5.66569 -4.83062 5
    endloop
  endfacet
  facet normal 0 0 1
    outer loop
      vertex 5.62508 4.84403 5
      vertex 5.64533 -4.83665 5
      vertex 5.64533 4.83765 5
    endloop
  endfacet
  facet normal 0 0 1
    outer loop
      vertex 5.62508 4.84403 5
      vertex 5.62508 -4.84303 5
      vertex 5.64533 -4.83665 5
    endloop
  endfacet
  facet normal 0 0 1
    outer loop
      vertex 5.60494 4.85077 5
      vertex 5.62508 -4.84303 5
      vertex 5.62508 4.84403 5
    endloop
  endfacet
  facet normal 0 0 1
    outer loop
      vertex 5.60494 4.85077 5
      vertex 5.60494 -4.84977 5
      vertex 5.62508 -4.84303 5
    endloop
  endfacet
  facet normal 0 0 1
    outer loop
      vertex 5.58493 4.85786 5
      vertex 5.60494 -4.84977 5
      vertex 5.60494 4.85077 5
    endloop
  endfacet
  facet normal 0 0 1
    outer loop
      vertex 5.58493 4.85786 5
      vertex 5.58493 -4.85686 5
      vertex 5.60494 -4.84977 5
    endloop
  endfacet
  facet normal 0 0 1
    outer loop
      vertex 5.56504 4.86529 5
      vertex 5.58493 -4.85686 5
      vertex 5.58493 4.85786 5
    endloop
  endfacet
  facet normal 0 0 1
    outer loop
      vertex 5.56504 4.86529 5
      vertex 5.56504 -4.86429 5
      vertex 5.58493 -4.85686 5
    endloop
  endfacet
  facet normal 0 0 1
    outer loop
      vertex 5.54529 4.87308 5
      vertex 5.56504 -4.86429 5
      vertex 5.56504 4.86529 5
    endloop
  endfacet
  facet normal 0 0 1
    outer loop
      vertex 5.54529 4.87308 5
      vertex 5.54529 -4.87208 5
      vertex 5.56504 -4.86429 5
    endloop
  endfacet
  facet normal 0 0 1
    outer loop
      vertex 5.52567 4.8812 5
      vertex 5.54529 -4.87208 5
      vertex 5.54529 4.87308 5
    endloop
  endfacet
  facet normal 0 0 1
    outer loop
      vertex 5.52567 4.8812 5
      vertex 5.52567 -4.8802 5
      vertex 5.54529 -4.87208 5
    endloop
  endfacet
  facet normal 0 0 1
    outer loop
      vertex 5.5062 4.88967 5
      vertex 5.52567 -4.8802 5
      vertex 5.52567 4.8812 5
    endloop
  endfacet
  facet normal 0 0 1
    outer loop
      vertex 5.5062 4.88967 5
      vertex 5.5062 -4.88867 5
      vertex 5.52567 -4.8802 5
    endloop
  endfacet
  facet normal 0 0 1
    outer loop
      vertex 5.48688 4.89847 5
      vertex 5.5062 -4.88867 5
      vertex 5.5062 4.88967 5
    endloop
  endfacet
  facet normal 0 0 1
    outer loop
      vertex 5.48688 4.89847 5
      vertex 5.48688 -4.89747 5
      vertex 5.5062 -4.88867 5
    endloop
  endfacet
  facet normal 0 0 1
    outer loop
      vertex 5.46772 4.90761 5
      vertex 5.48688 -4.89747 5
      vertex 5.48688 4.89847 5
    endloop
  endfacet
  facet normal 0 0 1
    outer loop
      vertex 5.46772 4.90761 5
      vertex 5.46772 -4.90661 5
      vertex 5.48688 -4.89747 5
    endloop
  endfacet
  facet normal 0 0 1
    outer loop
      vertex 5.44872 4.91709 5
      vertex 5.46772 -4.90661 5
      vertex 5.46772 4.90761 5
    endloop
  endfacet
  facet normal 0 0 1
    outer loop
      vertex 5.44872 4.91709 5
      vertex 5.44872 -4.91609 5
      vertex 5.46772 -4.90661 5
    endloop
  endfacet
  facet normal 0 0 1
    outer loop
      vertex 5.42989 4.92689 5
      vertex 5.44872 -4.91609 5
      vertex 5.44872 4.91709 5
    endloop
  endfacet
  facet normal 0 0 1
    outer loop
      vertex 5.42989 4.92689 5
      vertex 5.42989 -4.92589 5
      vertex 5.44872 -4.91609 5
    endloop
  endfacet
  facet normal 0 0 1
    outer loop
      vertex 5.41123 4.93702 5
      vertex 5.42989 -4.92589 5
      vertex 5.42989 4.92689 5
    endloop
  endfacet
  facet normal 0 0 1
    outer loop
      vertex 5.41123 4.93702 5
      vertex 5.41123 -4.93602 5
      vertex 5.42989 -4.92589 5
    endloop
  endfacet
  facet normal 0 0 1
    outer loop
      vertex 5.39275 4.94747 5
      vertex 5.41123 -4.93602 5
      vertex 5.41123 4.93702 5
    endloop
  endfacet
  facet normal 0 0 1
    outer loop
      vertex 5.39275 4.94747 5
      vertex 5.39275 -4.94648 5
      vertex 5.41123 -4.93602 5
    endloop
  endfacet
  facet normal 0 0 1
    outer loop
      vertex 5.37445 4.95825 5
      vertex 5.39275 -4.94648 5
      vertex 5.39275 4.94747 5
    endloop
  endfacet
  facet normal 0 0 1
    outer loop
      vertex 5.37445 4.95825 5
      vertex 5.37445 -4.95725 5
      vertex 5.39275 -4.94648 5
    endloop
  endfacet
  facet normal 0 0 1
    outer loop
      vertex 5.35635 4.96934 5
      vertex 5.37445 -4.95725 5
      vertex 5.37445 4.95825 5
    endloop
  endfacet
  facet normal 0 0 1
    outer loop
      vertex 5.35635 4.96934 5
      vertex 5.35635 -4.96834 5
      vertex 5.37445 -4.95725 5
    endloop
  endfacet
  facet normal 0 0 1
    outer loop
      vertex 5.33844 4.98075 5
      vertex 5.35635 -4.96834 5
      vertex 5.35635 4.96934 5
    endloop
  endfacet
  facet normal 0 0 1
    outer loop
      vertex 5.33844 4.98075 5
      vertex 5.33844 -4.97975 5
      vertex 5.35635 -4.96834 5
    endloop
  endfacet
  facet normal 0 0 1
    outer loop
      vertex 5.32074 4.99247 5
      vertex 5.33844 -4.97975 5
      vertex 5.33844 4.98075 5
    endloop
  endfacet
  facet normal 0 0 1
    outer loop
      vertex 5.32074 4.99247 5
      vertex 5.32074 -4.99147 5
      vertex 5.33844 -4.97975 5
    endloop
  endfacet
  facet normal 0 0 1
    outer loop
      vertex 5.30324 5.0045 5
      vertex 5.32074 -4.99147 5
      vertex 5.32074 4.99247 5
    endloop
  endfacet
  facet normal 0 0 1
    outer loop
      vertex 5.30324 5.0045 5
      vertex 5.30324 -5.0035 5
      vertex 5.32074 -4.99147 5
    endloop
  endfacet
  facet normal 0 0 1
    outer loop
      vertex 5.28596 5.01683 5
      vertex 5.30324 -5.0035 5
      vertex 5.30324 5.0045 5
    endloop
  endfacet
  facet normal 0 0 1
    outer loop
      vertex 5.28596 5.01683 5
      vertex 5.28596 -5.01583 5
      vertex 5.30324 -5.0035 5
    endloop
  endfacet
  facet normal 0 0 1
    outer loop
      vertex 5.26889 5.02946 5
      vertex 5.28596 -5.01583 5
      vertex 5.28596 5.01683 5
    endloop
  endfacet
  facet normal 0 0 1
    outer loop
      vertex 5.26889 5.02946 5
      vertex 5.26889 -5.02846 5
      vertex 5.28596 -5.01583 5
    endloop
  endfacet
  facet normal 0 0 1
    outer loop
      vertex 5.25204 5.04238 5
      vertex 5.26889 -5.02846 5
      vertex 5.26889 5.02946 5
    endloop
  endfacet
  facet normal 0 0 1
    outer loop
      vertex 5.25204 5.04238 5
      vertex 5.25204 -5.04138 5
      vertex 5.26889 -5.02846 5
    endloop
  endfacet
  facet normal 0 0 1
    outer loop
      vertex 5.23543 5.0556 5
      vertex 5.25204 -5.04138 5
      vertex 5.25204 5.04238 5
    endloop
  endfacet
  facet normal 0 0 1
    outer loop
      vertex 5.23543 5.0556 5
      vertex 5.23543 -5.0546 5
      vertex 5.25204 -5.04138 5
    endloop
  endfacet
  facet normal 0 0 1
    outer loop
      vertex 5.21905 5.0691 5
      vertex 5.23543 -5.0546 5
      vertex 5.23543 5.0556 5
    endloop
  endfacet
  facet normal 0 0 1
    outer loop
      vertex 5.21905 5.0691 5
      vertex 5.21905 -5.0681 5
      vertex 5.23543 -5.0546 5
    endloop
  endfacet
  facet normal 0 0 1
    outer loop
      vertex 5.2029 5.08289 5
      vertex 5.21905 -5.0681 5
      vertex 5.21905 5.0691 5
    endloop
  endfacet
  facet normal 0 0 1
    outer loop
      vertex 5.2029 5.08289 5
      vertex 5.2029 -5.08189 5
      vertex 5.21905 -5.0681 5
    endloop
  endfacet
  facet normal 0 0 1
    outer loop
      vertex 5.187 5.09696 5
      vertex 5.2029 -5.08189 5
      vertex 5.2029 5.08289 5
    endloop
  endfacet
  facet normal 0 0 1
    outer loop
      vertex 5.187 5.09696 5
      vertex 5.187 -5.09596 5
      vertex 5.2029 -5.08189 5
    endloop
  endfacet
  facet normal 0 0 1
    outer loop
      vertex 5.17135 5.1113 5
      vertex 5.187 -5.09596 5
      vertex 5.187 5.09696 5
    endloop
  endfacet
  facet normal 0 0 1
    outer loop
      vertex 5.17135 5.1113 5
      vertex 5.17135 -5.1103 5
      vertex 5.187 -5.09596 5
    endloop
  endfacet
  facet normal 0 0 1
    outer loop
      vertex 5.15594 5.12592 5
      vertex 5.17135 -5.1103 5
      vertex 5.17135 5.1113 5
    endloop
  endfacet
  facet normal 0 0 1
    outer loop
      vertex 5.15594 5.12592 5
      vertex 5.15594 -5.12492 5
      vertex 5.17135 -5.1103 5
    endloop
  endfacet
  facet normal 0 0 1
    outer loop
      vertex 5.1408 5.1408 5
      vertex 5.15594 -5.12492 5
      vertex 5.15594 5.12592 5
    endloop
  endfacet
  facet normal 0 0 1
    outer loop
      vertex 5.1408 5.1408 5
      vertex 5.1408 -5.1398 5
      vertex 5.15594 -5.12492 5
    endloop
  endfacet
  facet normal 0 0 1
    outer loop
      vertex 5.12592 5.15594 5
      vertex 5.1408 -5.1398 5
      vertex 5.1408 5.1408 5
    endloop
  endfacet
  facet normal 0 0 1
    outer loop
      vertex 5.12592 5.15594 5
      vertex 5.12592 -5.15494 5
      vertex 5.1408 -5.1398 5
    endloop
  endfacet
  facet normal 0 0 1
    outer loop
      vertex 5.1113 5.17135 5
      vertex 5.12592 -5.15494 5
      vertex 5.12592 5.15594 5
    endloop
  endfacet
  facet normal 0 0 1
    outer loop
      vertex 5.1113 5.17135 5
      vertex 5.1113 -5.17035 5
      vertex 5.12592 -5.15494 5
    endloop
  endfacet
  facet normal 0 0 1
    outer loop
      vertex 4.86529 5.56504 5
      vertex -4.86429 5.56504 5
      vertex 4.87308 5.54529 5
    endloop
  endfacet
  facet normal 0 0 1
    outer loop
      vertex -4.87208 5.54529 5
      vertex 4.87308 5.54529 5
      vertex -4.86429 5.56504 5
    endloop
  endfacet
  facet normal 0 0 1
    outer loop
      vertex -4.86429 5.56504 5
      vertex 4.86529 5.56504 5
      vertex -4.85686 5.58493 5
    endloop
  endfacet
  facet normal 0 0 1
    outer loop
      vertex 4.87308 5.54529 5
      vertex -4.87208 5.54529 5
      vertex 4.8812 5.52567 5
    endloop
  endfacet
  facet normal 0 0 1
    outer loop
      vertex 4.85786 5.58493 5
      vertex -4.85686 5.58493 5
      vertex 4.86529 5.56504 5
    endloop
  endfacet
  facet normal 0 0 1
    outer loop
      vertex 5.1113 -5.17035 5
      vertex -4.78349 -6 5
      vertex 5.09696 -5.186 5
    endloop
  endfacet
  facet normal 0 0 1
    outer loop
      vertex -4.85686 5.58493 5
      vertex 4.85786 5.58493 5
      vertex -4.84977 5.60494 5
    endloop
  endfacet
  facet normal 0 0 1
    outer loop
      vertex 5.09696 -5.186 5
      vertex -4.78349 -6 5
      vertex 5.08289 -5.2019 5
    endloop
  endfacet
  facet normal 0 0 1
    outer loop
      vertex 4.85077 5.60494 5
      vertex -4.84977 5.60494 5
      vertex 4.85786 5.58493 5
    endloop
  endfacet
  facet normal 0 0 1
    outer loop
      vertex 5.08289 -5.2019 5
      vertex -4.78349 -6 5
      vertex 5.0691 -5.21805 5
    endloop
  endfacet
  facet normal 0 0 1
    outer loop
      vertex -4.84977 5.60494 5
      vertex 4.85077 5.60494 5
      vertex -4.84303 5.62508 5
    endloop
  endfacet
  facet normal 0 0 1
    outer loop
      vertex 5.0691 -5.21805 5
      vertex -4.78349 -6 5
      vertex 5.0556 -5.23443 5
    endloop
  endfacet
  facet normal 0 0 1
    outer loop
      vertex 4.84403 5.62508 5
      vertex -4.84303 5.62508 5
      vertex 4.85077 5.60494 5
    endloop
  endfacet
  facet normal 0 0 1
    outer loop
      vertex 5.0556 -5.23443 5
      vertex -4.78349 -6 5
      vertex 5.04238 -5.25104 5
    endloop
  endfacet
  facet normal 0 0 1
    outer loop
      vertex -4.84303 5.62508 5
      vertex 4.84403 5.62508 5
      vertex -4.83665 5.64533 5
    endloop
  endfacet
  facet normal 0 0 1
    outer loop
      vertex 5.04238 -5.25104 5
      vertex -4.78349 -6 5
      vertex 5.02946 -5.26789 5
    endloop
  endfacet
  facet normal 0 0 1
    outer loop
      vertex 4.83765 5.64533 5
      vertex -4.83665 5.64533 5
      vertex 4.84403 5.62508 5
    endloop
  endfacet
  facet normal 0 0 1
    outer loop
      vertex 5.02946 -5.26789 5
      vertex -4.78349 -6 5
      vertex 5.01683 -5.28496 5
    endloop
  endfacet
  facet normal 0 0 1
    outer loop
      vertex -4.83665 5.64533 5
      vertex 4.83765 5.64533 5
      vertex -4.83062 5.66569 5
    endloop
  endfacet
  facet normal 0 0 1
    outer loop
      vertex 5.01683 -5.28496 5
      vertex -4.78349 -6 5
      vertex 5.0045 -5.30224 5
    endloop
  endfacet
  facet normal 0 0 1
    outer loop
      vertex 4.83162 5.66569 5
      vertex -4.83062 5.66569 5
      vertex 4.83765 5.64533 5
    endloop
  endfacet
  facet normal 0 0 1
    outer loop
      vertex 5.0045 -5.30224 5
      vertex -4.78349 -6 5
      vertex 4.99247 -5.31974 5
    endloop
  endfacet
  facet normal 0 0 1
    outer loop
      vertex -4.83062 5.66569 5
      vertex 4.83162 5.66569 5
      vertex -4.82495 5.68615 5
    endloop
  endfacet
  facet normal 0 0 1
    outer loop
      vertex 4.99247 -5.31974 5
      vertex -4.78349 -6 5
      vertex 4.98075 -5.33744 5
    endloop
  endfacet
  facet normal 0 0 1
    outer loop
      vertex 4.82595 5.68615 5
      vertex -4.82495 5.68615 5
      vertex 4.83162 5.66569 5
    endloop
  endfacet
  facet normal 0 0 1
    outer loop
      vertex 4.98075 -5.33744 5
      vertex -4.78349 -6 5
      vertex 4.96934 -5.35535 5
    endloop
  endfacet
  facet normal 0 0 1
    outer loop
      vertex -4.82495 5.68615 5
      vertex 4.82595 5.68615 5
      vertex -4.81963 5.7067 5
    endloop
  endfacet
  facet normal 0 0 1
    outer loop
      vertex 4.96934 -5.35535 5
      vertex -4.78349 -6 5
      vertex 4.95825 -5.37345 5
    endloop
  endfacet
  facet normal 0 0 1
    outer loop
      vertex 4.82063 5.7067 5
      vertex -4.81963 5.7067 5
      vertex 4.82595 5.68615 5
    endloop
  endfacet
  facet normal 0 0 1
    outer loop
      vertex 4.95825 -5.37345 5
      vertex -4.78349 -6 5
      vertex 4.94747 -5.39175 5
    endloop
  endfacet
  facet normal 0 0 1
    outer loop
      vertex -4.81963 5.7067 5
      vertex 4.82063 5.7067 5
      vertex -4.81467 5.72735 5
    endloop
  endfacet
  facet normal 0 0 1
    outer loop
      vertex 4.94747 -5.39175 5
      vertex -4.78349 -6 5
      vertex 4.93702 -5.41023 5
    endloop
  endfacet
  facet normal 0 0 1
    outer loop
      vertex 4.81567 5.72735 5
      vertex -4.81467 5.72735 5
      vertex 4.82063 5.7067 5
    endloop
  endfacet
  facet normal 0 0 1
    outer loop
      vertex 4.93702 -5.41023 5
      vertex -4.78349 -6 5
      vertex 4.92689 -5.42889 5
    endloop
  endfacet
  facet normal 0 0 1
    outer loop
      vertex -4.81467 5.72735 5
      vertex 4.81567 5.72735 5
      vertex -4.81008 5.74807 5
    endloop
  endfacet
  facet normal 0 0 1
    outer loop
      vertex 4.92689 -5.42889 5
      vertex -4.78349 -6 5
      vertex 4.91709 -5.44772 5
    endloop
  endfacet
  facet normal 0 0 1
    outer loop
      vertex 4.81108 5.74807 5
      vertex -4.81008 5.74807 5
      vertex 4.81567 5.72735 5
    endloop
  endfacet
  facet normal 0 0 1
    outer loop
      vertex 4.91709 -5.44772 5
      vertex -4.78349 -6 5
      vertex 4.90761 -5.46672 5
    endloop
  endfacet
  facet normal 0 0 1
    outer loop
      vertex -4.81008 5.74807 5
      vertex 4.81108 5.74807 5
      vertex -4.80584 5.76888 5
    endloop
  endfacet
  facet normal 0 0 1
    outer loop
      vertex 4.90761 -5.46672 5
      vertex -4.78349 -6 5
      vertex 4.89847 -5.48588 5
    endloop
  endfacet
  facet normal 0 0 1
    outer loop
      vertex 4.80684 5.76888 5
      vertex -4.80584 5.76888 5
      vertex 4.81108 5.74807 5
    endloop
  endfacet
  facet normal 0 0 1
    outer loop
      vertex 4.89847 -5.48588 5
      vertex -4.78349 -6 5
      vertex 4.88967 -5.5052 5
    endloop
  endfacet
  facet normal 0 0 1
    outer loop
      vertex -4.80584 5.76888 5
      vertex 4.80684 5.76888 5
      vertex -4.80198 5.78976 5
    endloop
  endfacet
  facet normal 0 0 1
    outer loop
      vertex 4.88967 -5.5052 5
      vertex -4.78349 -6 5
      vertex 4.8812 -5.52467 5
    endloop
  endfacet
  facet normal 0 0 1
    outer loop
      vertex 4.80298 5.78976 5
      vertex -4.80198 5.78976 5
      vertex 4.80684 5.76888 5
    endloop
  endfacet
  facet normal 0 0 1
    outer loop
      vertex 4.8812 -5.52467 5
      vertex -4.78349 -6 5
      vertex 4.87308 -5.54429 5
    endloop
  endfacet
  facet normal 0 0 1
    outer loop
      vertex -4.80198 5.78976 5
      vertex 4.80298 5.78976 5
      vertex -4.79847 5.8107 5
    endloop
  endfacet
  facet normal 0 0 1
    outer loop
      vertex 4.87308 -5.54429 5
      vertex -4.78349 -6 5
      vertex 4.86529 -5.56404 5
    endloop
  endfacet
  facet normal 0 0 1
    outer loop
      vertex 4.79947 5.8107 5
      vertex -4.79847 5.8107 5
      vertex 4.80298 5.78976 5
    endloop
  endfacet
  facet normal 0 0 1
    outer loop
      vertex 4.86529 -5.56404 5
      vertex -4.78349 -6 5
      vertex 4.85786 -5.58393 5
    endloop
  endfacet
  facet normal 0 0 1
    outer loop
      vertex -4.79847 5.8107 5
      vertex 4.79947 5.8107 5
      vertex -4.79533 5.8317 5
    endloop
  endfacet
  facet normal 0 0 1
    outer loop
      vertex 4.85786 -5.58393 5
      vertex -4.78349 -6 5
      vertex 4.85077 -5.60394 5
    endloop
  endfacet
  facet normal 0 0 1
    outer loop
      vertex 4.79633 5.8317 5
      vertex -4.79533 5.8317 5
      vertex 4.79947 5.8107 5
    endloop
  endfacet
  facet normal 0 0 1
    outer loop
      vertex 4.85077 -5.60394 5
      vertex -4.78349 -6 5
      vertex 4.84403 -5.62408 5
    endloop
  endfacet
  facet normal 0 0 1
    outer loop
      vertex -4.79533 5.8317 5
      vertex 4.79633 5.8317 5
      vertex -4.79256 5.85275 5
    endloop
  endfacet
  facet normal 0 0 1
    outer loop
      vertex 4.84403 -5.62408 5
      vertex -4.78349 -6 5
      vertex 4.83765 -5.64433 5
    endloop
  endfacet
  facet normal 0 0 1
    outer loop
      vertex 4.79356 5.85275 5
      vertex -4.79256 5.85275 5
      vertex 4.79633 5.8317 5
    endloop
  endfacet
  facet normal 0 0 1
    outer loop
      vertex 4.83765 -5.64433 5
      vertex -4.78349 -6 5
      vertex 4.83162 -5.66469 5
    endloop
  endfacet
  facet normal 0 0 1
    outer loop
      vertex -4.79256 5.85275 5
      vertex 4.79356 5.85275 5
      vertex -4.79016 5.87384 5
    endloop
  endfacet
  facet normal 0 0 1
    outer loop
      vertex 4.83162 -5.66469 5
      vertex -4.78349 -6 5
      vertex 4.82595 -5.68515 5
    endloop
  endfacet
  facet normal 0 0 1
    outer loop
      vertex 4.79116 5.87384 5
      vertex -4.79016 5.87384 5
      vertex 4.79356 5.85275 5
    endloop
  endfacet
  facet normal 0 0 1
    outer loop
      vertex 4.82595 -5.68515 5
      vertex -4.78349 -6 5
      vertex 4.82063 -5.7057 5
    endloop
  endfacet
  facet normal 0 0 1
    outer loop
      vertex -4.79016 5.87384 5
      vertex 4.79116 5.87384 5
      vertex -4.78812 5.89498 5
    endloop
  endfacet
  facet normal 0 0 1
    outer loop
      vertex 4.82063 -5.7057 5
      vertex -4.78349 -6 5
      vertex 4.81567 -5.72635 5
    endloop
  endfacet
  facet normal 0 0 1
    outer loop
      vertex 4.78912 5.89498 5
      vertex -4.78812 5.89498 5
      vertex 4.79116 5.87384 5
    endloop
  endfacet
  facet normal 0 0 1
    outer loop
      vertex 4.81567 -5.72635 5
      vertex -4.78349 -6 5
      vertex 4.81108 -5.74707 5
    endloop
  endfacet
  facet normal 0 0 1
    outer loop
      vertex -4.78812 5.89498 5
      vertex 4.78912 5.89498 5
      vertex -4.78646 5.91614 5
    endloop
  endfacet
  facet normal 0 0 1
    outer loop
      vertex 4.81108 -5.74707 5
      vertex -4.78349 -6 5
      vertex 4.80684 -5.76788 5
    endloop
  endfacet
  facet normal 0 0 1
    outer loop
      vertex 4.78746 5.91614 5
      vertex -4.78646 5.91614 5
      vertex 4.78912 5.89498 5
    endloop
  endfacet
  facet normal 0 0 1
    outer loop
      vertex 4.80684 -5.76788 5
      vertex -4.78349 -6 5
      vertex 4.80298 -5.78876 5
    endloop
  endfacet
  facet normal 0 0 1
    outer loop
      vertex -4.78646 5.91614 5
      vertex 4.78746 5.91614 5
      vertex -4.78516 5.93733 5
    endloop
  endfacet
  facet normal 0 0 1
    outer loop
      vertex 4.80298 -5.78876 5
      vertex -4.78349 -6 5
      vertex 4.79947 -5.8097 5
    endloop
  endfacet
  facet normal 0 0 1
    outer loop
      vertex 4.78616 5.93733 5
      vertex -4.78516 5.93733 5
      vertex 4.78746 5.91614 5
    endloop
  endfacet
  facet normal 0 0 1
    outer loop
      vertex 4.79947 -5.8097 5
      vertex -4.78349 -6 5
      vertex 4.79633 -5.8307 5
    endloop
  endfacet
  facet normal 0 0 1
    outer loop
      vertex -4.78516 5.93733 5
      vertex 4.78616 5.93733 5
      vertex -4.78424 5.95855 5
    endloop
  endfacet
  facet normal 0 0 1
    outer loop
      vertex 4.79633 -5.8307 5
      vertex -4.78349 -6 5
      vertex 4.79356 -5.85175 5
    endloop
  endfacet
  facet normal 0 0 1
    outer loop
      vertex 4.78523 5.95855 5
      vertex -4.78424 5.95855 5
      vertex 4.78616 5.93733 5
    endloop
  endfacet
  facet normal 0 0 1
    outer loop
      vertex 4.79356 -5.85175 5
      vertex -4.78349 -6 5
      vertex 4.79116 -5.87284 5
    endloop
  endfacet
  facet normal 0 0 1
    outer loop
      vertex -4.78424 5.95855 5
      vertex 4.78523 5.95855 5
      vertex -4.78368 5.97977 5
    endloop
  endfacet
  facet normal 0 0 1
    outer loop
      vertex 4.79116 -5.87284 5
      vertex -4.78349 -6 5
      vertex 4.78912 -5.89398 5
    endloop
  endfacet
  facet normal 0 0 1
    outer loop
      vertex 4.78468 5.97977 5
      vertex -4.78368 5.97977 5
      vertex 4.78523 5.95855 5
    endloop
  endfacet
  facet normal 0 0 1
    outer loop
      vertex 4.78912 -5.89398 5
      vertex -4.78349 -6 5
      vertex 4.78746 -5.91514 5
    endloop
  endfacet
  facet normal 0 0 1
    outer loop
      vertex -4.78368 5.97977 5
      vertex 4.78468 5.97977 5
      vertex -4.78349 6.001 5
    endloop
  endfacet
  facet normal 0 0 1
    outer loop
      vertex 4.78746 -5.91514 5
      vertex -4.78349 -6 5
      vertex 4.78616 -5.93633 5
    endloop
  endfacet
  facet normal -0 0 1
    outer loop
      vertex -4.78349 6.001 5
      vertex 4.78468 5.97977 5
      vertex 4.78449 6.001 5
    endloop
  endfacet
  facet normal 0 0 1
    outer loop
      vertex 4.78616 -5.93633 5
      vertex -4.78349 -6 5
      vertex 4.78523 -5.95755 5
    endloop
  endfacet
  facet normal 0 0 1
    outer loop
      vertex 7.21732 5.97977 5
      vertex 12 12 5
      vertex 7.21751 6.001 5
    endloop
  endfacet
  facet normal 0 0 1
    outer loop
      vertex 12 12 5
      vertex 7.21732 6.02223 5
      vertex 7.21751 6.001 5
    endloop
  endfacet
  facet normal 0 0 1
    outer loop
      vertex 12 12 5
      vertex 7.21676 6.04345 5
      vertex 7.21732 6.02223 5
    endloop
  endfacet
  facet normal 0 0 1
    outer loop
      vertex 12 12 5
      vertex 7.21584 6.06467 5
      vertex 7.21676 6.04345 5
    endloop
  endfacet
  facet normal 0 0 1
    outer loop
      vertex 12 12 5
      vertex 7.21454 6.08586 5
      vertex 7.21584 6.06467 5
    endloop
  endfacet
  facet normal 0 0 1
    outer loop
      vertex 12 12 5
      vertex 7.21288 6.10702 5
      vertex 7.21454 6.08586 5
    endloop
  endfacet
  facet normal 0 0 1
    outer loop
      vertex 12 12 5
      vertex 7.21084 6.12816 5
      vertex 7.21288 6.10702 5
    endloop
  endfacet
  facet normal 0 0 1
    outer loop
      vertex 12 12 5
      vertex 7.20844 6.14925 5
      vertex 7.21084 6.12816 5
    endloop
  endfacet
  facet normal 0 0 1
    outer loop
      vertex 12 12 5
      vertex 7.20567 6.1703 5
      vertex 7.20844 6.14925 5
    endloop
  endfacet
  facet normal 0 0 1
    outer loop
      vertex 12 12 5
      vertex 7.20253 6.1913 5
      vertex 7.20567 6.1703 5
    endloop
  endfacet
  facet normal 0 0 1
    outer loop
      vertex 12 12 5
      vertex 7.19902 6.21224 5
      vertex 7.20253 6.1913 5
    endloop
  endfacet
  facet normal 0 0 1
    outer loop
      vertex 12 12 5
      vertex 7.19516 6.23312 5
      vertex 7.19902 6.21224 5
    endloop
  endfacet
  facet normal 0 0 1
    outer loop
      vertex 12 12 5
      vertex 7.19092 6.25393 5
      vertex 7.19516 6.23312 5
    endloop
  endfacet
  facet normal 0 0 1
    outer loop
      vertex 12 12 5
      vertex 7.18633 6.27465 5
      vertex 7.19092 6.25393 5
    endloop
  endfacet
  facet normal 0 0 1
    outer loop
      vertex 12 12 5
      vertex 7.18137 6.2953 5
      vertex 7.18633 6.27465 5
    endloop
  endfacet
  facet normal 0 0 1
    outer loop
      vertex 12 12 5
      vertex 7.17605 6.31585 5
      vertex 7.18137 6.2953 5
    endloop
  endfacet
  facet normal 0 0 1
    outer loop
      vertex 12 12 5
      vertex 7.17038 6.33631 5
      vertex 7.17605 6.31585 5
    endloop
  endfacet
  facet normal 0 0 1
    outer loop
      vertex 12 12 5
      vertex 7.16435 6.35667 5
      vertex 7.17038 6.33631 5
    endloop
  endfacet
  facet normal 0 0 1
    outer loop
      vertex 12 12 5
      vertex 7.15797 6.37692 5
      vertex 7.16435 6.35667 5
    endloop
  endfacet
  facet normal 0 0 1
    outer loop
      vertex 12 12 5
      vertex 7.15123 6.39706 5
      vertex 7.15797 6.37692 5
    endloop
  endfacet
  facet normal 0 0 1
    outer loop
      vertex 12 12 5
      vertex 7.14414 6.41707 5
      vertex 7.15123 6.39706 5
    endloop
  endfacet
  facet normal 0 0 1
    outer loop
      vertex 12 12 5
      vertex 7.13671 6.43696 5
      vertex 7.14414 6.41707 5
    endloop
  endfacet
  facet normal 0 0 1
    outer loop
      vertex 12 12 5
      vertex 7.12892 6.45671 5
      vertex 7.13671 6.43696 5
    endloop
  endfacet
  facet normal 0 0 1
    outer loop
      vertex 12 12 5
      vertex 7.1208 6.47633 5
      vertex 7.12892 6.45671 5
    endloop
  endfacet
  facet normal 0 0 1
    outer loop
      vertex 12 12 5
      vertex 7.11233 6.4958 5
      vertex 7.1208 6.47633 5
    endloop
  endfacet
  facet normal 0 0 1
    outer loop
      vertex 12 12 5
      vertex 7.10353 6.51512 5
      vertex 7.11233 6.4958 5
    endloop
  endfacet
  facet normal 0 0 1
    outer loop
      vertex 12 12 5
      vertex 7.09439 6.53428 5
      vertex 7.10353 6.51512 5
    endloop
  endfacet
  facet normal 0 0 1
    outer loop
      vertex 12 12 5
      vertex 7.08491 6.55328 5
      vertex 7.09439 6.53428 5
    endloop
  endfacet
  facet normal 0 0 1
    outer loop
      vertex 12 12 5
      vertex 7.07511 6.57211 5
      vertex 7.08491 6.55328 5
    endloop
  endfacet
  facet normal 0 0 1
    outer loop
      vertex 12 12 5
      vertex 7.06498 6.59077 5
      vertex 7.07511 6.57211 5
    endloop
  endfacet
  facet normal 0 0 1
    outer loop
      vertex 12 12 5
      vertex 7.05452 6.60925 5
      vertex 7.06498 6.59077 5
    endloop
  endfacet
  facet normal 0 0 1
    outer loop
      vertex 12 12 5
      vertex 7.04375 6.62755 5
      vertex 7.05452 6.60925 5
    endloop
  endfacet
  facet normal 0 0 1
    outer loop
      vertex 12 12 5
      vertex 7.03266 6.64565 5
      vertex 7.04375 6.62755 5
    endloop
  endfacet
  facet normal 0 0 1
    outer loop
      vertex 12 12 5
      vertex 7.02125 6.66356 5
      vertex 7.03266 6.64565 5
    endloop
  endfacet
  facet normal 0 0 1
    outer loop
      vertex 12 12 5
      vertex 7.00953 6.68126 5
      vertex 7.02125 6.66356 5
    endloop
  endfacet
  facet normal 0 0 1
    outer loop
      vertex 12 12 5
      vertex 6.9975 6.69876 5
      vertex 7.00953 6.68126 5
    endloop
  endfacet
  facet normal 0 0 1
    outer loop
      vertex 12 12 5
      vertex 6.98517 6.71604 5
      vertex 6.9975 6.69876 5
    endloop
  endfacet
  facet normal 0 0 1
    outer loop
      vertex 12 12 5
      vertex 6.97254 6.73311 5
      vertex 6.98517 6.71604 5
    endloop
  endfacet
  facet normal 0 0 1
    outer loop
      vertex 12 12 5
      vertex 6.95962 6.74996 5
      vertex 6.97254 6.73311 5
    endloop
  endfacet
  facet normal 0 0 1
    outer loop
      vertex 12 12 5
      vertex 6.9464 6.76657 5
      vertex 6.95962 6.74996 5
    endloop
  endfacet
  facet normal 0 0 1
    outer loop
      vertex 12 12 5
      vertex 6.9329 6.78295 5
      vertex 6.9464 6.76657 5
    endloop
  endfacet
  facet normal 0 0 1
    outer loop
      vertex 12 12 5
      vertex 6.91911 6.7991 5
      vertex 6.9329 6.78295 5
    endloop
  endfacet
  facet normal 0 0 1
    outer loop
      vertex 12 12 5
      vertex 6.90504 6.815 5
      vertex 6.91911 6.7991 5
    endloop
  endfacet
  facet normal 0 0 1
    outer loop
      vertex 12 12 5
      vertex 6.8907 6.83065 5
      vertex 6.90504 6.815 5
    endloop
  endfacet
  facet normal 0 0 1
    outer loop
      vertex 12 12 5
      vertex 6.87608 6.84606 5
      vertex 6.8907 6.83065 5
    endloop
  endfacet
  facet normal 0 0 1
    outer loop
      vertex 12 12 5
      vertex 6.8612 6.8612 5
      vertex 6.87608 6.84606 5
    endloop
  endfacet
  facet normal 0 0 1
    outer loop
      vertex 12 12 5
      vertex 6.84606 6.87608 5
      vertex 6.8612 6.8612 5
    endloop
  endfacet
  facet normal 0 0 1
    outer loop
      vertex 12 12 5
      vertex 6.83065 6.8907 5
      vertex 6.84606 6.87608 5
    endloop
  endfacet
  facet normal 0 0 1
    outer loop
      vertex 12 12 5
      vertex 6.815 6.90504 5
      vertex 6.83065 6.8907 5
    endloop
  endfacet
  facet normal 0 0 1
    outer loop
      vertex 12 12 5
      vertex 6.7991 6.91911 5
      vertex 6.815 6.90504 5
    endloop
  endfacet
  facet normal 0 0 1
    outer loop
      vertex 12 12 5
      vertex 6.78295 6.9329 5
      vertex 6.7991 6.91911 5
    endloop
  endfacet
  facet normal 0 0 1
    outer loop
      vertex 12 12 5
      vertex 6.76657 6.9464 5
      vertex 6.78295 6.9329 5
    endloop
  endfacet
  facet normal 0 0 1
    outer loop
      vertex 12 12 5
      vertex 6.74996 6.95962 5
      vertex 6.76657 6.9464 5
    endloop
  endfacet
  facet normal 0 0 1
    outer loop
      vertex 12 12 5
      vertex 6.73311 6.97254 5
      vertex 6.74996 6.95962 5
    endloop
  endfacet
  facet normal 0 0 1
    outer loop
      vertex 12 12 5
      vertex 6.71604 6.98517 5
      vertex 6.73311 6.97254 5
    endloop
  endfacet
  facet normal 0 0 1
    outer loop
      vertex 12 12 5
      vertex 6.69876 6.9975 5
      vertex 6.71604 6.98517 5
    endloop
  endfacet
  facet normal 0 0 1
    outer loop
      vertex 12 12 5
      vertex 6.68126 7.00953 5
      vertex 6.69876 6.9975 5
    endloop
  endfacet
  facet normal 0 0 1
    outer loop
      vertex 12 12 5
      vertex 6.66356 7.02125 5
      vertex 6.68126 7.00953 5
    endloop
  endfacet
  facet normal 0 0 1
    outer loop
      vertex 12 12 5
      vertex 6.64565 7.03266 5
      vertex 6.66356 7.02125 5
    endloop
  endfacet
  facet normal 0 0 1
    outer loop
      vertex 12 12 5
      vertex 6.62755 7.04375 5
      vertex 6.64565 7.03266 5
    endloop
  endfacet
  facet normal 0 0 1
    outer loop
      vertex 12 12 5
      vertex 6.60925 7.05452 5
      vertex 6.62755 7.04375 5
    endloop
  endfacet
  facet normal 0 0 1
    outer loop
      vertex 12 12 5
      vertex 6.59077 7.06498 5
      vertex 6.60925 7.05452 5
    endloop
  endfacet
  facet normal 0 0 1
    outer loop
      vertex 12 12 5
      vertex 6.57211 7.07511 5
      vertex 6.59077 7.06498 5
    endloop
  endfacet
  facet normal 0 0 1
    outer loop
      vertex 12 12 5
      vertex 6.55328 7.08491 5
      vertex 6.57211 7.07511 5
    endloop
  endfacet
  facet normal 0 0 1
    outer loop
      vertex 12 12 5
      vertex 6.53428 7.09439 5
      vertex 6.55328 7.08491 5
    endloop
  endfacet
  facet normal 0 0 1
    outer loop
      vertex 12 12 5
      vertex 6.51512 7.10353 5
      vertex 6.53428 7.09439 5
    endloop
  endfacet
  facet normal 0 0 1
    outer loop
      vertex 12 12 5
      vertex 6.4958 7.11233 5
      vertex 6.51512 7.10353 5
    endloop
  endfacet
  facet normal 0 0 1
    outer loop
      vertex 12 12 5
      vertex 6.47633 7.1208 5
      vertex 6.4958 7.11233 5
    endloop
  endfacet
  facet normal 0 0 1
    outer loop
      vertex 12 12 5
      vertex 6.45671 7.12892 5
      vertex 6.47633 7.1208 5
    endloop
  endfacet
  facet normal 0 0 1
    outer loop
      vertex 12 12 5
      vertex 6.43696 7.13671 5
      vertex 6.45671 7.12892 5
    endloop
  endfacet
  facet normal 0 0 1
    outer loop
      vertex 12 12 5
      vertex 6.41707 7.14414 5
      vertex 6.43696 7.13671 5
    endloop
  endfacet
  facet normal 0 0 1
    outer loop
      vertex 12 12 5
      vertex 6.39706 7.15123 5
      vertex 6.41707 7.14414 5
    endloop
  endfacet
  facet normal 0 0 1
    outer loop
      vertex 12 12 5
      vertex 6.37692 7.15797 5
      vertex 6.39706 7.15123 5
    endloop
  endfacet
  facet normal 0 0 1
    outer loop
      vertex 12 12 5
      vertex 6.35667 7.16435 5
      vertex 6.37692 7.15797 5
    endloop
  endfacet
  facet normal 0 0 1
    outer loop
      vertex 12 12 5
      vertex 6.33631 7.17038 5
      vertex 6.35667 7.16435 5
    endloop
  endfacet
  facet normal 0 0 1
    outer loop
      vertex 12 12 5
      vertex 6.31585 7.17605 5
      vertex 6.33631 7.17038 5
    endloop
  endfacet
  facet normal 0 0 1
    outer loop
      vertex 12 12 5
      vertex 6.2953 7.18137 5
      vertex 6.31585 7.17605 5
    endloop
  endfacet
  facet normal 0 0 1
    outer loop
      vertex 12 12 5
      vertex 6.27465 7.18633 5
      vertex 6.2953 7.18137 5
    endloop
  endfacet
  facet normal 0 0 1
    outer loop
      vertex 12 12 5
      vertex 6.25393 7.19092 5
      vertex 6.27465 7.18633 5
    endloop
  endfacet
  facet normal 0 0 1
    outer loop
      vertex 12 12 5
      vertex 6.23312 7.19516 5
      vertex 6.25393 7.19092 5
    endloop
  endfacet
  facet normal 0 0 1
    outer loop
      vertex 12 12 5
      vertex 6.21224 7.19902 5
      vertex 6.23312 7.19516 5
    endloop
  endfacet
  facet normal 0 0 1
    outer loop
      vertex 12 12 5
      vertex 6.1913 7.20253 5
      vertex 6.21224 7.19902 5
    endloop
  endfacet
  facet normal 0 0 1
    outer loop
      vertex 12 12 5
      vertex 6.1703 7.20567 5
      vertex 6.1913 7.20253 5
    endloop
  endfacet
  facet normal 0 0 1
    outer loop
      vertex 12 12 5
      vertex 6.14925 7.20844 5
      vertex 6.1703 7.20567 5
    endloop
  endfacet
  facet normal 0 0 1
    outer loop
      vertex 12 12 5
      vertex 6.12816 7.21084 5
      vertex 6.14925 7.20844 5
    endloop
  endfacet
  facet normal 0 0 1
    outer loop
      vertex 12 12 5
      vertex 6.10702 7.21288 5
      vertex 6.12816 7.21084 5
    endloop
  endfacet
  facet normal 0 0 1
    outer loop
      vertex 12 12 5
      vertex 6.08586 7.21454 5
      vertex 6.10702 7.21288 5
    endloop
  endfacet
  facet normal 0 0 1
    outer loop
      vertex 12 12 5
      vertex 6.06467 7.21584 5
      vertex 6.08586 7.21454 5
    endloop
  endfacet
  facet normal 0 0 1
    outer loop
      vertex 12 12 5
      vertex 6.04345 7.21676 5
      vertex 6.06467 7.21584 5
    endloop
  endfacet
  facet normal 0 0 1
    outer loop
      vertex 12 12 5
      vertex 6.02223 7.21732 5
      vertex 6.04345 7.21676 5
    endloop
  endfacet
  facet normal 0 0 1
    outer loop
      vertex 12 12 5
      vertex 6.001 7.21751 5
      vertex 6.02223 7.21732 5
    endloop
  endfacet
  facet normal 0 0 1
    outer loop
      vertex 12 12 5
      vertex 5.97977 7.21732 5
      vertex 6.001 7.21751 5
    endloop
  endfacet
  facet normal 0 0 1
    outer loop
      vertex 12 12 5
      vertex 5.95855 7.21676 5
      vertex 5.97977 7.21732 5
    endloop
  endfacet
  facet normal 0 0 1
    outer loop
      vertex 12 12 5
      vertex 5.93733 7.21584 5
      vertex 5.95855 7.21676 5
    endloop
  endfacet
  facet normal 0 0 1
    outer loop
      vertex 12 12 5
      vertex 5.91614 7.21454 5
      vertex 5.93733 7.21584 5
    endloop
  endfacet
  facet normal 0 0 1
    outer loop
      vertex 12 12 5
      vertex 5.89498 7.21288 5
      vertex 5.91614 7.21454 5
    endloop
  endfacet
  facet normal 0 0 1
    outer loop
      vertex 12 12 5
      vertex 5.87384 7.21084 5
      vertex 5.89498 7.21288 5
    endloop
  endfacet
  facet normal 0 0 1
    outer loop
      vertex 12 12 5
      vertex 5.85275 7.20844 5
      vertex 5.87384 7.21084 5
    endloop
  endfacet
  facet normal 0 0 1
    outer loop
      vertex 12 12 5
      vertex 5.8317 7.20567 5
      vertex 5.85275 7.20844 5
    endloop
  endfacet
  facet normal 0 0 1
    outer loop
      vertex 12 12 5
      vertex 5.8107 7.20253 5
      vertex 5.8317 7.20567 5
    endloop
  endfacet
  facet normal 0 0 1
    outer loop
      vertex 12 12 5
      vertex 5.78976 7.19902 5
      vertex 5.8107 7.20253 5
    endloop
  endfacet
  facet normal 0 0 1
    outer loop
      vertex 12 12 5
      vertex 5.76888 7.19516 5
      vertex 5.78976 7.19902 5
    endloop
  endfacet
  facet normal 0 0 1
    outer loop
      vertex 12 12 5
      vertex 5.74807 7.19092 5
      vertex 5.76888 7.19516 5
    endloop
  endfacet
  facet normal 0 0 1
    outer loop
      vertex 12 12 5
      vertex 5.72735 7.18633 5
      vertex 5.74807 7.19092 5
    endloop
  endfacet
  facet normal 0 0 1
    outer loop
      vertex 12 12 5
      vertex 5.7067 7.18137 5
      vertex 5.72735 7.18633 5
    endloop
  endfacet
  facet normal 0 0 1
    outer loop
      vertex 12 12 5
      vertex 5.68615 7.17605 5
      vertex 5.7067 7.18137 5
    endloop
  endfacet
  facet normal 0 0 1
    outer loop
      vertex 12 12 5
      vertex 5.66569 7.17038 5
      vertex 5.68615 7.17605 5
    endloop
  endfacet
  facet normal 0 0 1
    outer loop
      vertex 12 12 5
      vertex 5.64533 7.16435 5
      vertex 5.66569 7.17038 5
    endloop
  endfacet
  facet normal 0 0 1
    outer loop
      vertex 12 12 5
      vertex 5.62508 7.15797 5
      vertex 5.64533 7.16435 5
    endloop
  endfacet
  facet normal 0 0 1
    outer loop
      vertex 12 12 5
      vertex 5.60494 7.15123 5
      vertex 5.62508 7.15797 5
    endloop
  endfacet
  facet normal 0 0 1
    outer loop
      vertex 12 12 5
      vertex 5.58493 7.14414 5
      vertex 5.60494 7.15123 5
    endloop
  endfacet
  facet normal 0 0 1
    outer loop
      vertex 12 12 5
      vertex 5.56504 7.13671 5
      vertex 5.58493 7.14414 5
    endloop
  endfacet
  facet normal 0 0 1
    outer loop
      vertex 12 12 5
      vertex 5.54529 7.12892 5
      vertex 5.56504 7.13671 5
    endloop
  endfacet
  facet normal 0 0 1
    outer loop
      vertex -5.54429 7.12892 5
      vertex 5.54529 7.12892 5
      vertex 12 12 5
    endloop
  endfacet
  facet normal 0 0 1
    outer loop
      vertex 5.54529 7.12892 5
      vertex -5.54429 7.12892 5
      vertex 5.52567 7.1208 5
    endloop
  endfacet
  facet normal 0 -0 1
    outer loop
      vertex -5.52467 7.1208 5
      vertex 5.52567 7.1208 5
      vertex -5.54429 7.12892 5
    endloop
  endfacet
  facet normal 0 0 1
    outer loop
      vertex 5.52567 7.1208 5
      vertex -5.52467 7.1208 5
      vertex 5.5062 7.11233 5
    endloop
  endfacet
  facet normal 0 -0 1
    outer loop
      vertex -5.5052 7.11233 5
      vertex 5.5062 7.11233 5
      vertex -5.52467 7.1208 5
    endloop
  endfacet
  facet normal 0 0 1
    outer loop
      vertex 5.5062 7.11233 5
      vertex -5.5052 7.11233 5
      vertex 5.48688 7.10353 5
    endloop
  endfacet
  facet normal 0 -0 1
    outer loop
      vertex -5.48588 7.10353 5
      vertex 5.48688 7.10353 5
      vertex -5.5052 7.11233 5
    endloop
  endfacet
  facet normal 0 0 1
    outer loop
      vertex 5.48688 7.10353 5
      vertex -5.48588 7.10353 5
      vertex 5.46772 7.09439 5
    endloop
  endfacet
  facet normal 0 -0 1
    outer loop
      vertex -5.46672 7.09439 5
      vertex 5.46772 7.09439 5
      vertex -5.48588 7.10353 5
    endloop
  endfacet
  facet normal 0 0 1
    outer loop
      vertex 5.46772 7.09439 5
      vertex -5.46672 7.09439 5
      vertex 5.44872 7.08491 5
    endloop
  endfacet
  facet normal 0 -0 1
    outer loop
      vertex -5.44772 7.08491 5
      vertex 5.44872 7.08491 5
      vertex -5.46672 7.09439 5
    endloop
  endfacet
  facet normal 0 0 1
    outer loop
      vertex 5.44872 7.08491 5
      vertex -5.44772 7.08491 5
      vertex 5.42989 7.07511 5
    endloop
  endfacet
  facet normal 0 -0 1
    outer loop
      vertex -5.42889 7.07511 5
      vertex 5.42989 7.07511 5
      vertex -5.44772 7.08491 5
    endloop
  endfacet
  facet normal 0 0 1
    outer loop
      vertex 5.42989 7.07511 5
      vertex -5.42889 7.07511 5
      vertex 5.41123 7.06498 5
    endloop
  endfacet
  facet normal 0 0 1
    outer loop
      vertex 5.41123 7.06498 5
      vertex -5.41023 7.06498 5
      vertex 5.39275 7.05452 5
    endloop
  endfacet
  facet normal 0 0 1
    outer loop
      vertex 4.78523 -5.95755 5
      vertex -4.78349 -6 5
      vertex 4.78468 -5.97877 5
    endloop
  endfacet
  facet normal 0 0 1
    outer loop
      vertex 4.78468 6.02223 5
      vertex -4.78349 6.001 5
      vertex 4.78449 6.001 5
    endloop
  endfacet
  facet normal 0 0 1
    outer loop
      vertex -4.78368 6.02223 5
      vertex 4.78468 6.02223 5
      vertex 4.78523 6.04345 5
    endloop
  endfacet
  facet normal 0 0 1
    outer loop
      vertex -4.78424 6.04345 5
      vertex 4.78523 6.04345 5
      vertex 4.78616 6.06467 5
    endloop
  endfacet
  facet normal 0 0 1
    outer loop
      vertex -4.78516 6.06467 5
      vertex 4.78616 6.06467 5
      vertex 4.78746 6.08586 5
    endloop
  endfacet
  facet normal 0 0 1
    outer loop
      vertex -4.78646 6.08586 5
      vertex 4.78746 6.08586 5
      vertex 4.78912 6.10702 5
    endloop
  endfacet
  facet normal 0 0 1
    outer loop
      vertex -4.78812 6.10702 5
      vertex 4.78912 6.10702 5
      vertex 4.79116 6.12816 5
    endloop
  endfacet
  facet normal 0 0 1
    outer loop
      vertex -4.79016 6.12816 5
      vertex 4.79116 6.12816 5
      vertex 4.79356 6.14925 5
    endloop
  endfacet
  facet normal 0 0 1
    outer loop
      vertex -4.79256 6.14925 5
      vertex 4.79356 6.14925 5
      vertex 4.79633 6.1703 5
    endloop
  endfacet
  facet normal 0 0 1
    outer loop
      vertex -4.79533 6.1703 5
      vertex 4.79633 6.1703 5
      vertex 4.79947 6.1913 5
    endloop
  endfacet
  facet normal 0 0 1
    outer loop
      vertex -4.79847 6.1913 5
      vertex 4.79947 6.1913 5
      vertex 4.80298 6.21224 5
    endloop
  endfacet
  facet normal 0 0 1
    outer loop
      vertex -4.80198 6.21224 5
      vertex 4.80298 6.21224 5
      vertex 4.80684 6.23312 5
    endloop
  endfacet
  facet normal 0 0 1
    outer loop
      vertex -4.80584 6.23312 5
      vertex 4.80684 6.23312 5
      vertex 4.81108 6.25393 5
    endloop
  endfacet
  facet normal 0 0 1
    outer loop
      vertex -4.81008 6.25393 5
      vertex 4.81108 6.25393 5
      vertex 4.81567 6.27465 5
    endloop
  endfacet
  facet normal 0 0 1
    outer loop
      vertex -4.81467 6.27465 5
      vertex 4.81567 6.27465 5
      vertex 4.82063 6.2953 5
    endloop
  endfacet
  facet normal 0 0 1
    outer loop
      vertex -4.81963 6.2953 5
      vertex 4.82063 6.2953 5
      vertex 4.82595 6.31585 5
    endloop
  endfacet
  facet normal 0 0 1
    outer loop
      vertex -4.82495 6.31585 5
      vertex 4.82595 6.31585 5
      vertex 4.83162 6.33631 5
    endloop
  endfacet
  facet normal 0 0 1
    outer loop
      vertex -4.83062 6.33631 5
      vertex 4.83162 6.33631 5
      vertex 4.83765 6.35667 5
    endloop
  endfacet
  facet normal 0 0 1
    outer loop
      vertex -4.83665 6.35667 5
      vertex 4.83765 6.35667 5
      vertex 4.84403 6.37692 5
    endloop
  endfacet
  facet normal 0 0 1
    outer loop
      vertex -4.84303 6.37692 5
      vertex 4.84403 6.37692 5
      vertex 4.85077 6.39706 5
    endloop
  endfacet
  facet normal 0 0 1
    outer loop
      vertex -4.84977 6.39706 5
      vertex 4.85077 6.39706 5
      vertex 4.85786 6.41707 5
    endloop
  endfacet
  facet normal 0 0 1
    outer loop
      vertex -4.85686 6.41707 5
      vertex 4.85786 6.41707 5
      vertex 4.86529 6.43696 5
    endloop
  endfacet
  facet normal 0 0 1
    outer loop
      vertex -4.86429 6.43696 5
      vertex 4.86529 6.43696 5
      vertex 4.87308 6.45671 5
    endloop
  endfacet
  facet normal 0 0 1
    outer loop
      vertex -4.87208 6.45671 5
      vertex 4.87308 6.45671 5
      vertex 4.8812 6.47633 5
    endloop
  endfacet
  facet normal 0 0 1
    outer loop
      vertex -4.8802 6.47633 5
      vertex 4.8812 6.47633 5
      vertex 4.88967 6.4958 5
    endloop
  endfacet
  facet normal 0 0 1
    outer loop
      vertex -4.88867 6.4958 5
      vertex 4.88967 6.4958 5
      vertex 4.89847 6.51512 5
    endloop
  endfacet
  facet normal 0 0 1
    outer loop
      vertex -4.89747 6.51512 5
      vertex 4.89847 6.51512 5
      vertex 4.90761 6.53428 5
    endloop
  endfacet
  facet normal 0 0 1
    outer loop
      vertex -4.90661 6.53428 5
      vertex 4.90761 6.53428 5
      vertex 4.91709 6.55328 5
    endloop
  endfacet
  facet normal 0 0 1
    outer loop
      vertex -4.91609 6.55328 5
      vertex 4.91709 6.55328 5
      vertex 4.92689 6.57211 5
    endloop
  endfacet
  facet normal 0 0 1
    outer loop
      vertex -4.92589 6.57211 5
      vertex 4.92689 6.57211 5
      vertex 4.93702 6.59077 5
    endloop
  endfacet
  facet normal 0 0 1
    outer loop
      vertex -4.93602 6.59077 5
      vertex 4.93702 6.59077 5
      vertex 4.94747 6.60925 5
    endloop
  endfacet
  facet normal 0 0 1
    outer loop
      vertex -4.94648 6.60925 5
      vertex 4.94747 6.60925 5
      vertex 4.95825 6.62755 5
    endloop
  endfacet
  facet normal 0 0 1
    outer loop
      vertex -4.95725 6.62755 5
      vertex 4.95825 6.62755 5
      vertex 4.96934 6.64565 5
    endloop
  endfacet
  facet normal 0 0 1
    outer loop
      vertex -4.96834 6.64565 5
      vertex 4.96934 6.64565 5
      vertex 4.98075 6.66356 5
    endloop
  endfacet
  facet normal 0 0 1
    outer loop
      vertex -4.97975 6.66356 5
      vertex 4.98075 6.66356 5
      vertex 4.99247 6.68126 5
    endloop
  endfacet
  facet normal 0 0 1
    outer loop
      vertex -4.99147 6.68126 5
      vertex 4.99247 6.68126 5
      vertex 5.0045 6.69876 5
    endloop
  endfacet
  facet normal 0 0 1
    outer loop
      vertex -5.0035 6.69876 5
      vertex 5.0045 6.69876 5
      vertex 5.01683 6.71604 5
    endloop
  endfacet
  facet normal 0 0 1
    outer loop
      vertex -5.01583 6.71604 5
      vertex 5.01683 6.71604 5
      vertex 5.02946 6.73311 5
    endloop
  endfacet
  facet normal 0 0 1
    outer loop
      vertex -5.02846 6.73311 5
      vertex 5.02946 6.73311 5
      vertex 5.04238 6.74996 5
    endloop
  endfacet
  facet normal 0 0 1
    outer loop
      vertex -5.04138 6.74996 5
      vertex 5.04238 6.74996 5
      vertex 5.0556 6.76657 5
    endloop
  endfacet
  facet normal 0 0 1
    outer loop
      vertex -5.0546 6.76657 5
      vertex 5.0556 6.76657 5
      vertex 5.0691 6.78295 5
    endloop
  endfacet
  facet normal 0 0 1
    outer loop
      vertex -5.0681 6.78295 5
      vertex 5.0691 6.78295 5
      vertex 5.08289 6.7991 5
    endloop
  endfacet
  facet normal 0 0 1
    outer loop
      vertex -5.08189 6.7991 5
      vertex 5.08289 6.7991 5
      vertex 5.09696 6.815 5
    endloop
  endfacet
  facet normal 0 0 1
    outer loop
      vertex -5.09596 6.815 5
      vertex 5.09696 6.815 5
      vertex 5.1113 6.83065 5
    endloop
  endfacet
  facet normal 0 0 1
    outer loop
      vertex -5.1103 6.83065 5
      vertex 5.1113 6.83065 5
      vertex 5.12592 6.84606 5
    endloop
  endfacet
  facet normal 0 0 1
    outer loop
      vertex -5.12492 6.84606 5
      vertex 5.12592 6.84606 5
      vertex 5.1408 6.8612 5
    endloop
  endfacet
  facet normal 0 0 1
    outer loop
      vertex -5.1398 6.8612 5
      vertex 5.1408 6.8612 5
      vertex 5.15594 6.87608 5
    endloop
  endfacet
  facet normal 0 0 1
    outer loop
      vertex -5.15494 6.87608 5
      vertex 5.15594 6.87608 5
      vertex 5.17135 6.8907 5
    endloop
  endfacet
  facet normal 0 0 1
    outer loop
      vertex -5.17035 6.8907 5
      vertex 5.17135 6.8907 5
      vertex 5.187 6.90504 5
    endloop
  endfacet
  facet normal 0 0 1
    outer loop
      vertex -5.186 6.90504 5
      vertex 5.187 6.90504 5
      vertex 5.2029 6.91911 5
    endloop
  endfacet
  facet normal 0 0 1
    outer loop
      vertex -5.2019 6.91911 5
      vertex 5.2029 6.91911 5
      vertex 5.21905 6.9329 5
    endloop
  endfacet
  facet normal 0 0 1
    outer loop
      vertex -5.21805 6.9329 5
      vertex 5.21905 6.9329 5
      vertex 5.23543 6.9464 5
    endloop
  endfacet
  facet normal 0 0 1
    outer loop
      vertex -5.23443 6.9464 5
      vertex 5.23543 6.9464 5
      vertex 5.25204 6.95962 5
    endloop
  endfacet
  facet normal 0 0 1
    outer loop
      vertex -5.25104 6.95962 5
      vertex 5.25204 6.95962 5
      vertex 5.26889 6.97254 5
    endloop
  endfacet
  facet normal 0 -0 1
    outer loop
      vertex -5.39175 7.05452 5
      vertex 5.39275 7.05452 5
      vertex -5.41023 7.06498 5
    endloop
  endfacet
  facet normal 0 0 1
    outer loop
      vertex 4.78468 6.02223 5
      vertex -4.78368 6.02223 5
      vertex -4.78349 6.001 5
    endloop
  endfacet
  facet normal 0 0 1
    outer loop
      vertex 4.78523 6.04345 5
      vertex -4.78424 6.04345 5
      vertex -4.78368 6.02223 5
    endloop
  endfacet
  facet normal 0 0 1
    outer loop
      vertex 4.78616 6.06467 5
      vertex -4.78516 6.06467 5
      vertex -4.78424 6.04345 5
    endloop
  endfacet
  facet normal 0 0 1
    outer loop
      vertex 4.78746 6.08586 5
      vertex -4.78646 6.08586 5
      vertex -4.78516 6.06467 5
    endloop
  endfacet
  facet normal 0 0 1
    outer loop
      vertex 4.78912 6.10702 5
      vertex -4.78812 6.10702 5
      vertex -4.78646 6.08586 5
    endloop
  endfacet
  facet normal 0 0 1
    outer loop
      vertex 4.79116 6.12816 5
      vertex -4.79016 6.12816 5
      vertex -4.78812 6.10702 5
    endloop
  endfacet
  facet normal 0 0 1
    outer loop
      vertex 4.79356 6.14925 5
      vertex -4.79256 6.14925 5
      vertex -4.79016 6.12816 5
    endloop
  endfacet
  facet normal 0 0 1
    outer loop
      vertex 4.79633 6.1703 5
      vertex -4.79533 6.1703 5
      vertex -4.79256 6.14925 5
    endloop
  endfacet
  facet normal 0 0 1
    outer loop
      vertex 4.79947 6.1913 5
      vertex -4.79847 6.1913 5
      vertex -4.79533 6.1703 5
    endloop
  endfacet
  facet normal 0 0 1
    outer loop
      vertex 4.80298 6.21224 5
      vertex -4.80198 6.21224 5
      vertex -4.79847 6.1913 5
    endloop
  endfacet
  facet normal 0 0 1
    outer loop
      vertex 4.80684 6.23312 5
      vertex -4.80584 6.23312 5
      vertex -4.80198 6.21224 5
    endloop
  endfacet
  facet normal 0 0 1
    outer loop
      vertex 4.81108 6.25393 5
      vertex -4.81008 6.25393 5
      vertex -4.80584 6.23312 5
    endloop
  endfacet
  facet normal 0 0 1
    outer loop
      vertex 4.81567 6.27465 5
      vertex -4.81467 6.27465 5
      vertex -4.81008 6.25393 5
    endloop
  endfacet
  facet normal 0 0 1
    outer loop
      vertex 4.82063 6.2953 5
      vertex -4.81963 6.2953 5
      vertex -4.81467 6.27465 5
    endloop
  endfacet
  facet normal 0 0 1
    outer loop
      vertex 4.82595 6.31585 5
      vertex -4.82495 6.31585 5
      vertex -4.81963 6.2953 5
    endloop
  endfacet
  facet normal 0 0 1
    outer loop
      vertex 4.83162 6.33631 5
      vertex -4.83062 6.33631 5
      vertex -4.82495 6.31585 5
    endloop
  endfacet
  facet normal 0 0 1
    outer loop
      vertex 4.83765 6.35667 5
      vertex -4.83665 6.35667 5
      vertex -4.83062 6.33631 5
    endloop
  endfacet
  facet normal 0 0 1
    outer loop
      vertex 4.84403 6.37692 5
      vertex -4.84303 6.37692 5
      vertex -4.83665 6.35667 5
    endloop
  endfacet
  facet normal 0 0 1
    outer loop
      vertex 4.85077 6.39706 5
      vertex -4.84977 6.39706 5
      vertex -4.84303 6.37692 5
    endloop
  endfacet
  facet normal 0 0 1
    outer loop
      vertex 4.85786 6.41707 5
      vertex -4.85686 6.41707 5
      vertex -4.84977 6.39706 5
    endloop
  endfacet
  facet normal 0 0 1
    outer loop
      vertex 4.86529 6.43696 5
      vertex -4.86429 6.43696 5
      vertex -4.85686 6.41707 5
    endloop
  endfacet
  facet normal 0 0 1
    outer loop
      vertex 4.87308 6.45671 5
      vertex -4.87208 6.45671 5
      vertex -4.86429 6.43696 5
    endloop
  endfacet
  facet normal 0 0 1
    outer loop
      vertex 4.8812 6.47633 5
      vertex -4.8802 6.47633 5
      vertex -4.87208 6.45671 5
    endloop
  endfacet
  facet normal 0 0 1
    outer loop
      vertex 4.88967 6.4958 5
      vertex -4.88867 6.4958 5
      vertex -4.8802 6.47633 5
    endloop
  endfacet
  facet normal 0 0 1
    outer loop
      vertex 4.89847 6.51512 5
      vertex -4.89747 6.51512 5
      vertex -4.88867 6.4958 5
    endloop
  endfacet
  facet normal 0 0 1
    outer loop
      vertex 4.90761 6.53428 5
      vertex -4.90661 6.53428 5
      vertex -4.89747 6.51512 5
    endloop
  endfacet
  facet normal 0 0 1
    outer loop
      vertex 4.91709 6.55328 5
      vertex -4.91609 6.55328 5
      vertex -4.90661 6.53428 5
    endloop
  endfacet
  facet normal 0 0 1
    outer loop
      vertex 4.92689 6.57211 5
      vertex -4.92589 6.57211 5
      vertex -4.91609 6.55328 5
    endloop
  endfacet
  facet normal 0 0 1
    outer loop
      vertex 4.93702 6.59077 5
      vertex -4.93602 6.59077 5
      vertex -4.92589 6.57211 5
    endloop
  endfacet
  facet normal 0 0 1
    outer loop
      vertex 4.94747 6.60925 5
      vertex -4.94648 6.60925 5
      vertex -4.93602 6.59077 5
    endloop
  endfacet
  facet normal 0 0 1
    outer loop
      vertex 4.95825 6.62755 5
      vertex -4.95725 6.62755 5
      vertex -4.94648 6.60925 5
    endloop
  endfacet
  facet normal 0 0 1
    outer loop
      vertex 4.96934 6.64565 5
      vertex -4.96834 6.64565 5
      vertex -4.95725 6.62755 5
    endloop
  endfacet
  facet normal 0 0 1
    outer loop
      vertex 4.98075 6.66356 5
      vertex -4.97975 6.66356 5
      vertex -4.96834 6.64565 5
    endloop
  endfacet
  facet normal 0 0 1
    outer loop
      vertex 4.99247 6.68126 5
      vertex -4.99147 6.68126 5
      vertex -4.97975 6.66356 5
    endloop
  endfacet
  facet normal 0 0 1
    outer loop
      vertex 5.0045 6.69876 5
      vertex -5.0035 6.69876 5
      vertex -4.99147 6.68126 5
    endloop
  endfacet
  facet normal 0 0 1
    outer loop
      vertex 5.01683 6.71604 5
      vertex -5.01583 6.71604 5
      vertex -5.0035 6.69876 5
    endloop
  endfacet
  facet normal 0 0 1
    outer loop
      vertex 5.02946 6.73311 5
      vertex -5.02846 6.73311 5
      vertex -5.01583 6.71604 5
    endloop
  endfacet
  facet normal 0 0 1
    outer loop
      vertex 5.04238 6.74996 5
      vertex -5.04138 6.74996 5
      vertex -5.02846 6.73311 5
    endloop
  endfacet
  facet normal 0 0 1
    outer loop
      vertex 5.0556 6.76657 5
      vertex -5.0546 6.76657 5
      vertex -5.04138 6.74996 5
    endloop
  endfacet
  facet normal 0 0 1
    outer loop
      vertex 5.0691 6.78295 5
      vertex -5.0681 6.78295 5
      vertex -5.0546 6.76657 5
    endloop
  endfacet
  facet normal 0 0 1
    outer loop
      vertex 5.08289 6.7991 5
      vertex -5.08189 6.7991 5
      vertex -5.0681 6.78295 5
    endloop
  endfacet
  facet normal 0 0 1
    outer loop
      vertex 5.09696 6.815 5
      vertex -5.09596 6.815 5
      vertex -5.08189 6.7991 5
    endloop
  endfacet
  facet normal 0 0 1
    outer loop
      vertex 5.1113 6.83065 5
      vertex -5.1103 6.83065 5
      vertex -5.09596 6.815 5
    endloop
  endfacet
  facet normal 0 0 1
    outer loop
      vertex 5.12592 6.84606 5
      vertex -5.12492 6.84606 5
      vertex -5.1103 6.83065 5
    endloop
  endfacet
  facet normal 0 0 1
    outer loop
      vertex 5.1408 6.8612 5
      vertex -5.1398 6.8612 5
      vertex -5.12492 6.84606 5
    endloop
  endfacet
  facet normal 0 0 1
    outer loop
      vertex 5.15594 6.87608 5
      vertex -5.15494 6.87608 5
      vertex -5.1398 6.8612 5
    endloop
  endfacet
  facet normal 0 0 1
    outer loop
      vertex 5.17135 6.8907 5
      vertex -5.17035 6.8907 5
      vertex -5.15494 6.87608 5
    endloop
  endfacet
  facet normal 0 0 1
    outer loop
      vertex 5.187 6.90504 5
      vertex -5.186 6.90504 5
      vertex -5.17035 6.8907 5
    endloop
  endfacet
  facet normal 0 0 1
    outer loop
      vertex 5.2029 6.91911 5
      vertex -5.2019 6.91911 5
      vertex -5.186 6.90504 5
    endloop
  endfacet
  facet normal 0 0 1
    outer loop
      vertex 5.21905 6.9329 5
      vertex -5.21805 6.9329 5
      vertex -5.2019 6.91911 5
    endloop
  endfacet
  facet normal 0 0 1
    outer loop
      vertex 5.23543 6.9464 5
      vertex -5.23443 6.9464 5
      vertex -5.21805 6.9329 5
    endloop
  endfacet
  facet normal 0 0 1
    outer loop
      vertex 5.25204 6.95962 5
      vertex -5.25104 6.95962 5
      vertex -5.23443 6.9464 5
    endloop
  endfacet
  facet normal 0 0 1
    outer loop
      vertex 5.26889 6.97254 5
      vertex -5.26789 6.97254 5
      vertex -5.25104 6.95962 5
    endloop
  endfacet
  facet normal 0 0 1
    outer loop
      vertex 5.26889 6.97254 5
      vertex -5.28496 6.98517 5
      vertex -5.26789 6.97254 5
    endloop
  endfacet
  facet normal 0 0 1
    outer loop
      vertex 5.28596 6.98517 5
      vertex -5.28496 6.98517 5
      vertex 5.26889 6.97254 5
    endloop
  endfacet
  facet normal 0 -0 1
    outer loop
      vertex -5.28496 6.98517 5
      vertex 5.28596 6.98517 5
      vertex -5.30224 6.9975 5
    endloop
  endfacet
  facet normal 0 0 1
    outer loop
      vertex 5.30324 6.9975 5
      vertex -5.30224 6.9975 5
      vertex 5.28596 6.98517 5
    endloop
  endfacet
  facet normal 0 -0 1
    outer loop
      vertex -5.30224 6.9975 5
      vertex 5.30324 6.9975 5
      vertex -5.31974 7.00953 5
    endloop
  endfacet
  facet normal 0 0 1
    outer loop
      vertex 5.32074 7.00953 5
      vertex -5.31974 7.00953 5
      vertex 5.30324 6.9975 5
    endloop
  endfacet
  facet normal 0 -0 1
    outer loop
      vertex -5.31974 7.00953 5
      vertex 5.32074 7.00953 5
      vertex -5.33744 7.02125 5
    endloop
  endfacet
  facet normal 0 0 1
    outer loop
      vertex 5.33844 7.02125 5
      vertex -5.33744 7.02125 5
      vertex 5.32074 7.00953 5
    endloop
  endfacet
  facet normal 0 -0 1
    outer loop
      vertex -5.33744 7.02125 5
      vertex 5.33844 7.02125 5
      vertex -5.35535 7.03266 5
    endloop
  endfacet
  facet normal 0 0 1
    outer loop
      vertex 5.35635 7.03266 5
      vertex -5.35535 7.03266 5
      vertex 5.33844 7.02125 5
    endloop
  endfacet
  facet normal 0 -0 1
    outer loop
      vertex -5.35535 7.03266 5
      vertex 5.35635 7.03266 5
      vertex -5.37345 7.04375 5
    endloop
  endfacet
  facet normal 0 0 1
    outer loop
      vertex 5.37445 7.04375 5
      vertex -5.37345 7.04375 5
      vertex 5.35635 7.03266 5
    endloop
  endfacet
  facet normal 0 -0 1
    outer loop
      vertex -5.37345 7.04375 5
      vertex 5.37445 7.04375 5
      vertex -5.39175 7.05452 5
    endloop
  endfacet
  facet normal 0 0 1
    outer loop
      vertex 5.39275 7.05452 5
      vertex -5.39175 7.05452 5
      vertex 5.37445 7.04375 5
    endloop
  endfacet
  facet normal 0 -0 1
    outer loop
      vertex -5.41023 7.06498 5
      vertex 5.41123 7.06498 5
      vertex -5.42889 7.07511 5
    endloop
  endfacet
  facet normal 0 0 1
    outer loop
      vertex 12 12 5
      vertex -5.56404 7.13671 5
      vertex -5.54429 7.12892 5
    endloop
  endfacet
  facet normal -0 0 1
    outer loop
      vertex -12 12 5
      vertex -5.56404 7.13671 5
      vertex 12 12 5
    endloop
  endfacet
  facet normal 0 0 1
    outer loop
      vertex -5.56404 7.13671 5
      vertex -12 12 5
      vertex -5.58393 7.14414 5
    endloop
  endfacet
  facet normal 0 0 1
    outer loop
      vertex -5.58393 7.14414 5
      vertex -12 12 5
      vertex -5.60394 7.15123 5
    endloop
  endfacet
  facet normal 0 0 1
    outer loop
      vertex -5.60394 7.15123 5
      vertex -12 12 5
      vertex -5.62408 7.15797 5
    endloop
  endfacet
  facet normal 0 0 1
    outer loop
      vertex -5.62408 7.15797 5
      vertex -12 12 5
      vertex -5.64433 7.16435 5
    endloop
  endfacet
  facet normal 0 0 1
    outer loop
      vertex -5.64433 7.16435 5
      vertex -12 12 5
      vertex -5.66469 7.17038 5
    endloop
  endfacet
  facet normal 0 0 1
    outer loop
      vertex -5.66469 7.17038 5
      vertex -12 12 5
      vertex -5.68515 7.17605 5
    endloop
  endfacet
  facet normal 0 0 1
    outer loop
      vertex -5.68515 7.17605 5
      vertex -12 12 5
      vertex -5.7057 7.18137 5
    endloop
  endfacet
  facet normal 0 0 1
    outer loop
      vertex -5.7057 7.18137 5
      vertex -12 12 5
      vertex -5.72635 7.18633 5
    endloop
  endfacet
  facet normal 0 0 1
    outer loop
      vertex -5.72635 7.18633 5
      vertex -12 12 5
      vertex -5.74707 7.19092 5
    endloop
  endfacet
  facet normal 0 0 1
    outer loop
      vertex -5.74707 7.19092 5
      vertex -12 12 5
      vertex -5.76788 7.19516 5
    endloop
  endfacet
  facet normal 0 0 1
    outer loop
      vertex -5.76788 7.19516 5
      vertex -12 12 5
      vertex -5.78876 7.19902 5
    endloop
  endfacet
  facet normal 0 0 1
    outer loop
      vertex -5.78876 7.19902 5
      vertex -12 12 5
      vertex -5.8097 7.20253 5
    endloop
  endfacet
  facet normal 0 0 1
    outer loop
      vertex -5.8097 7.20253 5
      vertex -12 12 5
      vertex -5.8307 7.20567 5
    endloop
  endfacet
  facet normal 0 0 1
    outer loop
      vertex -5.8307 7.20567 5
      vertex -12 12 5
      vertex -5.85175 7.20844 5
    endloop
  endfacet
  facet normal 0 0 1
    outer loop
      vertex -5.85175 7.20844 5
      vertex -12 12 5
      vertex -5.87284 7.21084 5
    endloop
  endfacet
  facet normal 0 0 1
    outer loop
      vertex -5.87284 7.21084 5
      vertex -12 12 5
      vertex -5.89398 7.21288 5
    endloop
  endfacet
  facet normal 0 0 1
    outer loop
      vertex -5.89398 7.21288 5
      vertex -12 12 5
      vertex -5.91514 7.21454 5
    endloop
  endfacet
  facet normal 0 0 1
    outer loop
      vertex -5.91514 7.21454 5
      vertex -12 12 5
      vertex -5.93633 7.21584 5
    endloop
  endfacet
  facet normal 0 0 1
    outer loop
      vertex -5.93633 7.21584 5
      vertex -12 12 5
      vertex -5.95755 7.21676 5
    endloop
  endfacet
  facet normal 0 0 1
    outer loop
      vertex -5.95755 7.21676 5
      vertex -12 12 5
      vertex -5.97877 7.21732 5
    endloop
  endfacet
  facet normal 0 0 1
    outer loop
      vertex -5.97877 7.21732 5
      vertex -12 12 5
      vertex -6 7.21751 5
    endloop
  endfacet
  facet normal 0 0 1
    outer loop
      vertex -6 7.21751 5
      vertex -12 12 5
      vertex -6.02123 7.21732 5
    endloop
  endfacet
  facet normal 0 0 1
    outer loop
      vertex -6.02123 7.21732 5
      vertex -12 12 5
      vertex -6.04245 7.21676 5
    endloop
  endfacet
  facet normal 0 0 1
    outer loop
      vertex -6.04245 7.21676 5
      vertex -12 12 5
      vertex -6.06367 7.21584 5
    endloop
  endfacet
  facet normal 0 0 1
    outer loop
      vertex -6.06367 7.21584 5
      vertex -12 12 5
      vertex -6.08486 7.21454 5
    endloop
  endfacet
  facet normal 0 0 1
    outer loop
      vertex -6.08486 7.21454 5
      vertex -12 12 5
      vertex -6.10602 7.21288 5
    endloop
  endfacet
  facet normal 0 0 1
    outer loop
      vertex -6.10602 7.21288 5
      vertex -12 12 5
      vertex -6.12716 7.21084 5
    endloop
  endfacet
  facet normal 0 0 1
    outer loop
      vertex -6.12716 7.21084 5
      vertex -12 12 5
      vertex -6.14825 7.20844 5
    endloop
  endfacet
  facet normal 0 0 1
    outer loop
      vertex -6.14825 7.20844 5
      vertex -12 12 5
      vertex -6.1693 7.20567 5
    endloop
  endfacet
  facet normal 0 0 1
    outer loop
      vertex -6.1693 7.20567 5
      vertex -12 12 5
      vertex -6.1903 7.20253 5
    endloop
  endfacet
  facet normal 0 0 1
    outer loop
      vertex -6.1903 7.20253 5
      vertex -12 12 5
      vertex -6.21124 7.19902 5
    endloop
  endfacet
  facet normal 0 0 1
    outer loop
      vertex -6.21124 7.19902 5
      vertex -12 12 5
      vertex -6.23212 7.19516 5
    endloop
  endfacet
  facet normal 0 0 1
    outer loop
      vertex -6.23212 7.19516 5
      vertex -12 12 5
      vertex -6.25293 7.19092 5
    endloop
  endfacet
  facet normal 0 0 1
    outer loop
      vertex -6.25293 7.19092 5
      vertex -12 12 5
      vertex -6.27365 7.18633 5
    endloop
  endfacet
  facet normal 0 0 1
    outer loop
      vertex -6.27365 7.18633 5
      vertex -12 12 5
      vertex -6.2943 7.18137 5
    endloop
  endfacet
  facet normal 0 0 1
    outer loop
      vertex -7.21576 -5.95755 5
      vertex -12 -12 5
      vertex -7.21632 -5.97877 5
    endloop
  endfacet
  facet normal 0 0 1
    outer loop
      vertex -7.21632 6.02223 5
      vertex -12 12 5
      vertex -7.21651 6.001 5
    endloop
  endfacet
  facet normal 0 0 1
    outer loop
      vertex -7.21576 6.04345 5
      vertex -12 12 5
      vertex -7.21632 6.02223 5
    endloop
  endfacet
  facet normal 0 0 1
    outer loop
      vertex -7.21484 6.06467 5
      vertex -12 12 5
      vertex -7.21576 6.04345 5
    endloop
  endfacet
  facet normal 0 0 1
    outer loop
      vertex -7.21354 6.08586 5
      vertex -12 12 5
      vertex -7.21484 6.06467 5
    endloop
  endfacet
  facet normal 0 0 1
    outer loop
      vertex -7.21188 6.10702 5
      vertex -12 12 5
      vertex -7.21354 6.08586 5
    endloop
  endfacet
  facet normal 0 0 1
    outer loop
      vertex -7.20984 6.12816 5
      vertex -12 12 5
      vertex -7.21188 6.10702 5
    endloop
  endfacet
  facet normal 0 0 1
    outer loop
      vertex -7.20744 6.14925 5
      vertex -12 12 5
      vertex -7.20984 6.12816 5
    endloop
  endfacet
  facet normal 0 0 1
    outer loop
      vertex -7.20467 6.1703 5
      vertex -12 12 5
      vertex -7.20744 6.14925 5
    endloop
  endfacet
  facet normal 0 0 1
    outer loop
      vertex -7.20153 6.1913 5
      vertex -12 12 5
      vertex -7.20467 6.1703 5
    endloop
  endfacet
  facet normal 0 0 1
    outer loop
      vertex -7.19802 6.21224 5
      vertex -12 12 5
      vertex -7.20153 6.1913 5
    endloop
  endfacet
  facet normal 0 0 1
    outer loop
      vertex -7.19416 6.23312 5
      vertex -12 12 5
      vertex -7.19802 6.21224 5
    endloop
  endfacet
  facet normal 0 0 1
    outer loop
      vertex -7.18992 6.25393 5
      vertex -12 12 5
      vertex -7.19416 6.23312 5
    endloop
  endfacet
  facet normal 0 0 1
    outer loop
      vertex -7.18533 6.27465 5
      vertex -12 12 5
      vertex -7.18992 6.25393 5
    endloop
  endfacet
  facet normal 0 0 1
    outer loop
      vertex -7.18037 6.2953 5
      vertex -12 12 5
      vertex -7.18533 6.27465 5
    endloop
  endfacet
  facet normal 0 0 1
    outer loop
      vertex -7.17505 6.31585 5
      vertex -12 12 5
      vertex -7.18037 6.2953 5
    endloop
  endfacet
  facet normal 0 0 1
    outer loop
      vertex -7.16938 6.33631 5
      vertex -12 12 5
      vertex -7.17505 6.31585 5
    endloop
  endfacet
  facet normal 0 0 1
    outer loop
      vertex -7.16335 6.35667 5
      vertex -12 12 5
      vertex -7.16938 6.33631 5
    endloop
  endfacet
  facet normal 0 0 1
    outer loop
      vertex -7.15697 6.37692 5
      vertex -12 12 5
      vertex -7.16335 6.35667 5
    endloop
  endfacet
  facet normal 0 0 1
    outer loop
      vertex -7.15023 6.39706 5
      vertex -12 12 5
      vertex -7.15697 6.37692 5
    endloop
  endfacet
  facet normal 0 0 1
    outer loop
      vertex -7.14314 6.41707 5
      vertex -12 12 5
      vertex -7.15023 6.39706 5
    endloop
  endfacet
  facet normal 0 0 1
    outer loop
      vertex -7.13571 6.43696 5
      vertex -12 12 5
      vertex -7.14314 6.41707 5
    endloop
  endfacet
  facet normal 0 0 1
    outer loop
      vertex -7.12792 6.45671 5
      vertex -12 12 5
      vertex -7.13571 6.43696 5
    endloop
  endfacet
  facet normal 0 0 1
    outer loop
      vertex -7.1198 6.47633 5
      vertex -12 12 5
      vertex -7.12792 6.45671 5
    endloop
  endfacet
  facet normal 0 0 1
    outer loop
      vertex -7.11133 6.4958 5
      vertex -12 12 5
      vertex -7.1198 6.47633 5
    endloop
  endfacet
  facet normal 0 0 1
    outer loop
      vertex -7.10253 6.51512 5
      vertex -12 12 5
      vertex -7.11133 6.4958 5
    endloop
  endfacet
  facet normal 0 0 1
    outer loop
      vertex -7.09339 6.53428 5
      vertex -12 12 5
      vertex -7.10253 6.51512 5
    endloop
  endfacet
  facet normal 0 0 1
    outer loop
      vertex -7.08391 6.55328 5
      vertex -12 12 5
      vertex -7.09339 6.53428 5
    endloop
  endfacet
  facet normal 0 0 1
    outer loop
      vertex -7.07411 6.57211 5
      vertex -12 12 5
      vertex -7.08391 6.55328 5
    endloop
  endfacet
  facet normal 0 0 1
    outer loop
      vertex -7.06398 6.59077 5
      vertex -12 12 5
      vertex -7.07411 6.57211 5
    endloop
  endfacet
  facet normal 0 0 1
    outer loop
      vertex -7.05352 6.60925 5
      vertex -12 12 5
      vertex -7.06398 6.59077 5
    endloop
  endfacet
  facet normal 0 0 1
    outer loop
      vertex -7.04275 6.62755 5
      vertex -12 12 5
      vertex -7.05352 6.60925 5
    endloop
  endfacet
  facet normal 0 0 1
    outer loop
      vertex -7.03166 6.64565 5
      vertex -12 12 5
      vertex -7.04275 6.62755 5
    endloop
  endfacet
  facet normal 0 0 1
    outer loop
      vertex -7.02025 6.66356 5
      vertex -12 12 5
      vertex -7.03166 6.64565 5
    endloop
  endfacet
  facet normal 0 0 1
    outer loop
      vertex -7.00853 6.68126 5
      vertex -12 12 5
      vertex -7.02025 6.66356 5
    endloop
  endfacet
  facet normal 0 0 1
    outer loop
      vertex -6.9965 6.69876 5
      vertex -12 12 5
      vertex -7.00853 6.68126 5
    endloop
  endfacet
  facet normal 0 0 1
    outer loop
      vertex -6.98417 6.71604 5
      vertex -12 12 5
      vertex -6.9965 6.69876 5
    endloop
  endfacet
  facet normal 0 0 1
    outer loop
      vertex -6.97154 6.73311 5
      vertex -12 12 5
      vertex -6.98417 6.71604 5
    endloop
  endfacet
  facet normal 0 0 1
    outer loop
      vertex -6.95862 6.74996 5
      vertex -12 12 5
      vertex -6.97154 6.73311 5
    endloop
  endfacet
  facet normal 0 0 1
    outer loop
      vertex -6.9454 6.76657 5
      vertex -12 12 5
      vertex -6.95862 6.74996 5
    endloop
  endfacet
  facet normal 0 0 1
    outer loop
      vertex -6.9319 6.78295 5
      vertex -12 12 5
      vertex -6.9454 6.76657 5
    endloop
  endfacet
  facet normal 0 0 1
    outer loop
      vertex -6.91811 6.7991 5
      vertex -12 12 5
      vertex -6.9319 6.78295 5
    endloop
  endfacet
  facet normal 0 0 1
    outer loop
      vertex -6.90404 6.815 5
      vertex -12 12 5
      vertex -6.91811 6.7991 5
    endloop
  endfacet
  facet normal 0 0 1
    outer loop
      vertex -6.8897 6.83065 5
      vertex -12 12 5
      vertex -6.90404 6.815 5
    endloop
  endfacet
  facet normal 0 0 1
    outer loop
      vertex -6.87508 6.84606 5
      vertex -12 12 5
      vertex -6.8897 6.83065 5
    endloop
  endfacet
  facet normal 0 0 1
    outer loop
      vertex -6.8602 6.8612 5
      vertex -12 12 5
      vertex -6.87508 6.84606 5
    endloop
  endfacet
  facet normal 0 0 1
    outer loop
      vertex -6.84506 6.87608 5
      vertex -12 12 5
      vertex -6.8602 6.8612 5
    endloop
  endfacet
  facet normal 0 0 1
    outer loop
      vertex -6.82965 6.8907 5
      vertex -12 12 5
      vertex -6.84506 6.87608 5
    endloop
  endfacet
  facet normal 0 0 1
    outer loop
      vertex -6.814 6.90504 5
      vertex -12 12 5
      vertex -6.82965 6.8907 5
    endloop
  endfacet
  facet normal 0 0 1
    outer loop
      vertex -6.7981 6.91911 5
      vertex -12 12 5
      vertex -6.814 6.90504 5
    endloop
  endfacet
  facet normal 0 0 1
    outer loop
      vertex -6.78195 6.9329 5
      vertex -12 12 5
      vertex -6.7981 6.91911 5
    endloop
  endfacet
  facet normal 0 0 1
    outer loop
      vertex -6.76557 6.9464 5
      vertex -12 12 5
      vertex -6.78195 6.9329 5
    endloop
  endfacet
  facet normal 0 0 1
    outer loop
      vertex -6.74896 6.95962 5
      vertex -12 12 5
      vertex -6.76557 6.9464 5
    endloop
  endfacet
  facet normal 0 0 1
    outer loop
      vertex -6.73211 6.97254 5
      vertex -12 12 5
      vertex -6.74896 6.95962 5
    endloop
  endfacet
  facet normal 0 0 1
    outer loop
      vertex -6.71504 6.98517 5
      vertex -12 12 5
      vertex -6.73211 6.97254 5
    endloop
  endfacet
  facet normal 0 0 1
    outer loop
      vertex -6.69776 6.9975 5
      vertex -12 12 5
      vertex -6.71504 6.98517 5
    endloop
  endfacet
  facet normal 0 0 1
    outer loop
      vertex -6.68026 7.00953 5
      vertex -12 12 5
      vertex -6.69776 6.9975 5
    endloop
  endfacet
  facet normal 0 0 1
    outer loop
      vertex -6.66256 7.02125 5
      vertex -12 12 5
      vertex -6.68026 7.00953 5
    endloop
  endfacet
  facet normal 0 0 1
    outer loop
      vertex -6.64465 7.03266 5
      vertex -12 12 5
      vertex -6.66256 7.02125 5
    endloop
  endfacet
  facet normal 0 0 1
    outer loop
      vertex -6.62655 7.04375 5
      vertex -12 12 5
      vertex -6.64465 7.03266 5
    endloop
  endfacet
  facet normal 0 0 1
    outer loop
      vertex -6.60825 7.05452 5
      vertex -12 12 5
      vertex -6.62655 7.04375 5
    endloop
  endfacet
  facet normal 0 0 1
    outer loop
      vertex -6.58977 7.06498 5
      vertex -12 12 5
      vertex -6.60825 7.05452 5
    endloop
  endfacet
  facet normal 0 0 1
    outer loop
      vertex -6.57111 7.07511 5
      vertex -12 12 5
      vertex -6.58977 7.06498 5
    endloop
  endfacet
  facet normal 0 0 1
    outer loop
      vertex -6.55228 7.08491 5
      vertex -12 12 5
      vertex -6.57111 7.07511 5
    endloop
  endfacet
  facet normal 0 0 1
    outer loop
      vertex -6.53328 7.09439 5
      vertex -12 12 5
      vertex -6.55228 7.08491 5
    endloop
  endfacet
  facet normal 0 0 1
    outer loop
      vertex -6.51412 7.10353 5
      vertex -12 12 5
      vertex -6.53328 7.09439 5
    endloop
  endfacet
  facet normal 0 0 1
    outer loop
      vertex -6.4948 7.11233 5
      vertex -12 12 5
      vertex -6.51412 7.10353 5
    endloop
  endfacet
  facet normal 0 0 1
    outer loop
      vertex -6.47533 7.1208 5
      vertex -12 12 5
      vertex -6.4948 7.11233 5
    endloop
  endfacet
  facet normal 0 0 1
    outer loop
      vertex -6.45571 7.12892 5
      vertex -12 12 5
      vertex -6.47533 7.1208 5
    endloop
  endfacet
  facet normal 0 0 1
    outer loop
      vertex -6.43596 7.13671 5
      vertex -12 12 5
      vertex -6.45571 7.12892 5
    endloop
  endfacet
  facet normal 0 0 1
    outer loop
      vertex -6.41607 7.14414 5
      vertex -12 12 5
      vertex -6.43596 7.13671 5
    endloop
  endfacet
  facet normal 0 0 1
    outer loop
      vertex -6.39606 7.15123 5
      vertex -12 12 5
      vertex -6.41607 7.14414 5
    endloop
  endfacet
  facet normal 0 0 1
    outer loop
      vertex -6.37592 7.15797 5
      vertex -12 12 5
      vertex -6.39606 7.15123 5
    endloop
  endfacet
  facet normal 0 0 1
    outer loop
      vertex -6.35567 7.16435 5
      vertex -12 12 5
      vertex -6.37592 7.15797 5
    endloop
  endfacet
  facet normal 0 0 1
    outer loop
      vertex -6.33531 7.17038 5
      vertex -12 12 5
      vertex -6.35567 7.16435 5
    endloop
  endfacet
  facet normal 0 0 1
    outer loop
      vertex -6.31485 7.17605 5
      vertex -12 12 5
      vertex -6.33531 7.17038 5
    endloop
  endfacet
  facet normal 0 0 1
    outer loop
      vertex -6.2943 7.18137 5
      vertex -12 12 5
      vertex -6.31485 7.17605 5
    endloop
  endfacet
  facet normal 0 0 1
    outer loop
      vertex 7.21676 5.95855 5
      vertex 12 12 5
      vertex 7.21732 5.97977 5
    endloop
  endfacet
  facet normal -0 0 1
    outer loop
      vertex 7.21732 -6.02123 5
      vertex 12 -12 5
      vertex 7.21751 -6 5
    endloop
  endfacet
  facet normal -0 0 1
    outer loop
      vertex 7.21676 -6.04245 5
      vertex 12 -12 5
      vertex 7.21732 -6.02123 5
    endloop
  endfacet
  facet normal -0 0 1
    outer loop
      vertex 7.21584 -6.06367 5
      vertex 12 -12 5
      vertex 7.21676 -6.04245 5
    endloop
  endfacet
  facet normal -0 0 1
    outer loop
      vertex 7.21454 -6.08486 5
      vertex 12 -12 5
      vertex 7.21584 -6.06367 5
    endloop
  endfacet
  facet normal -0 0 1
    outer loop
      vertex 7.21288 -6.10602 5
      vertex 12 -12 5
      vertex 7.21454 -6.08486 5
    endloop
  endfacet
  facet normal -0 0 1
    outer loop
      vertex 7.21084 -6.12716 5
      vertex 12 -12 5
      vertex 7.21288 -6.10602 5
    endloop
  endfacet
  facet normal -0 0 1
    outer loop
      vertex 7.20844 -6.14825 5
      vertex 12 -12 5
      vertex 7.21084 -6.12716 5
    endloop
  endfacet
  facet normal -0 0 1
    outer loop
      vertex 7.20567 -6.1693 5
      vertex 12 -12 5
      vertex 7.20844 -6.14825 5
    endloop
  endfacet
  facet normal -0 0 1
    outer loop
      vertex 7.20253 -6.1903 5
      vertex 12 -12 5
      vertex 7.20567 -6.1693 5
    endloop
  endfacet
  facet normal -0 0 1
    outer loop
      vertex 7.19902 -6.21124 5
      vertex 12 -12 5
      vertex 7.20253 -6.1903 5
    endloop
  endfacet
  facet normal -0 0 1
    outer loop
      vertex 7.19516 -6.23212 5
      vertex 12 -12 5
      vertex 7.19902 -6.21124 5
    endloop
  endfacet
  facet normal -0 0 1
    outer loop
      vertex 7.19092 -6.25293 5
      vertex 12 -12 5
      vertex 7.19516 -6.23212 5
    endloop
  endfacet
  facet normal -0 0 1
    outer loop
      vertex 7.18633 -6.27365 5
      vertex 12 -12 5
      vertex 7.19092 -6.25293 5
    endloop
  endfacet
  facet normal -0 0 1
    outer loop
      vertex 7.18137 -6.2943 5
      vertex 12 -12 5
      vertex 7.18633 -6.27365 5
    endloop
  endfacet
  facet normal -0 0 1
    outer loop
      vertex 7.17605 -6.31485 5
      vertex 12 -12 5
      vertex 7.18137 -6.2943 5
    endloop
  endfacet
  facet normal -0 0 1
    outer loop
      vertex 7.17038 -6.33531 5
      vertex 12 -12 5
      vertex 7.17605 -6.31485 5
    endloop
  endfacet
  facet normal -0 0 1
    outer loop
      vertex 7.16435 -6.35567 5
      vertex 12 -12 5
      vertex 7.17038 -6.33531 5
    endloop
  endfacet
  facet normal -0 0 1
    outer loop
      vertex 7.15797 -6.37592 5
      vertex 12 -12 5
      vertex 7.16435 -6.35567 5
    endloop
  endfacet
  facet normal -0 0 1
    outer loop
      vertex 7.15123 -6.39606 5
      vertex 12 -12 5
      vertex 7.15797 -6.37592 5
    endloop
  endfacet
  facet normal -0 0 1
    outer loop
      vertex 7.14414 -6.41607 5
      vertex 12 -12 5
      vertex 7.15123 -6.39606 5
    endloop
  endfacet
  facet normal -0 0 1
    outer loop
      vertex 7.13671 -6.43596 5
      vertex 12 -12 5
      vertex 7.14414 -6.41607 5
    endloop
  endfacet
  facet normal -0 0 1
    outer loop
      vertex 7.12892 -6.45571 5
      vertex 12 -12 5
      vertex 7.13671 -6.43596 5
    endloop
  endfacet
  facet normal -0 0 1
    outer loop
      vertex 7.1208 -6.47533 5
      vertex 12 -12 5
      vertex 7.12892 -6.45571 5
    endloop
  endfacet
  facet normal -0 0 1
    outer loop
      vertex 7.11233 -6.4948 5
      vertex 12 -12 5
      vertex 7.1208 -6.47533 5
    endloop
  endfacet
  facet normal -0 0 1
    outer loop
      vertex 7.10353 -6.51412 5
      vertex 12 -12 5
      vertex 7.11233 -6.4948 5
    endloop
  endfacet
  facet normal -0 0 1
    outer loop
      vertex 7.09439 -6.53328 5
      vertex 12 -12 5
      vertex 7.10353 -6.51412 5
    endloop
  endfacet
  facet normal -0 0 1
    outer loop
      vertex 7.08491 -6.55228 5
      vertex 12 -12 5
      vertex 7.09439 -6.53328 5
    endloop
  endfacet
  facet normal -0 0 1
    outer loop
      vertex 7.07511 -6.57111 5
      vertex 12 -12 5
      vertex 7.08491 -6.55228 5
    endloop
  endfacet
  facet normal -0 0 1
    outer loop
      vertex 7.06498 -6.58977 5
      vertex 12 -12 5
      vertex 7.07511 -6.57111 5
    endloop
  endfacet
  facet normal -0 0 1
    outer loop
      vertex 7.05452 -6.60825 5
      vertex 12 -12 5
      vertex 7.06498 -6.58977 5
    endloop
  endfacet
  facet normal -0 0 1
    outer loop
      vertex 7.04375 -6.62655 5
      vertex 12 -12 5
      vertex 7.05452 -6.60825 5
    endloop
  endfacet
  facet normal -0 0 1
    outer loop
      vertex 7.03266 -6.64465 5
      vertex 12 -12 5
      vertex 7.04375 -6.62655 5
    endloop
  endfacet
  facet normal -0 0 1
    outer loop
      vertex 7.02125 -6.66256 5
      vertex 12 -12 5
      vertex 7.03266 -6.64465 5
    endloop
  endfacet
  facet normal -0 0 1
    outer loop
      vertex 7.00953 -6.68026 5
      vertex 12 -12 5
      vertex 7.02125 -6.66256 5
    endloop
  endfacet
  facet normal -0 0 1
    outer loop
      vertex 6.9975 -6.69776 5
      vertex 12 -12 5
      vertex 7.00953 -6.68026 5
    endloop
  endfacet
  facet normal -0 0 1
    outer loop
      vertex 6.98517 -6.71504 5
      vertex 12 -12 5
      vertex 6.9975 -6.69776 5
    endloop
  endfacet
  facet normal -0 0 1
    outer loop
      vertex 6.97254 -6.73211 5
      vertex 12 -12 5
      vertex 6.98517 -6.71504 5
    endloop
  endfacet
  facet normal -0 0 1
    outer loop
      vertex 6.95962 -6.74896 5
      vertex 12 -12 5
      vertex 6.97254 -6.73211 5
    endloop
  endfacet
  facet normal -0 0 1
    outer loop
      vertex 6.9464 -6.76557 5
      vertex 12 -12 5
      vertex 6.95962 -6.74896 5
    endloop
  endfacet
  facet normal -0 0 1
    outer loop
      vertex 6.9329 -6.78195 5
      vertex 12 -12 5
      vertex 6.9464 -6.76557 5
    endloop
  endfacet
  facet normal -0 0 1
    outer loop
      vertex 6.91911 -6.7981 5
      vertex 12 -12 5
      vertex 6.9329 -6.78195 5
    endloop
  endfacet
  facet normal -0 0 1
    outer loop
      vertex 6.90504 -6.814 5
      vertex 12 -12 5
      vertex 6.91911 -6.7981 5
    endloop
  endfacet
  facet normal -0 0 1
    outer loop
      vertex 6.8907 -6.82965 5
      vertex 12 -12 5
      vertex 6.90504 -6.814 5
    endloop
  endfacet
  facet normal -0 0 1
    outer loop
      vertex 6.87608 -6.84506 5
      vertex 12 -12 5
      vertex 6.8907 -6.82965 5
    endloop
  endfacet
  facet normal -0 0 1
    outer loop
      vertex 6.8612 -6.8602 5
      vertex 12 -12 5
      vertex 6.87608 -6.84506 5
    endloop
  endfacet
  facet normal -0 0 1
    outer loop
      vertex 6.84606 -6.87508 5
      vertex 12 -12 5
      vertex 6.8612 -6.8602 5
    endloop
  endfacet
  facet normal -0 0 1
    outer loop
      vertex 6.83065 -6.8897 5
      vertex 12 -12 5
      vertex 6.84606 -6.87508 5
    endloop
  endfacet
  facet normal -0 0 1
    outer loop
      vertex 6.815 -6.90404 5
      vertex 12 -12 5
      vertex 6.83065 -6.8897 5
    endloop
  endfacet
  facet normal -0 0 1
    outer loop
      vertex 6.7991 -6.91811 5
      vertex 12 -12 5
      vertex 6.815 -6.90404 5
    endloop
  endfacet
  facet normal -0 0 1
    outer loop
      vertex 6.78295 -6.9319 5
      vertex 12 -12 5
      vertex 6.7991 -6.91811 5
    endloop
  endfacet
  facet normal -0 0 1
    outer loop
      vertex 6.76657 -6.9454 5
      vertex 12 -12 5
      vertex 6.78295 -6.9319 5
    endloop
  endfacet
  facet normal -0 0 1
    outer loop
      vertex 6.74996 -6.95862 5
      vertex 12 -12 5
      vertex 6.76657 -6.9454 5
    endloop
  endfacet
  facet normal -0 0 1
    outer loop
      vertex 6.73311 -6.97154 5
      vertex 12 -12 5
      vertex 6.74996 -6.95862 5
    endloop
  endfacet
  facet normal -0 0 1
    outer loop
      vertex 6.71604 -6.98417 5
      vertex 12 -12 5
      vertex 6.73311 -6.97154 5
    endloop
  endfacet
  facet normal -0 0 1
    outer loop
      vertex 6.69876 -6.9965 5
      vertex 12 -12 5
      vertex 6.71604 -6.98417 5
    endloop
  endfacet
  facet normal -0 0 1
    outer loop
      vertex 6.68126 -7.00853 5
      vertex 12 -12 5
      vertex 6.69876 -6.9965 5
    endloop
  endfacet
  facet normal -0 0 1
    outer loop
      vertex 6.66356 -7.02025 5
      vertex 12 -12 5
      vertex 6.68126 -7.00853 5
    endloop
  endfacet
  facet normal -0 0 1
    outer loop
      vertex 6.64565 -7.03166 5
      vertex 12 -12 5
      vertex 6.66356 -7.02025 5
    endloop
  endfacet
  facet normal -0 0 1
    outer loop
      vertex 6.62755 -7.04275 5
      vertex 12 -12 5
      vertex 6.64565 -7.03166 5
    endloop
  endfacet
  facet normal -0 0 1
    outer loop
      vertex 6.60925 -7.05352 5
      vertex 12 -12 5
      vertex 6.62755 -7.04275 5
    endloop
  endfacet
  facet normal -0 0 1
    outer loop
      vertex 6.59077 -7.06398 5
      vertex 12 -12 5
      vertex 6.60925 -7.05352 5
    endloop
  endfacet
  facet normal -0 0 1
    outer loop
      vertex 6.57211 -7.07411 5
      vertex 12 -12 5
      vertex 6.59077 -7.06398 5
    endloop
  endfacet
  facet normal -0 0 1
    outer loop
      vertex 6.55328 -7.08391 5
      vertex 12 -12 5
      vertex 6.57211 -7.07411 5
    endloop
  endfacet
  facet normal -0 0 1
    outer loop
      vertex 6.53428 -7.09339 5
      vertex 12 -12 5
      vertex 6.55328 -7.08391 5
    endloop
  endfacet
  facet normal -0 0 1
    outer loop
      vertex 6.51512 -7.10253 5
      vertex 12 -12 5
      vertex 6.53428 -7.09339 5
    endloop
  endfacet
  facet normal -0 0 1
    outer loop
      vertex 6.4958 -7.11133 5
      vertex 12 -12 5
      vertex 6.51512 -7.10253 5
    endloop
  endfacet
  facet normal -0 0 1
    outer loop
      vertex 6.47633 -7.1198 5
      vertex 12 -12 5
      vertex 6.4958 -7.11133 5
    endloop
  endfacet
  facet normal -0 0 1
    outer loop
      vertex 6.45671 -7.12792 5
      vertex 12 -12 5
      vertex 6.47633 -7.1198 5
    endloop
  endfacet
  facet normal -0 0 1
    outer loop
      vertex 6.43696 -7.13571 5
      vertex 12 -12 5
      vertex 6.45671 -7.12792 5
    endloop
  endfacet
  facet normal -0 0 1
    outer loop
      vertex 6.41707 -7.14314 5
      vertex 12 -12 5
      vertex 6.43696 -7.13571 5
    endloop
  endfacet
  facet normal -0 0 1
    outer loop
      vertex 6.39706 -7.15023 5
      vertex 12 -12 5
      vertex 6.41707 -7.14314 5
    endloop
  endfacet
  facet normal -0 0 1
    outer loop
      vertex 6.37692 -7.15697 5
      vertex 12 -12 5
      vertex 6.39706 -7.15023 5
    endloop
  endfacet
  facet normal -0 0 1
    outer loop
      vertex 6.35667 -7.16335 5
      vertex 12 -12 5
      vertex 6.37692 -7.15697 5
    endloop
  endfacet
  facet normal -0 0 1
    outer loop
      vertex 6.33631 -7.16938 5
      vertex 12 -12 5
      vertex 6.35667 -7.16335 5
    endloop
  endfacet
  facet normal -0 0 1
    outer loop
      vertex 6.31585 -7.17505 5
      vertex 12 -12 5
      vertex 6.33631 -7.16938 5
    endloop
  endfacet
  facet normal -0 0 1
    outer loop
      vertex 6.2953 -7.18037 5
      vertex 12 -12 5
      vertex 6.31585 -7.17505 5
    endloop
  endfacet
  facet normal -0 0 1
    outer loop
      vertex 6.27465 -7.18533 5
      vertex 12 -12 5
      vertex 6.2953 -7.18037 5
    endloop
  endfacet
  facet normal -0 0 1
    outer loop
      vertex 6.25393 -7.18992 5
      vertex 12 -12 5
      vertex 6.27465 -7.18533 5
    endloop
  endfacet
  facet normal -0 0 1
    outer loop
      vertex 6.23312 -7.19416 5
      vertex 12 -12 5
      vertex 6.25393 -7.18992 5
    endloop
  endfacet
  facet normal -0 0 1
    outer loop
      vertex 6.21224 -7.19802 5
      vertex 12 -12 5
      vertex 6.23312 -7.19416 5
    endloop
  endfacet
  facet normal -0 0 1
    outer loop
      vertex 6.1913 -7.20153 5
      vertex 12 -12 5
      vertex 6.21224 -7.19802 5
    endloop
  endfacet
  facet normal -0 0 1
    outer loop
      vertex 6.1703 -7.20467 5
      vertex 12 -12 5
      vertex 6.1913 -7.20153 5
    endloop
  endfacet
  facet normal -0 0 1
    outer loop
      vertex 6.14925 -7.20744 5
      vertex 12 -12 5
      vertex 6.1703 -7.20467 5
    endloop
  endfacet
  facet normal -0 0 1
    outer loop
      vertex 6.12816 -7.20984 5
      vertex 12 -12 5
      vertex 6.14925 -7.20744 5
    endloop
  endfacet
  facet normal -0 0 1
    outer loop
      vertex 6.10702 -7.21188 5
      vertex 12 -12 5
      vertex 6.12816 -7.20984 5
    endloop
  endfacet
  facet normal -0 0 1
    outer loop
      vertex 6.08586 -7.21354 5
      vertex 12 -12 5
      vertex 6.10702 -7.21188 5
    endloop
  endfacet
  facet normal -0 0 1
    outer loop
      vertex 6.06467 -7.21484 5
      vertex 12 -12 5
      vertex 6.08586 -7.21354 5
    endloop
  endfacet
  facet normal -0 0 1
    outer loop
      vertex 6.04345 -7.21576 5
      vertex 12 -12 5
      vertex 6.06467 -7.21484 5
    endloop
  endfacet
  facet normal -0 0 1
    outer loop
      vertex 6.02223 -7.21632 5
      vertex 12 -12 5
      vertex 6.04345 -7.21576 5
    endloop
  endfacet
  facet normal -0 0 1
    outer loop
      vertex 6.001 -7.21651 5
      vertex 12 -12 5
      vertex 6.02223 -7.21632 5
    endloop
  endfacet
  facet normal 0 0 1
    outer loop
      vertex 5.97977 -7.21632 5
      vertex 12 -12 5
      vertex 6.001 -7.21651 5
    endloop
  endfacet
  facet normal 0 0 1
    outer loop
      vertex 5.95855 -7.21576 5
      vertex 12 -12 5
      vertex 5.97977 -7.21632 5
    endloop
  endfacet
  facet normal 0 0 1
    outer loop
      vertex 5.93733 -7.21484 5
      vertex 12 -12 5
      vertex 5.95855 -7.21576 5
    endloop
  endfacet
  facet normal 0 0 1
    outer loop
      vertex 5.91614 -7.21354 5
      vertex 12 -12 5
      vertex 5.93733 -7.21484 5
    endloop
  endfacet
  facet normal 0 0 1
    outer loop
      vertex 5.89498 -7.21188 5
      vertex 12 -12 5
      vertex 5.91614 -7.21354 5
    endloop
  endfacet
  facet normal 0 0 1
    outer loop
      vertex 5.87384 -7.20984 5
      vertex 12 -12 5
      vertex 5.89498 -7.21188 5
    endloop
  endfacet
  facet normal 0 0 1
    outer loop
      vertex 5.85275 -7.20744 5
      vertex 12 -12 5
      vertex 5.87384 -7.20984 5
    endloop
  endfacet
  facet normal 0 0 1
    outer loop
      vertex 5.8317 -7.20467 5
      vertex 12 -12 5
      vertex 5.85275 -7.20744 5
    endloop
  endfacet
  facet normal 0 0 1
    outer loop
      vertex 5.8107 -7.20153 5
      vertex 12 -12 5
      vertex 5.8317 -7.20467 5
    endloop
  endfacet
  facet normal 0 0 1
    outer loop
      vertex 5.78976 -7.19802 5
      vertex 12 -12 5
      vertex 5.8107 -7.20153 5
    endloop
  endfacet
  facet normal 0 0 1
    outer loop
      vertex 5.76888 -7.19416 5
      vertex 12 -12 5
      vertex 5.78976 -7.19802 5
    endloop
  endfacet
  facet normal 0 0 1
    outer loop
      vertex 5.74807 -7.18992 5
      vertex 12 -12 5
      vertex 5.76888 -7.19416 5
    endloop
  endfacet
  facet normal 0 0 1
    outer loop
      vertex 5.72735 -7.18533 5
      vertex 12 -12 5
      vertex 5.74807 -7.18992 5
    endloop
  endfacet
  facet normal 0 0 1
    outer loop
      vertex 5.7067 -7.18037 5
      vertex 12 -12 5
      vertex 5.72735 -7.18533 5
    endloop
  endfacet
  facet normal 0 0 1
    outer loop
      vertex 5.68615 -7.17505 5
      vertex 12 -12 5
      vertex 5.7067 -7.18037 5
    endloop
  endfacet
  facet normal 0 0 1
    outer loop
      vertex 5.66569 -7.16938 5
      vertex 12 -12 5
      vertex 5.68615 -7.17505 5
    endloop
  endfacet
  facet normal 0 0 1
    outer loop
      vertex 5.64533 -7.16335 5
      vertex 12 -12 5
      vertex 5.66569 -7.16938 5
    endloop
  endfacet
  facet normal 0 0 1
    outer loop
      vertex 5.62508 -7.15697 5
      vertex 12 -12 5
      vertex 5.64533 -7.16335 5
    endloop
  endfacet
  facet normal 0 0 1
    outer loop
      vertex 5.60494 -7.15023 5
      vertex 12 -12 5
      vertex 5.62508 -7.15697 5
    endloop
  endfacet
  facet normal 0 0 1
    outer loop
      vertex 5.58493 -7.14314 5
      vertex 12 -12 5
      vertex 5.60494 -7.15023 5
    endloop
  endfacet
  facet normal 0 0 1
    outer loop
      vertex 5.56504 -7.13571 5
      vertex 12 -12 5
      vertex 5.58493 -7.14314 5
    endloop
  endfacet
  facet normal 0 0 1
    outer loop
      vertex 5.54529 -7.12792 5
      vertex 12 -12 5
      vertex 5.56504 -7.13571 5
    endloop
  endfacet
  facet normal 0 0 1
    outer loop
      vertex -5.54429 -7.12792 5
      vertex 5.54529 -7.12792 5
      vertex 5.52567 -7.1198 5
    endloop
  endfacet
  facet normal 0 0 1
    outer loop
      vertex -5.52467 -7.1198 5
      vertex 5.52567 -7.1198 5
      vertex 5.5062 -7.11133 5
    endloop
  endfacet
  facet normal 0 0 1
    outer loop
      vertex -5.5052 -7.11133 5
      vertex 5.5062 -7.11133 5
      vertex 5.48688 -7.10253 5
    endloop
  endfacet
  facet normal 0 0 1
    outer loop
      vertex -5.48588 -7.10253 5
      vertex 5.48688 -7.10253 5
      vertex 5.46772 -7.09339 5
    endloop
  endfacet
  facet normal 0 0 1
    outer loop
      vertex -5.46672 -7.09339 5
      vertex 5.46772 -7.09339 5
      vertex 5.44872 -7.08391 5
    endloop
  endfacet
  facet normal 0 0 1
    outer loop
      vertex -5.44772 -7.08391 5
      vertex 5.44872 -7.08391 5
      vertex 5.42989 -7.07411 5
    endloop
  endfacet
  facet normal 0 0 1
    outer loop
      vertex -5.42889 -7.07411 5
      vertex 5.42989 -7.07411 5
      vertex 5.41123 -7.06398 5
    endloop
  endfacet
  facet normal 0 0 1
    outer loop
      vertex -5.41023 -7.06398 5
      vertex 5.41123 -7.06398 5
      vertex 5.39275 -7.05352 5
    endloop
  endfacet
  facet normal 0 0 1
    outer loop
      vertex -5.39175 -7.05352 5
      vertex 5.39275 -7.05352 5
      vertex 5.37445 -7.04275 5
    endloop
  endfacet
  facet normal 0 0 1
    outer loop
      vertex -5.37345 -7.04275 5
      vertex 5.37445 -7.04275 5
      vertex 5.35635 -7.03166 5
    endloop
  endfacet
  facet normal 0 0 1
    outer loop
      vertex -5.35535 -7.03166 5
      vertex 5.35635 -7.03166 5
      vertex 5.33844 -7.02025 5
    endloop
  endfacet
  facet normal 0 0 1
    outer loop
      vertex -5.33744 -7.02025 5
      vertex 5.33844 -7.02025 5
      vertex 5.32074 -7.00853 5
    endloop
  endfacet
  facet normal 0 0 1
    outer loop
      vertex -5.31974 -7.00853 5
      vertex 5.32074 -7.00853 5
      vertex 5.30324 -6.9965 5
    endloop
  endfacet
  facet normal 0 0 1
    outer loop
      vertex -5.30224 -6.9965 5
      vertex 5.30324 -6.9965 5
      vertex 5.28596 -6.98417 5
    endloop
  endfacet
  facet normal 0 0 1
    outer loop
      vertex -5.28496 -6.98417 5
      vertex 5.28596 -6.98417 5
      vertex 5.26889 -6.97154 5
    endloop
  endfacet
  facet normal 0 0 1
    outer loop
      vertex 4.78468 -5.97877 5
      vertex -4.78349 -6 5
      vertex 4.78449 -6 5
    endloop
  endfacet
  facet normal 0 0 1
    outer loop
      vertex 4.78449 -6 5
      vertex -4.78349 -6 5
      vertex 4.78468 -6.02123 5
    endloop
  endfacet
  facet normal 0 0 1
    outer loop
      vertex -4.78368 -6.02123 5
      vertex 4.78468 -6.02123 5
      vertex -4.78349 -6 5
    endloop
  endfacet
  facet normal 0 0 1
    outer loop
      vertex 4.78468 -6.02123 5
      vertex -4.78368 -6.02123 5
      vertex 4.78523 -6.04245 5
    endloop
  endfacet
  facet normal 0 0 1
    outer loop
      vertex -4.78424 -6.04245 5
      vertex 4.78523 -6.04245 5
      vertex -4.78368 -6.02123 5
    endloop
  endfacet
  facet normal 0 0 1
    outer loop
      vertex 4.78523 -6.04245 5
      vertex -4.78424 -6.04245 5
      vertex 4.78616 -6.06367 5
    endloop
  endfacet
  facet normal 0 0 1
    outer loop
      vertex -4.78516 -6.06367 5
      vertex 4.78616 -6.06367 5
      vertex -4.78424 -6.04245 5
    endloop
  endfacet
  facet normal 0 0 1
    outer loop
      vertex 4.78616 -6.06367 5
      vertex -4.78516 -6.06367 5
      vertex 4.78746 -6.08486 5
    endloop
  endfacet
  facet normal 0 0 1
    outer loop
      vertex -4.78646 -6.08486 5
      vertex 4.78746 -6.08486 5
      vertex -4.78516 -6.06367 5
    endloop
  endfacet
  facet normal 0 0 1
    outer loop
      vertex 4.78746 -6.08486 5
      vertex -4.78646 -6.08486 5
      vertex 4.78912 -6.10602 5
    endloop
  endfacet
  facet normal 0 0 1
    outer loop
      vertex -4.78812 -6.10602 5
      vertex 4.78912 -6.10602 5
      vertex -4.78646 -6.08486 5
    endloop
  endfacet
  facet normal 0 0 1
    outer loop
      vertex 4.78912 -6.10602 5
      vertex -4.78812 -6.10602 5
      vertex 4.79116 -6.12716 5
    endloop
  endfacet
  facet normal 0 0 1
    outer loop
      vertex -4.79016 -6.12716 5
      vertex 4.79116 -6.12716 5
      vertex -4.78812 -6.10602 5
    endloop
  endfacet
  facet normal 0 0 1
    outer loop
      vertex 4.79116 -6.12716 5
      vertex -4.79016 -6.12716 5
      vertex 4.79356 -6.14825 5
    endloop
  endfacet
  facet normal 0 0 1
    outer loop
      vertex -4.79256 -6.14825 5
      vertex 4.79356 -6.14825 5
      vertex -4.79016 -6.12716 5
    endloop
  endfacet
  facet normal 0 0 1
    outer loop
      vertex 4.79356 -6.14825 5
      vertex -4.79256 -6.14825 5
      vertex 4.79633 -6.1693 5
    endloop
  endfacet
  facet normal 0 0 1
    outer loop
      vertex -4.79533 -6.1693 5
      vertex 4.79633 -6.1693 5
      vertex -4.79256 -6.14825 5
    endloop
  endfacet
  facet normal 0 0 1
    outer loop
      vertex 4.79633 -6.1693 5
      vertex -4.79533 -6.1693 5
      vertex 4.79947 -6.1903 5
    endloop
  endfacet
  facet normal 0 0 1
    outer loop
      vertex -4.79847 -6.1903 5
      vertex 4.79947 -6.1903 5
      vertex -4.79533 -6.1693 5
    endloop
  endfacet
  facet normal 0 0 1
    outer loop
      vertex 4.79947 -6.1903 5
      vertex -4.79847 -6.1903 5
      vertex 4.80298 -6.21124 5
    endloop
  endfacet
  facet normal 0 0 1
    outer loop
      vertex -4.80198 -6.21124 5
      vertex 4.80298 -6.21124 5
      vertex -4.79847 -6.1903 5
    endloop
  endfacet
  facet normal 0 0 1
    outer loop
      vertex 4.80298 -6.21124 5
      vertex -4.80198 -6.21124 5
      vertex 4.80684 -6.23212 5
    endloop
  endfacet
  facet normal 0 0 1
    outer loop
      vertex -4.80584 -6.23212 5
      vertex 4.80684 -6.23212 5
      vertex -4.80198 -6.21124 5
    endloop
  endfacet
  facet normal 0 0 1
    outer loop
      vertex 4.80684 -6.23212 5
      vertex -4.80584 -6.23212 5
      vertex 4.81108 -6.25293 5
    endloop
  endfacet
  facet normal 0 0 1
    outer loop
      vertex -4.81008 -6.25293 5
      vertex 4.81108 -6.25293 5
      vertex -4.80584 -6.23212 5
    endloop
  endfacet
  facet normal 0 0 1
    outer loop
      vertex 4.81108 -6.25293 5
      vertex -4.81008 -6.25293 5
      vertex 4.81567 -6.27365 5
    endloop
  endfacet
  facet normal 0 0 1
    outer loop
      vertex -4.81467 -6.27365 5
      vertex 4.81567 -6.27365 5
      vertex -4.81008 -6.25293 5
    endloop
  endfacet
  facet normal 0 0 1
    outer loop
      vertex 4.81567 -6.27365 5
      vertex -4.81467 -6.27365 5
      vertex 4.82063 -6.2943 5
    endloop
  endfacet
  facet normal 0 0 1
    outer loop
      vertex -4.81963 -6.2943 5
      vertex 4.82063 -6.2943 5
      vertex -4.81467 -6.27365 5
    endloop
  endfacet
  facet normal 0 0 1
    outer loop
      vertex 4.82063 -6.2943 5
      vertex -4.81963 -6.2943 5
      vertex 4.82595 -6.31485 5
    endloop
  endfacet
  facet normal 0 0 1
    outer loop
      vertex -4.82495 -6.31485 5
      vertex 4.82595 -6.31485 5
      vertex -4.81963 -6.2943 5
    endloop
  endfacet
  facet normal 0 0 1
    outer loop
      vertex 4.82595 -6.31485 5
      vertex -4.82495 -6.31485 5
      vertex 4.83162 -6.33531 5
    endloop
  endfacet
  facet normal 0 0 1
    outer loop
      vertex -4.83062 -6.33531 5
      vertex 4.83162 -6.33531 5
      vertex -4.82495 -6.31485 5
    endloop
  endfacet
  facet normal 0 0 1
    outer loop
      vertex 4.83162 -6.33531 5
      vertex -4.83062 -6.33531 5
      vertex 4.83765 -6.35567 5
    endloop
  endfacet
  facet normal 0 0 1
    outer loop
      vertex -4.83665 -6.35567 5
      vertex 4.83765 -6.35567 5
      vertex -4.83062 -6.33531 5
    endloop
  endfacet
  facet normal 0 0 1
    outer loop
      vertex 4.83765 -6.35567 5
      vertex -4.83665 -6.35567 5
      vertex 4.84403 -6.37592 5
    endloop
  endfacet
  facet normal 0 0 1
    outer loop
      vertex -4.84303 -6.37592 5
      vertex 4.84403 -6.37592 5
      vertex -4.83665 -6.35567 5
    endloop
  endfacet
  facet normal 0 0 1
    outer loop
      vertex 4.84403 -6.37592 5
      vertex -4.84303 -6.37592 5
      vertex 4.85077 -6.39606 5
    endloop
  endfacet
  facet normal 0 0 1
    outer loop
      vertex -4.84977 -6.39606 5
      vertex 4.85077 -6.39606 5
      vertex -4.84303 -6.37592 5
    endloop
  endfacet
  facet normal 0 0 1
    outer loop
      vertex 4.85077 -6.39606 5
      vertex -4.84977 -6.39606 5
      vertex 4.85786 -6.41607 5
    endloop
  endfacet
  facet normal 0 0 1
    outer loop
      vertex -4.85686 -6.41607 5
      vertex 4.85786 -6.41607 5
      vertex -4.84977 -6.39606 5
    endloop
  endfacet
  facet normal 0 0 1
    outer loop
      vertex 4.85786 -6.41607 5
      vertex -4.85686 -6.41607 5
      vertex 4.86529 -6.43596 5
    endloop
  endfacet
  facet normal 0 0 1
    outer loop
      vertex -4.86429 -6.43596 5
      vertex 4.86529 -6.43596 5
      vertex -4.85686 -6.41607 5
    endloop
  endfacet
  facet normal 0 0 1
    outer loop
      vertex 4.86529 -6.43596 5
      vertex -4.86429 -6.43596 5
      vertex 4.87308 -6.45571 5
    endloop
  endfacet
  facet normal 0 0 1
    outer loop
      vertex -4.87208 -6.45571 5
      vertex 4.87308 -6.45571 5
      vertex -4.86429 -6.43596 5
    endloop
  endfacet
  facet normal 0 0 1
    outer loop
      vertex 4.87308 -6.45571 5
      vertex -4.87208 -6.45571 5
      vertex 4.8812 -6.47533 5
    endloop
  endfacet
  facet normal 0 0 1
    outer loop
      vertex -4.8802 -6.47533 5
      vertex 4.8812 -6.47533 5
      vertex -4.87208 -6.45571 5
    endloop
  endfacet
  facet normal 0 0 1
    outer loop
      vertex 4.8812 -6.47533 5
      vertex -4.8802 -6.47533 5
      vertex 4.88967 -6.4948 5
    endloop
  endfacet
  facet normal 0 0 1
    outer loop
      vertex -4.88867 -6.4948 5
      vertex 4.88967 -6.4948 5
      vertex -4.8802 -6.47533 5
    endloop
  endfacet
  facet normal 0 0 1
    outer loop
      vertex 4.88967 -6.4948 5
      vertex -4.88867 -6.4948 5
      vertex 4.89847 -6.51412 5
    endloop
  endfacet
  facet normal 0 0 1
    outer loop
      vertex -4.89747 -6.51412 5
      vertex 4.89847 -6.51412 5
      vertex -4.88867 -6.4948 5
    endloop
  endfacet
  facet normal 0 0 1
    outer loop
      vertex 4.89847 -6.51412 5
      vertex -4.89747 -6.51412 5
      vertex 4.90761 -6.53328 5
    endloop
  endfacet
  facet normal 0 0 1
    outer loop
      vertex -4.90661 -6.53328 5
      vertex 4.90761 -6.53328 5
      vertex -4.89747 -6.51412 5
    endloop
  endfacet
  facet normal 0 0 1
    outer loop
      vertex 4.90761 -6.53328 5
      vertex -4.90661 -6.53328 5
      vertex 4.91709 -6.55228 5
    endloop
  endfacet
  facet normal 0 0 1
    outer loop
      vertex -4.91609 -6.55228 5
      vertex 4.91709 -6.55228 5
      vertex -4.90661 -6.53328 5
    endloop
  endfacet
  facet normal 0 0 1
    outer loop
      vertex 4.91709 -6.55228 5
      vertex -4.91609 -6.55228 5
      vertex 4.92689 -6.57111 5
    endloop
  endfacet
  facet normal 0 0 1
    outer loop
      vertex -4.92589 -6.57111 5
      vertex 4.92689 -6.57111 5
      vertex -4.91609 -6.55228 5
    endloop
  endfacet
  facet normal 0 0 1
    outer loop
      vertex 4.92689 -6.57111 5
      vertex -4.92589 -6.57111 5
      vertex 4.93702 -6.58977 5
    endloop
  endfacet
  facet normal 0 0 1
    outer loop
      vertex -4.93602 -6.58977 5
      vertex 4.93702 -6.58977 5
      vertex -4.92589 -6.57111 5
    endloop
  endfacet
  facet normal 0 0 1
    outer loop
      vertex 4.93702 -6.58977 5
      vertex -4.93602 -6.58977 5
      vertex 4.94747 -6.60825 5
    endloop
  endfacet
  facet normal 0 0 1
    outer loop
      vertex -4.94648 -6.60825 5
      vertex 4.94747 -6.60825 5
      vertex -4.93602 -6.58977 5
    endloop
  endfacet
  facet normal 0 0 1
    outer loop
      vertex 4.94747 -6.60825 5
      vertex -4.94648 -6.60825 5
      vertex 4.95825 -6.62655 5
    endloop
  endfacet
  facet normal 0 0 1
    outer loop
      vertex -4.95725 -6.62655 5
      vertex 4.95825 -6.62655 5
      vertex -4.94648 -6.60825 5
    endloop
  endfacet
  facet normal 0 0 1
    outer loop
      vertex 4.95825 -6.62655 5
      vertex -4.95725 -6.62655 5
      vertex 4.96934 -6.64465 5
    endloop
  endfacet
  facet normal 0 0 1
    outer loop
      vertex -4.96834 -6.64465 5
      vertex 4.96934 -6.64465 5
      vertex -4.95725 -6.62655 5
    endloop
  endfacet
  facet normal 0 0 1
    outer loop
      vertex 4.96934 -6.64465 5
      vertex -4.96834 -6.64465 5
      vertex 4.98075 -6.66256 5
    endloop
  endfacet
  facet normal 0 0 1
    outer loop
      vertex -4.97975 -6.66256 5
      vertex 4.98075 -6.66256 5
      vertex -4.96834 -6.64465 5
    endloop
  endfacet
  facet normal 0 0 1
    outer loop
      vertex 4.98075 -6.66256 5
      vertex -4.97975 -6.66256 5
      vertex 4.99247 -6.68026 5
    endloop
  endfacet
  facet normal 0 0 1
    outer loop
      vertex -4.99147 -6.68026 5
      vertex 4.99247 -6.68026 5
      vertex -4.97975 -6.66256 5
    endloop
  endfacet
  facet normal 0 0 1
    outer loop
      vertex 4.99247 -6.68026 5
      vertex -4.99147 -6.68026 5
      vertex 5.0045 -6.69776 5
    endloop
  endfacet
  facet normal 0 0 1
    outer loop
      vertex -5.0035 -6.69776 5
      vertex 5.0045 -6.69776 5
      vertex -4.99147 -6.68026 5
    endloop
  endfacet
  facet normal 0 0 1
    outer loop
      vertex 5.0045 -6.69776 5
      vertex -5.0035 -6.69776 5
      vertex 5.01683 -6.71504 5
    endloop
  endfacet
  facet normal 0 0 1
    outer loop
      vertex -5.01583 -6.71504 5
      vertex 5.01683 -6.71504 5
      vertex -5.0035 -6.69776 5
    endloop
  endfacet
  facet normal 0 0 1
    outer loop
      vertex 5.01683 -6.71504 5
      vertex -5.01583 -6.71504 5
      vertex 5.02946 -6.73211 5
    endloop
  endfacet
  facet normal 0 0 1
    outer loop
      vertex -5.02846 -6.73211 5
      vertex 5.02946 -6.73211 5
      vertex -5.01583 -6.71504 5
    endloop
  endfacet
  facet normal 0 0 1
    outer loop
      vertex 5.02946 -6.73211 5
      vertex -5.02846 -6.73211 5
      vertex 5.04238 -6.74896 5
    endloop
  endfacet
  facet normal 0 0 1
    outer loop
      vertex -5.04138 -6.74896 5
      vertex 5.04238 -6.74896 5
      vertex -5.02846 -6.73211 5
    endloop
  endfacet
  facet normal 0 0 1
    outer loop
      vertex 5.04238 -6.74896 5
      vertex -5.04138 -6.74896 5
      vertex 5.0556 -6.76557 5
    endloop
  endfacet
  facet normal 0 0 1
    outer loop
      vertex -5.0546 -6.76557 5
      vertex 5.0556 -6.76557 5
      vertex -5.04138 -6.74896 5
    endloop
  endfacet
  facet normal 0 0 1
    outer loop
      vertex 5.0556 -6.76557 5
      vertex -5.0546 -6.76557 5
      vertex 5.0691 -6.78195 5
    endloop
  endfacet
  facet normal 0 0 1
    outer loop
      vertex -5.0681 -6.78195 5
      vertex 5.0691 -6.78195 5
      vertex -5.0546 -6.76557 5
    endloop
  endfacet
  facet normal 0 0 1
    outer loop
      vertex 5.0691 -6.78195 5
      vertex -5.0681 -6.78195 5
      vertex 5.08289 -6.7981 5
    endloop
  endfacet
  facet normal 0 0 1
    outer loop
      vertex -5.08189 -6.7981 5
      vertex 5.08289 -6.7981 5
      vertex -5.0681 -6.78195 5
    endloop
  endfacet
  facet normal 0 0 1
    outer loop
      vertex 5.08289 -6.7981 5
      vertex -5.08189 -6.7981 5
      vertex 5.09696 -6.814 5
    endloop
  endfacet
  facet normal 0 0 1
    outer loop
      vertex -5.09596 -6.814 5
      vertex 5.09696 -6.814 5
      vertex -5.08189 -6.7981 5
    endloop
  endfacet
  facet normal 0 0 1
    outer loop
      vertex 5.09696 -6.814 5
      vertex -5.09596 -6.814 5
      vertex 5.1113 -6.82965 5
    endloop
  endfacet
  facet normal 0 0 1
    outer loop
      vertex -5.1103 -6.82965 5
      vertex 5.1113 -6.82965 5
      vertex -5.09596 -6.814 5
    endloop
  endfacet
  facet normal 0 0 1
    outer loop
      vertex 5.1113 -6.82965 5
      vertex -5.1103 -6.82965 5
      vertex 5.12592 -6.84506 5
    endloop
  endfacet
  facet normal 0 0 1
    outer loop
      vertex -5.12492 -6.84506 5
      vertex 5.12592 -6.84506 5
      vertex -5.1103 -6.82965 5
    endloop
  endfacet
  facet normal 0 0 1
    outer loop
      vertex 5.12592 -6.84506 5
      vertex -5.12492 -6.84506 5
      vertex 5.1408 -6.8602 5
    endloop
  endfacet
  facet normal 0 0 1
    outer loop
      vertex -5.1398 -6.8602 5
      vertex 5.1408 -6.8602 5
      vertex -5.12492 -6.84506 5
    endloop
  endfacet
  facet normal 0 0 1
    outer loop
      vertex 5.1408 -6.8602 5
      vertex -5.1398 -6.8602 5
      vertex 5.15594 -6.87508 5
    endloop
  endfacet
  facet normal 0 0 1
    outer loop
      vertex -5.15494 -6.87508 5
      vertex 5.15594 -6.87508 5
      vertex -5.1398 -6.8602 5
    endloop
  endfacet
  facet normal 0 0 1
    outer loop
      vertex 5.15594 -6.87508 5
      vertex -5.15494 -6.87508 5
      vertex 5.17135 -6.8897 5
    endloop
  endfacet
  facet normal 0 0 1
    outer loop
      vertex -5.17035 -6.8897 5
      vertex 5.17135 -6.8897 5
      vertex -5.15494 -6.87508 5
    endloop
  endfacet
  facet normal 0 0 1
    outer loop
      vertex 5.17135 -6.8897 5
      vertex -5.17035 -6.8897 5
      vertex 5.187 -6.90404 5
    endloop
  endfacet
  facet normal 0 0 1
    outer loop
      vertex -5.186 -6.90404 5
      vertex 5.187 -6.90404 5
      vertex -5.17035 -6.8897 5
    endloop
  endfacet
  facet normal 0 0 1
    outer loop
      vertex 5.187 -6.90404 5
      vertex -5.186 -6.90404 5
      vertex 5.2029 -6.91811 5
    endloop
  endfacet
  facet normal 0 0 1
    outer loop
      vertex -5.2019 -6.91811 5
      vertex 5.2029 -6.91811 5
      vertex -5.186 -6.90404 5
    endloop
  endfacet
  facet normal 0 0 1
    outer loop
      vertex 5.2029 -6.91811 5
      vertex -5.2019 -6.91811 5
      vertex 5.21905 -6.9319 5
    endloop
  endfacet
  facet normal 0 0 1
    outer loop
      vertex -5.21805 -6.9319 5
      vertex 5.21905 -6.9319 5
      vertex -5.2019 -6.91811 5
    endloop
  endfacet
  facet normal 0 0 1
    outer loop
      vertex 5.21905 -6.9319 5
      vertex -5.21805 -6.9319 5
      vertex 5.23543 -6.9454 5
    endloop
  endfacet
  facet normal 0 0 1
    outer loop
      vertex -5.23443 -6.9454 5
      vertex 5.23543 -6.9454 5
      vertex -5.21805 -6.9319 5
    endloop
  endfacet
  facet normal 0 0 1
    outer loop
      vertex 5.23543 -6.9454 5
      vertex -5.23443 -6.9454 5
      vertex 5.25204 -6.95862 5
    endloop
  endfacet
  facet normal 0 0 1
    outer loop
      vertex -5.25104 -6.95862 5
      vertex 5.25204 -6.95862 5
      vertex -5.23443 -6.9454 5
    endloop
  endfacet
  facet normal 0 0 1
    outer loop
      vertex 5.25204 -6.95862 5
      vertex -5.25104 -6.95862 5
      vertex 5.26889 -6.97154 5
    endloop
  endfacet
  facet normal 0 0 1
    outer loop
      vertex -5.26789 -6.97154 5
      vertex 5.26889 -6.97154 5
      vertex -5.25104 -6.95862 5
    endloop
  endfacet
  facet normal 0 0 1
    outer loop
      vertex -5.28496 -6.98417 5
      vertex 5.26889 -6.97154 5
      vertex -5.26789 -6.97154 5
    endloop
  endfacet
  facet normal 0 0 1
    outer loop
      vertex 5.28596 -6.98417 5
      vertex -5.28496 -6.98417 5
      vertex -5.30224 -6.9965 5
    endloop
  endfacet
  facet normal 0 0 1
    outer loop
      vertex 5.30324 -6.9965 5
      vertex -5.30224 -6.9965 5
      vertex -5.31974 -7.00853 5
    endloop
  endfacet
  facet normal 0 0 1
    outer loop
      vertex 5.32074 -7.00853 5
      vertex -5.31974 -7.00853 5
      vertex -5.33744 -7.02025 5
    endloop
  endfacet
  facet normal 0 0 1
    outer loop
      vertex 5.33844 -7.02025 5
      vertex -5.33744 -7.02025 5
      vertex -5.35535 -7.03166 5
    endloop
  endfacet
  facet normal 0 0 1
    outer loop
      vertex 5.35635 -7.03166 5
      vertex -5.35535 -7.03166 5
      vertex -5.37345 -7.04275 5
    endloop
  endfacet
  facet normal 0 0 1
    outer loop
      vertex 5.37445 -7.04275 5
      vertex -5.37345 -7.04275 5
      vertex -5.39175 -7.05352 5
    endloop
  endfacet
  facet normal 0 0 1
    outer loop
      vertex 5.39275 -7.05352 5
      vertex -5.39175 -7.05352 5
      vertex -5.41023 -7.06398 5
    endloop
  endfacet
  facet normal 0 0 1
    outer loop
      vertex 5.41123 -7.06398 5
      vertex -5.41023 -7.06398 5
      vertex -5.42889 -7.07411 5
    endloop
  endfacet
  facet normal 0 0 1
    outer loop
      vertex 5.42989 -7.07411 5
      vertex -5.42889 -7.07411 5
      vertex -5.44772 -7.08391 5
    endloop
  endfacet
  facet normal 0 0 1
    outer loop
      vertex 5.44872 -7.08391 5
      vertex -5.44772 -7.08391 5
      vertex -5.46672 -7.09339 5
    endloop
  endfacet
  facet normal 0 0 1
    outer loop
      vertex 5.46772 -7.09339 5
      vertex -5.46672 -7.09339 5
      vertex -5.48588 -7.10253 5
    endloop
  endfacet
  facet normal 0 0 1
    outer loop
      vertex 5.48688 -7.10253 5
      vertex -5.48588 -7.10253 5
      vertex -5.5052 -7.11133 5
    endloop
  endfacet
  facet normal 0 0 1
    outer loop
      vertex 5.5062 -7.11133 5
      vertex -5.5052 -7.11133 5
      vertex -5.52467 -7.1198 5
    endloop
  endfacet
  facet normal 0 0 1
    outer loop
      vertex 5.52567 -7.1198 5
      vertex -5.52467 -7.1198 5
      vertex -5.54429 -7.12792 5
    endloop
  endfacet
  facet normal 0 0 1
    outer loop
      vertex 5.54529 -7.12792 5
      vertex -5.54429 -7.12792 5
      vertex 12 -12 5
    endloop
  endfacet
  facet normal -0 0 1
    outer loop
      vertex -5.56404 -7.13571 5
      vertex 12 -12 5
      vertex -5.54429 -7.12792 5
    endloop
  endfacet
  facet normal 0 0 1
    outer loop
      vertex -12 -12 5
      vertex -5.56404 -7.13571 5
      vertex -5.58393 -7.14314 5
    endloop
  endfacet
  facet normal 0 0 1
    outer loop
      vertex -12 -12 5
      vertex -5.58393 -7.14314 5
      vertex -5.60394 -7.15023 5
    endloop
  endfacet
  facet normal 0 0 1
    outer loop
      vertex -12 -12 5
      vertex -5.60394 -7.15023 5
      vertex -5.62408 -7.15697 5
    endloop
  endfacet
  facet normal 0 0 1
    outer loop
      vertex -12 -12 5
      vertex -5.62408 -7.15697 5
      vertex -5.64433 -7.16335 5
    endloop
  endfacet
  facet normal 0 0 1
    outer loop
      vertex -12 -12 5
      vertex -5.64433 -7.16335 5
      vertex -5.66469 -7.16938 5
    endloop
  endfacet
  facet normal 0 0 1
    outer loop
      vertex -12 -12 5
      vertex -5.66469 -7.16938 5
      vertex -5.68515 -7.17505 5
    endloop
  endfacet
  facet normal 0 0 1
    outer loop
      vertex -12 -12 5
      vertex -5.68515 -7.17505 5
      vertex -5.7057 -7.18037 5
    endloop
  endfacet
  facet normal 0 0 1
    outer loop
      vertex -12 -12 5
      vertex -5.7057 -7.18037 5
      vertex -5.72635 -7.18533 5
    endloop
  endfacet
  facet normal 0 0 1
    outer loop
      vertex -12 -12 5
      vertex -5.72635 -7.18533 5
      vertex -5.74707 -7.18992 5
    endloop
  endfacet
  facet normal 0 0 1
    outer loop
      vertex -12 -12 5
      vertex -5.74707 -7.18992 5
      vertex -5.76788 -7.19416 5
    endloop
  endfacet
  facet normal 0 0 1
    outer loop
      vertex -12 -12 5
      vertex -5.76788 -7.19416 5
      vertex -5.78876 -7.19802 5
    endloop
  endfacet
  facet normal 0 0 1
    outer loop
      vertex -12 -12 5
      vertex -5.78876 -7.19802 5
      vertex -5.8097 -7.20153 5
    endloop
  endfacet
  facet normal 0 0 1
    outer loop
      vertex -12 -12 5
      vertex -5.8097 -7.20153 5
      vertex -5.8307 -7.20467 5
    endloop
  endfacet
  facet normal 0 0 1
    outer loop
      vertex -12 -12 5
      vertex -5.8307 -7.20467 5
      vertex -5.85175 -7.20744 5
    endloop
  endfacet
  facet normal 0 0 1
    outer loop
      vertex -12 -12 5
      vertex -5.85175 -7.20744 5
      vertex -5.87284 -7.20984 5
    endloop
  endfacet
  facet normal 0 0 1
    outer loop
      vertex -12 -12 5
      vertex -5.87284 -7.20984 5
      vertex -5.89398 -7.21188 5
    endloop
  endfacet
  facet normal 0 0 1
    outer loop
      vertex -12 -12 5
      vertex -5.89398 -7.21188 5
      vertex -5.91514 -7.21354 5
    endloop
  endfacet
  facet normal 0 0 1
    outer loop
      vertex -12 -12 5
      vertex -5.91514 -7.21354 5
      vertex -5.93633 -7.21484 5
    endloop
  endfacet
  facet normal 0 0 1
    outer loop
      vertex -12 -12 5
      vertex -5.93633 -7.21484 5
      vertex -5.95755 -7.21576 5
    endloop
  endfacet
  facet normal 0 0 1
    outer loop
      vertex -12 -12 5
      vertex -5.95755 -7.21576 5
      vertex -5.97877 -7.21632 5
    endloop
  endfacet
  facet normal 0 0 1
    outer loop
      vertex -12 -12 5
      vertex -5.97877 -7.21632 5
      vertex -6 -7.21651 5
    endloop
  endfacet
  facet normal 0 0 1
    outer loop
      vertex -12 -12 5
      vertex -6 -7.21651 5
      vertex -6.02123 -7.21632 5
    endloop
  endfacet
  facet normal 0 0 1
    outer loop
      vertex -12 -12 5
      vertex -6.02123 -7.21632 5
      vertex -6.04245 -7.21576 5
    endloop
  endfacet
  facet normal 0 0 1
    outer loop
      vertex -12 -12 5
      vertex -6.04245 -7.21576 5
      vertex -6.06367 -7.21484 5
    endloop
  endfacet
  facet normal 0 0 1
    outer loop
      vertex -12 -12 5
      vertex -6.06367 -7.21484 5
      vertex -6.08486 -7.21354 5
    endloop
  endfacet
  facet normal 0 0 1
    outer loop
      vertex -12 -12 5
      vertex -6.08486 -7.21354 5
      vertex -6.10602 -7.21188 5
    endloop
  endfacet
  facet normal 0 0 1
    outer loop
      vertex -12 -12 5
      vertex -6.10602 -7.21188 5
      vertex -6.12716 -7.20984 5
    endloop
  endfacet
  facet normal 0 0 1
    outer loop
      vertex -12 -12 5
      vertex -6.12716 -7.20984 5
      vertex -6.14825 -7.20744 5
    endloop
  endfacet
  facet normal 0 0 1
    outer loop
      vertex -12 -12 5
      vertex -6.14825 -7.20744 5
      vertex -6.1693 -7.20467 5
    endloop
  endfacet
  facet normal 0 0 1
    outer loop
      vertex -12 -12 5
      vertex -6.1693 -7.20467 5
      vertex -6.1903 -7.20153 5
    endloop
  endfacet
  facet normal 0 0 1
    outer loop
      vertex -12 -12 5
      vertex -6.1903 -7.20153 5
      vertex -6.21124 -7.19802 5
    endloop
  endfacet
  facet normal 0 0 1
    outer loop
      vertex -12 -12 5
      vertex -6.21124 -7.19802 5
      vertex -6.23212 -7.19416 5
    endloop
  endfacet
  facet normal 0 0 1
    outer loop
      vertex -12 -12 5
      vertex -6.23212 -7.19416 5
      vertex -6.25293 -7.18992 5
    endloop
  endfacet
  facet normal 0 0 1
    outer loop
      vertex -12 -12 5
      vertex -6.25293 -7.18992 5
      vertex -6.27365 -7.18533 5
    endloop
  endfacet
  facet normal 0 0 1
    outer loop
      vertex -12 -12 5
      vertex -6.27365 -7.18533 5
      vertex -6.2943 -7.18037 5
    endloop
  endfacet
  facet normal 0 0 1
    outer loop
      vertex -12 -12 5
      vertex -6.2943 -7.18037 5
      vertex -6.31485 -7.17505 5
    endloop
  endfacet
  facet normal 0 0 1
    outer loop
      vertex -7.21632 -5.97877 5
      vertex -12 -12 5
      vertex -7.21651 -6 5
    endloop
  endfacet
  facet normal 0 0 1
    outer loop
      vertex -7.21651 -6 5
      vertex -12 -12 5
      vertex -7.21632 -6.02123 5
    endloop
  endfacet
  facet normal 0 0 1
    outer loop
      vertex -7.21632 -6.02123 5
      vertex -12 -12 5
      vertex -7.21576 -6.04245 5
    endloop
  endfacet
  facet normal 0 0 1
    outer loop
      vertex -7.21576 -6.04245 5
      vertex -12 -12 5
      vertex -7.21484 -6.06367 5
    endloop
  endfacet
  facet normal 0 0 1
    outer loop
      vertex -7.21484 -6.06367 5
      vertex -12 -12 5
      vertex -7.21354 -6.08486 5
    endloop
  endfacet
  facet normal 0 0 1
    outer loop
      vertex -7.21354 -6.08486 5
      vertex -12 -12 5
      vertex -7.21188 -6.10602 5
    endloop
  endfacet
  facet normal 0 0 1
    outer loop
      vertex -7.21188 -6.10602 5
      vertex -12 -12 5
      vertex -7.20984 -6.12716 5
    endloop
  endfacet
  facet normal 0 0 1
    outer loop
      vertex -7.20984 -6.12716 5
      vertex -12 -12 5
      vertex -7.20744 -6.14825 5
    endloop
  endfacet
  facet normal 0 0 1
    outer loop
      vertex -7.20744 -6.14825 5
      vertex -12 -12 5
      vertex -7.20467 -6.1693 5
    endloop
  endfacet
  facet normal 0 0 1
    outer loop
      vertex -7.20467 -6.1693 5
      vertex -12 -12 5
      vertex -7.20153 -6.1903 5
    endloop
  endfacet
  facet normal 0 0 1
    outer loop
      vertex -7.20153 -6.1903 5
      vertex -12 -12 5
      vertex -7.19802 -6.21124 5
    endloop
  endfacet
  facet normal 0 0 1
    outer loop
      vertex -7.19802 -6.21124 5
      vertex -12 -12 5
      vertex -7.19416 -6.23212 5
    endloop
  endfacet
  facet normal 0 0 1
    outer loop
      vertex -7.19416 -6.23212 5
      vertex -12 -12 5
      vertex -7.18992 -6.25293 5
    endloop
  endfacet
  facet normal 0 0 1
    outer loop
      vertex -7.18992 -6.25293 5
      vertex -12 -12 5
      vertex -7.18533 -6.27365 5
    endloop
  endfacet
  facet normal 0 0 1
    outer loop
      vertex -7.18533 -6.27365 5
      vertex -12 -12 5
      vertex -7.18037 -6.2943 5
    endloop
  endfacet
  facet normal 0 0 1
    outer loop
      vertex -5.56404 -7.13571 5
      vertex -12 -12 5
      vertex 12 -12 5
    endloop
  endfacet
  facet normal 0 0 1
    outer loop
      vertex -6.33531 -7.16938 5
      vertex -12 -12 5
      vertex -6.31485 -7.17505 5
    endloop
  endfacet
  facet normal 0 0 1
    outer loop
      vertex -6.35567 -7.16335 5
      vertex -12 -12 5
      vertex -6.33531 -7.16938 5
    endloop
  endfacet
  facet normal 0 0 1
    outer loop
      vertex -6.37592 -7.15697 5
      vertex -12 -12 5
      vertex -6.35567 -7.16335 5
    endloop
  endfacet
  facet normal 0 0 1
    outer loop
      vertex -6.39606 -7.15023 5
      vertex -12 -12 5
      vertex -6.37592 -7.15697 5
    endloop
  endfacet
  facet normal 0 0 1
    outer loop
      vertex -6.41607 -7.14314 5
      vertex -12 -12 5
      vertex -6.39606 -7.15023 5
    endloop
  endfacet
  facet normal 0 0 1
    outer loop
      vertex -6.43596 -7.13571 5
      vertex -12 -12 5
      vertex -6.41607 -7.14314 5
    endloop
  endfacet
  facet normal 0 0 1
    outer loop
      vertex -6.45571 -7.12792 5
      vertex -12 -12 5
      vertex -6.43596 -7.13571 5
    endloop
  endfacet
  facet normal 0 0 1
    outer loop
      vertex -6.47533 -7.1198 5
      vertex -12 -12 5
      vertex -6.45571 -7.12792 5
    endloop
  endfacet
  facet normal 0 0 1
    outer loop
      vertex -6.4948 -7.11133 5
      vertex -12 -12 5
      vertex -6.47533 -7.1198 5
    endloop
  endfacet
  facet normal 0 0 1
    outer loop
      vertex -6.51412 -7.10253 5
      vertex -12 -12 5
      vertex -6.4948 -7.11133 5
    endloop
  endfacet
  facet normal 0 0 1
    outer loop
      vertex -6.53328 -7.09339 5
      vertex -12 -12 5
      vertex -6.51412 -7.10253 5
    endloop
  endfacet
  facet normal 0 0 1
    outer loop
      vertex -6.55228 -7.08391 5
      vertex -12 -12 5
      vertex -6.53328 -7.09339 5
    endloop
  endfacet
  facet normal 0 0 1
    outer loop
      vertex -6.57111 -7.07411 5
      vertex -12 -12 5
      vertex -6.55228 -7.08391 5
    endloop
  endfacet
  facet normal 0 0 1
    outer loop
      vertex -6.58977 -7.06398 5
      vertex -12 -12 5
      vertex -6.57111 -7.07411 5
    endloop
  endfacet
  facet normal 0 0 1
    outer loop
      vertex -6.60825 -7.05352 5
      vertex -12 -12 5
      vertex -6.58977 -7.06398 5
    endloop
  endfacet
  facet normal 0 0 1
    outer loop
      vertex -6.62655 -7.04275 5
      vertex -12 -12 5
      vertex -6.60825 -7.05352 5
    endloop
  endfacet
  facet normal 0 0 1
    outer loop
      vertex -6.64465 -7.03166 5
      vertex -12 -12 5
      vertex -6.62655 -7.04275 5
    endloop
  endfacet
  facet normal 0 0 1
    outer loop
      vertex -6.66256 -7.02025 5
      vertex -12 -12 5
      vertex -6.64465 -7.03166 5
    endloop
  endfacet
  facet normal 0 0 1
    outer loop
      vertex -6.68026 -7.00853 5
      vertex -12 -12 5
      vertex -6.66256 -7.02025 5
    endloop
  endfacet
  facet normal 0 0 1
    outer loop
      vertex -6.69776 -6.9965 5
      vertex -12 -12 5
      vertex -6.68026 -7.00853 5
    endloop
  endfacet
  facet normal 0 0 1
    outer loop
      vertex -6.71504 -6.98417 5
      vertex -12 -12 5
      vertex -6.69776 -6.9965 5
    endloop
  endfacet
  facet normal 0 0 1
    outer loop
      vertex -6.73211 -6.97154 5
      vertex -12 -12 5
      vertex -6.71504 -6.98417 5
    endloop
  endfacet
  facet normal 0 0 1
    outer loop
      vertex -6.74896 -6.95862 5
      vertex -12 -12 5
      vertex -6.73211 -6.97154 5
    endloop
  endfacet
  facet normal 0 0 1
    outer loop
      vertex -6.76557 -6.9454 5
      vertex -12 -12 5
      vertex -6.74896 -6.95862 5
    endloop
  endfacet
  facet normal 0 0 1
    outer loop
      vertex -6.78195 -6.9319 5
      vertex -12 -12 5
      vertex -6.76557 -6.9454 5
    endloop
  endfacet
  facet normal 0 0 1
    outer loop
      vertex -6.7981 -6.91811 5
      vertex -12 -12 5
      vertex -6.78195 -6.9319 5
    endloop
  endfacet
  facet normal 0 0 1
    outer loop
      vertex -6.814 -6.90404 5
      vertex -12 -12 5
      vertex -6.7981 -6.91811 5
    endloop
  endfacet
  facet normal 0 0 1
    outer loop
      vertex -6.82965 -6.8897 5
      vertex -12 -12 5
      vertex -6.814 -6.90404 5
    endloop
  endfacet
  facet normal 0 0 1
    outer loop
      vertex -6.84506 -6.87508 5
      vertex -12 -12 5
      vertex -6.82965 -6.8897 5
    endloop
  endfacet
  facet normal 0 0 1
    outer loop
      vertex -6.8602 -6.8602 5
      vertex -12 -12 5
      vertex -6.84506 -6.87508 5
    endloop
  endfacet
  facet normal 0 0 1
    outer loop
      vertex -6.87508 -6.84506 5
      vertex -12 -12 5
      vertex -6.8602 -6.8602 5
    endloop
  endfacet
  facet normal 0 0 1
    outer loop
      vertex -6.8897 -6.82965 5
      vertex -12 -12 5
      vertex -6.87508 -6.84506 5
    endloop
  endfacet
  facet normal 0 0 1
    outer loop
      vertex -6.90404 -6.814 5
      vertex -12 -12 5
      vertex -6.8897 -6.82965 5
    endloop
  endfacet
  facet normal 0 0 1
    outer loop
      vertex -6.91811 -6.7981 5
      vertex -12 -12 5
      vertex -6.90404 -6.814 5
    endloop
  endfacet
  facet normal 0 0 1
    outer loop
      vertex -6.9319 -6.78195 5
      vertex -12 -12 5
      vertex -6.91811 -6.7981 5
    endloop
  endfacet
  facet normal 0 0 1
    outer loop
      vertex -6.9454 -6.76557 5
      vertex -12 -12 5
      vertex -6.9319 -6.78195 5
    endloop
  endfacet
  facet normal 0 0 1
    outer loop
      vertex -6.95862 -6.74896 5
      vertex -12 -12 5
      vertex -6.9454 -6.76557 5
    endloop
  endfacet
  facet normal 0 0 1
    outer loop
      vertex -6.97154 -6.73211 5
      vertex -12 -12 5
      vertex -6.95862 -6.74896 5
    endloop
  endfacet
  facet normal 0 0 1
    outer loop
      vertex -6.98417 -6.71504 5
      vertex -12 -12 5
      vertex -6.97154 -6.73211 5
    endloop
  endfacet
  facet normal 0 0 1
    outer loop
      vertex -6.9965 -6.69776 5
      vertex -12 -12 5
      vertex -6.98417 -6.71504 5
    endloop
  endfacet
  facet normal 0 0 1
    outer loop
      vertex -7.00853 -6.68026 5
      vertex -12 -12 5
      vertex -6.9965 -6.69776 5
    endloop
  endfacet
  facet normal 0 0 1
    outer loop
      vertex -7.02025 -6.66256 5
      vertex -12 -12 5
      vertex -7.00853 -6.68026 5
    endloop
  endfacet
  facet normal 0 0 1
    outer loop
      vertex -7.03166 -6.64465 5
      vertex -12 -12 5
      vertex -7.02025 -6.66256 5
    endloop
  endfacet
  facet normal 0 0 1
    outer loop
      vertex -7.04275 -6.62655 5
      vertex -12 -12 5
      vertex -7.03166 -6.64465 5
    endloop
  endfacet
  facet normal 0 0 1
    outer loop
      vertex -7.05352 -6.60825 5
      vertex -12 -12 5
      vertex -7.04275 -6.62655 5
    endloop
  endfacet
  facet normal 0 0 1
    outer loop
      vertex -7.06398 -6.58977 5
      vertex -12 -12 5
      vertex -7.05352 -6.60825 5
    endloop
  endfacet
  facet normal 0 0 1
    outer loop
      vertex -7.07411 -6.57111 5
      vertex -12 -12 5
      vertex -7.06398 -6.58977 5
    endloop
  endfacet
  facet normal 0 0 1
    outer loop
      vertex -7.08391 -6.55228 5
      vertex -12 -12 5
      vertex -7.07411 -6.57111 5
    endloop
  endfacet
  facet normal 0 0 1
    outer loop
      vertex -7.09339 -6.53328 5
      vertex -12 -12 5
      vertex -7.08391 -6.55228 5
    endloop
  endfacet
  facet normal 0 0 1
    outer loop
      vertex -7.10253 -6.51412 5
      vertex -12 -12 5
      vertex -7.09339 -6.53328 5
    endloop
  endfacet
  facet normal 0 0 1
    outer loop
      vertex -7.11133 -6.4948 5
      vertex -12 -12 5
      vertex -7.10253 -6.51412 5
    endloop
  endfacet
  facet normal 0 0 1
    outer loop
      vertex -7.1198 -6.47533 5
      vertex -12 -12 5
      vertex -7.11133 -6.4948 5
    endloop
  endfacet
  facet normal 0 0 1
    outer loop
      vertex -7.12792 -6.45571 5
      vertex -12 -12 5
      vertex -7.1198 -6.47533 5
    endloop
  endfacet
  facet normal 0 0 1
    outer loop
      vertex -7.13571 -6.43596 5
      vertex -12 -12 5
      vertex -7.12792 -6.45571 5
    endloop
  endfacet
  facet normal 0 0 1
    outer loop
      vertex -7.14314 -6.41607 5
      vertex -12 -12 5
      vertex -7.13571 -6.43596 5
    endloop
  endfacet
  facet normal 0 0 1
    outer loop
      vertex -7.15023 -6.39606 5
      vertex -12 -12 5
      vertex -7.14314 -6.41607 5
    endloop
  endfacet
  facet normal 0 0 1
    outer loop
      vertex -7.15697 -6.37592 5
      vertex -12 -12 5
      vertex -7.15023 -6.39606 5
    endloop
  endfacet
  facet normal 0 0 1
    outer loop
      vertex -7.16335 -6.35567 5
      vertex -12 -12 5
      vertex -7.15697 -6.37592 5
    endloop
  endfacet
  facet normal 0 0 1
    outer loop
      vertex -7.16938 -6.33531 5
      vertex -12 -12 5
      vertex -7.16335 -6.35567 5
    endloop
  endfacet
  facet normal 0 0 1
    outer loop
      vertex -7.17505 -6.31485 5
      vertex -12 -12 5
      vertex -7.16938 -6.33531 5
    endloop
  endfacet
  facet normal 0 0 1
    outer loop
      vertex -7.18037 -6.2943 5
      vertex -12 -12 5
      vertex -7.17505 -6.31485 5
    endloop
  endfacet
  facet normal 0 0 -1
    outer loop
      vertex -4.8802 -5.52467 -5
      vertex 4.8812 -5.52467 -5
      vertex -4.87208 -5.54429 -5
    endloop
  endfacet
  facet normal 0 0 -1
    outer loop
      vertex 5.1113 5.17135 -5
      vertex -4.78368 5.97977 -5
      vertex -4.78349 6.001 -5
    endloop
  endfacet
  facet normal 0 0 -1
    outer loop
      vertex 4.8812 -5.52467 -5
      vertex -4.8802 -5.52467 -5
      vertex 4.88967 -5.5052 -5
    endloop
  endfacet
  facet normal 0 0 -1
    outer loop
      vertex 5.1113 5.17135 -5
      vertex -4.78424 5.95855 -5
      vertex -4.78368 5.97977 -5
    endloop
  endfacet
  facet normal 0 0 -1
    outer loop
      vertex -4.88867 -5.5052 -5
      vertex 4.88967 -5.5052 -5
      vertex -4.8802 -5.52467 -5
    endloop
  endfacet
  facet normal 0 0 -1
    outer loop
      vertex 5.1113 5.17135 -5
      vertex -4.78516 5.93733 -5
      vertex -4.78424 5.95855 -5
    endloop
  endfacet
  facet normal 0 0 -1
    outer loop
      vertex 4.88967 -5.5052 -5
      vertex -4.88867 -5.5052 -5
      vertex 4.89847 -5.48588 -5
    endloop
  endfacet
  facet normal 0 0 -1
    outer loop
      vertex 5.1113 5.17135 -5
      vertex -4.78646 5.91614 -5
      vertex -4.78516 5.93733 -5
    endloop
  endfacet
  facet normal 0 0 -1
    outer loop
      vertex -4.89747 -5.48588 -5
      vertex 4.89847 -5.48588 -5
      vertex -4.88867 -5.5052 -5
    endloop
  endfacet
  facet normal 0 0 -1
    outer loop
      vertex 5.1113 5.17135 -5
      vertex -4.78812 5.89498 -5
      vertex -4.78646 5.91614 -5
    endloop
  endfacet
  facet normal 0 0 -1
    outer loop
      vertex 4.89847 -5.48588 -5
      vertex -4.89747 -5.48588 -5
      vertex 4.90761 -5.46672 -5
    endloop
  endfacet
  facet normal 0 0 -1
    outer loop
      vertex 5.1113 5.17135 -5
      vertex -4.79016 5.87384 -5
      vertex -4.78812 5.89498 -5
    endloop
  endfacet
  facet normal 0 0 -1
    outer loop
      vertex -4.90661 -5.46672 -5
      vertex 4.90761 -5.46672 -5
      vertex -4.89747 -5.48588 -5
    endloop
  endfacet
  facet normal 0 0 -1
    outer loop
      vertex 5.1113 5.17135 -5
      vertex -4.79256 5.85275 -5
      vertex -4.79016 5.87384 -5
    endloop
  endfacet
  facet normal 0 0 -1
    outer loop
      vertex 4.90761 -5.46672 -5
      vertex -4.90661 -5.46672 -5
      vertex 4.91709 -5.44772 -5
    endloop
  endfacet
  facet normal 0 0 -1
    outer loop
      vertex 5.1113 5.17135 -5
      vertex -4.79533 5.8317 -5
      vertex -4.79256 5.85275 -5
    endloop
  endfacet
  facet normal 0 0 -1
    outer loop
      vertex -4.91609 -5.44772 -5
      vertex 4.91709 -5.44772 -5
      vertex -4.90661 -5.46672 -5
    endloop
  endfacet
  facet normal 0 0 -1
    outer loop
      vertex 5.1113 5.17135 -5
      vertex -4.79847 5.8107 -5
      vertex -4.79533 5.8317 -5
    endloop
  endfacet
  facet normal 0 0 -1
    outer loop
      vertex 4.91709 -5.44772 -5
      vertex -4.91609 -5.44772 -5
      vertex 4.92689 -5.42889 -5
    endloop
  endfacet
  facet normal 0 0 -1
    outer loop
      vertex 5.1113 5.17135 -5
      vertex -4.80198 5.78976 -5
      vertex -4.79847 5.8107 -5
    endloop
  endfacet
  facet normal 0 0 -1
    outer loop
      vertex -4.92589 -5.42889 -5
      vertex 4.92689 -5.42889 -5
      vertex -4.91609 -5.44772 -5
    endloop
  endfacet
  facet normal 0 0 -1
    outer loop
      vertex 5.1113 5.17135 -5
      vertex -4.80584 5.76888 -5
      vertex -4.80198 5.78976 -5
    endloop
  endfacet
  facet normal 0 0 -1
    outer loop
      vertex 4.92689 -5.42889 -5
      vertex -4.92589 -5.42889 -5
      vertex 4.93702 -5.41023 -5
    endloop
  endfacet
  facet normal 0 0 -1
    outer loop
      vertex 5.1113 5.17135 -5
      vertex -4.81008 5.74807 -5
      vertex -4.80584 5.76888 -5
    endloop
  endfacet
  facet normal 0 0 -1
    outer loop
      vertex -4.93602 -5.41023 -5
      vertex 4.93702 -5.41023 -5
      vertex -4.92589 -5.42889 -5
    endloop
  endfacet
  facet normal 0 0 -1
    outer loop
      vertex 5.1113 5.17135 -5
      vertex -4.81467 5.72735 -5
      vertex -4.81008 5.74807 -5
    endloop
  endfacet
  facet normal 0 0 -1
    outer loop
      vertex 4.93702 -5.41023 -5
      vertex -4.93602 -5.41023 -5
      vertex 4.94747 -5.39175 -5
    endloop
  endfacet
  facet normal 0 0 -1
    outer loop
      vertex 5.1113 5.17135 -5
      vertex -4.81963 5.7067 -5
      vertex -4.81467 5.72735 -5
    endloop
  endfacet
  facet normal 0 0 -1
    outer loop
      vertex -4.94648 -5.39175 -5
      vertex 4.94747 -5.39175 -5
      vertex -4.93602 -5.41023 -5
    endloop
  endfacet
  facet normal 0 0 -1
    outer loop
      vertex 5.1113 5.17135 -5
      vertex -4.82495 5.68615 -5
      vertex -4.81963 5.7067 -5
    endloop
  endfacet
  facet normal 0 0 -1
    outer loop
      vertex 4.94747 -5.39175 -5
      vertex -4.94648 -5.39175 -5
      vertex 4.95825 -5.37345 -5
    endloop
  endfacet
  facet normal 0 0 -1
    outer loop
      vertex 5.1113 5.17135 -5
      vertex -4.83062 5.66569 -5
      vertex -4.82495 5.68615 -5
    endloop
  endfacet
  facet normal 0 0 -1
    outer loop
      vertex -4.95725 -5.37345 -5
      vertex 4.95825 -5.37345 -5
      vertex -4.94648 -5.39175 -5
    endloop
  endfacet
  facet normal 0 0 -1
    outer loop
      vertex 5.1113 5.17135 -5
      vertex -4.83665 5.64533 -5
      vertex -4.83062 5.66569 -5
    endloop
  endfacet
  facet normal 0 0 -1
    outer loop
      vertex 4.95825 -5.37345 -5
      vertex -4.95725 -5.37345 -5
      vertex 4.96934 -5.35535 -5
    endloop
  endfacet
  facet normal 0 0 -1
    outer loop
      vertex 5.1113 5.17135 -5
      vertex -4.84303 5.62508 -5
      vertex -4.83665 5.64533 -5
    endloop
  endfacet
  facet normal 0 0 -1
    outer loop
      vertex -4.96834 -5.35535 -5
      vertex 4.96934 -5.35535 -5
      vertex -4.95725 -5.37345 -5
    endloop
  endfacet
  facet normal 0 0 -1
    outer loop
      vertex 5.1113 5.17135 -5
      vertex -4.84977 5.60494 -5
      vertex -4.84303 5.62508 -5
    endloop
  endfacet
  facet normal 0 0 -1
    outer loop
      vertex 4.96934 -5.35535 -5
      vertex -4.96834 -5.35535 -5
      vertex 4.98075 -5.33744 -5
    endloop
  endfacet
  facet normal 0 0 -1
    outer loop
      vertex 5.1113 5.17135 -5
      vertex -4.85686 5.58493 -5
      vertex -4.84977 5.60494 -5
    endloop
  endfacet
  facet normal 0 0 -1
    outer loop
      vertex -4.97975 -5.33744 -5
      vertex 4.98075 -5.33744 -5
      vertex -4.96834 -5.35535 -5
    endloop
  endfacet
  facet normal 0 0 -1
    outer loop
      vertex 5.1113 5.17135 -5
      vertex -4.86429 5.56504 -5
      vertex -4.85686 5.58493 -5
    endloop
  endfacet
  facet normal 0 0 -1
    outer loop
      vertex 4.98075 -5.33744 -5
      vertex -4.97975 -5.33744 -5
      vertex 4.99247 -5.31974 -5
    endloop
  endfacet
  facet normal 0 0 -1
    outer loop
      vertex 5.1113 5.17135 -5
      vertex -4.87208 5.54529 -5
      vertex -4.86429 5.56504 -5
    endloop
  endfacet
  facet normal 0 0 -1
    outer loop
      vertex -4.99147 -5.31974 -5
      vertex 4.99247 -5.31974 -5
      vertex -4.97975 -5.33744 -5
    endloop
  endfacet
  facet normal 0 0 -1
    outer loop
      vertex 5.1113 5.17135 -5
      vertex -4.8802 5.52567 -5
      vertex -4.87208 5.54529 -5
    endloop
  endfacet
  facet normal 0 0 -1
    outer loop
      vertex 4.99247 -5.31974 -5
      vertex -4.99147 -5.31974 -5
      vertex 5.0045 -5.30224 -5
    endloop
  endfacet
  facet normal 0 0 -1
    outer loop
      vertex 5.1113 5.17135 -5
      vertex -4.88867 5.5062 -5
      vertex -4.8802 5.52567 -5
    endloop
  endfacet
  facet normal 0 0 -1
    outer loop
      vertex -5.0035 -5.30224 -5
      vertex 5.0045 -5.30224 -5
      vertex -4.99147 -5.31974 -5
    endloop
  endfacet
  facet normal 0 0 -1
    outer loop
      vertex 5.1113 5.17135 -5
      vertex -4.89747 5.48688 -5
      vertex -4.88867 5.5062 -5
    endloop
  endfacet
  facet normal 0 0 -1
    outer loop
      vertex 5.0045 -5.30224 -5
      vertex -5.0035 -5.30224 -5
      vertex 5.01683 -5.28496 -5
    endloop
  endfacet
  facet normal 0 0 -1
    outer loop
      vertex 5.1113 5.17135 -5
      vertex -4.90661 5.46772 -5
      vertex -4.89747 5.48688 -5
    endloop
  endfacet
  facet normal 0 0 -1
    outer loop
      vertex -5.01583 -5.28496 -5
      vertex 5.01683 -5.28496 -5
      vertex -5.0035 -5.30224 -5
    endloop
  endfacet
  facet normal 0 0 -1
    outer loop
      vertex 5.1113 5.17135 -5
      vertex -4.91609 5.44872 -5
      vertex -4.90661 5.46772 -5
    endloop
  endfacet
  facet normal 0 0 -1
    outer loop
      vertex 5.01683 -5.28496 -5
      vertex -5.01583 -5.28496 -5
      vertex 5.02946 -5.26789 -5
    endloop
  endfacet
  facet normal 0 0 -1
    outer loop
      vertex 5.1113 5.17135 -5
      vertex -4.92589 5.42989 -5
      vertex -4.91609 5.44872 -5
    endloop
  endfacet
  facet normal 0 0 -1
    outer loop
      vertex -5.02846 -5.26789 -5
      vertex 5.02946 -5.26789 -5
      vertex -5.01583 -5.28496 -5
    endloop
  endfacet
  facet normal 0 0 -1
    outer loop
      vertex 5.1113 5.17135 -5
      vertex -4.93602 5.41123 -5
      vertex -4.92589 5.42989 -5
    endloop
  endfacet
  facet normal 0 0 -1
    outer loop
      vertex 5.02946 -5.26789 -5
      vertex -5.02846 -5.26789 -5
      vertex 5.04238 -5.25104 -5
    endloop
  endfacet
  facet normal 0 0 -1
    outer loop
      vertex 5.1113 5.17135 -5
      vertex -4.94648 5.39275 -5
      vertex -4.93602 5.41123 -5
    endloop
  endfacet
  facet normal 0 0 -1
    outer loop
      vertex -5.04138 -5.25104 -5
      vertex 5.04238 -5.25104 -5
      vertex -5.02846 -5.26789 -5
    endloop
  endfacet
  facet normal 0 0 -1
    outer loop
      vertex 5.1113 5.17135 -5
      vertex -4.95725 5.37445 -5
      vertex -4.94648 5.39275 -5
    endloop
  endfacet
  facet normal 0 0 -1
    outer loop
      vertex 5.04238 -5.25104 -5
      vertex -5.04138 -5.25104 -5
      vertex 5.0556 -5.23443 -5
    endloop
  endfacet
  facet normal 0 0 -1
    outer loop
      vertex 5.1113 5.17135 -5
      vertex -4.96834 5.35635 -5
      vertex -4.95725 5.37445 -5
    endloop
  endfacet
  facet normal 0 0 -1
    outer loop
      vertex -5.0546 -5.23443 -5
      vertex 5.0556 -5.23443 -5
      vertex -5.04138 -5.25104 -5
    endloop
  endfacet
  facet normal 0 0 -1
    outer loop
      vertex 5.1113 5.17135 -5
      vertex -4.97975 5.33844 -5
      vertex -4.96834 5.35635 -5
    endloop
  endfacet
  facet normal 0 0 -1
    outer loop
      vertex 5.0556 -5.23443 -5
      vertex -5.0546 -5.23443 -5
      vertex 5.0691 -5.21805 -5
    endloop
  endfacet
  facet normal 0 0 -1
    outer loop
      vertex 5.1113 5.17135 -5
      vertex -4.99147 5.32074 -5
      vertex -4.97975 5.33844 -5
    endloop
  endfacet
  facet normal 0 0 -1
    outer loop
      vertex -5.0681 -5.21805 -5
      vertex 5.0691 -5.21805 -5
      vertex -5.0546 -5.23443 -5
    endloop
  endfacet
  facet normal 0 0 -1
    outer loop
      vertex 5.1113 5.17135 -5
      vertex -5.0035 5.30324 -5
      vertex -4.99147 5.32074 -5
    endloop
  endfacet
  facet normal 0 0 -1
    outer loop
      vertex 5.0691 -5.21805 -5
      vertex -5.0681 -5.21805 -5
      vertex 5.08289 -5.2019 -5
    endloop
  endfacet
  facet normal 0 0 -1
    outer loop
      vertex 5.1113 5.17135 -5
      vertex -5.01583 5.28596 -5
      vertex -5.0035 5.30324 -5
    endloop
  endfacet
  facet normal 0 0 -1
    outer loop
      vertex -5.08189 -5.2019 -5
      vertex 5.08289 -5.2019 -5
      vertex -5.0681 -5.21805 -5
    endloop
  endfacet
  facet normal 0 0 -1
    outer loop
      vertex 5.1113 5.17135 -5
      vertex -5.02846 5.26889 -5
      vertex -5.01583 5.28596 -5
    endloop
  endfacet
  facet normal 0 0 -1
    outer loop
      vertex 5.08289 -5.2019 -5
      vertex -5.08189 -5.2019 -5
      vertex 5.09696 -5.186 -5
    endloop
  endfacet
  facet normal 0 0 -1
    outer loop
      vertex 5.1113 5.17135 -5
      vertex -5.04138 5.25204 -5
      vertex -5.02846 5.26889 -5
    endloop
  endfacet
  facet normal 0 0 -1
    outer loop
      vertex -5.09596 -5.186 -5
      vertex 5.09696 -5.186 -5
      vertex -5.08189 -5.2019 -5
    endloop
  endfacet
  facet normal 0 0 -1
    outer loop
      vertex 5.1113 5.17135 -5
      vertex -5.0546 5.23543 -5
      vertex -5.04138 5.25204 -5
    endloop
  endfacet
  facet normal 0 0 -1
    outer loop
      vertex 5.09696 -5.186 -5
      vertex -5.09596 -5.186 -5
      vertex 5.1113 -5.17035 -5
    endloop
  endfacet
  facet normal 0 0 -1
    outer loop
      vertex 5.1113 5.17135 -5
      vertex -5.0681 5.21905 -5
      vertex -5.0546 5.23543 -5
    endloop
  endfacet
  facet normal 0 0 -1
    outer loop
      vertex -5.1103 -5.17035 -5
      vertex 5.1113 -5.17035 -5
      vertex -5.09596 -5.186 -5
    endloop
  endfacet
  facet normal 0 0 -1
    outer loop
      vertex 5.1113 5.17135 -5
      vertex -5.08189 5.2029 -5
      vertex -5.0681 5.21905 -5
    endloop
  endfacet
  facet normal 0 0 -1
    outer loop
      vertex -5.12492 -5.15494 -5
      vertex 5.1113 -5.17035 -5
      vertex -5.1103 -5.17035 -5
    endloop
  endfacet
  facet normal 0 0 -1
    outer loop
      vertex 5.1113 5.17135 -5
      vertex -5.09596 5.187 -5
      vertex -5.08189 5.2029 -5
    endloop
  endfacet
  facet normal 0 0 -1
    outer loop
      vertex -5.1398 -5.1398 -5
      vertex 5.1113 -5.17035 -5
      vertex -5.12492 -5.15494 -5
    endloop
  endfacet
  facet normal 0 0 -1
    outer loop
      vertex 5.1113 5.17135 -5
      vertex -5.1103 5.17135 -5
      vertex -5.09596 5.187 -5
    endloop
  endfacet
  facet normal 0 0 -1
    outer loop
      vertex 5.1113 -5.17035 -5
      vertex -5.1398 -5.1398 -5
      vertex 5.1113 5.17135 -5
    endloop
  endfacet
  facet normal -0 0 -1
    outer loop
      vertex 5.1113 5.17135 -5
      vertex -5.12492 5.15594 -5
      vertex -5.1103 5.17135 -5
    endloop
  endfacet
  facet normal 0 0 -1
    outer loop
      vertex -5.1398 5.1408 -5
      vertex 5.1113 5.17135 -5
      vertex -5.1398 -5.1398 -5
    endloop
  endfacet
  facet normal 0 0 -1
    outer loop
      vertex 5.1113 5.17135 -5
      vertex -5.1398 5.1408 -5
      vertex -5.12492 5.15594 -5
    endloop
  endfacet
  facet normal 0 0 -1
    outer loop
      vertex -5.15494 -5.12492 -5
      vertex -5.1398 5.1408 -5
      vertex -5.1398 -5.1398 -5
    endloop
  endfacet
  facet normal 0 0 -1
    outer loop
      vertex -5.15494 -5.12492 -5
      vertex -5.15494 5.12592 -5
      vertex -5.1398 5.1408 -5
    endloop
  endfacet
  facet normal 0 0 -1
    outer loop
      vertex -5.17035 -5.1103 -5
      vertex -5.15494 5.12592 -5
      vertex -5.15494 -5.12492 -5
    endloop
  endfacet
  facet normal 0 0 -1
    outer loop
      vertex -5.17035 -5.1103 -5
      vertex -5.17035 5.1113 -5
      vertex -5.15494 5.12592 -5
    endloop
  endfacet
  facet normal 0 0 -1
    outer loop
      vertex -5.186 -5.09596 -5
      vertex -5.17035 5.1113 -5
      vertex -5.17035 -5.1103 -5
    endloop
  endfacet
  facet normal 0 0 -1
    outer loop
      vertex -5.186 -5.09596 -5
      vertex -5.186 5.09696 -5
      vertex -5.17035 5.1113 -5
    endloop
  endfacet
  facet normal 0 0 -1
    outer loop
      vertex -5.2019 -5.08189 -5
      vertex -5.186 5.09696 -5
      vertex -5.186 -5.09596 -5
    endloop
  endfacet
  facet normal 0 0 -1
    outer loop
      vertex -5.2019 -5.08189 -5
      vertex -5.2019 5.08289 -5
      vertex -5.186 5.09696 -5
    endloop
  endfacet
  facet normal 0 0 -1
    outer loop
      vertex -5.21805 -5.0681 -5
      vertex -5.2019 5.08289 -5
      vertex -5.2019 -5.08189 -5
    endloop
  endfacet
  facet normal 0 0 -1
    outer loop
      vertex -5.21805 -5.0681 -5
      vertex -5.21805 5.0691 -5
      vertex -5.2019 5.08289 -5
    endloop
  endfacet
  facet normal 0 0 -1
    outer loop
      vertex -5.23443 -5.0546 -5
      vertex -5.21805 5.0691 -5
      vertex -5.21805 -5.0681 -5
    endloop
  endfacet
  facet normal 0 0 -1
    outer loop
      vertex -5.23443 -5.0546 -5
      vertex -5.23443 5.0556 -5
      vertex -5.21805 5.0691 -5
    endloop
  endfacet
  facet normal 0 0 -1
    outer loop
      vertex -5.25104 -5.04138 -5
      vertex -5.23443 5.0556 -5
      vertex -5.23443 -5.0546 -5
    endloop
  endfacet
  facet normal 0 0 -1
    outer loop
      vertex -5.25104 -5.04138 -5
      vertex -5.25104 5.04238 -5
      vertex -5.23443 5.0556 -5
    endloop
  endfacet
  facet normal 0 0 -1
    outer loop
      vertex -5.26789 -5.02846 -5
      vertex -5.25104 5.04238 -5
      vertex -5.25104 -5.04138 -5
    endloop
  endfacet
  facet normal 0 0 -1
    outer loop
      vertex -5.26789 -5.02846 -5
      vertex -5.26789 5.02946 -5
      vertex -5.25104 5.04238 -5
    endloop
  endfacet
  facet normal 0 0 -1
    outer loop
      vertex -5.28496 -5.01583 -5
      vertex -5.26789 5.02946 -5
      vertex -5.26789 -5.02846 -5
    endloop
  endfacet
  facet normal 0 0 -1
    outer loop
      vertex -5.28496 -5.01583 -5
      vertex -5.28496 5.01683 -5
      vertex -5.26789 5.02946 -5
    endloop
  endfacet
  facet normal 0 0 -1
    outer loop
      vertex -5.30224 -5.0035 -5
      vertex -5.28496 5.01683 -5
      vertex -5.28496 -5.01583 -5
    endloop
  endfacet
  facet normal 0 0 -1
    outer loop
      vertex -5.30224 -5.0035 -5
      vertex -5.30224 5.0045 -5
      vertex -5.28496 5.01683 -5
    endloop
  endfacet
  facet normal 0 0 -1
    outer loop
      vertex -5.31974 -4.99147 -5
      vertex -5.30224 5.0045 -5
      vertex -5.30224 -5.0035 -5
    endloop
  endfacet
  facet normal 0 0 -1
    outer loop
      vertex -5.31974 -4.99147 -5
      vertex -5.31974 4.99247 -5
      vertex -5.30224 5.0045 -5
    endloop
  endfacet
  facet normal 0 0 -1
    outer loop
      vertex -5.33744 -4.97975 -5
      vertex -5.31974 4.99247 -5
      vertex -5.31974 -4.99147 -5
    endloop
  endfacet
  facet normal 0 0 -1
    outer loop
      vertex -5.33744 -4.97975 -5
      vertex -5.33744 4.98075 -5
      vertex -5.31974 4.99247 -5
    endloop
  endfacet
  facet normal 0 0 -1
    outer loop
      vertex -5.35535 -4.96834 -5
      vertex -5.33744 4.98075 -5
      vertex -5.33744 -4.97975 -5
    endloop
  endfacet
  facet normal 0 0 -1
    outer loop
      vertex -5.35535 -4.96834 -5
      vertex -5.35535 4.96934 -5
      vertex -5.33744 4.98075 -5
    endloop
  endfacet
  facet normal 0 0 -1
    outer loop
      vertex -5.37345 -4.95725 -5
      vertex -5.35535 4.96934 -5
      vertex -5.35535 -4.96834 -5
    endloop
  endfacet
  facet normal 0 0 -1
    outer loop
      vertex -5.37345 -4.95725 -5
      vertex -5.37345 4.95825 -5
      vertex -5.35535 4.96934 -5
    endloop
  endfacet
  facet normal 0 0 -1
    outer loop
      vertex -5.39175 -4.94648 -5
      vertex -5.37345 4.95825 -5
      vertex -5.37345 -4.95725 -5
    endloop
  endfacet
  facet normal 0 0 -1
    outer loop
      vertex -5.39175 -4.94648 -5
      vertex -5.39175 4.94747 -5
      vertex -5.37345 4.95825 -5
    endloop
  endfacet
  facet normal 0 0 -1
    outer loop
      vertex -5.41023 -4.93602 -5
      vertex -5.39175 4.94747 -5
      vertex -5.39175 -4.94648 -5
    endloop
  endfacet
  facet normal 0 0 -1
    outer loop
      vertex -5.41023 -4.93602 -5
      vertex -5.41023 4.93702 -5
      vertex -5.39175 4.94747 -5
    endloop
  endfacet
  facet normal 0 0 -1
    outer loop
      vertex -5.42889 -4.92589 -5
      vertex -5.41023 4.93702 -5
      vertex -5.41023 -4.93602 -5
    endloop
  endfacet
  facet normal 0 0 -1
    outer loop
      vertex -5.42889 -4.92589 -5
      vertex -5.42889 4.92689 -5
      vertex -5.41023 4.93702 -5
    endloop
  endfacet
  facet normal 0 0 -1
    outer loop
      vertex -5.44772 -4.91609 -5
      vertex -5.42889 4.92689 -5
      vertex -5.42889 -4.92589 -5
    endloop
  endfacet
  facet normal 0 0 -1
    outer loop
      vertex -5.44772 -4.91609 -5
      vertex -5.44772 4.91709 -5
      vertex -5.42889 4.92689 -5
    endloop
  endfacet
  facet normal 0 0 -1
    outer loop
      vertex -5.46672 -4.90661 -5
      vertex -5.44772 4.91709 -5
      vertex -5.44772 -4.91609 -5
    endloop
  endfacet
  facet normal 0 0 -1
    outer loop
      vertex -5.46672 -4.90661 -5
      vertex -5.46672 4.90761 -5
      vertex -5.44772 4.91709 -5
    endloop
  endfacet
  facet normal 0 0 -1
    outer loop
      vertex -5.48588 -4.89747 -5
      vertex -5.46672 4.90761 -5
      vertex -5.46672 -4.90661 -5
    endloop
  endfacet
  facet normal 0 0 -1
    outer loop
      vertex -5.48588 -4.89747 -5
      vertex -5.48588 4.89847 -5
      vertex -5.46672 4.90761 -5
    endloop
  endfacet
  facet normal 0 0 -1
    outer loop
      vertex -5.5052 -4.88867 -5
      vertex -5.48588 4.89847 -5
      vertex -5.48588 -4.89747 -5
    endloop
  endfacet
  facet normal 0 0 -1
    outer loop
      vertex -5.5052 -4.88867 -5
      vertex -5.5052 4.88967 -5
      vertex -5.48588 4.89847 -5
    endloop
  endfacet
  facet normal 0 0 -1
    outer loop
      vertex -5.52467 -4.8802 -5
      vertex -5.5052 4.88967 -5
      vertex -5.5052 -4.88867 -5
    endloop
  endfacet
  facet normal 0 0 -1
    outer loop
      vertex -5.52467 -4.8802 -5
      vertex -5.52467 4.8812 -5
      vertex -5.5052 4.88967 -5
    endloop
  endfacet
  facet normal 0 0 -1
    outer loop
      vertex -5.54429 -4.87208 -5
      vertex -5.52467 4.8812 -5
      vertex -5.52467 -4.8802 -5
    endloop
  endfacet
  facet normal 0 0 -1
    outer loop
      vertex -5.54429 -4.87208 -5
      vertex -5.54429 4.87308 -5
      vertex -5.52467 4.8812 -5
    endloop
  endfacet
  facet normal 0 0 -1
    outer loop
      vertex -5.56404 -4.86429 -5
      vertex -5.54429 4.87308 -5
      vertex -5.54429 -4.87208 -5
    endloop
  endfacet
  facet normal 0 0 -1
    outer loop
      vertex -5.56404 -4.86429 -5
      vertex -5.56404 4.86529 -5
      vertex -5.54429 4.87308 -5
    endloop
  endfacet
  facet normal 0 0 -1
    outer loop
      vertex -5.58393 -4.85686 -5
      vertex -5.56404 4.86529 -5
      vertex -5.56404 -4.86429 -5
    endloop
  endfacet
  facet normal 0 0 -1
    outer loop
      vertex -5.58393 -4.85686 -5
      vertex -5.58393 4.85786 -5
      vertex -5.56404 4.86529 -5
    endloop
  endfacet
  facet normal 0 0 -1
    outer loop
      vertex -5.60394 -4.84977 -5
      vertex -5.58393 4.85786 -5
      vertex -5.58393 -4.85686 -5
    endloop
  endfacet
  facet normal 0 0 -1
    outer loop
      vertex -5.60394 -4.84977 -5
      vertex -5.60394 4.85077 -5
      vertex -5.58393 4.85786 -5
    endloop
  endfacet
  facet normal 0 0 -1
    outer loop
      vertex -5.62408 -4.84303 -5
      vertex -5.60394 4.85077 -5
      vertex -5.60394 -4.84977 -5
    endloop
  endfacet
  facet normal 0 0 -1
    outer loop
      vertex -5.62408 -4.84303 -5
      vertex -5.62408 4.84403 -5
      vertex -5.60394 4.85077 -5
    endloop
  endfacet
  facet normal 0 0 -1
    outer loop
      vertex -5.64433 -4.83665 -5
      vertex -5.62408 4.84403 -5
      vertex -5.62408 -4.84303 -5
    endloop
  endfacet
  facet normal 0 0 -1
    outer loop
      vertex -5.64433 -4.83665 -5
      vertex -5.64433 4.83765 -5
      vertex -5.62408 4.84403 -5
    endloop
  endfacet
  facet normal 0 0 -1
    outer loop
      vertex -5.66469 -4.83062 -5
      vertex -5.64433 4.83765 -5
      vertex -5.64433 -4.83665 -5
    endloop
  endfacet
  facet normal 0 0 -1
    outer loop
      vertex -5.66469 -4.83062 -5
      vertex -5.66469 4.83162 -5
      vertex -5.64433 4.83765 -5
    endloop
  endfacet
  facet normal 0 0 -1
    outer loop
      vertex -5.68515 -4.82495 -5
      vertex -5.66469 4.83162 -5
      vertex -5.66469 -4.83062 -5
    endloop
  endfacet
  facet normal 0 0 -1
    outer loop
      vertex -5.68515 -4.82495 -5
      vertex -5.68515 4.82595 -5
      vertex -5.66469 4.83162 -5
    endloop
  endfacet
  facet normal 0 0 -1
    outer loop
      vertex -5.7057 -4.81963 -5
      vertex -5.68515 4.82595 -5
      vertex -5.68515 -4.82495 -5
    endloop
  endfacet
  facet normal 0 0 -1
    outer loop
      vertex -5.7057 -4.81963 -5
      vertex -5.7057 4.82063 -5
      vertex -5.68515 4.82595 -5
    endloop
  endfacet
  facet normal 0 0 -1
    outer loop
      vertex -5.72635 -4.81467 -5
      vertex -5.7057 4.82063 -5
      vertex -5.7057 -4.81963 -5
    endloop
  endfacet
  facet normal 0 0 -1
    outer loop
      vertex -5.72635 -4.81467 -5
      vertex -5.72635 4.81567 -5
      vertex -5.7057 4.82063 -5
    endloop
  endfacet
  facet normal 0 0 -1
    outer loop
      vertex -5.74707 -4.81008 -5
      vertex -5.72635 4.81567 -5
      vertex -5.72635 -4.81467 -5
    endloop
  endfacet
  facet normal 0 0 -1
    outer loop
      vertex -5.74707 -4.81008 -5
      vertex -5.74707 4.81108 -5
      vertex -5.72635 4.81567 -5
    endloop
  endfacet
  facet normal 0 0 -1
    outer loop
      vertex -5.76788 -4.80584 -5
      vertex -5.74707 4.81108 -5
      vertex -5.74707 -4.81008 -5
    endloop
  endfacet
  facet normal 0 0 -1
    outer loop
      vertex -5.76788 -4.80584 -5
      vertex -5.76788 4.80684 -5
      vertex -5.74707 4.81108 -5
    endloop
  endfacet
  facet normal 0 0 -1
    outer loop
      vertex -5.78876 -4.80198 -5
      vertex -5.76788 4.80684 -5
      vertex -5.76788 -4.80584 -5
    endloop
  endfacet
  facet normal 0 0 -1
    outer loop
      vertex -5.78876 -4.80198 -5
      vertex -5.78876 4.80298 -5
      vertex -5.76788 4.80684 -5
    endloop
  endfacet
  facet normal 0 0 -1
    outer loop
      vertex -5.8097 -4.79847 -5
      vertex -5.78876 4.80298 -5
      vertex -5.78876 -4.80198 -5
    endloop
  endfacet
  facet normal 0 0 -1
    outer loop
      vertex -5.8097 -4.79847 -5
      vertex -5.8097 4.79947 -5
      vertex -5.78876 4.80298 -5
    endloop
  endfacet
  facet normal 0 0 -1
    outer loop
      vertex -5.8307 -4.79533 -5
      vertex -5.8097 4.79947 -5
      vertex -5.8097 -4.79847 -5
    endloop
  endfacet
  facet normal 0 0 -1
    outer loop
      vertex -5.8307 -4.79533 -5
      vertex -5.8307 4.79633 -5
      vertex -5.8097 4.79947 -5
    endloop
  endfacet
  facet normal 0 0 -1
    outer loop
      vertex -5.85175 -4.79256 -5
      vertex -5.8307 4.79633 -5
      vertex -5.8307 -4.79533 -5
    endloop
  endfacet
  facet normal 0 0 -1
    outer loop
      vertex -5.85175 -4.79256 -5
      vertex -5.85175 4.79356 -5
      vertex -5.8307 4.79633 -5
    endloop
  endfacet
  facet normal 0 0 -1
    outer loop
      vertex -5.87284 -4.79016 -5
      vertex -5.85175 4.79356 -5
      vertex -5.85175 -4.79256 -5
    endloop
  endfacet
  facet normal 0 0 -1
    outer loop
      vertex -5.87284 -4.79016 -5
      vertex -5.87284 4.79116 -5
      vertex -5.85175 4.79356 -5
    endloop
  endfacet
  facet normal 0 0 -1
    outer loop
      vertex -5.89398 -4.78812 -5
      vertex -5.87284 4.79116 -5
      vertex -5.87284 -4.79016 -5
    endloop
  endfacet
  facet normal 0 0 -1
    outer loop
      vertex -5.89398 -4.78812 -5
      vertex -5.89398 4.78912 -5
      vertex -5.87284 4.79116 -5
    endloop
  endfacet
  facet normal 0 0 -1
    outer loop
      vertex -5.91514 -4.78646 -5
      vertex -5.89398 4.78912 -5
      vertex -5.89398 -4.78812 -5
    endloop
  endfacet
  facet normal 0 0 -1
    outer loop
      vertex -5.91514 -4.78646 -5
      vertex -5.91514 4.78746 -5
      vertex -5.89398 4.78912 -5
    endloop
  endfacet
  facet normal 0 0 -1
    outer loop
      vertex -5.93633 -4.78516 -5
      vertex -5.91514 4.78746 -5
      vertex -5.91514 -4.78646 -5
    endloop
  endfacet
  facet normal 0 0 -1
    outer loop
      vertex -5.93633 -4.78516 -5
      vertex -5.93633 4.78616 -5
      vertex -5.91514 4.78746 -5
    endloop
  endfacet
  facet normal 0 0 -1
    outer loop
      vertex -5.95755 -4.78424 -5
      vertex -5.93633 4.78616 -5
      vertex -5.93633 -4.78516 -5
    endloop
  endfacet
  facet normal 0 0 -1
    outer loop
      vertex -5.95755 -4.78424 -5
      vertex -5.95755 4.78523 -5
      vertex -5.93633 4.78616 -5
    endloop
  endfacet
  facet normal 0 0 -1
    outer loop
      vertex -5.97877 -4.78368 -5
      vertex -5.95755 4.78523 -5
      vertex -5.95755 -4.78424 -5
    endloop
  endfacet
  facet normal 0 0 -1
    outer loop
      vertex -5.97877 -4.78368 -5
      vertex -5.97877 4.78468 -5
      vertex -5.95755 4.78523 -5
    endloop
  endfacet
  facet normal 0 0 -1
    outer loop
      vertex -6 -4.78349 -5
      vertex -5.97877 4.78468 -5
      vertex -5.97877 -4.78368 -5
    endloop
  endfacet
  facet normal 0 0 -1
    outer loop
      vertex -6 -4.78349 -5
      vertex -6 4.78449 -5
      vertex -5.97877 4.78468 -5
    endloop
  endfacet
  facet normal 0 0 -1
    outer loop
      vertex -6.02123 -4.78368 -5
      vertex -6 4.78449 -5
      vertex -6 -4.78349 -5
    endloop
  endfacet
  facet normal 0 0 -1
    outer loop
      vertex -6.02123 -4.78368 -5
      vertex -6.02123 4.78468 -5
      vertex -6 4.78449 -5
    endloop
  endfacet
  facet normal 0 0 -1
    outer loop
      vertex -6.04245 -4.78424 -5
      vertex -6.02123 4.78468 -5
      vertex -6.02123 -4.78368 -5
    endloop
  endfacet
  facet normal 0 0 -1
    outer loop
      vertex -6.04245 -4.78424 -5
      vertex -6.04245 4.78523 -5
      vertex -6.02123 4.78468 -5
    endloop
  endfacet
  facet normal 0 0 -1
    outer loop
      vertex -6.06367 -4.78516 -5
      vertex -6.04245 4.78523 -5
      vertex -6.04245 -4.78424 -5
    endloop
  endfacet
  facet normal 0 0 -1
    outer loop
      vertex -6.06367 -4.78516 -5
      vertex -6.06367 4.78616 -5
      vertex -6.04245 4.78523 -5
    endloop
  endfacet
  facet normal 0 0 -1
    outer loop
      vertex -6.08486 -4.78646 -5
      vertex -6.06367 4.78616 -5
      vertex -6.06367 -4.78516 -5
    endloop
  endfacet
  facet normal 0 0 -1
    outer loop
      vertex -6.08486 -4.78646 -5
      vertex -6.08486 4.78746 -5
      vertex -6.06367 4.78616 -5
    endloop
  endfacet
  facet normal 0 0 -1
    outer loop
      vertex -6.10602 -4.78812 -5
      vertex -6.08486 4.78746 -5
      vertex -6.08486 -4.78646 -5
    endloop
  endfacet
  facet normal 0 0 -1
    outer loop
      vertex -6.10602 -4.78812 -5
      vertex -6.10602 4.78912 -5
      vertex -6.08486 4.78746 -5
    endloop
  endfacet
  facet normal 0 0 -1
    outer loop
      vertex -6.12716 -4.79016 -5
      vertex -6.10602 4.78912 -5
      vertex -6.10602 -4.78812 -5
    endloop
  endfacet
  facet normal 0 0 -1
    outer loop
      vertex -6.12716 -4.79016 -5
      vertex -6.12716 4.79116 -5
      vertex -6.10602 4.78912 -5
    endloop
  endfacet
  facet normal 0 0 -1
    outer loop
      vertex -6.14825 -4.79256 -5
      vertex -6.12716 4.79116 -5
      vertex -6.12716 -4.79016 -5
    endloop
  endfacet
  facet normal 0 0 -1
    outer loop
      vertex -6.14825 -4.79256 -5
      vertex -6.14825 4.79356 -5
      vertex -6.12716 4.79116 -5
    endloop
  endfacet
  facet normal 0 0 -1
    outer loop
      vertex -6.1693 -4.79533 -5
      vertex -6.14825 4.79356 -5
      vertex -6.14825 -4.79256 -5
    endloop
  endfacet
  facet normal 0 0 -1
    outer loop
      vertex -6.1693 -4.79533 -5
      vertex -6.1693 4.79633 -5
      vertex -6.14825 4.79356 -5
    endloop
  endfacet
  facet normal 0 0 -1
    outer loop
      vertex -6.1903 -4.79847 -5
      vertex -6.1693 4.79633 -5
      vertex -6.1693 -4.79533 -5
    endloop
  endfacet
  facet normal 0 0 -1
    outer loop
      vertex -6.1903 -4.79847 -5
      vertex -6.1903 4.79947 -5
      vertex -6.1693 4.79633 -5
    endloop
  endfacet
  facet normal 0 0 -1
    outer loop
      vertex -6.21124 -4.80198 -5
      vertex -6.1903 4.79947 -5
      vertex -6.1903 -4.79847 -5
    endloop
  endfacet
  facet normal 0 0 -1
    outer loop
      vertex -6.21124 -4.80198 -5
      vertex -6.21124 4.80298 -5
      vertex -6.1903 4.79947 -5
    endloop
  endfacet
  facet normal 0 0 -1
    outer loop
      vertex -6.23212 -4.80584 -5
      vertex -6.21124 4.80298 -5
      vertex -6.21124 -4.80198 -5
    endloop
  endfacet
  facet normal 0 0 -1
    outer loop
      vertex -6.23212 -4.80584 -5
      vertex -6.23212 4.80684 -5
      vertex -6.21124 4.80298 -5
    endloop
  endfacet
  facet normal 0 0 -1
    outer loop
      vertex -6.25293 -4.81008 -5
      vertex -6.23212 4.80684 -5
      vertex -6.23212 -4.80584 -5
    endloop
  endfacet
  facet normal 0 0 -1
    outer loop
      vertex -6.25293 -4.81008 -5
      vertex -6.25293 4.81108 -5
      vertex -6.23212 4.80684 -5
    endloop
  endfacet
  facet normal 0 0 -1
    outer loop
      vertex -6.27365 -4.81467 -5
      vertex -6.25293 4.81108 -5
      vertex -6.25293 -4.81008 -5
    endloop
  endfacet
  facet normal 0 0 -1
    outer loop
      vertex -6.27365 -4.81467 -5
      vertex -6.27365 4.81567 -5
      vertex -6.25293 4.81108 -5
    endloop
  endfacet
  facet normal 0 0 -1
    outer loop
      vertex -6.2943 -4.81963 -5
      vertex -6.27365 4.81567 -5
      vertex -6.27365 -4.81467 -5
    endloop
  endfacet
  facet normal 0 0 -1
    outer loop
      vertex -6.2943 -4.81963 -5
      vertex -6.2943 4.82063 -5
      vertex -6.27365 4.81567 -5
    endloop
  endfacet
  facet normal 0 0 -1
    outer loop
      vertex -6.31485 -4.82495 -5
      vertex -6.2943 4.82063 -5
      vertex -6.2943 -4.81963 -5
    endloop
  endfacet
  facet normal 0 0 -1
    outer loop
      vertex -6.31485 -4.82495 -5
      vertex -6.31485 4.82595 -5
      vertex -6.2943 4.82063 -5
    endloop
  endfacet
  facet normal 0 0 -1
    outer loop
      vertex -6.33531 -4.83062 -5
      vertex -6.31485 4.82595 -5
      vertex -6.31485 -4.82495 -5
    endloop
  endfacet
  facet normal 0 0 -1
    outer loop
      vertex -6.33531 -4.83062 -5
      vertex -6.33531 4.83162 -5
      vertex -6.31485 4.82595 -5
    endloop
  endfacet
  facet normal 0 0 -1
    outer loop
      vertex -6.35567 -4.83665 -5
      vertex -6.33531 4.83162 -5
      vertex -6.33531 -4.83062 -5
    endloop
  endfacet
  facet normal 0 0 -1
    outer loop
      vertex -6.35567 -4.83665 -5
      vertex -6.35567 4.83765 -5
      vertex -6.33531 4.83162 -5
    endloop
  endfacet
  facet normal 0 0 -1
    outer loop
      vertex -6.37592 -4.84303 -5
      vertex -6.35567 4.83765 -5
      vertex -6.35567 -4.83665 -5
    endloop
  endfacet
  facet normal 0 0 -1
    outer loop
      vertex -6.37592 -4.84303 -5
      vertex -6.37592 4.84403 -5
      vertex -6.35567 4.83765 -5
    endloop
  endfacet
  facet normal 0 0 -1
    outer loop
      vertex -6.39606 -4.84977 -5
      vertex -6.37592 4.84403 -5
      vertex -6.37592 -4.84303 -5
    endloop
  endfacet
  facet normal 0 0 -1
    outer loop
      vertex -6.39606 -4.84977 -5
      vertex -6.39606 4.85077 -5
      vertex -6.37592 4.84403 -5
    endloop
  endfacet
  facet normal 0 0 -1
    outer loop
      vertex -6.41607 -4.85686 -5
      vertex -6.39606 4.85077 -5
      vertex -6.39606 -4.84977 -5
    endloop
  endfacet
  facet normal 0 0 -1
    outer loop
      vertex -6.41607 -4.85686 -5
      vertex -6.41607 4.85786 -5
      vertex -6.39606 4.85077 -5
    endloop
  endfacet
  facet normal 0 0 -1
    outer loop
      vertex -6.43596 -4.86429 -5
      vertex -6.41607 4.85786 -5
      vertex -6.41607 -4.85686 -5
    endloop
  endfacet
  facet normal 0 0 -1
    outer loop
      vertex -6.43596 -4.86429 -5
      vertex -6.43596 4.86529 -5
      vertex -6.41607 4.85786 -5
    endloop
  endfacet
  facet normal 0 0 -1
    outer loop
      vertex -6.45571 -4.87208 -5
      vertex -6.43596 4.86529 -5
      vertex -6.43596 -4.86429 -5
    endloop
  endfacet
  facet normal 0 0 -1
    outer loop
      vertex -6.45571 -4.87208 -5
      vertex -6.45571 4.87308 -5
      vertex -6.43596 4.86529 -5
    endloop
  endfacet
  facet normal 0 0 -1
    outer loop
      vertex -6.47533 -4.8802 -5
      vertex -6.45571 4.87308 -5
      vertex -6.45571 -4.87208 -5
    endloop
  endfacet
  facet normal 0 0 -1
    outer loop
      vertex -6.47533 -4.8802 -5
      vertex -6.47533 4.8812 -5
      vertex -6.45571 4.87308 -5
    endloop
  endfacet
  facet normal 0 0 -1
    outer loop
      vertex -6.4948 -4.88867 -5
      vertex -6.47533 4.8812 -5
      vertex -6.47533 -4.8802 -5
    endloop
  endfacet
  facet normal 0 0 -1
    outer loop
      vertex -6.4948 -4.88867 -5
      vertex -6.4948 4.88967 -5
      vertex -6.47533 4.8812 -5
    endloop
  endfacet
  facet normal 0 0 -1
    outer loop
      vertex -6.51412 -4.89747 -5
      vertex -6.4948 4.88967 -5
      vertex -6.4948 -4.88867 -5
    endloop
  endfacet
  facet normal 0 0 -1
    outer loop
      vertex -6.51412 -4.89747 -5
      vertex -6.51412 4.89847 -5
      vertex -6.4948 4.88967 -5
    endloop
  endfacet
  facet normal 0 0 -1
    outer loop
      vertex -6.53328 -4.90661 -5
      vertex -6.51412 4.89847 -5
      vertex -6.51412 -4.89747 -5
    endloop
  endfacet
  facet normal 0 0 -1
    outer loop
      vertex -6.53328 -4.90661 -5
      vertex -6.53328 4.90761 -5
      vertex -6.51412 4.89847 -5
    endloop
  endfacet
  facet normal 0 0 -1
    outer loop
      vertex -6.55228 -4.91609 -5
      vertex -6.53328 4.90761 -5
      vertex -6.53328 -4.90661 -5
    endloop
  endfacet
  facet normal 0 0 -1
    outer loop
      vertex -6.55228 -4.91609 -5
      vertex -6.55228 4.91709 -5
      vertex -6.53328 4.90761 -5
    endloop
  endfacet
  facet normal 0 0 -1
    outer loop
      vertex -6.57111 -4.92589 -5
      vertex -6.55228 4.91709 -5
      vertex -6.55228 -4.91609 -5
    endloop
  endfacet
  facet normal 0 0 -1
    outer loop
      vertex -6.57111 -4.92589 -5
      vertex -6.57111 4.92689 -5
      vertex -6.55228 4.91709 -5
    endloop
  endfacet
  facet normal 0 0 -1
    outer loop
      vertex -6.58977 -4.93602 -5
      vertex -6.57111 4.92689 -5
      vertex -6.57111 -4.92589 -5
    endloop
  endfacet
  facet normal 0 0 -1
    outer loop
      vertex -6.58977 -4.93602 -5
      vertex -6.58977 4.93702 -5
      vertex -6.57111 4.92689 -5
    endloop
  endfacet
  facet normal 0 0 -1
    outer loop
      vertex -6.60825 -4.94648 -5
      vertex -6.58977 4.93702 -5
      vertex -6.58977 -4.93602 -5
    endloop
  endfacet
  facet normal 0 0 -1
    outer loop
      vertex -6.60825 -4.94648 -5
      vertex -6.60825 4.94747 -5
      vertex -6.58977 4.93702 -5
    endloop
  endfacet
  facet normal 0 0 -1
    outer loop
      vertex -6.62655 -4.95725 -5
      vertex -6.60825 4.94747 -5
      vertex -6.60825 -4.94648 -5
    endloop
  endfacet
  facet normal 0 0 -1
    outer loop
      vertex -6.62655 -4.95725 -5
      vertex -6.62655 4.95825 -5
      vertex -6.60825 4.94747 -5
    endloop
  endfacet
  facet normal 0 0 -1
    outer loop
      vertex -6.64465 -4.96834 -5
      vertex -6.62655 4.95825 -5
      vertex -6.62655 -4.95725 -5
    endloop
  endfacet
  facet normal 0 0 -1
    outer loop
      vertex -6.64465 -4.96834 -5
      vertex -6.64465 4.96934 -5
      vertex -6.62655 4.95825 -5
    endloop
  endfacet
  facet normal 0 0 -1
    outer loop
      vertex -6.66256 -4.97975 -5
      vertex -6.64465 4.96934 -5
      vertex -6.64465 -4.96834 -5
    endloop
  endfacet
  facet normal 0 0 -1
    outer loop
      vertex -6.66256 -4.97975 -5
      vertex -6.66256 4.98075 -5
      vertex -6.64465 4.96934 -5
    endloop
  endfacet
  facet normal 0 0 -1
    outer loop
      vertex -6.68026 -4.99147 -5
      vertex -6.66256 4.98075 -5
      vertex -6.66256 -4.97975 -5
    endloop
  endfacet
  facet normal 0 0 -1
    outer loop
      vertex -6.68026 -4.99147 -5
      vertex -6.68026 4.99247 -5
      vertex -6.66256 4.98075 -5
    endloop
  endfacet
  facet normal 0 0 -1
    outer loop
      vertex -6.69776 -5.0035 -5
      vertex -6.68026 4.99247 -5
      vertex -6.68026 -4.99147 -5
    endloop
  endfacet
  facet normal 0 0 -1
    outer loop
      vertex -6.69776 -5.0035 -5
      vertex -6.69776 5.0045 -5
      vertex -6.68026 4.99247 -5
    endloop
  endfacet
  facet normal 0 0 -1
    outer loop
      vertex -6.71504 -5.01583 -5
      vertex -6.69776 5.0045 -5
      vertex -6.69776 -5.0035 -5
    endloop
  endfacet
  facet normal 0 0 -1
    outer loop
      vertex -6.71504 -5.01583 -5
      vertex -6.71504 5.01683 -5
      vertex -6.69776 5.0045 -5
    endloop
  endfacet
  facet normal 0 0 -1
    outer loop
      vertex -6.73211 -5.02846 -5
      vertex -6.71504 5.01683 -5
      vertex -6.71504 -5.01583 -5
    endloop
  endfacet
  facet normal 0 0 -1
    outer loop
      vertex -6.73211 -5.02846 -5
      vertex -6.73211 5.02946 -5
      vertex -6.71504 5.01683 -5
    endloop
  endfacet
  facet normal 0 0 -1
    outer loop
      vertex -6.74896 -5.04138 -5
      vertex -6.73211 5.02946 -5
      vertex -6.73211 -5.02846 -5
    endloop
  endfacet
  facet normal 0 0 -1
    outer loop
      vertex -6.74896 -5.04138 -5
      vertex -6.74896 5.04238 -5
      vertex -6.73211 5.02946 -5
    endloop
  endfacet
  facet normal 0 0 -1
    outer loop
      vertex -6.76557 -5.0546 -5
      vertex -6.74896 5.04238 -5
      vertex -6.74896 -5.04138 -5
    endloop
  endfacet
  facet normal 0 0 -1
    outer loop
      vertex -6.76557 -5.0546 -5
      vertex -6.76557 5.0556 -5
      vertex -6.74896 5.04238 -5
    endloop
  endfacet
  facet normal 0 0 -1
    outer loop
      vertex -6.78195 -5.0681 -5
      vertex -6.76557 5.0556 -5
      vertex -6.76557 -5.0546 -5
    endloop
  endfacet
  facet normal 0 0 -1
    outer loop
      vertex -6.78195 -5.0681 -5
      vertex -6.78195 5.0691 -5
      vertex -6.76557 5.0556 -5
    endloop
  endfacet
  facet normal 0 0 -1
    outer loop
      vertex -6.7981 -5.08189 -5
      vertex -6.78195 5.0691 -5
      vertex -6.78195 -5.0681 -5
    endloop
  endfacet
  facet normal 0 0 -1
    outer loop
      vertex -6.7981 -5.08189 -5
      vertex -6.7981 5.08289 -5
      vertex -6.78195 5.0691 -5
    endloop
  endfacet
  facet normal 0 0 -1
    outer loop
      vertex -6.814 -5.09596 -5
      vertex -6.7981 5.08289 -5
      vertex -6.7981 -5.08189 -5
    endloop
  endfacet
  facet normal 0 0 -1
    outer loop
      vertex -6.814 -5.09596 -5
      vertex -6.814 5.09696 -5
      vertex -6.7981 5.08289 -5
    endloop
  endfacet
  facet normal 0 0 -1
    outer loop
      vertex -6.82965 -5.1103 -5
      vertex -6.814 5.09696 -5
      vertex -6.814 -5.09596 -5
    endloop
  endfacet
  facet normal 0 0 -1
    outer loop
      vertex -6.82965 -5.1103 -5
      vertex -6.82965 5.1113 -5
      vertex -6.814 5.09696 -5
    endloop
  endfacet
  facet normal 0 0 -1
    outer loop
      vertex -6.84506 -5.12492 -5
      vertex -6.82965 5.1113 -5
      vertex -6.82965 -5.1103 -5
    endloop
  endfacet
  facet normal 0 0 -1
    outer loop
      vertex -6.84506 -5.12492 -5
      vertex -6.84506 5.12592 -5
      vertex -6.82965 5.1113 -5
    endloop
  endfacet
  facet normal 0 0 -1
    outer loop
      vertex -6.8602 -5.1398 -5
      vertex -6.84506 5.12592 -5
      vertex -6.84506 -5.12492 -5
    endloop
  endfacet
  facet normal 0 0 -1
    outer loop
      vertex -6.8602 -5.1398 -5
      vertex -6.8602 5.1408 -5
      vertex -6.84506 5.12592 -5
    endloop
  endfacet
  facet normal 0 0 -1
    outer loop
      vertex -6.87508 -5.15494 -5
      vertex -6.8602 5.1408 -5
      vertex -6.8602 -5.1398 -5
    endloop
  endfacet
  facet normal 0 0 -1
    outer loop
      vertex -6.87508 -5.15494 -5
      vertex -6.87508 5.15594 -5
      vertex -6.8602 5.1408 -5
    endloop
  endfacet
  facet normal 0 0 -1
    outer loop
      vertex -6.8897 -5.17035 -5
      vertex -6.87508 5.15594 -5
      vertex -6.87508 -5.15494 -5
    endloop
  endfacet
  facet normal 0 0 -1
    outer loop
      vertex -6.8897 -5.17035 -5
      vertex -6.8897 5.17135 -5
      vertex -6.87508 5.15594 -5
    endloop
  endfacet
  facet normal 0 0 -1
    outer loop
      vertex -6.90404 -5.186 -5
      vertex -6.8897 5.17135 -5
      vertex -6.8897 -5.17035 -5
    endloop
  endfacet
  facet normal 0 0 -1
    outer loop
      vertex -6.90404 -5.186 -5
      vertex -6.90404 5.187 -5
      vertex -6.8897 5.17135 -5
    endloop
  endfacet
  facet normal 0 0 -1
    outer loop
      vertex -6.91811 -5.2019 -5
      vertex -6.90404 5.187 -5
      vertex -6.90404 -5.186 -5
    endloop
  endfacet
  facet normal 0 0 -1
    outer loop
      vertex -6.91811 -5.2019 -5
      vertex -6.91811 5.2029 -5
      vertex -6.90404 5.187 -5
    endloop
  endfacet
  facet normal 0 0 -1
    outer loop
      vertex -6.9319 -5.21805 -5
      vertex -6.91811 5.2029 -5
      vertex -6.91811 -5.2019 -5
    endloop
  endfacet
  facet normal 0 0 -1
    outer loop
      vertex -6.9319 -5.21805 -5
      vertex -6.9319 5.21905 -5
      vertex -6.91811 5.2029 -5
    endloop
  endfacet
  facet normal 0 0 -1
    outer loop
      vertex -6.9454 -5.23443 -5
      vertex -6.9319 5.21905 -5
      vertex -6.9319 -5.21805 -5
    endloop
  endfacet
  facet normal 0 0 -1
    outer loop
      vertex -6.9454 -5.23443 -5
      vertex -6.9454 5.23543 -5
      vertex -6.9319 5.21905 -5
    endloop
  endfacet
  facet normal 0 0 -1
    outer loop
      vertex -6.95862 -5.25104 -5
      vertex -6.9454 5.23543 -5
      vertex -6.9454 -5.23443 -5
    endloop
  endfacet
  facet normal 0 0 -1
    outer loop
      vertex -6.95862 -5.25104 -5
      vertex -6.95862 5.25204 -5
      vertex -6.9454 5.23543 -5
    endloop
  endfacet
  facet normal 0 0 -1
    outer loop
      vertex -6.97154 -5.26789 -5
      vertex -6.95862 5.25204 -5
      vertex -6.95862 -5.25104 -5
    endloop
  endfacet
  facet normal 0 0 -1
    outer loop
      vertex -6.97154 -5.26789 -5
      vertex -6.97154 5.26889 -5
      vertex -6.95862 5.25204 -5
    endloop
  endfacet
  facet normal 0 0 -1
    outer loop
      vertex -6.98417 -5.28496 -5
      vertex -6.97154 5.26889 -5
      vertex -6.97154 -5.26789 -5
    endloop
  endfacet
  facet normal 0 0 -1
    outer loop
      vertex -6.98417 -5.28496 -5
      vertex -6.98417 5.28596 -5
      vertex -6.97154 5.26889 -5
    endloop
  endfacet
  facet normal 0 0 -1
    outer loop
      vertex -6.9965 -5.30224 -5
      vertex -6.98417 5.28596 -5
      vertex -6.98417 -5.28496 -5
    endloop
  endfacet
  facet normal 0 0 -1
    outer loop
      vertex -6.9965 -5.30224 -5
      vertex -6.9965 5.30324 -5
      vertex -6.98417 5.28596 -5
    endloop
  endfacet
  facet normal 0 0 -1
    outer loop
      vertex -7.00853 -5.31974 -5
      vertex -6.9965 5.30324 -5
      vertex -6.9965 -5.30224 -5
    endloop
  endfacet
  facet normal 0 0 -1
    outer loop
      vertex -7.00853 -5.31974 -5
      vertex -7.00853 5.32074 -5
      vertex -6.9965 5.30324 -5
    endloop
  endfacet
  facet normal 0 0 -1
    outer loop
      vertex -7.02025 -5.33744 -5
      vertex -7.00853 5.32074 -5
      vertex -7.00853 -5.31974 -5
    endloop
  endfacet
  facet normal 0 0 -1
    outer loop
      vertex -7.02025 -5.33744 -5
      vertex -7.02025 5.33844 -5
      vertex -7.00853 5.32074 -5
    endloop
  endfacet
  facet normal 0 0 -1
    outer loop
      vertex -7.03166 -5.35535 -5
      vertex -7.02025 5.33844 -5
      vertex -7.02025 -5.33744 -5
    endloop
  endfacet
  facet normal 0 0 -1
    outer loop
      vertex -7.03166 -5.35535 -5
      vertex -7.03166 5.35635 -5
      vertex -7.02025 5.33844 -5
    endloop
  endfacet
  facet normal 0 0 -1
    outer loop
      vertex -7.04275 -5.37345 -5
      vertex -7.03166 5.35635 -5
      vertex -7.03166 -5.35535 -5
    endloop
  endfacet
  facet normal 0 0 -1
    outer loop
      vertex -7.04275 -5.37345 -5
      vertex -7.04275 5.37445 -5
      vertex -7.03166 5.35635 -5
    endloop
  endfacet
  facet normal 0 0 -1
    outer loop
      vertex -7.05352 -5.39175 -5
      vertex -7.04275 5.37445 -5
      vertex -7.04275 -5.37345 -5
    endloop
  endfacet
  facet normal 0 0 -1
    outer loop
      vertex -7.05352 -5.39175 -5
      vertex -7.05352 5.39275 -5
      vertex -7.04275 5.37445 -5
    endloop
  endfacet
  facet normal 0 0 -1
    outer loop
      vertex -7.06398 -5.41023 -5
      vertex -7.05352 5.39275 -5
      vertex -7.05352 -5.39175 -5
    endloop
  endfacet
  facet normal 0 0 -1
    outer loop
      vertex -7.06398 -5.41023 -5
      vertex -7.06398 5.41123 -5
      vertex -7.05352 5.39275 -5
    endloop
  endfacet
  facet normal 0 0 -1
    outer loop
      vertex -7.07411 -5.42889 -5
      vertex -7.06398 5.41123 -5
      vertex -7.06398 -5.41023 -5
    endloop
  endfacet
  facet normal 0 0 -1
    outer loop
      vertex -7.07411 -5.42889 -5
      vertex -7.07411 5.42989 -5
      vertex -7.06398 5.41123 -5
    endloop
  endfacet
  facet normal 0 0 -1
    outer loop
      vertex -7.08391 -5.44772 -5
      vertex -7.07411 5.42989 -5
      vertex -7.07411 -5.42889 -5
    endloop
  endfacet
  facet normal 0 0 -1
    outer loop
      vertex -7.08391 -5.44772 -5
      vertex -7.08391 5.44872 -5
      vertex -7.07411 5.42989 -5
    endloop
  endfacet
  facet normal 0 0 -1
    outer loop
      vertex -7.09339 -5.46672 -5
      vertex -7.08391 5.44872 -5
      vertex -7.08391 -5.44772 -5
    endloop
  endfacet
  facet normal 0 0 -1
    outer loop
      vertex -7.09339 -5.46672 -5
      vertex -7.09339 5.46772 -5
      vertex -7.08391 5.44872 -5
    endloop
  endfacet
  facet normal 0 0 -1
    outer loop
      vertex -7.10253 -5.48588 -5
      vertex -7.09339 5.46772 -5
      vertex -7.09339 -5.46672 -5
    endloop
  endfacet
  facet normal 0 0 -1
    outer loop
      vertex -7.10253 -5.48588 -5
      vertex -7.10253 5.48688 -5
      vertex -7.09339 5.46772 -5
    endloop
  endfacet
  facet normal 0 0 -1
    outer loop
      vertex -7.11133 -5.5052 -5
      vertex -7.10253 5.48688 -5
      vertex -7.10253 -5.48588 -5
    endloop
  endfacet
  facet normal 0 0 -1
    outer loop
      vertex -7.11133 -5.5052 -5
      vertex -7.11133 5.5062 -5
      vertex -7.10253 5.48688 -5
    endloop
  endfacet
  facet normal 0 0 -1
    outer loop
      vertex -7.1198 -5.52467 -5
      vertex -7.11133 5.5062 -5
      vertex -7.11133 -5.5052 -5
    endloop
  endfacet
  facet normal 0 0 -1
    outer loop
      vertex -7.1198 -5.52467 -5
      vertex -7.1198 5.52567 -5
      vertex -7.11133 5.5062 -5
    endloop
  endfacet
  facet normal 0 0 -1
    outer loop
      vertex -7.12792 -5.54429 -5
      vertex -7.1198 5.52567 -5
      vertex -7.1198 -5.52467 -5
    endloop
  endfacet
  facet normal 0 0 -1
    outer loop
      vertex -7.12792 -5.54429 -5
      vertex -7.12792 5.54529 -5
      vertex -7.1198 5.52567 -5
    endloop
  endfacet
  facet normal 0 0 -1
    outer loop
      vertex -7.13571 -5.56404 -5
      vertex -7.12792 5.54529 -5
      vertex -7.12792 -5.54429 -5
    endloop
  endfacet
  facet normal 0 0 -1
    outer loop
      vertex -7.13571 -5.56404 -5
      vertex -7.13571 5.56504 -5
      vertex -7.12792 5.54529 -5
    endloop
  endfacet
  facet normal 0 0 -1
    outer loop
      vertex -12 -12 -5
      vertex -7.13571 -5.56404 -5
      vertex -7.14314 -5.58393 -5
    endloop
  endfacet
  facet normal -0 0 -1
    outer loop
      vertex -7.13571 -5.56404 -5
      vertex -12 -12 -5
      vertex -7.13571 5.56504 -5
    endloop
  endfacet
  facet normal 0 0 -1
    outer loop
      vertex -12 -12 -5
      vertex -7.14314 -5.58393 -5
      vertex -7.15023 -5.60394 -5
    endloop
  endfacet
  facet normal 0 0 -1
    outer loop
      vertex -12 12 -5
      vertex -7.13571 5.56504 -5
      vertex -12 -12 -5
    endloop
  endfacet
  facet normal 0 0 -1
    outer loop
      vertex -12 -12 -5
      vertex -7.15023 -5.60394 -5
      vertex -7.15697 -5.62408 -5
    endloop
  endfacet
  facet normal 0 0 -1
    outer loop
      vertex -7.13571 5.56504 -5
      vertex -12 12 -5
      vertex -7.14314 5.58493 -5
    endloop
  endfacet
  facet normal 0 0 -1
    outer loop
      vertex -12 -12 -5
      vertex -7.15697 -5.62408 -5
      vertex -7.16335 -5.64433 -5
    endloop
  endfacet
  facet normal 0 0 -1
    outer loop
      vertex -7.14314 5.58493 -5
      vertex -12 12 -5
      vertex -7.15023 5.60494 -5
    endloop
  endfacet
  facet normal 0 0 -1
    outer loop
      vertex -12 -12 -5
      vertex -7.16335 -5.64433 -5
      vertex -7.16938 -5.66469 -5
    endloop
  endfacet
  facet normal 0 0 -1
    outer loop
      vertex -7.15023 5.60494 -5
      vertex -12 12 -5
      vertex -7.15697 5.62508 -5
    endloop
  endfacet
  facet normal 0 0 -1
    outer loop
      vertex -12 -12 -5
      vertex -7.16938 -5.66469 -5
      vertex -7.17505 -5.68515 -5
    endloop
  endfacet
  facet normal 0 0 -1
    outer loop
      vertex -7.15697 5.62508 -5
      vertex -12 12 -5
      vertex -7.16335 5.64533 -5
    endloop
  endfacet
  facet normal 0 0 -1
    outer loop
      vertex -12 -12 -5
      vertex -7.17505 -5.68515 -5
      vertex -7.18037 -5.7057 -5
    endloop
  endfacet
  facet normal 0 0 -1
    outer loop
      vertex -7.16335 5.64533 -5
      vertex -12 12 -5
      vertex -7.16938 5.66569 -5
    endloop
  endfacet
  facet normal 0 0 -1
    outer loop
      vertex -12 -12 -5
      vertex -7.18037 -5.7057 -5
      vertex -7.18533 -5.72635 -5
    endloop
  endfacet
  facet normal 0 0 -1
    outer loop
      vertex -7.16938 5.66569 -5
      vertex -12 12 -5
      vertex -7.17505 5.68615 -5
    endloop
  endfacet
  facet normal 0 0 -1
    outer loop
      vertex -12 -12 -5
      vertex -7.18533 -5.72635 -5
      vertex -7.18992 -5.74707 -5
    endloop
  endfacet
  facet normal 0 0 -1
    outer loop
      vertex -7.17505 5.68615 -5
      vertex -12 12 -5
      vertex -7.18037 5.7067 -5
    endloop
  endfacet
  facet normal 0 0 -1
    outer loop
      vertex -12 -12 -5
      vertex -7.18992 -5.74707 -5
      vertex -7.19416 -5.76788 -5
    endloop
  endfacet
  facet normal 0 0 -1
    outer loop
      vertex -7.18037 5.7067 -5
      vertex -12 12 -5
      vertex -7.18533 5.72735 -5
    endloop
  endfacet
  facet normal 0 0 -1
    outer loop
      vertex -12 -12 -5
      vertex -7.19416 -5.76788 -5
      vertex -7.19802 -5.78876 -5
    endloop
  endfacet
  facet normal 0 0 -1
    outer loop
      vertex -7.18533 5.72735 -5
      vertex -12 12 -5
      vertex -7.18992 5.74807 -5
    endloop
  endfacet
  facet normal 0 0 -1
    outer loop
      vertex -12 -12 -5
      vertex -7.19802 -5.78876 -5
      vertex -7.20153 -5.8097 -5
    endloop
  endfacet
  facet normal 0 0 -1
    outer loop
      vertex -7.18992 5.74807 -5
      vertex -12 12 -5
      vertex -7.19416 5.76888 -5
    endloop
  endfacet
  facet normal 0 0 -1
    outer loop
      vertex -12 -12 -5
      vertex -7.20153 -5.8097 -5
      vertex -7.20467 -5.8307 -5
    endloop
  endfacet
  facet normal 0 0 -1
    outer loop
      vertex -7.19416 5.76888 -5
      vertex -12 12 -5
      vertex -7.19802 5.78976 -5
    endloop
  endfacet
  facet normal 0 0 -1
    outer loop
      vertex -12 -12 -5
      vertex -7.20467 -5.8307 -5
      vertex -7.20744 -5.85175 -5
    endloop
  endfacet
  facet normal 0 0 -1
    outer loop
      vertex -7.19802 5.78976 -5
      vertex -12 12 -5
      vertex -7.20153 5.8107 -5
    endloop
  endfacet
  facet normal 0 0 -1
    outer loop
      vertex -12 -12 -5
      vertex -7.20744 -5.85175 -5
      vertex -7.20984 -5.87284 -5
    endloop
  endfacet
  facet normal 0 0 -1
    outer loop
      vertex -7.20153 5.8107 -5
      vertex -12 12 -5
      vertex -7.20467 5.8317 -5
    endloop
  endfacet
  facet normal 0 0 -1
    outer loop
      vertex -12 -12 -5
      vertex -7.20984 -5.87284 -5
      vertex -7.21188 -5.89398 -5
    endloop
  endfacet
  facet normal 0 0 -1
    outer loop
      vertex -7.20467 5.8317 -5
      vertex -12 12 -5
      vertex -7.20744 5.85275 -5
    endloop
  endfacet
  facet normal 0 0 -1
    outer loop
      vertex -12 -12 -5
      vertex -7.21188 -5.89398 -5
      vertex -7.21354 -5.91514 -5
    endloop
  endfacet
  facet normal 0 0 -1
    outer loop
      vertex -7.20744 5.85275 -5
      vertex -12 12 -5
      vertex -7.20984 5.87384 -5
    endloop
  endfacet
  facet normal 0 0 -1
    outer loop
      vertex -12 -12 -5
      vertex -7.21354 -5.91514 -5
      vertex -7.21484 -5.93633 -5
    endloop
  endfacet
  facet normal 0 0 -1
    outer loop
      vertex -7.20984 5.87384 -5
      vertex -12 12 -5
      vertex -7.21188 5.89498 -5
    endloop
  endfacet
  facet normal 0 0 -1
    outer loop
      vertex -12 -12 -5
      vertex -7.21484 -5.93633 -5
      vertex -7.21576 -5.95755 -5
    endloop
  endfacet
  facet normal 0 0 -1
    outer loop
      vertex -7.21188 5.89498 -5
      vertex -12 12 -5
      vertex -7.21354 5.91614 -5
    endloop
  endfacet
  facet normal 0 0 -1
    outer loop
      vertex -12 -12 -5
      vertex -7.21576 -5.95755 -5
      vertex -7.21632 -5.97877 -5
    endloop
  endfacet
  facet normal 0 0 -1
    outer loop
      vertex -7.21354 5.91614 -5
      vertex -12 12 -5
      vertex -7.21484 5.93733 -5
    endloop
  endfacet
  facet normal 0 0 -1
    outer loop
      vertex -12 -12 -5
      vertex -7.21632 -5.97877 -5
      vertex -7.21651 -6 -5
    endloop
  endfacet
  facet normal 0 0 -1
    outer loop
      vertex -7.21484 5.93733 -5
      vertex -12 12 -5
      vertex -7.21576 5.95855 -5
    endloop
  endfacet
  facet normal 0 0 -1
    outer loop
      vertex 7.21584 -5.93633 -5
      vertex 12 -12 -5
      vertex 7.21676 -5.95755 -5
    endloop
  endfacet
  facet normal 0 0 -1
    outer loop
      vertex 12 12 -5
      vertex 7.21732 5.97977 -5
      vertex 7.21751 6.001 -5
    endloop
  endfacet
  facet normal 0 0 -1
    outer loop
      vertex 7.21454 -5.91514 -5
      vertex 12 -12 -5
      vertex 7.21584 -5.93633 -5
    endloop
  endfacet
  facet normal 0 0 -1
    outer loop
      vertex 12 12 -5
      vertex 7.21676 5.95855 -5
      vertex 7.21732 5.97977 -5
    endloop
  endfacet
  facet normal 0 0 -1
    outer loop
      vertex 7.21288 -5.89398 -5
      vertex 12 -12 -5
      vertex 7.21454 -5.91514 -5
    endloop
  endfacet
  facet normal 0 0 -1
    outer loop
      vertex 12 12 -5
      vertex 7.21584 5.93733 -5
      vertex 7.21676 5.95855 -5
    endloop
  endfacet
  facet normal 0 0 -1
    outer loop
      vertex 7.21084 -5.87284 -5
      vertex 12 -12 -5
      vertex 7.21288 -5.89398 -5
    endloop
  endfacet
  facet normal 0 0 -1
    outer loop
      vertex 12 12 -5
      vertex 7.21454 5.91614 -5
      vertex 7.21584 5.93733 -5
    endloop
  endfacet
  facet normal 0 0 -1
    outer loop
      vertex 7.20844 -5.85175 -5
      vertex 12 -12 -5
      vertex 7.21084 -5.87284 -5
    endloop
  endfacet
  facet normal 0 0 -1
    outer loop
      vertex 12 12 -5
      vertex 7.21288 5.89498 -5
      vertex 7.21454 5.91614 -5
    endloop
  endfacet
  facet normal 0 0 -1
    outer loop
      vertex 7.20567 -5.8307 -5
      vertex 12 -12 -5
      vertex 7.20844 -5.85175 -5
    endloop
  endfacet
  facet normal 0 0 -1
    outer loop
      vertex 12 12 -5
      vertex 7.21084 5.87384 -5
      vertex 7.21288 5.89498 -5
    endloop
  endfacet
  facet normal 0 0 -1
    outer loop
      vertex 7.20253 -5.8097 -5
      vertex 12 -12 -5
      vertex 7.20567 -5.8307 -5
    endloop
  endfacet
  facet normal 0 0 -1
    outer loop
      vertex 12 12 -5
      vertex 7.20844 5.85275 -5
      vertex 7.21084 5.87384 -5
    endloop
  endfacet
  facet normal 0 0 -1
    outer loop
      vertex 7.19902 -5.78876 -5
      vertex 12 -12 -5
      vertex 7.20253 -5.8097 -5
    endloop
  endfacet
  facet normal 0 0 -1
    outer loop
      vertex 12 12 -5
      vertex 7.20567 5.8317 -5
      vertex 7.20844 5.85275 -5
    endloop
  endfacet
  facet normal 0 0 -1
    outer loop
      vertex 7.19516 -5.76788 -5
      vertex 12 -12 -5
      vertex 7.19902 -5.78876 -5
    endloop
  endfacet
  facet normal 0 0 -1
    outer loop
      vertex 12 12 -5
      vertex 7.20253 5.8107 -5
      vertex 7.20567 5.8317 -5
    endloop
  endfacet
  facet normal 0 0 -1
    outer loop
      vertex 7.19092 -5.74707 -5
      vertex 12 -12 -5
      vertex 7.19516 -5.76788 -5
    endloop
  endfacet
  facet normal 0 0 -1
    outer loop
      vertex 12 12 -5
      vertex 7.19902 5.78976 -5
      vertex 7.20253 5.8107 -5
    endloop
  endfacet
  facet normal 0 0 -1
    outer loop
      vertex 7.18633 -5.72635 -5
      vertex 12 -12 -5
      vertex 7.19092 -5.74707 -5
    endloop
  endfacet
  facet normal 0 0 -1
    outer loop
      vertex 12 12 -5
      vertex 7.19516 5.76888 -5
      vertex 7.19902 5.78976 -5
    endloop
  endfacet
  facet normal 0 0 -1
    outer loop
      vertex 7.18137 -5.7057 -5
      vertex 12 -12 -5
      vertex 7.18633 -5.72635 -5
    endloop
  endfacet
  facet normal 0 0 -1
    outer loop
      vertex 12 12 -5
      vertex 7.19092 5.74807 -5
      vertex 7.19516 5.76888 -5
    endloop
  endfacet
  facet normal 0 0 -1
    outer loop
      vertex 7.17605 -5.68515 -5
      vertex 12 -12 -5
      vertex 7.18137 -5.7057 -5
    endloop
  endfacet
  facet normal 0 0 -1
    outer loop
      vertex 12 12 -5
      vertex 7.18633 5.72735 -5
      vertex 7.19092 5.74807 -5
    endloop
  endfacet
  facet normal 0 0 -1
    outer loop
      vertex 7.17038 -5.66469 -5
      vertex 12 -12 -5
      vertex 7.17605 -5.68515 -5
    endloop
  endfacet
  facet normal 0 0 -1
    outer loop
      vertex 12 12 -5
      vertex 7.18137 5.7067 -5
      vertex 7.18633 5.72735 -5
    endloop
  endfacet
  facet normal 0 0 -1
    outer loop
      vertex 7.16435 -5.64433 -5
      vertex 12 -12 -5
      vertex 7.17038 -5.66469 -5
    endloop
  endfacet
  facet normal 0 0 -1
    outer loop
      vertex 12 12 -5
      vertex 7.17605 5.68615 -5
      vertex 7.18137 5.7067 -5
    endloop
  endfacet
  facet normal 0 0 -1
    outer loop
      vertex 7.15797 -5.62408 -5
      vertex 12 -12 -5
      vertex 7.16435 -5.64433 -5
    endloop
  endfacet
  facet normal 0 0 -1
    outer loop
      vertex 12 12 -5
      vertex 7.17038 5.66569 -5
      vertex 7.17605 5.68615 -5
    endloop
  endfacet
  facet normal 0 0 -1
    outer loop
      vertex 7.15123 -5.60394 -5
      vertex 12 -12 -5
      vertex 7.15797 -5.62408 -5
    endloop
  endfacet
  facet normal 0 0 -1
    outer loop
      vertex 12 12 -5
      vertex 7.16435 5.64533 -5
      vertex 7.17038 5.66569 -5
    endloop
  endfacet
  facet normal 0 0 -1
    outer loop
      vertex 7.14414 -5.58393 -5
      vertex 12 -12 -5
      vertex 7.15123 -5.60394 -5
    endloop
  endfacet
  facet normal 0 0 -1
    outer loop
      vertex 12 12 -5
      vertex 7.15797 5.62508 -5
      vertex 7.16435 5.64533 -5
    endloop
  endfacet
  facet normal 0 0 -1
    outer loop
      vertex 7.13671 -5.56404 -5
      vertex 12 -12 -5
      vertex 7.14414 -5.58393 -5
    endloop
  endfacet
  facet normal 0 0 -1
    outer loop
      vertex 12 12 -5
      vertex 7.15123 5.60494 -5
      vertex 7.15797 5.62508 -5
    endloop
  endfacet
  facet normal 0 0 -1
    outer loop
      vertex 12 -12 -5
      vertex 7.13671 -5.56404 -5
      vertex 12 12 -5
    endloop
  endfacet
  facet normal 0 0 -1
    outer loop
      vertex 12 12 -5
      vertex 7.14414 5.58493 -5
      vertex 7.15123 5.60494 -5
    endloop
  endfacet
  facet normal 0 0 -1
    outer loop
      vertex 7.13671 5.56504 -5
      vertex 12 12 -5
      vertex 7.13671 -5.56404 -5
    endloop
  endfacet
  facet normal 0 0 -1
    outer loop
      vertex 12 12 -5
      vertex 7.13671 5.56504 -5
      vertex 7.14414 5.58493 -5
    endloop
  endfacet
  facet normal 0 0 -1
    outer loop
      vertex 7.12892 -5.54429 -5
      vertex 7.13671 5.56504 -5
      vertex 7.13671 -5.56404 -5
    endloop
  endfacet
  facet normal 0 0 -1
    outer loop
      vertex 7.12892 -5.54429 -5
      vertex 7.12892 5.54529 -5
      vertex 7.13671 5.56504 -5
    endloop
  endfacet
  facet normal 0 0 -1
    outer loop
      vertex 7.1208 -5.52467 -5
      vertex 7.12892 5.54529 -5
      vertex 7.12892 -5.54429 -5
    endloop
  endfacet
  facet normal 0 0 -1
    outer loop
      vertex 7.1208 -5.52467 -5
      vertex 7.1208 5.52567 -5
      vertex 7.12892 5.54529 -5
    endloop
  endfacet
  facet normal 0 0 -1
    outer loop
      vertex 7.11233 -5.5052 -5
      vertex 7.1208 5.52567 -5
      vertex 7.1208 -5.52467 -5
    endloop
  endfacet
  facet normal 0 0 -1
    outer loop
      vertex 7.11233 -5.5052 -5
      vertex 7.11233 5.5062 -5
      vertex 7.1208 5.52567 -5
    endloop
  endfacet
  facet normal 0 0 -1
    outer loop
      vertex 7.10353 -5.48588 -5
      vertex 7.11233 5.5062 -5
      vertex 7.11233 -5.5052 -5
    endloop
  endfacet
  facet normal 0 0 -1
    outer loop
      vertex 7.10353 -5.48588 -5
      vertex 7.10353 5.48688 -5
      vertex 7.11233 5.5062 -5
    endloop
  endfacet
  facet normal 0 0 -1
    outer loop
      vertex 7.09439 -5.46672 -5
      vertex 7.10353 5.48688 -5
      vertex 7.10353 -5.48588 -5
    endloop
  endfacet
  facet normal 0 0 -1
    outer loop
      vertex 7.09439 -5.46672 -5
      vertex 7.09439 5.46772 -5
      vertex 7.10353 5.48688 -5
    endloop
  endfacet
  facet normal 0 0 -1
    outer loop
      vertex 7.08491 -5.44772 -5
      vertex 7.09439 5.46772 -5
      vertex 7.09439 -5.46672 -5
    endloop
  endfacet
  facet normal 0 0 -1
    outer loop
      vertex 7.08491 -5.44772 -5
      vertex 7.08491 5.44872 -5
      vertex 7.09439 5.46772 -5
    endloop
  endfacet
  facet normal 0 0 -1
    outer loop
      vertex 7.07511 -5.42889 -5
      vertex 7.08491 5.44872 -5
      vertex 7.08491 -5.44772 -5
    endloop
  endfacet
  facet normal 0 0 -1
    outer loop
      vertex 7.07511 -5.42889 -5
      vertex 7.07511 5.42989 -5
      vertex 7.08491 5.44872 -5
    endloop
  endfacet
  facet normal 0 0 -1
    outer loop
      vertex 7.06498 -5.41023 -5
      vertex 7.07511 5.42989 -5
      vertex 7.07511 -5.42889 -5
    endloop
  endfacet
  facet normal 0 0 -1
    outer loop
      vertex 7.06498 -5.41023 -5
      vertex 7.06498 5.41123 -5
      vertex 7.07511 5.42989 -5
    endloop
  endfacet
  facet normal 0 0 -1
    outer loop
      vertex 7.05452 -5.39175 -5
      vertex 7.06498 5.41123 -5
      vertex 7.06498 -5.41023 -5
    endloop
  endfacet
  facet normal 0 0 -1
    outer loop
      vertex 7.05452 -5.39175 -5
      vertex 7.05452 5.39275 -5
      vertex 7.06498 5.41123 -5
    endloop
  endfacet
  facet normal 0 0 -1
    outer loop
      vertex 7.04375 -5.37345 -5
      vertex 7.05452 5.39275 -5
      vertex 7.05452 -5.39175 -5
    endloop
  endfacet
  facet normal 0 0 -1
    outer loop
      vertex 7.04375 -5.37345 -5
      vertex 7.04375 5.37445 -5
      vertex 7.05452 5.39275 -5
    endloop
  endfacet
  facet normal 0 0 -1
    outer loop
      vertex 7.03266 -5.35535 -5
      vertex 7.04375 5.37445 -5
      vertex 7.04375 -5.37345 -5
    endloop
  endfacet
  facet normal 0 0 -1
    outer loop
      vertex 7.03266 -5.35535 -5
      vertex 7.03266 5.35635 -5
      vertex 7.04375 5.37445 -5
    endloop
  endfacet
  facet normal 0 0 -1
    outer loop
      vertex 7.02125 -5.33744 -5
      vertex 7.03266 5.35635 -5
      vertex 7.03266 -5.35535 -5
    endloop
  endfacet
  facet normal 0 0 -1
    outer loop
      vertex 7.02125 -5.33744 -5
      vertex 7.02125 5.33844 -5
      vertex 7.03266 5.35635 -5
    endloop
  endfacet
  facet normal 0 0 -1
    outer loop
      vertex 7.00953 -5.31974 -5
      vertex 7.02125 5.33844 -5
      vertex 7.02125 -5.33744 -5
    endloop
  endfacet
  facet normal 0 0 -1
    outer loop
      vertex 7.00953 -5.31974 -5
      vertex 7.00953 5.32074 -5
      vertex 7.02125 5.33844 -5
    endloop
  endfacet
  facet normal 0 0 -1
    outer loop
      vertex 6.9975 -5.30224 -5
      vertex 7.00953 5.32074 -5
      vertex 7.00953 -5.31974 -5
    endloop
  endfacet
  facet normal 0 0 -1
    outer loop
      vertex 6.9975 -5.30224 -5
      vertex 6.9975 5.30324 -5
      vertex 7.00953 5.32074 -5
    endloop
  endfacet
  facet normal 0 0 -1
    outer loop
      vertex 6.98517 -5.28496 -5
      vertex 6.9975 5.30324 -5
      vertex 6.9975 -5.30224 -5
    endloop
  endfacet
  facet normal 0 0 -1
    outer loop
      vertex 6.98517 -5.28496 -5
      vertex 6.98517 5.28596 -5
      vertex 6.9975 5.30324 -5
    endloop
  endfacet
  facet normal 0 0 -1
    outer loop
      vertex 6.97254 -5.26789 -5
      vertex 6.98517 5.28596 -5
      vertex 6.98517 -5.28496 -5
    endloop
  endfacet
  facet normal 0 0 -1
    outer loop
      vertex 6.97254 -5.26789 -5
      vertex 6.97254 5.26889 -5
      vertex 6.98517 5.28596 -5
    endloop
  endfacet
  facet normal 0 0 -1
    outer loop
      vertex 6.95962 -5.25104 -5
      vertex 6.97254 5.26889 -5
      vertex 6.97254 -5.26789 -5
    endloop
  endfacet
  facet normal 0 0 -1
    outer loop
      vertex 6.95962 -5.25104 -5
      vertex 6.95962 5.25204 -5
      vertex 6.97254 5.26889 -5
    endloop
  endfacet
  facet normal 0 0 -1
    outer loop
      vertex 6.9464 -5.23443 -5
      vertex 6.95962 5.25204 -5
      vertex 6.95962 -5.25104 -5
    endloop
  endfacet
  facet normal 0 0 -1
    outer loop
      vertex 6.9464 -5.23443 -5
      vertex 6.9464 5.23543 -5
      vertex 6.95962 5.25204 -5
    endloop
  endfacet
  facet normal 0 0 -1
    outer loop
      vertex 6.9329 -5.21805 -5
      vertex 6.9464 5.23543 -5
      vertex 6.9464 -5.23443 -5
    endloop
  endfacet
  facet normal 0 0 -1
    outer loop
      vertex 6.9329 -5.21805 -5
      vertex 6.9329 5.21905 -5
      vertex 6.9464 5.23543 -5
    endloop
  endfacet
  facet normal 0 0 -1
    outer loop
      vertex 6.91911 -5.2019 -5
      vertex 6.9329 5.21905 -5
      vertex 6.9329 -5.21805 -5
    endloop
  endfacet
  facet normal 0 0 -1
    outer loop
      vertex 6.91911 -5.2019 -5
      vertex 6.91911 5.2029 -5
      vertex 6.9329 5.21905 -5
    endloop
  endfacet
  facet normal 0 0 -1
    outer loop
      vertex 6.90504 -5.186 -5
      vertex 6.91911 5.2029 -5
      vertex 6.91911 -5.2019 -5
    endloop
  endfacet
  facet normal 0 0 -1
    outer loop
      vertex 6.90504 -5.186 -5
      vertex 6.90504 5.187 -5
      vertex 6.91911 5.2029 -5
    endloop
  endfacet
  facet normal 0 0 -1
    outer loop
      vertex 6.8907 -5.17035 -5
      vertex 6.90504 5.187 -5
      vertex 6.90504 -5.186 -5
    endloop
  endfacet
  facet normal 0 0 -1
    outer loop
      vertex 6.8907 -5.17035 -5
      vertex 6.8907 5.17135 -5
      vertex 6.90504 5.187 -5
    endloop
  endfacet
  facet normal 0 0 -1
    outer loop
      vertex 6.87608 -5.15494 -5
      vertex 6.8907 5.17135 -5
      vertex 6.8907 -5.17035 -5
    endloop
  endfacet
  facet normal 0 0 -1
    outer loop
      vertex 6.87608 -5.15494 -5
      vertex 6.87608 5.15594 -5
      vertex 6.8907 5.17135 -5
    endloop
  endfacet
  facet normal 0 0 -1
    outer loop
      vertex 6.8612 -5.1398 -5
      vertex 6.87608 5.15594 -5
      vertex 6.87608 -5.15494 -5
    endloop
  endfacet
  facet normal 0 0 -1
    outer loop
      vertex 6.8612 -5.1398 -5
      vertex 6.8612 5.1408 -5
      vertex 6.87608 5.15594 -5
    endloop
  endfacet
  facet normal 0 0 -1
    outer loop
      vertex 6.84606 -5.12492 -5
      vertex 6.8612 5.1408 -5
      vertex 6.8612 -5.1398 -5
    endloop
  endfacet
  facet normal 0 0 -1
    outer loop
      vertex 6.84606 -5.12492 -5
      vertex 6.84606 5.12592 -5
      vertex 6.8612 5.1408 -5
    endloop
  endfacet
  facet normal 0 0 -1
    outer loop
      vertex 6.83065 -5.1103 -5
      vertex 6.84606 5.12592 -5
      vertex 6.84606 -5.12492 -5
    endloop
  endfacet
  facet normal 0 0 -1
    outer loop
      vertex 6.83065 -5.1103 -5
      vertex 6.83065 5.1113 -5
      vertex 6.84606 5.12592 -5
    endloop
  endfacet
  facet normal 0 0 -1
    outer loop
      vertex 6.815 -5.09596 -5
      vertex 6.83065 5.1113 -5
      vertex 6.83065 -5.1103 -5
    endloop
  endfacet
  facet normal 0 0 -1
    outer loop
      vertex 6.815 -5.09596 -5
      vertex 6.815 5.09696 -5
      vertex 6.83065 5.1113 -5
    endloop
  endfacet
  facet normal 0 0 -1
    outer loop
      vertex 6.7991 -5.08189 -5
      vertex 6.815 5.09696 -5
      vertex 6.815 -5.09596 -5
    endloop
  endfacet
  facet normal 0 0 -1
    outer loop
      vertex 6.7991 -5.08189 -5
      vertex 6.7991 5.08289 -5
      vertex 6.815 5.09696 -5
    endloop
  endfacet
  facet normal 0 0 -1
    outer loop
      vertex 6.78295 -5.0681 -5
      vertex 6.7991 5.08289 -5
      vertex 6.7991 -5.08189 -5
    endloop
  endfacet
  facet normal 0 0 -1
    outer loop
      vertex 6.78295 -5.0681 -5
      vertex 6.78295 5.0691 -5
      vertex 6.7991 5.08289 -5
    endloop
  endfacet
  facet normal 0 0 -1
    outer loop
      vertex 6.76657 -5.0546 -5
      vertex 6.78295 5.0691 -5
      vertex 6.78295 -5.0681 -5
    endloop
  endfacet
  facet normal 0 0 -1
    outer loop
      vertex 6.76657 -5.0546 -5
      vertex 6.76657 5.0556 -5
      vertex 6.78295 5.0691 -5
    endloop
  endfacet
  facet normal 0 0 -1
    outer loop
      vertex 6.74996 -5.04138 -5
      vertex 6.76657 5.0556 -5
      vertex 6.76657 -5.0546 -5
    endloop
  endfacet
  facet normal 0 0 -1
    outer loop
      vertex 6.74996 -5.04138 -5
      vertex 6.74996 5.04238 -5
      vertex 6.76657 5.0556 -5
    endloop
  endfacet
  facet normal 0 0 -1
    outer loop
      vertex 6.73311 -5.02846 -5
      vertex 6.74996 5.04238 -5
      vertex 6.74996 -5.04138 -5
    endloop
  endfacet
  facet normal 0 0 -1
    outer loop
      vertex 6.73311 -5.02846 -5
      vertex 6.73311 5.02946 -5
      vertex 6.74996 5.04238 -5
    endloop
  endfacet
  facet normal 0 0 -1
    outer loop
      vertex 6.71604 -5.01583 -5
      vertex 6.73311 5.02946 -5
      vertex 6.73311 -5.02846 -5
    endloop
  endfacet
  facet normal 0 0 -1
    outer loop
      vertex 6.71604 -5.01583 -5
      vertex 6.71604 5.01683 -5
      vertex 6.73311 5.02946 -5
    endloop
  endfacet
  facet normal 0 0 -1
    outer loop
      vertex 6.69876 -5.0035 -5
      vertex 6.71604 5.01683 -5
      vertex 6.71604 -5.01583 -5
    endloop
  endfacet
  facet normal 0 0 -1
    outer loop
      vertex 6.69876 -5.0035 -5
      vertex 6.69876 5.0045 -5
      vertex 6.71604 5.01683 -5
    endloop
  endfacet
  facet normal 0 0 -1
    outer loop
      vertex 6.68126 -4.99147 -5
      vertex 6.69876 5.0045 -5
      vertex 6.69876 -5.0035 -5
    endloop
  endfacet
  facet normal 0 0 -1
    outer loop
      vertex 6.68126 -4.99147 -5
      vertex 6.68126 4.99247 -5
      vertex 6.69876 5.0045 -5
    endloop
  endfacet
  facet normal 0 0 -1
    outer loop
      vertex 6.66356 -4.97975 -5
      vertex 6.68126 4.99247 -5
      vertex 6.68126 -4.99147 -5
    endloop
  endfacet
  facet normal 0 0 -1
    outer loop
      vertex 6.66356 -4.97975 -5
      vertex 6.66356 4.98075 -5
      vertex 6.68126 4.99247 -5
    endloop
  endfacet
  facet normal 0 0 -1
    outer loop
      vertex 6.64565 -4.96834 -5
      vertex 6.66356 4.98075 -5
      vertex 6.66356 -4.97975 -5
    endloop
  endfacet
  facet normal 0 0 -1
    outer loop
      vertex 6.64565 -4.96834 -5
      vertex 6.64565 4.96934 -5
      vertex 6.66356 4.98075 -5
    endloop
  endfacet
  facet normal 0 0 -1
    outer loop
      vertex 6.62755 -4.95725 -5
      vertex 6.64565 4.96934 -5
      vertex 6.64565 -4.96834 -5
    endloop
  endfacet
  facet normal 0 0 -1
    outer loop
      vertex 6.62755 -4.95725 -5
      vertex 6.62755 4.95825 -5
      vertex 6.64565 4.96934 -5
    endloop
  endfacet
  facet normal 0 0 -1
    outer loop
      vertex 6.60925 -4.94648 -5
      vertex 6.62755 4.95825 -5
      vertex 6.62755 -4.95725 -5
    endloop
  endfacet
  facet normal 0 0 -1
    outer loop
      vertex 6.60925 -4.94648 -5
      vertex 6.60925 4.94747 -5
      vertex 6.62755 4.95825 -5
    endloop
  endfacet
  facet normal 0 0 -1
    outer loop
      vertex 6.59077 -4.93602 -5
      vertex 6.60925 4.94747 -5
      vertex 6.60925 -4.94648 -5
    endloop
  endfacet
  facet normal 0 0 -1
    outer loop
      vertex 6.59077 -4.93602 -5
      vertex 6.59077 4.93702 -5
      vertex 6.60925 4.94747 -5
    endloop
  endfacet
  facet normal 0 0 -1
    outer loop
      vertex 6.57211 -4.92589 -5
      vertex 6.59077 4.93702 -5
      vertex 6.59077 -4.93602 -5
    endloop
  endfacet
  facet normal 0 0 -1
    outer loop
      vertex 6.57211 -4.92589 -5
      vertex 6.57211 4.92689 -5
      vertex 6.59077 4.93702 -5
    endloop
  endfacet
  facet normal 0 0 -1
    outer loop
      vertex 6.55328 -4.91609 -5
      vertex 6.57211 4.92689 -5
      vertex 6.57211 -4.92589 -5
    endloop
  endfacet
  facet normal 0 0 -1
    outer loop
      vertex 6.55328 -4.91609 -5
      vertex 6.55328 4.91709 -5
      vertex 6.57211 4.92689 -5
    endloop
  endfacet
  facet normal 0 0 -1
    outer loop
      vertex 6.53428 -4.90661 -5
      vertex 6.55328 4.91709 -5
      vertex 6.55328 -4.91609 -5
    endloop
  endfacet
  facet normal 0 0 -1
    outer loop
      vertex 6.53428 -4.90661 -5
      vertex 6.53428 4.90761 -5
      vertex 6.55328 4.91709 -5
    endloop
  endfacet
  facet normal 0 0 -1
    outer loop
      vertex 6.51512 -4.89747 -5
      vertex 6.53428 4.90761 -5
      vertex 6.53428 -4.90661 -5
    endloop
  endfacet
  facet normal 0 0 -1
    outer loop
      vertex 6.51512 -4.89747 -5
      vertex 6.51512 4.89847 -5
      vertex 6.53428 4.90761 -5
    endloop
  endfacet
  facet normal 0 0 -1
    outer loop
      vertex 6.4958 -4.88867 -5
      vertex 6.51512 4.89847 -5
      vertex 6.51512 -4.89747 -5
    endloop
  endfacet
  facet normal 0 0 -1
    outer loop
      vertex 6.4958 -4.88867 -5
      vertex 6.4958 4.88967 -5
      vertex 6.51512 4.89847 -5
    endloop
  endfacet
  facet normal 0 0 -1
    outer loop
      vertex 6.47633 -4.8802 -5
      vertex 6.4958 4.88967 -5
      vertex 6.4958 -4.88867 -5
    endloop
  endfacet
  facet normal 0 0 -1
    outer loop
      vertex 6.47633 -4.8802 -5
      vertex 6.47633 4.8812 -5
      vertex 6.4958 4.88967 -5
    endloop
  endfacet
  facet normal 0 0 -1
    outer loop
      vertex 6.45671 -4.87208 -5
      vertex 6.47633 4.8812 -5
      vertex 6.47633 -4.8802 -5
    endloop
  endfacet
  facet normal 0 0 -1
    outer loop
      vertex 6.45671 -4.87208 -5
      vertex 6.45671 4.87308 -5
      vertex 6.47633 4.8812 -5
    endloop
  endfacet
  facet normal 0 0 -1
    outer loop
      vertex 6.43696 -4.86429 -5
      vertex 6.45671 4.87308 -5
      vertex 6.45671 -4.87208 -5
    endloop
  endfacet
  facet normal 0 0 -1
    outer loop
      vertex 6.43696 -4.86429 -5
      vertex 6.43696 4.86529 -5
      vertex 6.45671 4.87308 -5
    endloop
  endfacet
  facet normal 0 0 -1
    outer loop
      vertex 6.41707 -4.85686 -5
      vertex 6.43696 4.86529 -5
      vertex 6.43696 -4.86429 -5
    endloop
  endfacet
  facet normal 0 0 -1
    outer loop
      vertex 6.41707 -4.85686 -5
      vertex 6.41707 4.85786 -5
      vertex 6.43696 4.86529 -5
    endloop
  endfacet
  facet normal 0 0 -1
    outer loop
      vertex 6.39706 -4.84977 -5
      vertex 6.41707 4.85786 -5
      vertex 6.41707 -4.85686 -5
    endloop
  endfacet
  facet normal 0 0 -1
    outer loop
      vertex 6.39706 -4.84977 -5
      vertex 6.39706 4.85077 -5
      vertex 6.41707 4.85786 -5
    endloop
  endfacet
  facet normal 0 0 -1
    outer loop
      vertex 6.37692 -4.84303 -5
      vertex 6.39706 4.85077 -5
      vertex 6.39706 -4.84977 -5
    endloop
  endfacet
  facet normal 0 0 -1
    outer loop
      vertex 6.37692 -4.84303 -5
      vertex 6.37692 4.84403 -5
      vertex 6.39706 4.85077 -5
    endloop
  endfacet
  facet normal 0 0 -1
    outer loop
      vertex 6.35667 -4.83665 -5
      vertex 6.37692 4.84403 -5
      vertex 6.37692 -4.84303 -5
    endloop
  endfacet
  facet normal 0 0 -1
    outer loop
      vertex 6.35667 -4.83665 -5
      vertex 6.35667 4.83765 -5
      vertex 6.37692 4.84403 -5
    endloop
  endfacet
  facet normal 0 0 -1
    outer loop
      vertex 6.33631 -4.83062 -5
      vertex 6.35667 4.83765 -5
      vertex 6.35667 -4.83665 -5
    endloop
  endfacet
  facet normal 0 0 -1
    outer loop
      vertex 6.33631 -4.83062 -5
      vertex 6.33631 4.83162 -5
      vertex 6.35667 4.83765 -5
    endloop
  endfacet
  facet normal 0 0 -1
    outer loop
      vertex 6.31585 -4.82495 -5
      vertex 6.33631 4.83162 -5
      vertex 6.33631 -4.83062 -5
    endloop
  endfacet
  facet normal 0 0 -1
    outer loop
      vertex 6.31585 -4.82495 -5
      vertex 6.31585 4.82595 -5
      vertex 6.33631 4.83162 -5
    endloop
  endfacet
  facet normal 0 0 -1
    outer loop
      vertex 6.2953 -4.81963 -5
      vertex 6.31585 4.82595 -5
      vertex 6.31585 -4.82495 -5
    endloop
  endfacet
  facet normal 0 0 -1
    outer loop
      vertex 6.2953 -4.81963 -5
      vertex 6.2953 4.82063 -5
      vertex 6.31585 4.82595 -5
    endloop
  endfacet
  facet normal 0 0 -1
    outer loop
      vertex 6.27465 -4.81467 -5
      vertex 6.2953 4.82063 -5
      vertex 6.2953 -4.81963 -5
    endloop
  endfacet
  facet normal 0 0 -1
    outer loop
      vertex 6.27465 -4.81467 -5
      vertex 6.27465 4.81567 -5
      vertex 6.2953 4.82063 -5
    endloop
  endfacet
  facet normal 0 0 -1
    outer loop
      vertex 6.25393 -4.81008 -5
      vertex 6.27465 4.81567 -5
      vertex 6.27465 -4.81467 -5
    endloop
  endfacet
  facet normal 0 0 -1
    outer loop
      vertex 6.25393 -4.81008 -5
      vertex 6.25393 4.81108 -5
      vertex 6.27465 4.81567 -5
    endloop
  endfacet
  facet normal 0 0 -1
    outer loop
      vertex 6.23312 -4.80584 -5
      vertex 6.25393 4.81108 -5
      vertex 6.25393 -4.81008 -5
    endloop
  endfacet
  facet normal 0 0 -1
    outer loop
      vertex 6.23312 -4.80584 -5
      vertex 6.23312 4.80684 -5
      vertex 6.25393 4.81108 -5
    endloop
  endfacet
  facet normal 0 0 -1
    outer loop
      vertex 6.21224 -4.80198 -5
      vertex 6.23312 4.80684 -5
      vertex 6.23312 -4.80584 -5
    endloop
  endfacet
  facet normal 0 0 -1
    outer loop
      vertex 6.21224 -4.80198 -5
      vertex 6.21224 4.80298 -5
      vertex 6.23312 4.80684 -5
    endloop
  endfacet
  facet normal 0 0 -1
    outer loop
      vertex 6.1913 -4.79847 -5
      vertex 6.21224 4.80298 -5
      vertex 6.21224 -4.80198 -5
    endloop
  endfacet
  facet normal 0 0 -1
    outer loop
      vertex 6.1913 -4.79847 -5
      vertex 6.1913 4.79947 -5
      vertex 6.21224 4.80298 -5
    endloop
  endfacet
  facet normal 0 0 -1
    outer loop
      vertex 6.1703 -4.79533 -5
      vertex 6.1913 4.79947 -5
      vertex 6.1913 -4.79847 -5
    endloop
  endfacet
  facet normal 0 0 -1
    outer loop
      vertex 6.1703 -4.79533 -5
      vertex 6.1703 4.79633 -5
      vertex 6.1913 4.79947 -5
    endloop
  endfacet
  facet normal 0 0 -1
    outer loop
      vertex 6.14925 -4.79256 -5
      vertex 6.1703 4.79633 -5
      vertex 6.1703 -4.79533 -5
    endloop
  endfacet
  facet normal 0 0 -1
    outer loop
      vertex 6.14925 -4.79256 -5
      vertex 6.14925 4.79356 -5
      vertex 6.1703 4.79633 -5
    endloop
  endfacet
  facet normal 0 0 -1
    outer loop
      vertex 6.12816 -4.79016 -5
      vertex 6.14925 4.79356 -5
      vertex 6.14925 -4.79256 -5
    endloop
  endfacet
  facet normal 0 0 -1
    outer loop
      vertex 6.12816 -4.79016 -5
      vertex 6.12816 4.79116 -5
      vertex 6.14925 4.79356 -5
    endloop
  endfacet
  facet normal 0 0 -1
    outer loop
      vertex 6.10702 -4.78812 -5
      vertex 6.12816 4.79116 -5
      vertex 6.12816 -4.79016 -5
    endloop
  endfacet
  facet normal 0 0 -1
    outer loop
      vertex 6.10702 -4.78812 -5
      vertex 6.10702 4.78912 -5
      vertex 6.12816 4.79116 -5
    endloop
  endfacet
  facet normal 0 0 -1
    outer loop
      vertex 6.08586 -4.78646 -5
      vertex 6.10702 4.78912 -5
      vertex 6.10702 -4.78812 -5
    endloop
  endfacet
  facet normal 0 0 -1
    outer loop
      vertex 6.08586 -4.78646 -5
      vertex 6.08586 4.78746 -5
      vertex 6.10702 4.78912 -5
    endloop
  endfacet
  facet normal 0 0 -1
    outer loop
      vertex 6.06467 -4.78516 -5
      vertex 6.08586 4.78746 -5
      vertex 6.08586 -4.78646 -5
    endloop
  endfacet
  facet normal 0 0 -1
    outer loop
      vertex 6.06467 -4.78516 -5
      vertex 6.06467 4.78616 -5
      vertex 6.08586 4.78746 -5
    endloop
  endfacet
  facet normal 0 0 -1
    outer loop
      vertex 6.04345 -4.78424 -5
      vertex 6.06467 4.78616 -5
      vertex 6.06467 -4.78516 -5
    endloop
  endfacet
  facet normal 0 0 -1
    outer loop
      vertex 6.04345 -4.78424 -5
      vertex 6.04345 4.78523 -5
      vertex 6.06467 4.78616 -5
    endloop
  endfacet
  facet normal 0 0 -1
    outer loop
      vertex 6.02223 -4.78368 -5
      vertex 6.04345 4.78523 -5
      vertex 6.04345 -4.78424 -5
    endloop
  endfacet
  facet normal 0 0 -1
    outer loop
      vertex 6.02223 -4.78368 -5
      vertex 6.02223 4.78468 -5
      vertex 6.04345 4.78523 -5
    endloop
  endfacet
  facet normal 0 0 -1
    outer loop
      vertex 6.001 -4.78349 -5
      vertex 6.02223 4.78468 -5
      vertex 6.02223 -4.78368 -5
    endloop
  endfacet
  facet normal 0 0 -1
    outer loop
      vertex 6.001 -4.78349 -5
      vertex 6.001 4.78449 -5
      vertex 6.02223 4.78468 -5
    endloop
  endfacet
  facet normal 0 0 -1
    outer loop
      vertex 5.97977 -4.78368 -5
      vertex 6.001 4.78449 -5
      vertex 6.001 -4.78349 -5
    endloop
  endfacet
  facet normal 0 0 -1
    outer loop
      vertex 5.97977 -4.78368 -5
      vertex 5.97977 4.78468 -5
      vertex 6.001 4.78449 -5
    endloop
  endfacet
  facet normal 0 0 -1
    outer loop
      vertex 5.95855 -4.78424 -5
      vertex 5.97977 4.78468 -5
      vertex 5.97977 -4.78368 -5
    endloop
  endfacet
  facet normal 0 0 -1
    outer loop
      vertex 5.95855 -4.78424 -5
      vertex 5.95855 4.78523 -5
      vertex 5.97977 4.78468 -5
    endloop
  endfacet
  facet normal 0 0 -1
    outer loop
      vertex 5.93733 -4.78516 -5
      vertex 5.95855 4.78523 -5
      vertex 5.95855 -4.78424 -5
    endloop
  endfacet
  facet normal 0 0 -1
    outer loop
      vertex 5.93733 -4.78516 -5
      vertex 5.93733 4.78616 -5
      vertex 5.95855 4.78523 -5
    endloop
  endfacet
  facet normal 0 0 -1
    outer loop
      vertex 5.91614 -4.78646 -5
      vertex 5.93733 4.78616 -5
      vertex 5.93733 -4.78516 -5
    endloop
  endfacet
  facet normal 0 0 -1
    outer loop
      vertex 5.91614 -4.78646 -5
      vertex 5.91614 4.78746 -5
      vertex 5.93733 4.78616 -5
    endloop
  endfacet
  facet normal 0 0 -1
    outer loop
      vertex 5.89498 -4.78812 -5
      vertex 5.91614 4.78746 -5
      vertex 5.91614 -4.78646 -5
    endloop
  endfacet
  facet normal 0 0 -1
    outer loop
      vertex 5.89498 -4.78812 -5
      vertex 5.89498 4.78912 -5
      vertex 5.91614 4.78746 -5
    endloop
  endfacet
  facet normal 0 0 -1
    outer loop
      vertex 5.87384 -4.79016 -5
      vertex 5.89498 4.78912 -5
      vertex 5.89498 -4.78812 -5
    endloop
  endfacet
  facet normal 0 0 -1
    outer loop
      vertex 5.87384 -4.79016 -5
      vertex 5.87384 4.79116 -5
      vertex 5.89498 4.78912 -5
    endloop
  endfacet
  facet normal 0 0 -1
    outer loop
      vertex 5.85275 -4.79256 -5
      vertex 5.87384 4.79116 -5
      vertex 5.87384 -4.79016 -5
    endloop
  endfacet
  facet normal 0 0 -1
    outer loop
      vertex 5.85275 -4.79256 -5
      vertex 5.85275 4.79356 -5
      vertex 5.87384 4.79116 -5
    endloop
  endfacet
  facet normal 0 0 -1
    outer loop
      vertex 5.8317 -4.79533 -5
      vertex 5.85275 4.79356 -5
      vertex 5.85275 -4.79256 -5
    endloop
  endfacet
  facet normal 0 0 -1
    outer loop
      vertex 5.8317 -4.79533 -5
      vertex 5.8317 4.79633 -5
      vertex 5.85275 4.79356 -5
    endloop
  endfacet
  facet normal 0 0 -1
    outer loop
      vertex 5.8107 -4.79847 -5
      vertex 5.8317 4.79633 -5
      vertex 5.8317 -4.79533 -5
    endloop
  endfacet
  facet normal 0 0 -1
    outer loop
      vertex 5.8107 -4.79847 -5
      vertex 5.8107 4.79947 -5
      vertex 5.8317 4.79633 -5
    endloop
  endfacet
  facet normal 0 0 -1
    outer loop
      vertex 5.78976 -4.80198 -5
      vertex 5.8107 4.79947 -5
      vertex 5.8107 -4.79847 -5
    endloop
  endfacet
  facet normal 0 0 -1
    outer loop
      vertex 5.78976 -4.80198 -5
      vertex 5.78976 4.80298 -5
      vertex 5.8107 4.79947 -5
    endloop
  endfacet
  facet normal 0 0 -1
    outer loop
      vertex 5.76888 -4.80584 -5
      vertex 5.78976 4.80298 -5
      vertex 5.78976 -4.80198 -5
    endloop
  endfacet
  facet normal 0 0 -1
    outer loop
      vertex 5.76888 -4.80584 -5
      vertex 5.76888 4.80684 -5
      vertex 5.78976 4.80298 -5
    endloop
  endfacet
  facet normal 0 0 -1
    outer loop
      vertex 5.74807 -4.81008 -5
      vertex 5.76888 4.80684 -5
      vertex 5.76888 -4.80584 -5
    endloop
  endfacet
  facet normal 0 0 -1
    outer loop
      vertex 5.74807 -4.81008 -5
      vertex 5.74807 4.81108 -5
      vertex 5.76888 4.80684 -5
    endloop
  endfacet
  facet normal 0 0 -1
    outer loop
      vertex 5.72735 -4.81467 -5
      vertex 5.74807 4.81108 -5
      vertex 5.74807 -4.81008 -5
    endloop
  endfacet
  facet normal 0 0 -1
    outer loop
      vertex 5.72735 -4.81467 -5
      vertex 5.72735 4.81567 -5
      vertex 5.74807 4.81108 -5
    endloop
  endfacet
  facet normal 0 0 -1
    outer loop
      vertex 5.7067 -4.81963 -5
      vertex 5.72735 4.81567 -5
      vertex 5.72735 -4.81467 -5
    endloop
  endfacet
  facet normal 0 0 -1
    outer loop
      vertex 5.7067 -4.81963 -5
      vertex 5.7067 4.82063 -5
      vertex 5.72735 4.81567 -5
    endloop
  endfacet
  facet normal 0 0 -1
    outer loop
      vertex 5.68615 -4.82495 -5
      vertex 5.7067 4.82063 -5
      vertex 5.7067 -4.81963 -5
    endloop
  endfacet
  facet normal 0 0 -1
    outer loop
      vertex 5.68615 -4.82495 -5
      vertex 5.68615 4.82595 -5
      vertex 5.7067 4.82063 -5
    endloop
  endfacet
  facet normal 0 0 -1
    outer loop
      vertex 5.66569 -4.83062 -5
      vertex 5.68615 4.82595 -5
      vertex 5.68615 -4.82495 -5
    endloop
  endfacet
  facet normal 0 0 -1
    outer loop
      vertex 5.66569 -4.83062 -5
      vertex 5.66569 4.83162 -5
      vertex 5.68615 4.82595 -5
    endloop
  endfacet
  facet normal 0 0 -1
    outer loop
      vertex 5.64533 -4.83665 -5
      vertex 5.66569 4.83162 -5
      vertex 5.66569 -4.83062 -5
    endloop
  endfacet
  facet normal 0 0 -1
    outer loop
      vertex 5.64533 -4.83665 -5
      vertex 5.64533 4.83765 -5
      vertex 5.66569 4.83162 -5
    endloop
  endfacet
  facet normal 0 0 -1
    outer loop
      vertex 5.62508 -4.84303 -5
      vertex 5.64533 4.83765 -5
      vertex 5.64533 -4.83665 -5
    endloop
  endfacet
  facet normal 0 0 -1
    outer loop
      vertex 5.62508 -4.84303 -5
      vertex 5.62508 4.84403 -5
      vertex 5.64533 4.83765 -5
    endloop
  endfacet
  facet normal 0 0 -1
    outer loop
      vertex 5.60494 -4.84977 -5
      vertex 5.62508 4.84403 -5
      vertex 5.62508 -4.84303 -5
    endloop
  endfacet
  facet normal 0 0 -1
    outer loop
      vertex 5.60494 -4.84977 -5
      vertex 5.60494 4.85077 -5
      vertex 5.62508 4.84403 -5
    endloop
  endfacet
  facet normal 0 0 -1
    outer loop
      vertex 5.58493 -4.85686 -5
      vertex 5.60494 4.85077 -5
      vertex 5.60494 -4.84977 -5
    endloop
  endfacet
  facet normal 0 0 -1
    outer loop
      vertex 5.58493 -4.85686 -5
      vertex 5.58493 4.85786 -5
      vertex 5.60494 4.85077 -5
    endloop
  endfacet
  facet normal 0 0 -1
    outer loop
      vertex 5.56504 -4.86429 -5
      vertex 5.58493 4.85786 -5
      vertex 5.58493 -4.85686 -5
    endloop
  endfacet
  facet normal 0 0 -1
    outer loop
      vertex 5.56504 -4.86429 -5
      vertex 5.56504 4.86529 -5
      vertex 5.58493 4.85786 -5
    endloop
  endfacet
  facet normal 0 0 -1
    outer loop
      vertex 5.54529 -4.87208 -5
      vertex 5.56504 4.86529 -5
      vertex 5.56504 -4.86429 -5
    endloop
  endfacet
  facet normal 0 0 -1
    outer loop
      vertex 5.54529 -4.87208 -5
      vertex 5.54529 4.87308 -5
      vertex 5.56504 4.86529 -5
    endloop
  endfacet
  facet normal 0 0 -1
    outer loop
      vertex 5.52567 -4.8802 -5
      vertex 5.54529 4.87308 -5
      vertex 5.54529 -4.87208 -5
    endloop
  endfacet
  facet normal 0 0 -1
    outer loop
      vertex 5.52567 -4.8802 -5
      vertex 5.52567 4.8812 -5
      vertex 5.54529 4.87308 -5
    endloop
  endfacet
  facet normal 0 0 -1
    outer loop
      vertex 5.5062 -4.88867 -5
      vertex 5.52567 4.8812 -5
      vertex 5.52567 -4.8802 -5
    endloop
  endfacet
  facet normal 0 0 -1
    outer loop
      vertex 5.5062 -4.88867 -5
      vertex 5.5062 4.88967 -5
      vertex 5.52567 4.8812 -5
    endloop
  endfacet
  facet normal 0 0 -1
    outer loop
      vertex 5.48688 -4.89747 -5
      vertex 5.5062 4.88967 -5
      vertex 5.5062 -4.88867 -5
    endloop
  endfacet
  facet normal 0 0 -1
    outer loop
      vertex 5.48688 -4.89747 -5
      vertex 5.48688 4.89847 -5
      vertex 5.5062 4.88967 -5
    endloop
  endfacet
  facet normal 0 0 -1
    outer loop
      vertex 5.46772 -4.90661 -5
      vertex 5.48688 4.89847 -5
      vertex 5.48688 -4.89747 -5
    endloop
  endfacet
  facet normal 0 0 -1
    outer loop
      vertex 5.46772 -4.90661 -5
      vertex 5.46772 4.90761 -5
      vertex 5.48688 4.89847 -5
    endloop
  endfacet
  facet normal 0 0 -1
    outer loop
      vertex 5.44872 -4.91609 -5
      vertex 5.46772 4.90761 -5
      vertex 5.46772 -4.90661 -5
    endloop
  endfacet
  facet normal 0 0 -1
    outer loop
      vertex 5.44872 -4.91609 -5
      vertex 5.44872 4.91709 -5
      vertex 5.46772 4.90761 -5
    endloop
  endfacet
  facet normal 0 0 -1
    outer loop
      vertex 5.42989 -4.92589 -5
      vertex 5.44872 4.91709 -5
      vertex 5.44872 -4.91609 -5
    endloop
  endfacet
  facet normal 0 0 -1
    outer loop
      vertex 5.42989 -4.92589 -5
      vertex 5.42989 4.92689 -5
      vertex 5.44872 4.91709 -5
    endloop
  endfacet
  facet normal 0 0 -1
    outer loop
      vertex 5.41123 -4.93602 -5
      vertex 5.42989 4.92689 -5
      vertex 5.42989 -4.92589 -5
    endloop
  endfacet
  facet normal 0 0 -1
    outer loop
      vertex 5.41123 -4.93602 -5
      vertex 5.41123 4.93702 -5
      vertex 5.42989 4.92689 -5
    endloop
  endfacet
  facet normal 0 0 -1
    outer loop
      vertex 5.39275 -4.94648 -5
      vertex 5.41123 4.93702 -5
      vertex 5.41123 -4.93602 -5
    endloop
  endfacet
  facet normal 0 0 -1
    outer loop
      vertex 5.39275 -4.94648 -5
      vertex 5.39275 4.94747 -5
      vertex 5.41123 4.93702 -5
    endloop
  endfacet
  facet normal 0 0 -1
    outer loop
      vertex 5.37445 -4.95725 -5
      vertex 5.39275 4.94747 -5
      vertex 5.39275 -4.94648 -5
    endloop
  endfacet
  facet normal 0 0 -1
    outer loop
      vertex 5.37445 -4.95725 -5
      vertex 5.37445 4.95825 -5
      vertex 5.39275 4.94747 -5
    endloop
  endfacet
  facet normal 0 0 -1
    outer loop
      vertex 5.35635 -4.96834 -5
      vertex 5.37445 4.95825 -5
      vertex 5.37445 -4.95725 -5
    endloop
  endfacet
  facet normal 0 0 -1
    outer loop
      vertex 5.35635 -4.96834 -5
      vertex 5.35635 4.96934 -5
      vertex 5.37445 4.95825 -5
    endloop
  endfacet
  facet normal 0 0 -1
    outer loop
      vertex 5.33844 -4.97975 -5
      vertex 5.35635 4.96934 -5
      vertex 5.35635 -4.96834 -5
    endloop
  endfacet
  facet normal 0 0 -1
    outer loop
      vertex 5.33844 -4.97975 -5
      vertex 5.33844 4.98075 -5
      vertex 5.35635 4.96934 -5
    endloop
  endfacet
  facet normal 0 0 -1
    outer loop
      vertex 5.32074 -4.99147 -5
      vertex 5.33844 4.98075 -5
      vertex 5.33844 -4.97975 -5
    endloop
  endfacet
  facet normal 0 0 -1
    outer loop
      vertex 5.32074 -4.99147 -5
      vertex 5.32074 4.99247 -5
      vertex 5.33844 4.98075 -5
    endloop
  endfacet
  facet normal 0 0 -1
    outer loop
      vertex 5.30324 -5.0035 -5
      vertex 5.32074 4.99247 -5
      vertex 5.32074 -4.99147 -5
    endloop
  endfacet
  facet normal 0 0 -1
    outer loop
      vertex 5.30324 -5.0035 -5
      vertex 5.30324 5.0045 -5
      vertex 5.32074 4.99247 -5
    endloop
  endfacet
  facet normal 0 0 -1
    outer loop
      vertex 5.28596 -5.01583 -5
      vertex 5.30324 5.0045 -5
      vertex 5.30324 -5.0035 -5
    endloop
  endfacet
  facet normal 0 0 -1
    outer loop
      vertex 5.28596 -5.01583 -5
      vertex 5.28596 5.01683 -5
      vertex 5.30324 5.0045 -5
    endloop
  endfacet
  facet normal 0 0 -1
    outer loop
      vertex 5.26889 -5.02846 -5
      vertex 5.28596 5.01683 -5
      vertex 5.28596 -5.01583 -5
    endloop
  endfacet
  facet normal 0 0 -1
    outer loop
      vertex 5.26889 -5.02846 -5
      vertex 5.26889 5.02946 -5
      vertex 5.28596 5.01683 -5
    endloop
  endfacet
  facet normal 0 0 -1
    outer loop
      vertex 5.25204 -5.04138 -5
      vertex 5.26889 5.02946 -5
      vertex 5.26889 -5.02846 -5
    endloop
  endfacet
  facet normal 0 0 -1
    outer loop
      vertex 5.25204 -5.04138 -5
      vertex 5.25204 5.04238 -5
      vertex 5.26889 5.02946 -5
    endloop
  endfacet
  facet normal 0 0 -1
    outer loop
      vertex 5.23543 -5.0546 -5
      vertex 5.25204 5.04238 -5
      vertex 5.25204 -5.04138 -5
    endloop
  endfacet
  facet normal 0 0 -1
    outer loop
      vertex 5.23543 -5.0546 -5
      vertex 5.23543 5.0556 -5
      vertex 5.25204 5.04238 -5
    endloop
  endfacet
  facet normal 0 0 -1
    outer loop
      vertex 5.21905 -5.0681 -5
      vertex 5.23543 5.0556 -5
      vertex 5.23543 -5.0546 -5
    endloop
  endfacet
  facet normal 0 0 -1
    outer loop
      vertex 5.21905 -5.0681 -5
      vertex 5.21905 5.0691 -5
      vertex 5.23543 5.0556 -5
    endloop
  endfacet
  facet normal 0 0 -1
    outer loop
      vertex 5.2029 -5.08189 -5
      vertex 5.21905 5.0691 -5
      vertex 5.21905 -5.0681 -5
    endloop
  endfacet
  facet normal 0 0 -1
    outer loop
      vertex 5.2029 -5.08189 -5
      vertex 5.2029 5.08289 -5
      vertex 5.21905 5.0691 -5
    endloop
  endfacet
  facet normal 0 0 -1
    outer loop
      vertex 5.187 -5.09596 -5
      vertex 5.2029 5.08289 -5
      vertex 5.2029 -5.08189 -5
    endloop
  endfacet
  facet normal 0 0 -1
    outer loop
      vertex 5.187 -5.09596 -5
      vertex 5.187 5.09696 -5
      vertex 5.2029 5.08289 -5
    endloop
  endfacet
  facet normal 0 0 -1
    outer loop
      vertex 5.17135 -5.1103 -5
      vertex 5.187 5.09696 -5
      vertex 5.187 -5.09596 -5
    endloop
  endfacet
  facet normal 0 0 -1
    outer loop
      vertex 5.17135 -5.1103 -5
      vertex 5.17135 5.1113 -5
      vertex 5.187 5.09696 -5
    endloop
  endfacet
  facet normal 0 0 -1
    outer loop
      vertex 5.15594 -5.12492 -5
      vertex 5.17135 5.1113 -5
      vertex 5.17135 -5.1103 -5
    endloop
  endfacet
  facet normal 0 0 -1
    outer loop
      vertex 5.15594 -5.12492 -5
      vertex 5.15594 5.12592 -5
      vertex 5.17135 5.1113 -5
    endloop
  endfacet
  facet normal 0 0 -1
    outer loop
      vertex 5.1408 -5.1398 -5
      vertex 5.15594 5.12592 -5
      vertex 5.15594 -5.12492 -5
    endloop
  endfacet
  facet normal 0 0 -1
    outer loop
      vertex 5.1408 -5.1398 -5
      vertex 5.1408 5.1408 -5
      vertex 5.15594 5.12592 -5
    endloop
  endfacet
  facet normal 0 0 -1
    outer loop
      vertex 5.12592 -5.15494 -5
      vertex 5.1408 5.1408 -5
      vertex 5.1408 -5.1398 -5
    endloop
  endfacet
  facet normal 0 0 -1
    outer loop
      vertex 5.12592 -5.15494 -5
      vertex 5.12592 5.15594 -5
      vertex 5.1408 5.1408 -5
    endloop
  endfacet
  facet normal 0 0 -1
    outer loop
      vertex 5.1113 -5.17035 -5
      vertex 5.12592 5.15594 -5
      vertex 5.12592 -5.15494 -5
    endloop
  endfacet
  facet normal 0 0 -1
    outer loop
      vertex 5.1113 -5.17035 -5
      vertex 5.1113 5.17135 -5
      vertex 5.12592 5.15594 -5
    endloop
  endfacet
  facet normal 0 0 -1
    outer loop
      vertex 4.86529 -5.56404 -5
      vertex -4.86429 -5.56404 -5
      vertex 4.87308 -5.54429 -5
    endloop
  endfacet
  facet normal 0 0 -1
    outer loop
      vertex -4.87208 -5.54429 -5
      vertex 4.87308 -5.54429 -5
      vertex -4.86429 -5.56404 -5
    endloop
  endfacet
  facet normal 0 0 -1
    outer loop
      vertex -4.86429 -5.56404 -5
      vertex 4.86529 -5.56404 -5
      vertex -4.85686 -5.58393 -5
    endloop
  endfacet
  facet normal 0 0 -1
    outer loop
      vertex 4.87308 -5.54429 -5
      vertex -4.87208 -5.54429 -5
      vertex 4.8812 -5.52467 -5
    endloop
  endfacet
  facet normal 0 0 -1
    outer loop
      vertex 4.85786 -5.58393 -5
      vertex -4.85686 -5.58393 -5
      vertex 4.86529 -5.56404 -5
    endloop
  endfacet
  facet normal 0 0 -1
    outer loop
      vertex 5.1113 5.17135 -5
      vertex -4.78349 6.001 -5
      vertex 5.09696 5.187 -5
    endloop
  endfacet
  facet normal 0 0 -1
    outer loop
      vertex -4.85686 -5.58393 -5
      vertex 4.85786 -5.58393 -5
      vertex -4.84977 -5.60394 -5
    endloop
  endfacet
  facet normal 0 0 -1
    outer loop
      vertex 5.09696 5.187 -5
      vertex -4.78349 6.001 -5
      vertex 5.08289 5.2029 -5
    endloop
  endfacet
  facet normal 0 0 -1
    outer loop
      vertex 4.85077 -5.60394 -5
      vertex -4.84977 -5.60394 -5
      vertex 4.85786 -5.58393 -5
    endloop
  endfacet
  facet normal 0 0 -1
    outer loop
      vertex 5.08289 5.2029 -5
      vertex -4.78349 6.001 -5
      vertex 5.0691 5.21905 -5
    endloop
  endfacet
  facet normal 0 0 -1
    outer loop
      vertex -4.84977 -5.60394 -5
      vertex 4.85077 -5.60394 -5
      vertex -4.84303 -5.62408 -5
    endloop
  endfacet
  facet normal 0 0 -1
    outer loop
      vertex 5.0691 5.21905 -5
      vertex -4.78349 6.001 -5
      vertex 5.0556 5.23543 -5
    endloop
  endfacet
  facet normal 0 0 -1
    outer loop
      vertex 4.84403 -5.62408 -5
      vertex -4.84303 -5.62408 -5
      vertex 4.85077 -5.60394 -5
    endloop
  endfacet
  facet normal 0 0 -1
    outer loop
      vertex 5.0556 5.23543 -5
      vertex -4.78349 6.001 -5
      vertex 5.04238 5.25204 -5
    endloop
  endfacet
  facet normal 0 0 -1
    outer loop
      vertex -4.84303 -5.62408 -5
      vertex 4.84403 -5.62408 -5
      vertex -4.83665 -5.64433 -5
    endloop
  endfacet
  facet normal 0 0 -1
    outer loop
      vertex 5.04238 5.25204 -5
      vertex -4.78349 6.001 -5
      vertex 5.02946 5.26889 -5
    endloop
  endfacet
  facet normal 0 0 -1
    outer loop
      vertex 4.83765 -5.64433 -5
      vertex -4.83665 -5.64433 -5
      vertex 4.84403 -5.62408 -5
    endloop
  endfacet
  facet normal 0 0 -1
    outer loop
      vertex 5.02946 5.26889 -5
      vertex -4.78349 6.001 -5
      vertex 5.01683 5.28596 -5
    endloop
  endfacet
  facet normal 0 0 -1
    outer loop
      vertex -4.83665 -5.64433 -5
      vertex 4.83765 -5.64433 -5
      vertex -4.83062 -5.66469 -5
    endloop
  endfacet
  facet normal 0 0 -1
    outer loop
      vertex 5.01683 5.28596 -5
      vertex -4.78349 6.001 -5
      vertex 5.0045 5.30324 -5
    endloop
  endfacet
  facet normal 0 0 -1
    outer loop
      vertex 4.83162 -5.66469 -5
      vertex -4.83062 -5.66469 -5
      vertex 4.83765 -5.64433 -5
    endloop
  endfacet
  facet normal 0 0 -1
    outer loop
      vertex 5.0045 5.30324 -5
      vertex -4.78349 6.001 -5
      vertex 4.99247 5.32074 -5
    endloop
  endfacet
  facet normal 0 0 -1
    outer loop
      vertex -4.83062 -5.66469 -5
      vertex 4.83162 -5.66469 -5
      vertex -4.82495 -5.68515 -5
    endloop
  endfacet
  facet normal 0 0 -1
    outer loop
      vertex 4.99247 5.32074 -5
      vertex -4.78349 6.001 -5
      vertex 4.98075 5.33844 -5
    endloop
  endfacet
  facet normal 0 0 -1
    outer loop
      vertex 4.82595 -5.68515 -5
      vertex -4.82495 -5.68515 -5
      vertex 4.83162 -5.66469 -5
    endloop
  endfacet
  facet normal 0 0 -1
    outer loop
      vertex 4.98075 5.33844 -5
      vertex -4.78349 6.001 -5
      vertex 4.96934 5.35635 -5
    endloop
  endfacet
  facet normal 0 0 -1
    outer loop
      vertex -4.82495 -5.68515 -5
      vertex 4.82595 -5.68515 -5
      vertex -4.81963 -5.7057 -5
    endloop
  endfacet
  facet normal 0 0 -1
    outer loop
      vertex 4.96934 5.35635 -5
      vertex -4.78349 6.001 -5
      vertex 4.95825 5.37445 -5
    endloop
  endfacet
  facet normal 0 0 -1
    outer loop
      vertex 4.82063 -5.7057 -5
      vertex -4.81963 -5.7057 -5
      vertex 4.82595 -5.68515 -5
    endloop
  endfacet
  facet normal 0 0 -1
    outer loop
      vertex 4.95825 5.37445 -5
      vertex -4.78349 6.001 -5
      vertex 4.94747 5.39275 -5
    endloop
  endfacet
  facet normal 0 0 -1
    outer loop
      vertex -4.81963 -5.7057 -5
      vertex 4.82063 -5.7057 -5
      vertex -4.81467 -5.72635 -5
    endloop
  endfacet
  facet normal 0 0 -1
    outer loop
      vertex 4.94747 5.39275 -5
      vertex -4.78349 6.001 -5
      vertex 4.93702 5.41123 -5
    endloop
  endfacet
  facet normal 0 0 -1
    outer loop
      vertex 4.81567 -5.72635 -5
      vertex -4.81467 -5.72635 -5
      vertex 4.82063 -5.7057 -5
    endloop
  endfacet
  facet normal 0 0 -1
    outer loop
      vertex 4.93702 5.41123 -5
      vertex -4.78349 6.001 -5
      vertex 4.92689 5.42989 -5
    endloop
  endfacet
  facet normal 0 0 -1
    outer loop
      vertex -4.81467 -5.72635 -5
      vertex 4.81567 -5.72635 -5
      vertex -4.81008 -5.74707 -5
    endloop
  endfacet
  facet normal 0 0 -1
    outer loop
      vertex 4.92689 5.42989 -5
      vertex -4.78349 6.001 -5
      vertex 4.91709 5.44872 -5
    endloop
  endfacet
  facet normal 0 0 -1
    outer loop
      vertex 4.81108 -5.74707 -5
      vertex -4.81008 -5.74707 -5
      vertex 4.81567 -5.72635 -5
    endloop
  endfacet
  facet normal 0 0 -1
    outer loop
      vertex 4.91709 5.44872 -5
      vertex -4.78349 6.001 -5
      vertex 4.90761 5.46772 -5
    endloop
  endfacet
  facet normal 0 0 -1
    outer loop
      vertex -4.81008 -5.74707 -5
      vertex 4.81108 -5.74707 -5
      vertex -4.80584 -5.76788 -5
    endloop
  endfacet
  facet normal 0 0 -1
    outer loop
      vertex 4.90761 5.46772 -5
      vertex -4.78349 6.001 -5
      vertex 4.89847 5.48688 -5
    endloop
  endfacet
  facet normal 0 0 -1
    outer loop
      vertex 4.80684 -5.76788 -5
      vertex -4.80584 -5.76788 -5
      vertex 4.81108 -5.74707 -5
    endloop
  endfacet
  facet normal 0 0 -1
    outer loop
      vertex 4.89847 5.48688 -5
      vertex -4.78349 6.001 -5
      vertex 4.88967 5.5062 -5
    endloop
  endfacet
  facet normal 0 0 -1
    outer loop
      vertex -4.80584 -5.76788 -5
      vertex 4.80684 -5.76788 -5
      vertex -4.80198 -5.78876 -5
    endloop
  endfacet
  facet normal 0 0 -1
    outer loop
      vertex 4.88967 5.5062 -5
      vertex -4.78349 6.001 -5
      vertex 4.8812 5.52567 -5
    endloop
  endfacet
  facet normal 0 0 -1
    outer loop
      vertex 4.80298 -5.78876 -5
      vertex -4.80198 -5.78876 -5
      vertex 4.80684 -5.76788 -5
    endloop
  endfacet
  facet normal 0 0 -1
    outer loop
      vertex 4.8812 5.52567 -5
      vertex -4.78349 6.001 -5
      vertex 4.87308 5.54529 -5
    endloop
  endfacet
  facet normal 0 0 -1
    outer loop
      vertex -4.80198 -5.78876 -5
      vertex 4.80298 -5.78876 -5
      vertex -4.79847 -5.8097 -5
    endloop
  endfacet
  facet normal 0 0 -1
    outer loop
      vertex 4.87308 5.54529 -5
      vertex -4.78349 6.001 -5
      vertex 4.86529 5.56504 -5
    endloop
  endfacet
  facet normal 0 0 -1
    outer loop
      vertex 4.79947 -5.8097 -5
      vertex -4.79847 -5.8097 -5
      vertex 4.80298 -5.78876 -5
    endloop
  endfacet
  facet normal 0 0 -1
    outer loop
      vertex 4.86529 5.56504 -5
      vertex -4.78349 6.001 -5
      vertex 4.85786 5.58493 -5
    endloop
  endfacet
  facet normal 0 0 -1
    outer loop
      vertex -4.79847 -5.8097 -5
      vertex 4.79947 -5.8097 -5
      vertex -4.79533 -5.8307 -5
    endloop
  endfacet
  facet normal 0 0 -1
    outer loop
      vertex 4.85786 5.58493 -5
      vertex -4.78349 6.001 -5
      vertex 4.85077 5.60494 -5
    endloop
  endfacet
  facet normal 0 0 -1
    outer loop
      vertex 4.79633 -5.8307 -5
      vertex -4.79533 -5.8307 -5
      vertex 4.79947 -5.8097 -5
    endloop
  endfacet
  facet normal 0 0 -1
    outer loop
      vertex 4.85077 5.60494 -5
      vertex -4.78349 6.001 -5
      vertex 4.84403 5.62508 -5
    endloop
  endfacet
  facet normal 0 0 -1
    outer loop
      vertex -4.79533 -5.8307 -5
      vertex 4.79633 -5.8307 -5
      vertex -4.79256 -5.85175 -5
    endloop
  endfacet
  facet normal 0 0 -1
    outer loop
      vertex 4.84403 5.62508 -5
      vertex -4.78349 6.001 -5
      vertex 4.83765 5.64533 -5
    endloop
  endfacet
  facet normal 0 0 -1
    outer loop
      vertex 4.79356 -5.85175 -5
      vertex -4.79256 -5.85175 -5
      vertex 4.79633 -5.8307 -5
    endloop
  endfacet
  facet normal 0 0 -1
    outer loop
      vertex 4.83765 5.64533 -5
      vertex -4.78349 6.001 -5
      vertex 4.83162 5.66569 -5
    endloop
  endfacet
  facet normal 0 0 -1
    outer loop
      vertex -4.79256 -5.85175 -5
      vertex 4.79356 -5.85175 -5
      vertex -4.79016 -5.87284 -5
    endloop
  endfacet
  facet normal 0 0 -1
    outer loop
      vertex 4.83162 5.66569 -5
      vertex -4.78349 6.001 -5
      vertex 4.82595 5.68615 -5
    endloop
  endfacet
  facet normal 0 0 -1
    outer loop
      vertex 4.79116 -5.87284 -5
      vertex -4.79016 -5.87284 -5
      vertex 4.79356 -5.85175 -5
    endloop
  endfacet
  facet normal 0 0 -1
    outer loop
      vertex 4.82595 5.68615 -5
      vertex -4.78349 6.001 -5
      vertex 4.82063 5.7067 -5
    endloop
  endfacet
  facet normal 0 0 -1
    outer loop
      vertex -4.79016 -5.87284 -5
      vertex 4.79116 -5.87284 -5
      vertex -4.78812 -5.89398 -5
    endloop
  endfacet
  facet normal 0 0 -1
    outer loop
      vertex 4.82063 5.7067 -5
      vertex -4.78349 6.001 -5
      vertex 4.81567 5.72735 -5
    endloop
  endfacet
  facet normal 0 0 -1
    outer loop
      vertex 4.78912 -5.89398 -5
      vertex -4.78812 -5.89398 -5
      vertex 4.79116 -5.87284 -5
    endloop
  endfacet
  facet normal 0 0 -1
    outer loop
      vertex 4.81567 5.72735 -5
      vertex -4.78349 6.001 -5
      vertex 4.81108 5.74807 -5
    endloop
  endfacet
  facet normal 0 0 -1
    outer loop
      vertex -4.78812 -5.89398 -5
      vertex 4.78912 -5.89398 -5
      vertex -4.78646 -5.91514 -5
    endloop
  endfacet
  facet normal 0 0 -1
    outer loop
      vertex 4.81108 5.74807 -5
      vertex -4.78349 6.001 -5
      vertex 4.80684 5.76888 -5
    endloop
  endfacet
  facet normal 0 0 -1
    outer loop
      vertex 4.78746 -5.91514 -5
      vertex -4.78646 -5.91514 -5
      vertex 4.78912 -5.89398 -5
    endloop
  endfacet
  facet normal 0 0 -1
    outer loop
      vertex 4.80684 5.76888 -5
      vertex -4.78349 6.001 -5
      vertex 4.80298 5.78976 -5
    endloop
  endfacet
  facet normal 0 0 -1
    outer loop
      vertex -4.78646 -5.91514 -5
      vertex 4.78746 -5.91514 -5
      vertex -4.78516 -5.93633 -5
    endloop
  endfacet
  facet normal 0 0 -1
    outer loop
      vertex 4.80298 5.78976 -5
      vertex -4.78349 6.001 -5
      vertex 4.79947 5.8107 -5
    endloop
  endfacet
  facet normal 0 0 -1
    outer loop
      vertex 4.78616 -5.93633 -5
      vertex -4.78516 -5.93633 -5
      vertex 4.78746 -5.91514 -5
    endloop
  endfacet
  facet normal 0 0 -1
    outer loop
      vertex 4.79947 5.8107 -5
      vertex -4.78349 6.001 -5
      vertex 4.79633 5.8317 -5
    endloop
  endfacet
  facet normal 0 0 -1
    outer loop
      vertex -4.78516 -5.93633 -5
      vertex 4.78616 -5.93633 -5
      vertex -4.78424 -5.95755 -5
    endloop
  endfacet
  facet normal 0 0 -1
    outer loop
      vertex 4.79633 5.8317 -5
      vertex -4.78349 6.001 -5
      vertex 4.79356 5.85275 -5
    endloop
  endfacet
  facet normal 0 0 -1
    outer loop
      vertex 4.78523 -5.95755 -5
      vertex -4.78424 -5.95755 -5
      vertex 4.78616 -5.93633 -5
    endloop
  endfacet
  facet normal 0 0 -1
    outer loop
      vertex 4.79356 5.85275 -5
      vertex -4.78349 6.001 -5
      vertex 4.79116 5.87384 -5
    endloop
  endfacet
  facet normal 0 0 -1
    outer loop
      vertex -4.78424 -5.95755 -5
      vertex 4.78523 -5.95755 -5
      vertex -4.78368 -5.97877 -5
    endloop
  endfacet
  facet normal 0 0 -1
    outer loop
      vertex 4.79116 5.87384 -5
      vertex -4.78349 6.001 -5
      vertex 4.78912 5.89498 -5
    endloop
  endfacet
  facet normal 0 0 -1
    outer loop
      vertex 4.78468 -5.97877 -5
      vertex -4.78368 -5.97877 -5
      vertex 4.78523 -5.95755 -5
    endloop
  endfacet
  facet normal 0 0 -1
    outer loop
      vertex 4.78912 5.89498 -5
      vertex -4.78349 6.001 -5
      vertex 4.78746 5.91614 -5
    endloop
  endfacet
  facet normal 0 0 -1
    outer loop
      vertex -4.78368 -5.97877 -5
      vertex 4.78468 -5.97877 -5
      vertex -4.78349 -6 -5
    endloop
  endfacet
  facet normal 0 0 -1
    outer loop
      vertex 4.78746 5.91614 -5
      vertex -4.78349 6.001 -5
      vertex 4.78616 5.93733 -5
    endloop
  endfacet
  facet normal 0 0 -1
    outer loop
      vertex -4.78349 -6 -5
      vertex 4.78468 -5.97877 -5
      vertex 4.78449 -6 -5
    endloop
  endfacet
  facet normal 0 0 -1
    outer loop
      vertex 4.78616 5.93733 -5
      vertex -4.78349 6.001 -5
      vertex 4.78523 5.95855 -5
    endloop
  endfacet
  facet normal 0 0 -1
    outer loop
      vertex 7.21732 -5.97877 -5
      vertex 12 -12 -5
      vertex 7.21751 -6 -5
    endloop
  endfacet
  facet normal 0 0 -1
    outer loop
      vertex 12 -12 -5
      vertex 7.21732 -6.02123 -5
      vertex 7.21751 -6 -5
    endloop
  endfacet
  facet normal 0 0 -1
    outer loop
      vertex 12 -12 -5
      vertex 7.21676 -6.04245 -5
      vertex 7.21732 -6.02123 -5
    endloop
  endfacet
  facet normal 0 0 -1
    outer loop
      vertex 12 -12 -5
      vertex 7.21584 -6.06367 -5
      vertex 7.21676 -6.04245 -5
    endloop
  endfacet
  facet normal 0 0 -1
    outer loop
      vertex 12 -12 -5
      vertex 7.21454 -6.08486 -5
      vertex 7.21584 -6.06367 -5
    endloop
  endfacet
  facet normal 0 0 -1
    outer loop
      vertex 12 -12 -5
      vertex 7.21288 -6.10602 -5
      vertex 7.21454 -6.08486 -5
    endloop
  endfacet
  facet normal 0 0 -1
    outer loop
      vertex 12 -12 -5
      vertex 7.21084 -6.12716 -5
      vertex 7.21288 -6.10602 -5
    endloop
  endfacet
  facet normal 0 0 -1
    outer loop
      vertex 12 -12 -5
      vertex 7.20844 -6.14825 -5
      vertex 7.21084 -6.12716 -5
    endloop
  endfacet
  facet normal 0 0 -1
    outer loop
      vertex 12 -12 -5
      vertex 7.20567 -6.1693 -5
      vertex 7.20844 -6.14825 -5
    endloop
  endfacet
  facet normal 0 0 -1
    outer loop
      vertex 12 -12 -5
      vertex 7.20253 -6.1903 -5
      vertex 7.20567 -6.1693 -5
    endloop
  endfacet
  facet normal 0 0 -1
    outer loop
      vertex 12 -12 -5
      vertex 7.19902 -6.21124 -5
      vertex 7.20253 -6.1903 -5
    endloop
  endfacet
  facet normal 0 0 -1
    outer loop
      vertex 12 -12 -5
      vertex 7.19516 -6.23212 -5
      vertex 7.19902 -6.21124 -5
    endloop
  endfacet
  facet normal 0 0 -1
    outer loop
      vertex 12 -12 -5
      vertex 7.19092 -6.25293 -5
      vertex 7.19516 -6.23212 -5
    endloop
  endfacet
  facet normal 0 0 -1
    outer loop
      vertex 12 -12 -5
      vertex 7.18633 -6.27365 -5
      vertex 7.19092 -6.25293 -5
    endloop
  endfacet
  facet normal 0 0 -1
    outer loop
      vertex 12 -12 -5
      vertex 7.18137 -6.2943 -5
      vertex 7.18633 -6.27365 -5
    endloop
  endfacet
  facet normal 0 0 -1
    outer loop
      vertex 12 -12 -5
      vertex 7.17605 -6.31485 -5
      vertex 7.18137 -6.2943 -5
    endloop
  endfacet
  facet normal 0 0 -1
    outer loop
      vertex 12 -12 -5
      vertex 7.17038 -6.33531 -5
      vertex 7.17605 -6.31485 -5
    endloop
  endfacet
  facet normal 0 0 -1
    outer loop
      vertex 12 -12 -5
      vertex 7.16435 -6.35567 -5
      vertex 7.17038 -6.33531 -5
    endloop
  endfacet
  facet normal 0 0 -1
    outer loop
      vertex 12 -12 -5
      vertex 7.15797 -6.37592 -5
      vertex 7.16435 -6.35567 -5
    endloop
  endfacet
  facet normal 0 0 -1
    outer loop
      vertex 12 -12 -5
      vertex 7.15123 -6.39606 -5
      vertex 7.15797 -6.37592 -5
    endloop
  endfacet
  facet normal 0 0 -1
    outer loop
      vertex 12 -12 -5
      vertex 7.14414 -6.41607 -5
      vertex 7.15123 -6.39606 -5
    endloop
  endfacet
  facet normal 0 0 -1
    outer loop
      vertex 12 -12 -5
      vertex 7.13671 -6.43596 -5
      vertex 7.14414 -6.41607 -5
    endloop
  endfacet
  facet normal 0 0 -1
    outer loop
      vertex 12 -12 -5
      vertex 7.12892 -6.45571 -5
      vertex 7.13671 -6.43596 -5
    endloop
  endfacet
  facet normal 0 0 -1
    outer loop
      vertex 12 -12 -5
      vertex 7.1208 -6.47533 -5
      vertex 7.12892 -6.45571 -5
    endloop
  endfacet
  facet normal 0 0 -1
    outer loop
      vertex 12 -12 -5
      vertex 7.11233 -6.4948 -5
      vertex 7.1208 -6.47533 -5
    endloop
  endfacet
  facet normal 0 0 -1
    outer loop
      vertex 12 -12 -5
      vertex 7.10353 -6.51412 -5
      vertex 7.11233 -6.4948 -5
    endloop
  endfacet
  facet normal 0 0 -1
    outer loop
      vertex 12 -12 -5
      vertex 7.09439 -6.53328 -5
      vertex 7.10353 -6.51412 -5
    endloop
  endfacet
  facet normal 0 0 -1
    outer loop
      vertex 12 -12 -5
      vertex 7.08491 -6.55228 -5
      vertex 7.09439 -6.53328 -5
    endloop
  endfacet
  facet normal 0 0 -1
    outer loop
      vertex 12 -12 -5
      vertex 7.07511 -6.57111 -5
      vertex 7.08491 -6.55228 -5
    endloop
  endfacet
  facet normal 0 0 -1
    outer loop
      vertex 12 -12 -5
      vertex 7.06498 -6.58977 -5
      vertex 7.07511 -6.57111 -5
    endloop
  endfacet
  facet normal 0 0 -1
    outer loop
      vertex 12 -12 -5
      vertex 7.05452 -6.60825 -5
      vertex 7.06498 -6.58977 -5
    endloop
  endfacet
  facet normal 0 0 -1
    outer loop
      vertex 12 -12 -5
      vertex 7.04375 -6.62655 -5
      vertex 7.05452 -6.60825 -5
    endloop
  endfacet
  facet normal 0 0 -1
    outer loop
      vertex 12 -12 -5
      vertex 7.03266 -6.64465 -5
      vertex 7.04375 -6.62655 -5
    endloop
  endfacet
  facet normal 0 0 -1
    outer loop
      vertex 12 -12 -5
      vertex 7.02125 -6.66256 -5
      vertex 7.03266 -6.64465 -5
    endloop
  endfacet
  facet normal 0 0 -1
    outer loop
      vertex 12 -12 -5
      vertex 7.00953 -6.68026 -5
      vertex 7.02125 -6.66256 -5
    endloop
  endfacet
  facet normal 0 0 -1
    outer loop
      vertex 12 -12 -5
      vertex 6.9975 -6.69776 -5
      vertex 7.00953 -6.68026 -5
    endloop
  endfacet
  facet normal 0 0 -1
    outer loop
      vertex 12 -12 -5
      vertex 6.98517 -6.71504 -5
      vertex 6.9975 -6.69776 -5
    endloop
  endfacet
  facet normal 0 0 -1
    outer loop
      vertex 12 -12 -5
      vertex 6.97254 -6.73211 -5
      vertex 6.98517 -6.71504 -5
    endloop
  endfacet
  facet normal 0 0 -1
    outer loop
      vertex 12 -12 -5
      vertex 6.95962 -6.74896 -5
      vertex 6.97254 -6.73211 -5
    endloop
  endfacet
  facet normal 0 0 -1
    outer loop
      vertex 12 -12 -5
      vertex 6.9464 -6.76557 -5
      vertex 6.95962 -6.74896 -5
    endloop
  endfacet
  facet normal 0 0 -1
    outer loop
      vertex 12 -12 -5
      vertex 6.9329 -6.78195 -5
      vertex 6.9464 -6.76557 -5
    endloop
  endfacet
  facet normal 0 0 -1
    outer loop
      vertex 12 -12 -5
      vertex 6.91911 -6.7981 -5
      vertex 6.9329 -6.78195 -5
    endloop
  endfacet
  facet normal 0 0 -1
    outer loop
      vertex 12 -12 -5
      vertex 6.90504 -6.814 -5
      vertex 6.91911 -6.7981 -5
    endloop
  endfacet
  facet normal 0 0 -1
    outer loop
      vertex 12 -12 -5
      vertex 6.8907 -6.82965 -5
      vertex 6.90504 -6.814 -5
    endloop
  endfacet
  facet normal 0 0 -1
    outer loop
      vertex 12 -12 -5
      vertex 6.87608 -6.84506 -5
      vertex 6.8907 -6.82965 -5
    endloop
  endfacet
  facet normal 0 0 -1
    outer loop
      vertex 12 -12 -5
      vertex 6.8612 -6.8602 -5
      vertex 6.87608 -6.84506 -5
    endloop
  endfacet
  facet normal 0 0 -1
    outer loop
      vertex 12 -12 -5
      vertex 6.84606 -6.87508 -5
      vertex 6.8612 -6.8602 -5
    endloop
  endfacet
  facet normal 0 0 -1
    outer loop
      vertex 12 -12 -5
      vertex 6.83065 -6.8897 -5
      vertex 6.84606 -6.87508 -5
    endloop
  endfacet
  facet normal 0 0 -1
    outer loop
      vertex 12 -12 -5
      vertex 6.815 -6.90404 -5
      vertex 6.83065 -6.8897 -5
    endloop
  endfacet
  facet normal 0 0 -1
    outer loop
      vertex 12 -12 -5
      vertex 6.7991 -6.91811 -5
      vertex 6.815 -6.90404 -5
    endloop
  endfacet
  facet normal 0 0 -1
    outer loop
      vertex 12 -12 -5
      vertex 6.78295 -6.9319 -5
      vertex 6.7991 -6.91811 -5
    endloop
  endfacet
  facet normal 0 0 -1
    outer loop
      vertex 12 -12 -5
      vertex 6.76657 -6.9454 -5
      vertex 6.78295 -6.9319 -5
    endloop
  endfacet
  facet normal 0 0 -1
    outer loop
      vertex 12 -12 -5
      vertex 6.74996 -6.95862 -5
      vertex 6.76657 -6.9454 -5
    endloop
  endfacet
  facet normal 0 0 -1
    outer loop
      vertex 12 -12 -5
      vertex 6.73311 -6.97154 -5
      vertex 6.74996 -6.95862 -5
    endloop
  endfacet
  facet normal 0 0 -1
    outer loop
      vertex 12 -12 -5
      vertex 6.71604 -6.98417 -5
      vertex 6.73311 -6.97154 -5
    endloop
  endfacet
  facet normal 0 0 -1
    outer loop
      vertex 12 -12 -5
      vertex 6.69876 -6.9965 -5
      vertex 6.71604 -6.98417 -5
    endloop
  endfacet
  facet normal 0 0 -1
    outer loop
      vertex 12 -12 -5
      vertex 6.68126 -7.00853 -5
      vertex 6.69876 -6.9965 -5
    endloop
  endfacet
  facet normal 0 0 -1
    outer loop
      vertex 12 -12 -5
      vertex 6.66356 -7.02025 -5
      vertex 6.68126 -7.00853 -5
    endloop
  endfacet
  facet normal 0 0 -1
    outer loop
      vertex 12 -12 -5
      vertex 6.64565 -7.03166 -5
      vertex 6.66356 -7.02025 -5
    endloop
  endfacet
  facet normal 0 0 -1
    outer loop
      vertex 12 -12 -5
      vertex 6.62755 -7.04275 -5
      vertex 6.64565 -7.03166 -5
    endloop
  endfacet
  facet normal 0 0 -1
    outer loop
      vertex 12 -12 -5
      vertex 6.60925 -7.05352 -5
      vertex 6.62755 -7.04275 -5
    endloop
  endfacet
  facet normal 0 0 -1
    outer loop
      vertex 12 -12 -5
      vertex 6.59077 -7.06398 -5
      vertex 6.60925 -7.05352 -5
    endloop
  endfacet
  facet normal 0 0 -1
    outer loop
      vertex 12 -12 -5
      vertex 6.57211 -7.07411 -5
      vertex 6.59077 -7.06398 -5
    endloop
  endfacet
  facet normal 0 0 -1
    outer loop
      vertex 12 -12 -5
      vertex 6.55328 -7.08391 -5
      vertex 6.57211 -7.07411 -5
    endloop
  endfacet
  facet normal 0 0 -1
    outer loop
      vertex 12 -12 -5
      vertex 6.53428 -7.09339 -5
      vertex 6.55328 -7.08391 -5
    endloop
  endfacet
  facet normal 0 0 -1
    outer loop
      vertex 12 -12 -5
      vertex 6.51512 -7.10253 -5
      vertex 6.53428 -7.09339 -5
    endloop
  endfacet
  facet normal 0 0 -1
    outer loop
      vertex 12 -12 -5
      vertex 6.4958 -7.11133 -5
      vertex 6.51512 -7.10253 -5
    endloop
  endfacet
  facet normal 0 0 -1
    outer loop
      vertex 12 -12 -5
      vertex 6.47633 -7.1198 -5
      vertex 6.4958 -7.11133 -5
    endloop
  endfacet
  facet normal 0 0 -1
    outer loop
      vertex 12 -12 -5
      vertex 6.45671 -7.12792 -5
      vertex 6.47633 -7.1198 -5
    endloop
  endfacet
  facet normal 0 0 -1
    outer loop
      vertex 12 -12 -5
      vertex 6.43696 -7.13571 -5
      vertex 6.45671 -7.12792 -5
    endloop
  endfacet
  facet normal 0 0 -1
    outer loop
      vertex 12 -12 -5
      vertex 6.41707 -7.14314 -5
      vertex 6.43696 -7.13571 -5
    endloop
  endfacet
  facet normal 0 0 -1
    outer loop
      vertex 12 -12 -5
      vertex 6.39706 -7.15023 -5
      vertex 6.41707 -7.14314 -5
    endloop
  endfacet
  facet normal 0 0 -1
    outer loop
      vertex 12 -12 -5
      vertex 6.37692 -7.15697 -5
      vertex 6.39706 -7.15023 -5
    endloop
  endfacet
  facet normal 0 0 -1
    outer loop
      vertex 12 -12 -5
      vertex 6.35667 -7.16335 -5
      vertex 6.37692 -7.15697 -5
    endloop
  endfacet
  facet normal 0 0 -1
    outer loop
      vertex 12 -12 -5
      vertex 6.33631 -7.16938 -5
      vertex 6.35667 -7.16335 -5
    endloop
  endfacet
  facet normal 0 0 -1
    outer loop
      vertex 12 -12 -5
      vertex 6.31585 -7.17505 -5
      vertex 6.33631 -7.16938 -5
    endloop
  endfacet
  facet normal 0 0 -1
    outer loop
      vertex 12 -12 -5
      vertex 6.2953 -7.18037 -5
      vertex 6.31585 -7.17505 -5
    endloop
  endfacet
  facet normal 0 0 -1
    outer loop
      vertex 12 -12 -5
      vertex 6.27465 -7.18533 -5
      vertex 6.2953 -7.18037 -5
    endloop
  endfacet
  facet normal 0 0 -1
    outer loop
      vertex 12 -12 -5
      vertex 6.25393 -7.18992 -5
      vertex 6.27465 -7.18533 -5
    endloop
  endfacet
  facet normal 0 0 -1
    outer loop
      vertex 12 -12 -5
      vertex 6.23312 -7.19416 -5
      vertex 6.25393 -7.18992 -5
    endloop
  endfacet
  facet normal 0 0 -1
    outer loop
      vertex 12 -12 -5
      vertex 6.21224 -7.19802 -5
      vertex 6.23312 -7.19416 -5
    endloop
  endfacet
  facet normal 0 0 -1
    outer loop
      vertex 12 -12 -5
      vertex 6.1913 -7.20153 -5
      vertex 6.21224 -7.19802 -5
    endloop
  endfacet
  facet normal 0 0 -1
    outer loop
      vertex 12 -12 -5
      vertex 6.1703 -7.20467 -5
      vertex 6.1913 -7.20153 -5
    endloop
  endfacet
  facet normal 0 0 -1
    outer loop
      vertex 12 -12 -5
      vertex 6.14925 -7.20744 -5
      vertex 6.1703 -7.20467 -5
    endloop
  endfacet
  facet normal 0 0 -1
    outer loop
      vertex 12 -12 -5
      vertex 6.12816 -7.20984 -5
      vertex 6.14925 -7.20744 -5
    endloop
  endfacet
  facet normal 0 0 -1
    outer loop
      vertex 12 -12 -5
      vertex 6.10702 -7.21188 -5
      vertex 6.12816 -7.20984 -5
    endloop
  endfacet
  facet normal 0 0 -1
    outer loop
      vertex 12 -12 -5
      vertex 6.08586 -7.21354 -5
      vertex 6.10702 -7.21188 -5
    endloop
  endfacet
  facet normal 0 0 -1
    outer loop
      vertex 12 -12 -5
      vertex 6.06467 -7.21484 -5
      vertex 6.08586 -7.21354 -5
    endloop
  endfacet
  facet normal 0 0 -1
    outer loop
      vertex 12 -12 -5
      vertex 6.04345 -7.21576 -5
      vertex 6.06467 -7.21484 -5
    endloop
  endfacet
  facet normal 0 0 -1
    outer loop
      vertex 12 -12 -5
      vertex 6.02223 -7.21632 -5
      vertex 6.04345 -7.21576 -5
    endloop
  endfacet
  facet normal 0 0 -1
    outer loop
      vertex 12 -12 -5
      vertex 6.001 -7.21651 -5
      vertex 6.02223 -7.21632 -5
    endloop
  endfacet
  facet normal 0 0 -1
    outer loop
      vertex 12 -12 -5
      vertex 5.97977 -7.21632 -5
      vertex 6.001 -7.21651 -5
    endloop
  endfacet
  facet normal 0 0 -1
    outer loop
      vertex 12 -12 -5
      vertex 5.95855 -7.21576 -5
      vertex 5.97977 -7.21632 -5
    endloop
  endfacet
  facet normal 0 0 -1
    outer loop
      vertex 12 -12 -5
      vertex 5.93733 -7.21484 -5
      vertex 5.95855 -7.21576 -5
    endloop
  endfacet
  facet normal 0 0 -1
    outer loop
      vertex 12 -12 -5
      vertex 5.91614 -7.21354 -5
      vertex 5.93733 -7.21484 -5
    endloop
  endfacet
  facet normal 0 0 -1
    outer loop
      vertex 12 -12 -5
      vertex 5.89498 -7.21188 -5
      vertex 5.91614 -7.21354 -5
    endloop
  endfacet
  facet normal 0 0 -1
    outer loop
      vertex 12 -12 -5
      vertex 5.87384 -7.20984 -5
      vertex 5.89498 -7.21188 -5
    endloop
  endfacet
  facet normal 0 0 -1
    outer loop
      vertex 12 -12 -5
      vertex 5.85275 -7.20744 -5
      vertex 5.87384 -7.20984 -5
    endloop
  endfacet
  facet normal 0 0 -1
    outer loop
      vertex 12 -12 -5
      vertex 5.8317 -7.20467 -5
      vertex 5.85275 -7.20744 -5
    endloop
  endfacet
  facet normal 0 0 -1
    outer loop
      vertex 12 -12 -5
      vertex 5.8107 -7.20153 -5
      vertex 5.8317 -7.20467 -5
    endloop
  endfacet
  facet normal 0 0 -1
    outer loop
      vertex 12 -12 -5
      vertex 5.78976 -7.19802 -5
      vertex 5.8107 -7.20153 -5
    endloop
  endfacet
  facet normal 0 0 -1
    outer loop
      vertex 12 -12 -5
      vertex 5.76888 -7.19416 -5
      vertex 5.78976 -7.19802 -5
    endloop
  endfacet
  facet normal 0 0 -1
    outer loop
      vertex 12 -12 -5
      vertex 5.74807 -7.18992 -5
      vertex 5.76888 -7.19416 -5
    endloop
  endfacet
  facet normal 0 0 -1
    outer loop
      vertex 12 -12 -5
      vertex 5.72735 -7.18533 -5
      vertex 5.74807 -7.18992 -5
    endloop
  endfacet
  facet normal 0 0 -1
    outer loop
      vertex 12 -12 -5
      vertex 5.7067 -7.18037 -5
      vertex 5.72735 -7.18533 -5
    endloop
  endfacet
  facet normal 0 0 -1
    outer loop
      vertex 12 -12 -5
      vertex 5.68615 -7.17505 -5
      vertex 5.7067 -7.18037 -5
    endloop
  endfacet
  facet normal 0 0 -1
    outer loop
      vertex 12 -12 -5
      vertex 5.66569 -7.16938 -5
      vertex 5.68615 -7.17505 -5
    endloop
  endfacet
  facet normal 0 0 -1
    outer loop
      vertex 12 -12 -5
      vertex 5.64533 -7.16335 -5
      vertex 5.66569 -7.16938 -5
    endloop
  endfacet
  facet normal 0 0 -1
    outer loop
      vertex 12 -12 -5
      vertex 5.62508 -7.15697 -5
      vertex 5.64533 -7.16335 -5
    endloop
  endfacet
  facet normal 0 0 -1
    outer loop
      vertex 12 -12 -5
      vertex 5.60494 -7.15023 -5
      vertex 5.62508 -7.15697 -5
    endloop
  endfacet
  facet normal 0 0 -1
    outer loop
      vertex 12 -12 -5
      vertex 5.58493 -7.14314 -5
      vertex 5.60494 -7.15023 -5
    endloop
  endfacet
  facet normal 0 0 -1
    outer loop
      vertex 12 -12 -5
      vertex 5.56504 -7.13571 -5
      vertex 5.58493 -7.14314 -5
    endloop
  endfacet
  facet normal 0 0 -1
    outer loop
      vertex 12 -12 -5
      vertex 5.54529 -7.12792 -5
      vertex 5.56504 -7.13571 -5
    endloop
  endfacet
  facet normal 0 0 -1
    outer loop
      vertex -5.54429 -7.12792 -5
      vertex 5.54529 -7.12792 -5
      vertex 12 -12 -5
    endloop
  endfacet
  facet normal 0 0 -1
    outer loop
      vertex 5.54529 -7.12792 -5
      vertex -5.54429 -7.12792 -5
      vertex 5.52567 -7.1198 -5
    endloop
  endfacet
  facet normal 0 -0 -1
    outer loop
      vertex -5.52467 -7.1198 -5
      vertex 5.52567 -7.1198 -5
      vertex -5.54429 -7.12792 -5
    endloop
  endfacet
  facet normal 0 0 -1
    outer loop
      vertex 5.52567 -7.1198 -5
      vertex -5.52467 -7.1198 -5
      vertex 5.5062 -7.11133 -5
    endloop
  endfacet
  facet normal 0 -0 -1
    outer loop
      vertex -5.5052 -7.11133 -5
      vertex 5.5062 -7.11133 -5
      vertex -5.52467 -7.1198 -5
    endloop
  endfacet
  facet normal 0 0 -1
    outer loop
      vertex 5.5062 -7.11133 -5
      vertex -5.5052 -7.11133 -5
      vertex 5.48688 -7.10253 -5
    endloop
  endfacet
  facet normal 0 -0 -1
    outer loop
      vertex -5.48588 -7.10253 -5
      vertex 5.48688 -7.10253 -5
      vertex -5.5052 -7.11133 -5
    endloop
  endfacet
  facet normal 0 0 -1
    outer loop
      vertex 5.48688 -7.10253 -5
      vertex -5.48588 -7.10253 -5
      vertex 5.46772 -7.09339 -5
    endloop
  endfacet
  facet normal 0 -0 -1
    outer loop
      vertex -5.46672 -7.09339 -5
      vertex 5.46772 -7.09339 -5
      vertex -5.48588 -7.10253 -5
    endloop
  endfacet
  facet normal 0 0 -1
    outer loop
      vertex 5.46772 -7.09339 -5
      vertex -5.46672 -7.09339 -5
      vertex 5.44872 -7.08391 -5
    endloop
  endfacet
  facet normal 0 -0 -1
    outer loop
      vertex -5.44772 -7.08391 -5
      vertex 5.44872 -7.08391 -5
      vertex -5.46672 -7.09339 -5
    endloop
  endfacet
  facet normal 0 0 -1
    outer loop
      vertex 5.44872 -7.08391 -5
      vertex -5.44772 -7.08391 -5
      vertex 5.42989 -7.07411 -5
    endloop
  endfacet
  facet normal 0 -0 -1
    outer loop
      vertex -5.42889 -7.07411 -5
      vertex 5.42989 -7.07411 -5
      vertex -5.44772 -7.08391 -5
    endloop
  endfacet
  facet normal 0 0 -1
    outer loop
      vertex 5.42989 -7.07411 -5
      vertex -5.42889 -7.07411 -5
      vertex 5.41123 -7.06398 -5
    endloop
  endfacet
  facet normal 0 0 -1
    outer loop
      vertex 5.41123 -7.06398 -5
      vertex -5.41023 -7.06398 -5
      vertex 5.39275 -7.05352 -5
    endloop
  endfacet
  facet normal 0 0 -1
    outer loop
      vertex 4.78523 5.95855 -5
      vertex -4.78349 6.001 -5
      vertex 4.78468 5.97977 -5
    endloop
  endfacet
  facet normal 0 0 -1
    outer loop
      vertex 4.78468 -6.02123 -5
      vertex -4.78349 -6 -5
      vertex 4.78449 -6 -5
    endloop
  endfacet
  facet normal 0 0 -1
    outer loop
      vertex -4.78368 -6.02123 -5
      vertex 4.78468 -6.02123 -5
      vertex 4.78523 -6.04245 -5
    endloop
  endfacet
  facet normal 0 0 -1
    outer loop
      vertex -4.78424 -6.04245 -5
      vertex 4.78523 -6.04245 -5
      vertex 4.78616 -6.06367 -5
    endloop
  endfacet
  facet normal 0 0 -1
    outer loop
      vertex -4.78516 -6.06367 -5
      vertex 4.78616 -6.06367 -5
      vertex 4.78746 -6.08486 -5
    endloop
  endfacet
  facet normal 0 0 -1
    outer loop
      vertex -4.78646 -6.08486 -5
      vertex 4.78746 -6.08486 -5
      vertex 4.78912 -6.10602 -5
    endloop
  endfacet
  facet normal 0 0 -1
    outer loop
      vertex -4.78812 -6.10602 -5
      vertex 4.78912 -6.10602 -5
      vertex 4.79116 -6.12716 -5
    endloop
  endfacet
  facet normal 0 0 -1
    outer loop
      vertex -4.79016 -6.12716 -5
      vertex 4.79116 -6.12716 -5
      vertex 4.79356 -6.14825 -5
    endloop
  endfacet
  facet normal 0 0 -1
    outer loop
      vertex -4.79256 -6.14825 -5
      vertex 4.79356 -6.14825 -5
      vertex 4.79633 -6.1693 -5
    endloop
  endfacet
  facet normal 0 0 -1
    outer loop
      vertex -4.79533 -6.1693 -5
      vertex 4.79633 -6.1693 -5
      vertex 4.79947 -6.1903 -5
    endloop
  endfacet
  facet normal 0 0 -1
    outer loop
      vertex -4.79847 -6.1903 -5
      vertex 4.79947 -6.1903 -5
      vertex 4.80298 -6.21124 -5
    endloop
  endfacet
  facet normal 0 0 -1
    outer loop
      vertex -4.80198 -6.21124 -5
      vertex 4.80298 -6.21124 -5
      vertex 4.80684 -6.23212 -5
    endloop
  endfacet
  facet normal 0 0 -1
    outer loop
      vertex -4.80584 -6.23212 -5
      vertex 4.80684 -6.23212 -5
      vertex 4.81108 -6.25293 -5
    endloop
  endfacet
  facet normal 0 0 -1
    outer loop
      vertex -4.81008 -6.25293 -5
      vertex 4.81108 -6.25293 -5
      vertex 4.81567 -6.27365 -5
    endloop
  endfacet
  facet normal 0 0 -1
    outer loop
      vertex -4.81467 -6.27365 -5
      vertex 4.81567 -6.27365 -5
      vertex 4.82063 -6.2943 -5
    endloop
  endfacet
  facet normal 0 0 -1
    outer loop
      vertex -4.81963 -6.2943 -5
      vertex 4.82063 -6.2943 -5
      vertex 4.82595 -6.31485 -5
    endloop
  endfacet
  facet normal 0 0 -1
    outer loop
      vertex -4.82495 -6.31485 -5
      vertex 4.82595 -6.31485 -5
      vertex 4.83162 -6.33531 -5
    endloop
  endfacet
  facet normal 0 0 -1
    outer loop
      vertex -4.83062 -6.33531 -5
      vertex 4.83162 -6.33531 -5
      vertex 4.83765 -6.35567 -5
    endloop
  endfacet
  facet normal 0 0 -1
    outer loop
      vertex -4.83665 -6.35567 -5
      vertex 4.83765 -6.35567 -5
      vertex 4.84403 -6.37592 -5
    endloop
  endfacet
  facet normal 0 0 -1
    outer loop
      vertex -4.84303 -6.37592 -5
      vertex 4.84403 -6.37592 -5
      vertex 4.85077 -6.39606 -5
    endloop
  endfacet
  facet normal 0 0 -1
    outer loop
      vertex -4.84977 -6.39606 -5
      vertex 4.85077 -6.39606 -5
      vertex 4.85786 -6.41607 -5
    endloop
  endfacet
  facet normal 0 0 -1
    outer loop
      vertex -4.85686 -6.41607 -5
      vertex 4.85786 -6.41607 -5
      vertex 4.86529 -6.43596 -5
    endloop
  endfacet
  facet normal 0 0 -1
    outer loop
      vertex -4.86429 -6.43596 -5
      vertex 4.86529 -6.43596 -5
      vertex 4.87308 -6.45571 -5
    endloop
  endfacet
  facet normal 0 0 -1
    outer loop
      vertex -4.87208 -6.45571 -5
      vertex 4.87308 -6.45571 -5
      vertex 4.8812 -6.47533 -5
    endloop
  endfacet
  facet normal 0 0 -1
    outer loop
      vertex -4.8802 -6.47533 -5
      vertex 4.8812 -6.47533 -5
      vertex 4.88967 -6.4948 -5
    endloop
  endfacet
  facet normal 0 0 -1
    outer loop
      vertex -4.88867 -6.4948 -5
      vertex 4.88967 -6.4948 -5
      vertex 4.89847 -6.51412 -5
    endloop
  endfacet
  facet normal 0 0 -1
    outer loop
      vertex -4.89747 -6.51412 -5
      vertex 4.89847 -6.51412 -5
      vertex 4.90761 -6.53328 -5
    endloop
  endfacet
  facet normal 0 0 -1
    outer loop
      vertex -4.90661 -6.53328 -5
      vertex 4.90761 -6.53328 -5
      vertex 4.91709 -6.55228 -5
    endloop
  endfacet
  facet normal 0 0 -1
    outer loop
      vertex -4.91609 -6.55228 -5
      vertex 4.91709 -6.55228 -5
      vertex 4.92689 -6.57111 -5
    endloop
  endfacet
  facet normal 0 0 -1
    outer loop
      vertex -4.92589 -6.57111 -5
      vertex 4.92689 -6.57111 -5
      vertex 4.93702 -6.58977 -5
    endloop
  endfacet
  facet normal 0 0 -1
    outer loop
      vertex -4.93602 -6.58977 -5
      vertex 4.93702 -6.58977 -5
      vertex 4.94747 -6.60825 -5
    endloop
  endfacet
  facet normal 0 0 -1
    outer loop
      vertex -4.94648 -6.60825 -5
      vertex 4.94747 -6.60825 -5
      vertex 4.95825 -6.62655 -5
    endloop
  endfacet
  facet normal 0 0 -1
    outer loop
      vertex -4.95725 -6.62655 -5
      vertex 4.95825 -6.62655 -5
      vertex 4.96934 -6.64465 -5
    endloop
  endfacet
  facet normal 0 0 -1
    outer loop
      vertex -4.96834 -6.64465 -5
      vertex 4.96934 -6.64465 -5
      vertex 4.98075 -6.66256 -5
    endloop
  endfacet
  facet normal 0 0 -1
    outer loop
      vertex -4.97975 -6.66256 -5
      vertex 4.98075 -6.66256 -5
      vertex 4.99247 -6.68026 -5
    endloop
  endfacet
  facet normal 0 0 -1
    outer loop
      vertex -4.99147 -6.68026 -5
      vertex 4.99247 -6.68026 -5
      vertex 5.0045 -6.69776 -5
    endloop
  endfacet
  facet normal 0 0 -1
    outer loop
      vertex -5.0035 -6.69776 -5
      vertex 5.0045 -6.69776 -5
      vertex 5.01683 -6.71504 -5
    endloop
  endfacet
  facet normal 0 0 -1
    outer loop
      vertex -5.01583 -6.71504 -5
      vertex 5.01683 -6.71504 -5
      vertex 5.02946 -6.73211 -5
    endloop
  endfacet
  facet normal 0 0 -1
    outer loop
      vertex -5.02846 -6.73211 -5
      vertex 5.02946 -6.73211 -5
      vertex 5.04238 -6.74896 -5
    endloop
  endfacet
  facet normal 0 0 -1
    outer loop
      vertex -5.04138 -6.74896 -5
      vertex 5.04238 -6.74896 -5
      vertex 5.0556 -6.76557 -5
    endloop
  endfacet
  facet normal 0 0 -1
    outer loop
      vertex -5.0546 -6.76557 -5
      vertex 5.0556 -6.76557 -5
      vertex 5.0691 -6.78195 -5
    endloop
  endfacet
  facet normal 0 0 -1
    outer loop
      vertex -5.0681 -6.78195 -5
      vertex 5.0691 -6.78195 -5
      vertex 5.08289 -6.7981 -5
    endloop
  endfacet
  facet normal 0 0 -1
    outer loop
      vertex -5.08189 -6.7981 -5
      vertex 5.08289 -6.7981 -5
      vertex 5.09696 -6.814 -5
    endloop
  endfacet
  facet normal 0 0 -1
    outer loop
      vertex -5.09596 -6.814 -5
      vertex 5.09696 -6.814 -5
      vertex 5.1113 -6.82965 -5
    endloop
  endfacet
  facet normal 0 0 -1
    outer loop
      vertex -5.1103 -6.82965 -5
      vertex 5.1113 -6.82965 -5
      vertex 5.12592 -6.84506 -5
    endloop
  endfacet
  facet normal 0 0 -1
    outer loop
      vertex -5.12492 -6.84506 -5
      vertex 5.12592 -6.84506 -5
      vertex 5.1408 -6.8602 -5
    endloop
  endfacet
  facet normal 0 0 -1
    outer loop
      vertex -5.1398 -6.8602 -5
      vertex 5.1408 -6.8602 -5
      vertex 5.15594 -6.87508 -5
    endloop
  endfacet
  facet normal 0 0 -1
    outer loop
      vertex -5.15494 -6.87508 -5
      vertex 5.15594 -6.87508 -5
      vertex 5.17135 -6.8897 -5
    endloop
  endfacet
  facet normal 0 0 -1
    outer loop
      vertex -5.17035 -6.8897 -5
      vertex 5.17135 -6.8897 -5
      vertex 5.187 -6.90404 -5
    endloop
  endfacet
  facet normal 0 0 -1
    outer loop
      vertex -5.186 -6.90404 -5
      vertex 5.187 -6.90404 -5
      vertex 5.2029 -6.91811 -5
    endloop
  endfacet
  facet normal 0 0 -1
    outer loop
      vertex -5.2019 -6.91811 -5
      vertex 5.2029 -6.91811 -5
      vertex 5.21905 -6.9319 -5
    endloop
  endfacet
  facet normal 0 0 -1
    outer loop
      vertex -5.21805 -6.9319 -5
      vertex 5.21905 -6.9319 -5
      vertex 5.23543 -6.9454 -5
    endloop
  endfacet
  facet normal 0 0 -1
    outer loop
      vertex -5.23443 -6.9454 -5
      vertex 5.23543 -6.9454 -5
      vertex 5.25204 -6.95862 -5
    endloop
  endfacet
  facet normal 0 0 -1
    outer loop
      vertex -5.25104 -6.95862 -5
      vertex 5.25204 -6.95862 -5
      vertex 5.26889 -6.97154 -5
    endloop
  endfacet
  facet normal 0 -0 -1
    outer loop
      vertex -5.39175 -7.05352 -5
      vertex 5.39275 -7.05352 -5
      vertex -5.41023 -7.06398 -5
    endloop
  endfacet
  facet normal 0 0 -1
    outer loop
      vertex 4.78468 -6.02123 -5
      vertex -4.78368 -6.02123 -5
      vertex -4.78349 -6 -5
    endloop
  endfacet
  facet normal 0 0 -1
    outer loop
      vertex 4.78523 -6.04245 -5
      vertex -4.78424 -6.04245 -5
      vertex -4.78368 -6.02123 -5
    endloop
  endfacet
  facet normal 0 0 -1
    outer loop
      vertex 4.78616 -6.06367 -5
      vertex -4.78516 -6.06367 -5
      vertex -4.78424 -6.04245 -5
    endloop
  endfacet
  facet normal 0 0 -1
    outer loop
      vertex 4.78746 -6.08486 -5
      vertex -4.78646 -6.08486 -5
      vertex -4.78516 -6.06367 -5
    endloop
  endfacet
  facet normal 0 0 -1
    outer loop
      vertex 4.78912 -6.10602 -5
      vertex -4.78812 -6.10602 -5
      vertex -4.78646 -6.08486 -5
    endloop
  endfacet
  facet normal 0 0 -1
    outer loop
      vertex 4.79116 -6.12716 -5
      vertex -4.79016 -6.12716 -5
      vertex -4.78812 -6.10602 -5
    endloop
  endfacet
  facet normal 0 0 -1
    outer loop
      vertex 4.79356 -6.14825 -5
      vertex -4.79256 -6.14825 -5
      vertex -4.79016 -6.12716 -5
    endloop
  endfacet
  facet normal 0 0 -1
    outer loop
      vertex 4.79633 -6.1693 -5
      vertex -4.79533 -6.1693 -5
      vertex -4.79256 -6.14825 -5
    endloop
  endfacet
  facet normal 0 0 -1
    outer loop
      vertex 4.79947 -6.1903 -5
      vertex -4.79847 -6.1903 -5
      vertex -4.79533 -6.1693 -5
    endloop
  endfacet
  facet normal 0 0 -1
    outer loop
      vertex 4.80298 -6.21124 -5
      vertex -4.80198 -6.21124 -5
      vertex -4.79847 -6.1903 -5
    endloop
  endfacet
  facet normal 0 0 -1
    outer loop
      vertex 4.80684 -6.23212 -5
      vertex -4.80584 -6.23212 -5
      vertex -4.80198 -6.21124 -5
    endloop
  endfacet
  facet normal 0 0 -1
    outer loop
      vertex 4.81108 -6.25293 -5
      vertex -4.81008 -6.25293 -5
      vertex -4.80584 -6.23212 -5
    endloop
  endfacet
  facet normal 0 0 -1
    outer loop
      vertex 4.81567 -6.27365 -5
      vertex -4.81467 -6.27365 -5
      vertex -4.81008 -6.25293 -5
    endloop
  endfacet
  facet normal 0 0 -1
    outer loop
      vertex 4.82063 -6.2943 -5
      vertex -4.81963 -6.2943 -5
      vertex -4.81467 -6.27365 -5
    endloop
  endfacet
  facet normal 0 0 -1
    outer loop
      vertex 4.82595 -6.31485 -5
      vertex -4.82495 -6.31485 -5
      vertex -4.81963 -6.2943 -5
    endloop
  endfacet
  facet normal 0 0 -1
    outer loop
      vertex 4.83162 -6.33531 -5
      vertex -4.83062 -6.33531 -5
      vertex -4.82495 -6.31485 -5
    endloop
  endfacet
  facet normal 0 0 -1
    outer loop
      vertex 4.83765 -6.35567 -5
      vertex -4.83665 -6.35567 -5
      vertex -4.83062 -6.33531 -5
    endloop
  endfacet
  facet normal 0 0 -1
    outer loop
      vertex 4.84403 -6.37592 -5
      vertex -4.84303 -6.37592 -5
      vertex -4.83665 -6.35567 -5
    endloop
  endfacet
  facet normal 0 0 -1
    outer loop
      vertex 4.85077 -6.39606 -5
      vertex -4.84977 -6.39606 -5
      vertex -4.84303 -6.37592 -5
    endloop
  endfacet
  facet normal 0 0 -1
    outer loop
      vertex 4.85786 -6.41607 -5
      vertex -4.85686 -6.41607 -5
      vertex -4.84977 -6.39606 -5
    endloop
  endfacet
  facet normal 0 0 -1
    outer loop
      vertex 4.86529 -6.43596 -5
      vertex -4.86429 -6.43596 -5
      vertex -4.85686 -6.41607 -5
    endloop
  endfacet
  facet normal 0 0 -1
    outer loop
      vertex 4.87308 -6.45571 -5
      vertex -4.87208 -6.45571 -5
      vertex -4.86429 -6.43596 -5
    endloop
  endfacet
  facet normal 0 0 -1
    outer loop
      vertex 4.8812 -6.47533 -5
      vertex -4.8802 -6.47533 -5
      vertex -4.87208 -6.45571 -5
    endloop
  endfacet
  facet normal 0 0 -1
    outer loop
      vertex 4.88967 -6.4948 -5
      vertex -4.88867 -6.4948 -5
      vertex -4.8802 -6.47533 -5
    endloop
  endfacet
  facet normal 0 0 -1
    outer loop
      vertex 4.89847 -6.51412 -5
      vertex -4.89747 -6.51412 -5
      vertex -4.88867 -6.4948 -5
    endloop
  endfacet
  facet normal 0 0 -1
    outer loop
      vertex 4.90761 -6.53328 -5
      vertex -4.90661 -6.53328 -5
      vertex -4.89747 -6.51412 -5
    endloop
  endfacet
  facet normal 0 0 -1
    outer loop
      vertex 4.91709 -6.55228 -5
      vertex -4.91609 -6.55228 -5
      vertex -4.90661 -6.53328 -5
    endloop
  endfacet
  facet normal 0 0 -1
    outer loop
      vertex 4.92689 -6.57111 -5
      vertex -4.92589 -6.57111 -5
      vertex -4.91609 -6.55228 -5
    endloop
  endfacet
  facet normal 0 0 -1
    outer loop
      vertex 4.93702 -6.58977 -5
      vertex -4.93602 -6.58977 -5
      vertex -4.92589 -6.57111 -5
    endloop
  endfacet
  facet normal 0 0 -1
    outer loop
      vertex 4.94747 -6.60825 -5
      vertex -4.94648 -6.60825 -5
      vertex -4.93602 -6.58977 -5
    endloop
  endfacet
  facet normal 0 0 -1
    outer loop
      vertex 4.95825 -6.62655 -5
      vertex -4.95725 -6.62655 -5
      vertex -4.94648 -6.60825 -5
    endloop
  endfacet
  facet normal 0 0 -1
    outer loop
      vertex 4.96934 -6.64465 -5
      vertex -4.96834 -6.64465 -5
      vertex -4.95725 -6.62655 -5
    endloop
  endfacet
  facet normal 0 0 -1
    outer loop
      vertex 4.98075 -6.66256 -5
      vertex -4.97975 -6.66256 -5
      vertex -4.96834 -6.64465 -5
    endloop
  endfacet
  facet normal 0 0 -1
    outer loop
      vertex 4.99247 -6.68026 -5
      vertex -4.99147 -6.68026 -5
      vertex -4.97975 -6.66256 -5
    endloop
  endfacet
  facet normal 0 0 -1
    outer loop
      vertex 5.0045 -6.69776 -5
      vertex -5.0035 -6.69776 -5
      vertex -4.99147 -6.68026 -5
    endloop
  endfacet
  facet normal 0 0 -1
    outer loop
      vertex 5.01683 -6.71504 -5
      vertex -5.01583 -6.71504 -5
      vertex -5.0035 -6.69776 -5
    endloop
  endfacet
  facet normal 0 0 -1
    outer loop
      vertex 5.02946 -6.73211 -5
      vertex -5.02846 -6.73211 -5
      vertex -5.01583 -6.71504 -5
    endloop
  endfacet
  facet normal 0 0 -1
    outer loop
      vertex 5.04238 -6.74896 -5
      vertex -5.04138 -6.74896 -5
      vertex -5.02846 -6.73211 -5
    endloop
  endfacet
  facet normal 0 0 -1
    outer loop
      vertex 5.0556 -6.76557 -5
      vertex -5.0546 -6.76557 -5
      vertex -5.04138 -6.74896 -5
    endloop
  endfacet
  facet normal 0 0 -1
    outer loop
      vertex 5.0691 -6.78195 -5
      vertex -5.0681 -6.78195 -5
      vertex -5.0546 -6.76557 -5
    endloop
  endfacet
  facet normal 0 0 -1
    outer loop
      vertex 5.08289 -6.7981 -5
      vertex -5.08189 -6.7981 -5
      vertex -5.0681 -6.78195 -5
    endloop
  endfacet
  facet normal 0 0 -1
    outer loop
      vertex 5.09696 -6.814 -5
      vertex -5.09596 -6.814 -5
      vertex -5.08189 -6.7981 -5
    endloop
  endfacet
  facet normal 0 0 -1
    outer loop
      vertex 5.1113 -6.82965 -5
      vertex -5.1103 -6.82965 -5
      vertex -5.09596 -6.814 -5
    endloop
  endfacet
  facet normal 0 0 -1
    outer loop
      vertex 5.12592 -6.84506 -5
      vertex -5.12492 -6.84506 -5
      vertex -5.1103 -6.82965 -5
    endloop
  endfacet
  facet normal 0 0 -1
    outer loop
      vertex 5.1408 -6.8602 -5
      vertex -5.1398 -6.8602 -5
      vertex -5.12492 -6.84506 -5
    endloop
  endfacet
  facet normal 0 0 -1
    outer loop
      vertex 5.15594 -6.87508 -5
      vertex -5.15494 -6.87508 -5
      vertex -5.1398 -6.8602 -5
    endloop
  endfacet
  facet normal 0 0 -1
    outer loop
      vertex 5.17135 -6.8897 -5
      vertex -5.17035 -6.8897 -5
      vertex -5.15494 -6.87508 -5
    endloop
  endfacet
  facet normal 0 0 -1
    outer loop
      vertex 5.187 -6.90404 -5
      vertex -5.186 -6.90404 -5
      vertex -5.17035 -6.8897 -5
    endloop
  endfacet
  facet normal 0 0 -1
    outer loop
      vertex 5.2029 -6.91811 -5
      vertex -5.2019 -6.91811 -5
      vertex -5.186 -6.90404 -5
    endloop
  endfacet
  facet normal 0 0 -1
    outer loop
      vertex 5.21905 -6.9319 -5
      vertex -5.21805 -6.9319 -5
      vertex -5.2019 -6.91811 -5
    endloop
  endfacet
  facet normal 0 0 -1
    outer loop
      vertex 5.23543 -6.9454 -5
      vertex -5.23443 -6.9454 -5
      vertex -5.21805 -6.9319 -5
    endloop
  endfacet
  facet normal 0 0 -1
    outer loop
      vertex 5.25204 -6.95862 -5
      vertex -5.25104 -6.95862 -5
      vertex -5.23443 -6.9454 -5
    endloop
  endfacet
  facet normal 0 0 -1
    outer loop
      vertex 5.26889 -6.97154 -5
      vertex -5.26789 -6.97154 -5
      vertex -5.25104 -6.95862 -5
    endloop
  endfacet
  facet normal -0 0 -1
    outer loop
      vertex 5.26889 -6.97154 -5
      vertex -5.28496 -6.98417 -5
      vertex -5.26789 -6.97154 -5
    endloop
  endfacet
  facet normal 0 0 -1
    outer loop
      vertex 5.28596 -6.98417 -5
      vertex -5.28496 -6.98417 -5
      vertex 5.26889 -6.97154 -5
    endloop
  endfacet
  facet normal 0 -0 -1
    outer loop
      vertex -5.28496 -6.98417 -5
      vertex 5.28596 -6.98417 -5
      vertex -5.30224 -6.9965 -5
    endloop
  endfacet
  facet normal 0 0 -1
    outer loop
      vertex 5.30324 -6.9965 -5
      vertex -5.30224 -6.9965 -5
      vertex 5.28596 -6.98417 -5
    endloop
  endfacet
  facet normal 0 -0 -1
    outer loop
      vertex -5.30224 -6.9965 -5
      vertex 5.30324 -6.9965 -5
      vertex -5.31974 -7.00853 -5
    endloop
  endfacet
  facet normal 0 0 -1
    outer loop
      vertex 5.32074 -7.00853 -5
      vertex -5.31974 -7.00853 -5
      vertex 5.30324 -6.9965 -5
    endloop
  endfacet
  facet normal 0 -0 -1
    outer loop
      vertex -5.31974 -7.00853 -5
      vertex 5.32074 -7.00853 -5
      vertex -5.33744 -7.02025 -5
    endloop
  endfacet
  facet normal 0 0 -1
    outer loop
      vertex 5.33844 -7.02025 -5
      vertex -5.33744 -7.02025 -5
      vertex 5.32074 -7.00853 -5
    endloop
  endfacet
  facet normal 0 -0 -1
    outer loop
      vertex -5.33744 -7.02025 -5
      vertex 5.33844 -7.02025 -5
      vertex -5.35535 -7.03166 -5
    endloop
  endfacet
  facet normal 0 0 -1
    outer loop
      vertex 5.35635 -7.03166 -5
      vertex -5.35535 -7.03166 -5
      vertex 5.33844 -7.02025 -5
    endloop
  endfacet
  facet normal 0 -0 -1
    outer loop
      vertex -5.35535 -7.03166 -5
      vertex 5.35635 -7.03166 -5
      vertex -5.37345 -7.04275 -5
    endloop
  endfacet
  facet normal 0 0 -1
    outer loop
      vertex 5.37445 -7.04275 -5
      vertex -5.37345 -7.04275 -5
      vertex 5.35635 -7.03166 -5
    endloop
  endfacet
  facet normal 0 -0 -1
    outer loop
      vertex -5.37345 -7.04275 -5
      vertex 5.37445 -7.04275 -5
      vertex -5.39175 -7.05352 -5
    endloop
  endfacet
  facet normal 0 0 -1
    outer loop
      vertex 5.39275 -7.05352 -5
      vertex -5.39175 -7.05352 -5
      vertex 5.37445 -7.04275 -5
    endloop
  endfacet
  facet normal 0 -0 -1
    outer loop
      vertex -5.41023 -7.06398 -5
      vertex 5.41123 -7.06398 -5
      vertex -5.42889 -7.07411 -5
    endloop
  endfacet
  facet normal 0 0 -1
    outer loop
      vertex 12 -12 -5
      vertex -5.56404 -7.13571 -5
      vertex -5.54429 -7.12792 -5
    endloop
  endfacet
  facet normal 0 0 -1
    outer loop
      vertex -12 -12 -5
      vertex -5.56404 -7.13571 -5
      vertex 12 -12 -5
    endloop
  endfacet
  facet normal 0 0 -1
    outer loop
      vertex -5.56404 -7.13571 -5
      vertex -12 -12 -5
      vertex -5.58393 -7.14314 -5
    endloop
  endfacet
  facet normal 0 0 -1
    outer loop
      vertex -5.58393 -7.14314 -5
      vertex -12 -12 -5
      vertex -5.60394 -7.15023 -5
    endloop
  endfacet
  facet normal 0 0 -1
    outer loop
      vertex -5.60394 -7.15023 -5
      vertex -12 -12 -5
      vertex -5.62408 -7.15697 -5
    endloop
  endfacet
  facet normal 0 0 -1
    outer loop
      vertex -5.62408 -7.15697 -5
      vertex -12 -12 -5
      vertex -5.64433 -7.16335 -5
    endloop
  endfacet
  facet normal 0 0 -1
    outer loop
      vertex -5.64433 -7.16335 -5
      vertex -12 -12 -5
      vertex -5.66469 -7.16938 -5
    endloop
  endfacet
  facet normal 0 0 -1
    outer loop
      vertex -5.66469 -7.16938 -5
      vertex -12 -12 -5
      vertex -5.68515 -7.17505 -5
    endloop
  endfacet
  facet normal 0 0 -1
    outer loop
      vertex -5.68515 -7.17505 -5
      vertex -12 -12 -5
      vertex -5.7057 -7.18037 -5
    endloop
  endfacet
  facet normal 0 0 -1
    outer loop
      vertex -5.7057 -7.18037 -5
      vertex -12 -12 -5
      vertex -5.72635 -7.18533 -5
    endloop
  endfacet
  facet normal 0 0 -1
    outer loop
      vertex -5.72635 -7.18533 -5
      vertex -12 -12 -5
      vertex -5.74707 -7.18992 -5
    endloop
  endfacet
  facet normal 0 0 -1
    outer loop
      vertex -5.74707 -7.18992 -5
      vertex -12 -12 -5
      vertex -5.76788 -7.19416 -5
    endloop
  endfacet
  facet normal 0 0 -1
    outer loop
      vertex -5.76788 -7.19416 -5
      vertex -12 -12 -5
      vertex -5.78876 -7.19802 -5
    endloop
  endfacet
  facet normal 0 0 -1
    outer loop
      vertex -5.78876 -7.19802 -5
      vertex -12 -12 -5
      vertex -5.8097 -7.20153 -5
    endloop
  endfacet
  facet normal 0 0 -1
    outer loop
      vertex -5.8097 -7.20153 -5
      vertex -12 -12 -5
      vertex -5.8307 -7.20467 -5
    endloop
  endfacet
  facet normal 0 0 -1
    outer loop
      vertex -5.8307 -7.20467 -5
      vertex -12 -12 -5
      vertex -5.85175 -7.20744 -5
    endloop
  endfacet
  facet normal 0 0 -1
    outer loop
      vertex -5.85175 -7.20744 -5
      vertex -12 -12 -5
      vertex -5.87284 -7.20984 -5
    endloop
  endfacet
  facet normal 0 0 -1
    outer loop
      vertex -5.87284 -7.20984 -5
      vertex -12 -12 -5
      vertex -5.89398 -7.21188 -5
    endloop
  endfacet
  facet normal 0 0 -1
    outer loop
      vertex -5.89398 -7.21188 -5
      vertex -12 -12 -5
      vertex -5.91514 -7.21354 -5
    endloop
  endfacet
  facet normal 0 0 -1
    outer loop
      vertex -5.91514 -7.21354 -5
      vertex -12 -12 -5
      vertex -5.93633 -7.21484 -5
    endloop
  endfacet
  facet normal 0 0 -1
    outer loop
      vertex -5.93633 -7.21484 -5
      vertex -12 -12 -5
      vertex -5.95755 -7.21576 -5
    endloop
  endfacet
  facet normal 0 0 -1
    outer loop
      vertex -5.95755 -7.21576 -5
      vertex -12 -12 -5
      vertex -5.97877 -7.21632 -5
    endloop
  endfacet
  facet normal 0 0 -1
    outer loop
      vertex -5.97877 -7.21632 -5
      vertex -12 -12 -5
      vertex -6 -7.21651 -5
    endloop
  endfacet
  facet normal -0 0 -1
    outer loop
      vertex -6 -7.21651 -5
      vertex -12 -12 -5
      vertex -6.02123 -7.21632 -5
    endloop
  endfacet
  facet normal -0 0 -1
    outer loop
      vertex -6.02123 -7.21632 -5
      vertex -12 -12 -5
      vertex -6.04245 -7.21576 -5
    endloop
  endfacet
  facet normal -0 0 -1
    outer loop
      vertex -6.04245 -7.21576 -5
      vertex -12 -12 -5
      vertex -6.06367 -7.21484 -5
    endloop
  endfacet
  facet normal -0 0 -1
    outer loop
      vertex -6.06367 -7.21484 -5
      vertex -12 -12 -5
      vertex -6.08486 -7.21354 -5
    endloop
  endfacet
  facet normal -0 0 -1
    outer loop
      vertex -6.08486 -7.21354 -5
      vertex -12 -12 -5
      vertex -6.10602 -7.21188 -5
    endloop
  endfacet
  facet normal -0 0 -1
    outer loop
      vertex -6.10602 -7.21188 -5
      vertex -12 -12 -5
      vertex -6.12716 -7.20984 -5
    endloop
  endfacet
  facet normal -0 0 -1
    outer loop
      vertex -6.12716 -7.20984 -5
      vertex -12 -12 -5
      vertex -6.14825 -7.20744 -5
    endloop
  endfacet
  facet normal -0 0 -1
    outer loop
      vertex -6.14825 -7.20744 -5
      vertex -12 -12 -5
      vertex -6.1693 -7.20467 -5
    endloop
  endfacet
  facet normal -0 0 -1
    outer loop
      vertex -6.1693 -7.20467 -5
      vertex -12 -12 -5
      vertex -6.1903 -7.20153 -5
    endloop
  endfacet
  facet normal -0 0 -1
    outer loop
      vertex -6.1903 -7.20153 -5
      vertex -12 -12 -5
      vertex -6.21124 -7.19802 -5
    endloop
  endfacet
  facet normal -0 0 -1
    outer loop
      vertex -6.21124 -7.19802 -5
      vertex -12 -12 -5
      vertex -6.23212 -7.19416 -5
    endloop
  endfacet
  facet normal -0 0 -1
    outer loop
      vertex -6.23212 -7.19416 -5
      vertex -12 -12 -5
      vertex -6.25293 -7.18992 -5
    endloop
  endfacet
  facet normal -0 0 -1
    outer loop
      vertex -6.25293 -7.18992 -5
      vertex -12 -12 -5
      vertex -6.27365 -7.18533 -5
    endloop
  endfacet
  facet normal -0 0 -1
    outer loop
      vertex -6.27365 -7.18533 -5
      vertex -12 -12 -5
      vertex -6.2943 -7.18037 -5
    endloop
  endfacet
  facet normal 0 0 -1
    outer loop
      vertex -7.21576 5.95855 -5
      vertex -12 12 -5
      vertex -7.21632 5.97977 -5
    endloop
  endfacet
  facet normal -0 0 -1
    outer loop
      vertex -7.21632 -6.02123 -5
      vertex -12 -12 -5
      vertex -7.21651 -6 -5
    endloop
  endfacet
  facet normal -0 0 -1
    outer loop
      vertex -7.21576 -6.04245 -5
      vertex -12 -12 -5
      vertex -7.21632 -6.02123 -5
    endloop
  endfacet
  facet normal -0 0 -1
    outer loop
      vertex -7.21484 -6.06367 -5
      vertex -12 -12 -5
      vertex -7.21576 -6.04245 -5
    endloop
  endfacet
  facet normal -0 0 -1
    outer loop
      vertex -7.21354 -6.08486 -5
      vertex -12 -12 -5
      vertex -7.21484 -6.06367 -5
    endloop
  endfacet
  facet normal -0 0 -1
    outer loop
      vertex -7.21188 -6.10602 -5
      vertex -12 -12 -5
      vertex -7.21354 -6.08486 -5
    endloop
  endfacet
  facet normal -0 0 -1
    outer loop
      vertex -7.20984 -6.12716 -5
      vertex -12 -12 -5
      vertex -7.21188 -6.10602 -5
    endloop
  endfacet
  facet normal -0 0 -1
    outer loop
      vertex -7.20744 -6.14825 -5
      vertex -12 -12 -5
      vertex -7.20984 -6.12716 -5
    endloop
  endfacet
  facet normal -0 0 -1
    outer loop
      vertex -7.20467 -6.1693 -5
      vertex -12 -12 -5
      vertex -7.20744 -6.14825 -5
    endloop
  endfacet
  facet normal -0 0 -1
    outer loop
      vertex -7.20153 -6.1903 -5
      vertex -12 -12 -5
      vertex -7.20467 -6.1693 -5
    endloop
  endfacet
  facet normal -0 0 -1
    outer loop
      vertex -7.19802 -6.21124 -5
      vertex -12 -12 -5
      vertex -7.20153 -6.1903 -5
    endloop
  endfacet
  facet normal -0 0 -1
    outer loop
      vertex -7.19416 -6.23212 -5
      vertex -12 -12 -5
      vertex -7.19802 -6.21124 -5
    endloop
  endfacet
  facet normal -0 0 -1
    outer loop
      vertex -7.18992 -6.25293 -5
      vertex -12 -12 -5
      vertex -7.19416 -6.23212 -5
    endloop
  endfacet
  facet normal -0 0 -1
    outer loop
      vertex -7.18533 -6.27365 -5
      vertex -12 -12 -5
      vertex -7.18992 -6.25293 -5
    endloop
  endfacet
  facet normal -0 0 -1
    outer loop
      vertex -7.18037 -6.2943 -5
      vertex -12 -12 -5
      vertex -7.18533 -6.27365 -5
    endloop
  endfacet
  facet normal -0 0 -1
    outer loop
      vertex -7.17505 -6.31485 -5
      vertex -12 -12 -5
      vertex -7.18037 -6.2943 -5
    endloop
  endfacet
  facet normal -0 0 -1
    outer loop
      vertex -7.16938 -6.33531 -5
      vertex -12 -12 -5
      vertex -7.17505 -6.31485 -5
    endloop
  endfacet
  facet normal -0 0 -1
    outer loop
      vertex -7.16335 -6.35567 -5
      vertex -12 -12 -5
      vertex -7.16938 -6.33531 -5
    endloop
  endfacet
  facet normal -0 0 -1
    outer loop
      vertex -7.15697 -6.37592 -5
      vertex -12 -12 -5
      vertex -7.16335 -6.35567 -5
    endloop
  endfacet
  facet normal -0 0 -1
    outer loop
      vertex -7.15023 -6.39606 -5
      vertex -12 -12 -5
      vertex -7.15697 -6.37592 -5
    endloop
  endfacet
  facet normal -0 0 -1
    outer loop
      vertex -7.14314 -6.41607 -5
      vertex -12 -12 -5
      vertex -7.15023 -6.39606 -5
    endloop
  endfacet
  facet normal -0 0 -1
    outer loop
      vertex -7.13571 -6.43596 -5
      vertex -12 -12 -5
      vertex -7.14314 -6.41607 -5
    endloop
  endfacet
  facet normal -0 0 -1
    outer loop
      vertex -7.12792 -6.45571 -5
      vertex -12 -12 -5
      vertex -7.13571 -6.43596 -5
    endloop
  endfacet
  facet normal -0 0 -1
    outer loop
      vertex -7.1198 -6.47533 -5
      vertex -12 -12 -5
      vertex -7.12792 -6.45571 -5
    endloop
  endfacet
  facet normal -0 0 -1
    outer loop
      vertex -7.11133 -6.4948 -5
      vertex -12 -12 -5
      vertex -7.1198 -6.47533 -5
    endloop
  endfacet
  facet normal -0 0 -1
    outer loop
      vertex -7.10253 -6.51412 -5
      vertex -12 -12 -5
      vertex -7.11133 -6.4948 -5
    endloop
  endfacet
  facet normal -0 0 -1
    outer loop
      vertex -7.09339 -6.53328 -5
      vertex -12 -12 -5
      vertex -7.10253 -6.51412 -5
    endloop
  endfacet
  facet normal -0 0 -1
    outer loop
      vertex -7.08391 -6.55228 -5
      vertex -12 -12 -5
      vertex -7.09339 -6.53328 -5
    endloop
  endfacet
  facet normal -0 0 -1
    outer loop
      vertex -7.07411 -6.57111 -5
      vertex -12 -12 -5
      vertex -7.08391 -6.55228 -5
    endloop
  endfacet
  facet normal -0 0 -1
    outer loop
      vertex -7.06398 -6.58977 -5
      vertex -12 -12 -5
      vertex -7.07411 -6.57111 -5
    endloop
  endfacet
  facet normal -0 0 -1
    outer loop
      vertex -7.05352 -6.60825 -5
      vertex -12 -12 -5
      vertex -7.06398 -6.58977 -5
    endloop
  endfacet
  facet normal -0 0 -1
    outer loop
      vertex -7.04275 -6.62655 -5
      vertex -12 -12 -5
      vertex -7.05352 -6.60825 -5
    endloop
  endfacet
  facet normal -0 0 -1
    outer loop
      vertex -7.03166 -6.64465 -5
      vertex -12 -12 -5
      vertex -7.04275 -6.62655 -5
    endloop
  endfacet
  facet normal -0 0 -1
    outer loop
      vertex -7.02025 -6.66256 -5
      vertex -12 -12 -5
      vertex -7.03166 -6.64465 -5
    endloop
  endfacet
  facet normal -0 0 -1
    outer loop
      vertex -7.00853 -6.68026 -5
      vertex -12 -12 -5
      vertex -7.02025 -6.66256 -5
    endloop
  endfacet
  facet normal -0 0 -1
    outer loop
      vertex -6.9965 -6.69776 -5
      vertex -12 -12 -5
      vertex -7.00853 -6.68026 -5
    endloop
  endfacet
  facet normal -0 0 -1
    outer loop
      vertex -6.98417 -6.71504 -5
      vertex -12 -12 -5
      vertex -6.9965 -6.69776 -5
    endloop
  endfacet
  facet normal -0 0 -1
    outer loop
      vertex -6.97154 -6.73211 -5
      vertex -12 -12 -5
      vertex -6.98417 -6.71504 -5
    endloop
  endfacet
  facet normal -0 0 -1
    outer loop
      vertex -6.95862 -6.74896 -5
      vertex -12 -12 -5
      vertex -6.97154 -6.73211 -5
    endloop
  endfacet
  facet normal -0 0 -1
    outer loop
      vertex -6.9454 -6.76557 -5
      vertex -12 -12 -5
      vertex -6.95862 -6.74896 -5
    endloop
  endfacet
  facet normal -0 0 -1
    outer loop
      vertex -6.9319 -6.78195 -5
      vertex -12 -12 -5
      vertex -6.9454 -6.76557 -5
    endloop
  endfacet
  facet normal -0 0 -1
    outer loop
      vertex -6.91811 -6.7981 -5
      vertex -12 -12 -5
      vertex -6.9319 -6.78195 -5
    endloop
  endfacet
  facet normal -0 0 -1
    outer loop
      vertex -6.90404 -6.814 -5
      vertex -12 -12 -5
      vertex -6.91811 -6.7981 -5
    endloop
  endfacet
  facet normal -0 0 -1
    outer loop
      vertex -6.8897 -6.82965 -5
      vertex -12 -12 -5
      vertex -6.90404 -6.814 -5
    endloop
  endfacet
  facet normal -0 0 -1
    outer loop
      vertex -6.87508 -6.84506 -5
      vertex -12 -12 -5
      vertex -6.8897 -6.82965 -5
    endloop
  endfacet
  facet normal -0 0 -1
    outer loop
      vertex -6.8602 -6.8602 -5
      vertex -12 -12 -5
      vertex -6.87508 -6.84506 -5
    endloop
  endfacet
  facet normal -0 0 -1
    outer loop
      vertex -6.84506 -6.87508 -5
      vertex -12 -12 -5
      vertex -6.8602 -6.8602 -5
    endloop
  endfacet
  facet normal -0 0 -1
    outer loop
      vertex -6.82965 -6.8897 -5
      vertex -12 -12 -5
      vertex -6.84506 -6.87508 -5
    endloop
  endfacet
  facet normal -0 0 -1
    outer loop
      vertex -6.814 -6.90404 -5
      vertex -12 -12 -5
      vertex -6.82965 -6.8897 -5
    endloop
  endfacet
  facet normal -0 0 -1
    outer loop
      vertex -6.7981 -6.91811 -5
      vertex -12 -12 -5
      vertex -6.814 -6.90404 -5
    endloop
  endfacet
  facet normal -0 0 -1
    outer loop
      vertex -6.78195 -6.9319 -5
      vertex -12 -12 -5
      vertex -6.7981 -6.91811 -5
    endloop
  endfacet
  facet normal -0 0 -1
    outer loop
      vertex -6.76557 -6.9454 -5
      vertex -12 -12 -5
      vertex -6.78195 -6.9319 -5
    endloop
  endfacet
  facet normal -0 0 -1
    outer loop
      vertex -6.74896 -6.95862 -5
      vertex -12 -12 -5
      vertex -6.76557 -6.9454 -5
    endloop
  endfacet
  facet normal -0 0 -1
    outer loop
      vertex -6.73211 -6.97154 -5
      vertex -12 -12 -5
      vertex -6.74896 -6.95862 -5
    endloop
  endfacet
  facet normal -0 0 -1
    outer loop
      vertex -6.71504 -6.98417 -5
      vertex -12 -12 -5
      vertex -6.73211 -6.97154 -5
    endloop
  endfacet
  facet normal -0 0 -1
    outer loop
      vertex -6.69776 -6.9965 -5
      vertex -12 -12 -5
      vertex -6.71504 -6.98417 -5
    endloop
  endfacet
  facet normal -0 0 -1
    outer loop
      vertex -6.68026 -7.00853 -5
      vertex -12 -12 -5
      vertex -6.69776 -6.9965 -5
    endloop
  endfacet
  facet normal -0 0 -1
    outer loop
      vertex -6.66256 -7.02025 -5
      vertex -12 -12 -5
      vertex -6.68026 -7.00853 -5
    endloop
  endfacet
  facet normal -0 0 -1
    outer loop
      vertex -6.64465 -7.03166 -5
      vertex -12 -12 -5
      vertex -6.66256 -7.02025 -5
    endloop
  endfacet
  facet normal -0 0 -1
    outer loop
      vertex -6.62655 -7.04275 -5
      vertex -12 -12 -5
      vertex -6.64465 -7.03166 -5
    endloop
  endfacet
  facet normal -0 0 -1
    outer loop
      vertex -6.60825 -7.05352 -5
      vertex -12 -12 -5
      vertex -6.62655 -7.04275 -5
    endloop
  endfacet
  facet normal -0 0 -1
    outer loop
      vertex -6.58977 -7.06398 -5
      vertex -12 -12 -5
      vertex -6.60825 -7.05352 -5
    endloop
  endfacet
  facet normal -0 0 -1
    outer loop
      vertex -6.57111 -7.07411 -5
      vertex -12 -12 -5
      vertex -6.58977 -7.06398 -5
    endloop
  endfacet
  facet normal -0 0 -1
    outer loop
      vertex -6.55228 -7.08391 -5
      vertex -12 -12 -5
      vertex -6.57111 -7.07411 -5
    endloop
  endfacet
  facet normal -0 0 -1
    outer loop
      vertex -6.53328 -7.09339 -5
      vertex -12 -12 -5
      vertex -6.55228 -7.08391 -5
    endloop
  endfacet
  facet normal -0 0 -1
    outer loop
      vertex -6.51412 -7.10253 -5
      vertex -12 -12 -5
      vertex -6.53328 -7.09339 -5
    endloop
  endfacet
  facet normal -0 0 -1
    outer loop
      vertex -6.4948 -7.11133 -5
      vertex -12 -12 -5
      vertex -6.51412 -7.10253 -5
    endloop
  endfacet
  facet normal -0 0 -1
    outer loop
      vertex -6.47533 -7.1198 -5
      vertex -12 -12 -5
      vertex -6.4948 -7.11133 -5
    endloop
  endfacet
  facet normal -0 0 -1
    outer loop
      vertex -6.45571 -7.12792 -5
      vertex -12 -12 -5
      vertex -6.47533 -7.1198 -5
    endloop
  endfacet
  facet normal -0 0 -1
    outer loop
      vertex -6.43596 -7.13571 -5
      vertex -12 -12 -5
      vertex -6.45571 -7.12792 -5
    endloop
  endfacet
  facet normal -0 0 -1
    outer loop
      vertex -6.41607 -7.14314 -5
      vertex -12 -12 -5
      vertex -6.43596 -7.13571 -5
    endloop
  endfacet
  facet normal -0 0 -1
    outer loop
      vertex -6.39606 -7.15023 -5
      vertex -12 -12 -5
      vertex -6.41607 -7.14314 -5
    endloop
  endfacet
  facet normal -0 0 -1
    outer loop
      vertex -6.37592 -7.15697 -5
      vertex -12 -12 -5
      vertex -6.39606 -7.15023 -5
    endloop
  endfacet
  facet normal -0 0 -1
    outer loop
      vertex -6.35567 -7.16335 -5
      vertex -12 -12 -5
      vertex -6.37592 -7.15697 -5
    endloop
  endfacet
  facet normal -0 0 -1
    outer loop
      vertex -6.33531 -7.16938 -5
      vertex -12 -12 -5
      vertex -6.35567 -7.16335 -5
    endloop
  endfacet
  facet normal -0 0 -1
    outer loop
      vertex -6.31485 -7.17505 -5
      vertex -12 -12 -5
      vertex -6.33531 -7.16938 -5
    endloop
  endfacet
  facet normal -0 0 -1
    outer loop
      vertex -6.2943 -7.18037 -5
      vertex -12 -12 -5
      vertex -6.31485 -7.17505 -5
    endloop
  endfacet
  facet normal 0 0 -1
    outer loop
      vertex 7.21676 -5.95755 -5
      vertex 12 -12 -5
      vertex 7.21732 -5.97877 -5
    endloop
  endfacet
  facet normal 0 0 -1
    outer loop
      vertex 7.21732 6.02223 -5
      vertex 12 12 -5
      vertex 7.21751 6.001 -5
    endloop
  endfacet
  facet normal 0 0 -1
    outer loop
      vertex 7.21676 6.04345 -5
      vertex 12 12 -5
      vertex 7.21732 6.02223 -5
    endloop
  endfacet
  facet normal 0 0 -1
    outer loop
      vertex 7.21584 6.06467 -5
      vertex 12 12 -5
      vertex 7.21676 6.04345 -5
    endloop
  endfacet
  facet normal 0 0 -1
    outer loop
      vertex 7.21454 6.08586 -5
      vertex 12 12 -5
      vertex 7.21584 6.06467 -5
    endloop
  endfacet
  facet normal 0 0 -1
    outer loop
      vertex 7.21288 6.10702 -5
      vertex 12 12 -5
      vertex 7.21454 6.08586 -5
    endloop
  endfacet
  facet normal 0 0 -1
    outer loop
      vertex 7.21084 6.12816 -5
      vertex 12 12 -5
      vertex 7.21288 6.10702 -5
    endloop
  endfacet
  facet normal 0 0 -1
    outer loop
      vertex 7.20844 6.14925 -5
      vertex 12 12 -5
      vertex 7.21084 6.12816 -5
    endloop
  endfacet
  facet normal 0 0 -1
    outer loop
      vertex 7.20567 6.1703 -5
      vertex 12 12 -5
      vertex 7.20844 6.14925 -5
    endloop
  endfacet
  facet normal 0 0 -1
    outer loop
      vertex 7.20253 6.1913 -5
      vertex 12 12 -5
      vertex 7.20567 6.1703 -5
    endloop
  endfacet
  facet normal 0 0 -1
    outer loop
      vertex 7.19902 6.21224 -5
      vertex 12 12 -5
      vertex 7.20253 6.1913 -5
    endloop
  endfacet
  facet normal 0 0 -1
    outer loop
      vertex 7.19516 6.23312 -5
      vertex 12 12 -5
      vertex 7.19902 6.21224 -5
    endloop
  endfacet
  facet normal 0 0 -1
    outer loop
      vertex 7.19092 6.25393 -5
      vertex 12 12 -5
      vertex 7.19516 6.23312 -5
    endloop
  endfacet
  facet normal 0 0 -1
    outer loop
      vertex 7.18633 6.27465 -5
      vertex 12 12 -5
      vertex 7.19092 6.25393 -5
    endloop
  endfacet
  facet normal 0 0 -1
    outer loop
      vertex 7.18137 6.2953 -5
      vertex 12 12 -5
      vertex 7.18633 6.27465 -5
    endloop
  endfacet
  facet normal 0 0 -1
    outer loop
      vertex 7.17605 6.31585 -5
      vertex 12 12 -5
      vertex 7.18137 6.2953 -5
    endloop
  endfacet
  facet normal 0 0 -1
    outer loop
      vertex 7.17038 6.33631 -5
      vertex 12 12 -5
      vertex 7.17605 6.31585 -5
    endloop
  endfacet
  facet normal 0 0 -1
    outer loop
      vertex 7.16435 6.35667 -5
      vertex 12 12 -5
      vertex 7.17038 6.33631 -5
    endloop
  endfacet
  facet normal 0 0 -1
    outer loop
      vertex 7.15797 6.37692 -5
      vertex 12 12 -5
      vertex 7.16435 6.35667 -5
    endloop
  endfacet
  facet normal 0 0 -1
    outer loop
      vertex 7.15123 6.39706 -5
      vertex 12 12 -5
      vertex 7.15797 6.37692 -5
    endloop
  endfacet
  facet normal 0 0 -1
    outer loop
      vertex 7.14414 6.41707 -5
      vertex 12 12 -5
      vertex 7.15123 6.39706 -5
    endloop
  endfacet
  facet normal 0 0 -1
    outer loop
      vertex 7.13671 6.43696 -5
      vertex 12 12 -5
      vertex 7.14414 6.41707 -5
    endloop
  endfacet
  facet normal 0 0 -1
    outer loop
      vertex 7.12892 6.45671 -5
      vertex 12 12 -5
      vertex 7.13671 6.43696 -5
    endloop
  endfacet
  facet normal 0 0 -1
    outer loop
      vertex 7.1208 6.47633 -5
      vertex 12 12 -5
      vertex 7.12892 6.45671 -5
    endloop
  endfacet
  facet normal 0 0 -1
    outer loop
      vertex 7.11233 6.4958 -5
      vertex 12 12 -5
      vertex 7.1208 6.47633 -5
    endloop
  endfacet
  facet normal 0 0 -1
    outer loop
      vertex 7.10353 6.51512 -5
      vertex 12 12 -5
      vertex 7.11233 6.4958 -5
    endloop
  endfacet
  facet normal 0 0 -1
    outer loop
      vertex 7.09439 6.53428 -5
      vertex 12 12 -5
      vertex 7.10353 6.51512 -5
    endloop
  endfacet
  facet normal 0 0 -1
    outer loop
      vertex 7.08491 6.55328 -5
      vertex 12 12 -5
      vertex 7.09439 6.53428 -5
    endloop
  endfacet
  facet normal 0 0 -1
    outer loop
      vertex 7.07511 6.57211 -5
      vertex 12 12 -5
      vertex 7.08491 6.55328 -5
    endloop
  endfacet
  facet normal 0 0 -1
    outer loop
      vertex 7.06498 6.59077 -5
      vertex 12 12 -5
      vertex 7.07511 6.57211 -5
    endloop
  endfacet
  facet normal 0 0 -1
    outer loop
      vertex 7.05452 6.60925 -5
      vertex 12 12 -5
      vertex 7.06498 6.59077 -5
    endloop
  endfacet
  facet normal 0 0 -1
    outer loop
      vertex 7.04375 6.62755 -5
      vertex 12 12 -5
      vertex 7.05452 6.60925 -5
    endloop
  endfacet
  facet normal 0 0 -1
    outer loop
      vertex 7.03266 6.64565 -5
      vertex 12 12 -5
      vertex 7.04375 6.62755 -5
    endloop
  endfacet
  facet normal 0 0 -1
    outer loop
      vertex 7.02125 6.66356 -5
      vertex 12 12 -5
      vertex 7.03266 6.64565 -5
    endloop
  endfacet
  facet normal 0 0 -1
    outer loop
      vertex 7.00953 6.68126 -5
      vertex 12 12 -5
      vertex 7.02125 6.66356 -5
    endloop
  endfacet
  facet normal 0 0 -1
    outer loop
      vertex 6.9975 6.69876 -5
      vertex 12 12 -5
      vertex 7.00953 6.68126 -5
    endloop
  endfacet
  facet normal 0 0 -1
    outer loop
      vertex 6.98517 6.71604 -5
      vertex 12 12 -5
      vertex 6.9975 6.69876 -5
    endloop
  endfacet
  facet normal 0 0 -1
    outer loop
      vertex 6.97254 6.73311 -5
      vertex 12 12 -5
      vertex 6.98517 6.71604 -5
    endloop
  endfacet
  facet normal 0 0 -1
    outer loop
      vertex 6.95962 6.74996 -5
      vertex 12 12 -5
      vertex 6.97254 6.73311 -5
    endloop
  endfacet
  facet normal 0 0 -1
    outer loop
      vertex 6.9464 6.76657 -5
      vertex 12 12 -5
      vertex 6.95962 6.74996 -5
    endloop
  endfacet
  facet normal 0 0 -1
    outer loop
      vertex 6.9329 6.78295 -5
      vertex 12 12 -5
      vertex 6.9464 6.76657 -5
    endloop
  endfacet
  facet normal 0 0 -1
    outer loop
      vertex 6.91911 6.7991 -5
      vertex 12 12 -5
      vertex 6.9329 6.78295 -5
    endloop
  endfacet
  facet normal 0 0 -1
    outer loop
      vertex 6.90504 6.815 -5
      vertex 12 12 -5
      vertex 6.91911 6.7991 -5
    endloop
  endfacet
  facet normal 0 0 -1
    outer loop
      vertex 6.8907 6.83065 -5
      vertex 12 12 -5
      vertex 6.90504 6.815 -5
    endloop
  endfacet
  facet normal 0 0 -1
    outer loop
      vertex 6.87608 6.84606 -5
      vertex 12 12 -5
      vertex 6.8907 6.83065 -5
    endloop
  endfacet
  facet normal 0 0 -1
    outer loop
      vertex 6.8612 6.8612 -5
      vertex 12 12 -5
      vertex 6.87608 6.84606 -5
    endloop
  endfacet
  facet normal 0 0 -1
    outer loop
      vertex 6.84606 6.87608 -5
      vertex 12 12 -5
      vertex 6.8612 6.8612 -5
    endloop
  endfacet
  facet normal 0 0 -1
    outer loop
      vertex 6.83065 6.8907 -5
      vertex 12 12 -5
      vertex 6.84606 6.87608 -5
    endloop
  endfacet
  facet normal 0 0 -1
    outer loop
      vertex 6.815 6.90504 -5
      vertex 12 12 -5
      vertex 6.83065 6.8907 -5
    endloop
  endfacet
  facet normal 0 0 -1
    outer loop
      vertex 6.7991 6.91911 -5
      vertex 12 12 -5
      vertex 6.815 6.90504 -5
    endloop
  endfacet
  facet normal 0 0 -1
    outer loop
      vertex 6.78295 6.9329 -5
      vertex 12 12 -5
      vertex 6.7991 6.91911 -5
    endloop
  endfacet
  facet normal 0 0 -1
    outer loop
      vertex 6.76657 6.9464 -5
      vertex 12 12 -5
      vertex 6.78295 6.9329 -5
    endloop
  endfacet
  facet normal 0 0 -1
    outer loop
      vertex 6.74996 6.95962 -5
      vertex 12 12 -5
      vertex 6.76657 6.9464 -5
    endloop
  endfacet
  facet normal 0 0 -1
    outer loop
      vertex 6.73311 6.97254 -5
      vertex 12 12 -5
      vertex 6.74996 6.95962 -5
    endloop
  endfacet
  facet normal 0 0 -1
    outer loop
      vertex 6.71604 6.98517 -5
      vertex 12 12 -5
      vertex 6.73311 6.97254 -5
    endloop
  endfacet
  facet normal 0 0 -1
    outer loop
      vertex 6.69876 6.9975 -5
      vertex 12 12 -5
      vertex 6.71604 6.98517 -5
    endloop
  endfacet
  facet normal 0 0 -1
    outer loop
      vertex 6.68126 7.00953 -5
      vertex 12 12 -5
      vertex 6.69876 6.9975 -5
    endloop
  endfacet
  facet normal 0 0 -1
    outer loop
      vertex 6.66356 7.02125 -5
      vertex 12 12 -5
      vertex 6.68126 7.00953 -5
    endloop
  endfacet
  facet normal 0 0 -1
    outer loop
      vertex 6.64565 7.03266 -5
      vertex 12 12 -5
      vertex 6.66356 7.02125 -5
    endloop
  endfacet
  facet normal 0 0 -1
    outer loop
      vertex 6.62755 7.04375 -5
      vertex 12 12 -5
      vertex 6.64565 7.03266 -5
    endloop
  endfacet
  facet normal 0 0 -1
    outer loop
      vertex 6.60925 7.05452 -5
      vertex 12 12 -5
      vertex 6.62755 7.04375 -5
    endloop
  endfacet
  facet normal 0 0 -1
    outer loop
      vertex 6.59077 7.06498 -5
      vertex 12 12 -5
      vertex 6.60925 7.05452 -5
    endloop
  endfacet
  facet normal 0 0 -1
    outer loop
      vertex 6.57211 7.07511 -5
      vertex 12 12 -5
      vertex 6.59077 7.06498 -5
    endloop
  endfacet
  facet normal 0 0 -1
    outer loop
      vertex 6.55328 7.08491 -5
      vertex 12 12 -5
      vertex 6.57211 7.07511 -5
    endloop
  endfacet
  facet normal 0 0 -1
    outer loop
      vertex 6.53428 7.09439 -5
      vertex 12 12 -5
      vertex 6.55328 7.08491 -5
    endloop
  endfacet
  facet normal 0 0 -1
    outer loop
      vertex 6.51512 7.10353 -5
      vertex 12 12 -5
      vertex 6.53428 7.09439 -5
    endloop
  endfacet
  facet normal 0 0 -1
    outer loop
      vertex 6.4958 7.11233 -5
      vertex 12 12 -5
      vertex 6.51512 7.10353 -5
    endloop
  endfacet
  facet normal 0 0 -1
    outer loop
      vertex 6.47633 7.1208 -5
      vertex 12 12 -5
      vertex 6.4958 7.11233 -5
    endloop
  endfacet
  facet normal 0 0 -1
    outer loop
      vertex 6.45671 7.12892 -5
      vertex 12 12 -5
      vertex 6.47633 7.1208 -5
    endloop
  endfacet
  facet normal 0 0 -1
    outer loop
      vertex 6.43696 7.13671 -5
      vertex 12 12 -5
      vertex 6.45671 7.12892 -5
    endloop
  endfacet
  facet normal 0 0 -1
    outer loop
      vertex 6.41707 7.14414 -5
      vertex 12 12 -5
      vertex 6.43696 7.13671 -5
    endloop
  endfacet
  facet normal 0 0 -1
    outer loop
      vertex 6.39706 7.15123 -5
      vertex 12 12 -5
      vertex 6.41707 7.14414 -5
    endloop
  endfacet
  facet normal 0 0 -1
    outer loop
      vertex 6.37692 7.15797 -5
      vertex 12 12 -5
      vertex 6.39706 7.15123 -5
    endloop
  endfacet
  facet normal 0 0 -1
    outer loop
      vertex 6.35667 7.16435 -5
      vertex 12 12 -5
      vertex 6.37692 7.15797 -5
    endloop
  endfacet
  facet normal 0 0 -1
    outer loop
      vertex 6.33631 7.17038 -5
      vertex 12 12 -5
      vertex 6.35667 7.16435 -5
    endloop
  endfacet
  facet normal 0 0 -1
    outer loop
      vertex 6.31585 7.17605 -5
      vertex 12 12 -5
      vertex 6.33631 7.17038 -5
    endloop
  endfacet
  facet normal 0 0 -1
    outer loop
      vertex 6.2953 7.18137 -5
      vertex 12 12 -5
      vertex 6.31585 7.17605 -5
    endloop
  endfacet
  facet normal 0 0 -1
    outer loop
      vertex 6.27465 7.18633 -5
      vertex 12 12 -5
      vertex 6.2953 7.18137 -5
    endloop
  endfacet
  facet normal 0 0 -1
    outer loop
      vertex 6.25393 7.19092 -5
      vertex 12 12 -5
      vertex 6.27465 7.18633 -5
    endloop
  endfacet
  facet normal 0 0 -1
    outer loop
      vertex 6.23312 7.19516 -5
      vertex 12 12 -5
      vertex 6.25393 7.19092 -5
    endloop
  endfacet
  facet normal 0 0 -1
    outer loop
      vertex 6.21224 7.19902 -5
      vertex 12 12 -5
      vertex 6.23312 7.19516 -5
    endloop
  endfacet
  facet normal 0 0 -1
    outer loop
      vertex 6.1913 7.20253 -5
      vertex 12 12 -5
      vertex 6.21224 7.19902 -5
    endloop
  endfacet
  facet normal 0 0 -1
    outer loop
      vertex 6.1703 7.20567 -5
      vertex 12 12 -5
      vertex 6.1913 7.20253 -5
    endloop
  endfacet
  facet normal 0 0 -1
    outer loop
      vertex 6.14925 7.20844 -5
      vertex 12 12 -5
      vertex 6.1703 7.20567 -5
    endloop
  endfacet
  facet normal 0 0 -1
    outer loop
      vertex 6.12816 7.21084 -5
      vertex 12 12 -5
      vertex 6.14925 7.20844 -5
    endloop
  endfacet
  facet normal 0 0 -1
    outer loop
      vertex 6.10702 7.21288 -5
      vertex 12 12 -5
      vertex 6.12816 7.21084 -5
    endloop
  endfacet
  facet normal 0 0 -1
    outer loop
      vertex 6.08586 7.21454 -5
      vertex 12 12 -5
      vertex 6.10702 7.21288 -5
    endloop
  endfacet
  facet normal 0 0 -1
    outer loop
      vertex 6.06467 7.21584 -5
      vertex 12 12 -5
      vertex 6.08586 7.21454 -5
    endloop
  endfacet
  facet normal 0 0 -1
    outer loop
      vertex 6.04345 7.21676 -5
      vertex 12 12 -5
      vertex 6.06467 7.21584 -5
    endloop
  endfacet
  facet normal 0 0 -1
    outer loop
      vertex 6.02223 7.21732 -5
      vertex 12 12 -5
      vertex 6.04345 7.21676 -5
    endloop
  endfacet
  facet normal 0 0 -1
    outer loop
      vertex 6.001 7.21751 -5
      vertex 12 12 -5
      vertex 6.02223 7.21732 -5
    endloop
  endfacet
  facet normal 0 0 -1
    outer loop
      vertex 5.97977 7.21732 -5
      vertex 12 12 -5
      vertex 6.001 7.21751 -5
    endloop
  endfacet
  facet normal 0 0 -1
    outer loop
      vertex 5.95855 7.21676 -5
      vertex 12 12 -5
      vertex 5.97977 7.21732 -5
    endloop
  endfacet
  facet normal 0 0 -1
    outer loop
      vertex 5.93733 7.21584 -5
      vertex 12 12 -5
      vertex 5.95855 7.21676 -5
    endloop
  endfacet
  facet normal 0 0 -1
    outer loop
      vertex 5.91614 7.21454 -5
      vertex 12 12 -5
      vertex 5.93733 7.21584 -5
    endloop
  endfacet
  facet normal 0 0 -1
    outer loop
      vertex 5.89498 7.21288 -5
      vertex 12 12 -5
      vertex 5.91614 7.21454 -5
    endloop
  endfacet
  facet normal 0 0 -1
    outer loop
      vertex 5.87384 7.21084 -5
      vertex 12 12 -5
      vertex 5.89498 7.21288 -5
    endloop
  endfacet
  facet normal 0 0 -1
    outer loop
      vertex 5.85275 7.20844 -5
      vertex 12 12 -5
      vertex 5.87384 7.21084 -5
    endloop
  endfacet
  facet normal 0 0 -1
    outer loop
      vertex 5.8317 7.20567 -5
      vertex 12 12 -5
      vertex 5.85275 7.20844 -5
    endloop
  endfacet
  facet normal 0 0 -1
    outer loop
      vertex 5.8107 7.20253 -5
      vertex 12 12 -5
      vertex 5.8317 7.20567 -5
    endloop
  endfacet
  facet normal 0 0 -1
    outer loop
      vertex 5.78976 7.19902 -5
      vertex 12 12 -5
      vertex 5.8107 7.20253 -5
    endloop
  endfacet
  facet normal 0 0 -1
    outer loop
      vertex 5.76888 7.19516 -5
      vertex 12 12 -5
      vertex 5.78976 7.19902 -5
    endloop
  endfacet
  facet normal 0 0 -1
    outer loop
      vertex 5.74807 7.19092 -5
      vertex 12 12 -5
      vertex 5.76888 7.19516 -5
    endloop
  endfacet
  facet normal 0 0 -1
    outer loop
      vertex 5.72735 7.18633 -5
      vertex 12 12 -5
      vertex 5.74807 7.19092 -5
    endloop
  endfacet
  facet normal 0 0 -1
    outer loop
      vertex 5.7067 7.18137 -5
      vertex 12 12 -5
      vertex 5.72735 7.18633 -5
    endloop
  endfacet
  facet normal 0 0 -1
    outer loop
      vertex 5.68615 7.17605 -5
      vertex 12 12 -5
      vertex 5.7067 7.18137 -5
    endloop
  endfacet
  facet normal 0 0 -1
    outer loop
      vertex 5.66569 7.17038 -5
      vertex 12 12 -5
      vertex 5.68615 7.17605 -5
    endloop
  endfacet
  facet normal 0 0 -1
    outer loop
      vertex 5.64533 7.16435 -5
      vertex 12 12 -5
      vertex 5.66569 7.17038 -5
    endloop
  endfacet
  facet normal 0 0 -1
    outer loop
      vertex 5.62508 7.15797 -5
      vertex 12 12 -5
      vertex 5.64533 7.16435 -5
    endloop
  endfacet
  facet normal 0 0 -1
    outer loop
      vertex 5.60494 7.15123 -5
      vertex 12 12 -5
      vertex 5.62508 7.15797 -5
    endloop
  endfacet
  facet normal 0 0 -1
    outer loop
      vertex 5.58493 7.14414 -5
      vertex 12 12 -5
      vertex 5.60494 7.15123 -5
    endloop
  endfacet
  facet normal 0 0 -1
    outer loop
      vertex 5.56504 7.13671 -5
      vertex 12 12 -5
      vertex 5.58493 7.14414 -5
    endloop
  endfacet
  facet normal 0 0 -1
    outer loop
      vertex 5.54529 7.12892 -5
      vertex 12 12 -5
      vertex 5.56504 7.13671 -5
    endloop
  endfacet
  facet normal 0 0 -1
    outer loop
      vertex -5.54429 7.12892 -5
      vertex 5.54529 7.12892 -5
      vertex 5.52567 7.1208 -5
    endloop
  endfacet
  facet normal 0 0 -1
    outer loop
      vertex -5.52467 7.1208 -5
      vertex 5.52567 7.1208 -5
      vertex 5.5062 7.11233 -5
    endloop
  endfacet
  facet normal 0 0 -1
    outer loop
      vertex -5.5052 7.11233 -5
      vertex 5.5062 7.11233 -5
      vertex 5.48688 7.10353 -5
    endloop
  endfacet
  facet normal 0 0 -1
    outer loop
      vertex -5.48588 7.10353 -5
      vertex 5.48688 7.10353 -5
      vertex 5.46772 7.09439 -5
    endloop
  endfacet
  facet normal 0 0 -1
    outer loop
      vertex -5.46672 7.09439 -5
      vertex 5.46772 7.09439 -5
      vertex 5.44872 7.08491 -5
    endloop
  endfacet
  facet normal 0 0 -1
    outer loop
      vertex -5.44772 7.08491 -5
      vertex 5.44872 7.08491 -5
      vertex 5.42989 7.07511 -5
    endloop
  endfacet
  facet normal 0 0 -1
    outer loop
      vertex -5.42889 7.07511 -5
      vertex 5.42989 7.07511 -5
      vertex 5.41123 7.06498 -5
    endloop
  endfacet
  facet normal 0 0 -1
    outer loop
      vertex -5.41023 7.06498 -5
      vertex 5.41123 7.06498 -5
      vertex 5.39275 7.05452 -5
    endloop
  endfacet
  facet normal 0 0 -1
    outer loop
      vertex -5.39175 7.05452 -5
      vertex 5.39275 7.05452 -5
      vertex 5.37445 7.04375 -5
    endloop
  endfacet
  facet normal 0 0 -1
    outer loop
      vertex -5.37345 7.04375 -5
      vertex 5.37445 7.04375 -5
      vertex 5.35635 7.03266 -5
    endloop
  endfacet
  facet normal 0 0 -1
    outer loop
      vertex -5.35535 7.03266 -5
      vertex 5.35635 7.03266 -5
      vertex 5.33844 7.02125 -5
    endloop
  endfacet
  facet normal 0 0 -1
    outer loop
      vertex -5.33744 7.02125 -5
      vertex 5.33844 7.02125 -5
      vertex 5.32074 7.00953 -5
    endloop
  endfacet
  facet normal 0 0 -1
    outer loop
      vertex -5.31974 7.00953 -5
      vertex 5.32074 7.00953 -5
      vertex 5.30324 6.9975 -5
    endloop
  endfacet
  facet normal 0 0 -1
    outer loop
      vertex -5.30224 6.9975 -5
      vertex 5.30324 6.9975 -5
      vertex 5.28596 6.98517 -5
    endloop
  endfacet
  facet normal 0 0 -1
    outer loop
      vertex -5.28496 6.98517 -5
      vertex 5.28596 6.98517 -5
      vertex 5.26889 6.97254 -5
    endloop
  endfacet
  facet normal 0 0 -1
    outer loop
      vertex 4.78468 5.97977 -5
      vertex -4.78349 6.001 -5
      vertex 4.78449 6.001 -5
    endloop
  endfacet
  facet normal 0 0 -1
    outer loop
      vertex 4.78449 6.001 -5
      vertex -4.78349 6.001 -5
      vertex 4.78468 6.02223 -5
    endloop
  endfacet
  facet normal 0 0 -1
    outer loop
      vertex -4.78368 6.02223 -5
      vertex 4.78468 6.02223 -5
      vertex -4.78349 6.001 -5
    endloop
  endfacet
  facet normal 0 0 -1
    outer loop
      vertex 4.78468 6.02223 -5
      vertex -4.78368 6.02223 -5
      vertex 4.78523 6.04345 -5
    endloop
  endfacet
  facet normal 0 0 -1
    outer loop
      vertex -4.78424 6.04345 -5
      vertex 4.78523 6.04345 -5
      vertex -4.78368 6.02223 -5
    endloop
  endfacet
  facet normal 0 0 -1
    outer loop
      vertex 4.78523 6.04345 -5
      vertex -4.78424 6.04345 -5
      vertex 4.78616 6.06467 -5
    endloop
  endfacet
  facet normal 0 0 -1
    outer loop
      vertex -4.78516 6.06467 -5
      vertex 4.78616 6.06467 -5
      vertex -4.78424 6.04345 -5
    endloop
  endfacet
  facet normal 0 0 -1
    outer loop
      vertex 4.78616 6.06467 -5
      vertex -4.78516 6.06467 -5
      vertex 4.78746 6.08586 -5
    endloop
  endfacet
  facet normal 0 0 -1
    outer loop
      vertex -4.78646 6.08586 -5
      vertex 4.78746 6.08586 -5
      vertex -4.78516 6.06467 -5
    endloop
  endfacet
  facet normal 0 0 -1
    outer loop
      vertex 4.78746 6.08586 -5
      vertex -4.78646 6.08586 -5
      vertex 4.78912 6.10702 -5
    endloop
  endfacet
  facet normal 0 0 -1
    outer loop
      vertex -4.78812 6.10702 -5
      vertex 4.78912 6.10702 -5
      vertex -4.78646 6.08586 -5
    endloop
  endfacet
  facet normal 0 0 -1
    outer loop
      vertex 4.78912 6.10702 -5
      vertex -4.78812 6.10702 -5
      vertex 4.79116 6.12816 -5
    endloop
  endfacet
  facet normal 0 0 -1
    outer loop
      vertex -4.79016 6.12816 -5
      vertex 4.79116 6.12816 -5
      vertex -4.78812 6.10702 -5
    endloop
  endfacet
  facet normal 0 0 -1
    outer loop
      vertex 4.79116 6.12816 -5
      vertex -4.79016 6.12816 -5
      vertex 4.79356 6.14925 -5
    endloop
  endfacet
  facet normal 0 0 -1
    outer loop
      vertex -4.79256 6.14925 -5
      vertex 4.79356 6.14925 -5
      vertex -4.79016 6.12816 -5
    endloop
  endfacet
  facet normal 0 0 -1
    outer loop
      vertex 4.79356 6.14925 -5
      vertex -4.79256 6.14925 -5
      vertex 4.79633 6.1703 -5
    endloop
  endfacet
  facet normal 0 0 -1
    outer loop
      vertex -4.79533 6.1703 -5
      vertex 4.79633 6.1703 -5
      vertex -4.79256 6.14925 -5
    endloop
  endfacet
  facet normal 0 0 -1
    outer loop
      vertex 4.79633 6.1703 -5
      vertex -4.79533 6.1703 -5
      vertex 4.79947 6.1913 -5
    endloop
  endfacet
  facet normal 0 0 -1
    outer loop
      vertex -4.79847 6.1913 -5
      vertex 4.79947 6.1913 -5
      vertex -4.79533 6.1703 -5
    endloop
  endfacet
  facet normal 0 0 -1
    outer loop
      vertex 4.79947 6.1913 -5
      vertex -4.79847 6.1913 -5
      vertex 4.80298 6.21224 -5
    endloop
  endfacet
  facet normal 0 0 -1
    outer loop
      vertex -4.80198 6.21224 -5
      vertex 4.80298 6.21224 -5
      vertex -4.79847 6.1913 -5
    endloop
  endfacet
  facet normal 0 0 -1
    outer loop
      vertex 4.80298 6.21224 -5
      vertex -4.80198 6.21224 -5
      vertex 4.80684 6.23312 -5
    endloop
  endfacet
  facet normal 0 0 -1
    outer loop
      vertex -4.80584 6.23312 -5
      vertex 4.80684 6.23312 -5
      vertex -4.80198 6.21224 -5
    endloop
  endfacet
  facet normal 0 0 -1
    outer loop
      vertex 4.80684 6.23312 -5
      vertex -4.80584 6.23312 -5
      vertex 4.81108 6.25393 -5
    endloop
  endfacet
  facet normal 0 0 -1
    outer loop
      vertex -4.81008 6.25393 -5
      vertex 4.81108 6.25393 -5
      vertex -4.80584 6.23312 -5
    endloop
  endfacet
  facet normal 0 0 -1
    outer loop
      vertex 4.81108 6.25393 -5
      vertex -4.81008 6.25393 -5
      vertex 4.81567 6.27465 -5
    endloop
  endfacet
  facet normal 0 0 -1
    outer loop
      vertex -4.81467 6.27465 -5
      vertex 4.81567 6.27465 -5
      vertex -4.81008 6.25393 -5
    endloop
  endfacet
  facet normal 0 0 -1
    outer loop
      vertex 4.81567 6.27465 -5
      vertex -4.81467 6.27465 -5
      vertex 4.82063 6.2953 -5
    endloop
  endfacet
  facet normal 0 0 -1
    outer loop
      vertex -4.81963 6.2953 -5
      vertex 4.82063 6.2953 -5
      vertex -4.81467 6.27465 -5
    endloop
  endfacet
  facet normal 0 0 -1
    outer loop
      vertex 4.82063 6.2953 -5
      vertex -4.81963 6.2953 -5
      vertex 4.82595 6.31585 -5
    endloop
  endfacet
  facet normal 0 0 -1
    outer loop
      vertex -4.82495 6.31585 -5
      vertex 4.82595 6.31585 -5
      vertex -4.81963 6.2953 -5
    endloop
  endfacet
  facet normal 0 0 -1
    outer loop
      vertex 4.82595 6.31585 -5
      vertex -4.82495 6.31585 -5
      vertex 4.83162 6.33631 -5
    endloop
  endfacet
  facet normal 0 0 -1
    outer loop
      vertex -4.83062 6.33631 -5
      vertex 4.83162 6.33631 -5
      vertex -4.82495 6.31585 -5
    endloop
  endfacet
  facet normal 0 0 -1
    outer loop
      vertex 4.83162 6.33631 -5
      vertex -4.83062 6.33631 -5
      vertex 4.83765 6.35667 -5
    endloop
  endfacet
  facet normal 0 0 -1
    outer loop
      vertex -4.83665 6.35667 -5
      vertex 4.83765 6.35667 -5
      vertex -4.83062 6.33631 -5
    endloop
  endfacet
  facet normal 0 0 -1
    outer loop
      vertex 4.83765 6.35667 -5
      vertex -4.83665 6.35667 -5
      vertex 4.84403 6.37692 -5
    endloop
  endfacet
  facet normal 0 0 -1
    outer loop
      vertex -4.84303 6.37692 -5
      vertex 4.84403 6.37692 -5
      vertex -4.83665 6.35667 -5
    endloop
  endfacet
  facet normal 0 0 -1
    outer loop
      vertex 4.84403 6.37692 -5
      vertex -4.84303 6.37692 -5
      vertex 4.85077 6.39706 -5
    endloop
  endfacet
  facet normal 0 0 -1
    outer loop
      vertex -4.84977 6.39706 -5
      vertex 4.85077 6.39706 -5
      vertex -4.84303 6.37692 -5
    endloop
  endfacet
  facet normal 0 0 -1
    outer loop
      vertex 4.85077 6.39706 -5
      vertex -4.84977 6.39706 -5
      vertex 4.85786 6.41707 -5
    endloop
  endfacet
  facet normal 0 0 -1
    outer loop
      vertex -4.85686 6.41707 -5
      vertex 4.85786 6.41707 -5
      vertex -4.84977 6.39706 -5
    endloop
  endfacet
  facet normal 0 0 -1
    outer loop
      vertex 4.85786 6.41707 -5
      vertex -4.85686 6.41707 -5
      vertex 4.86529 6.43696 -5
    endloop
  endfacet
  facet normal 0 0 -1
    outer loop
      vertex -4.86429 6.43696 -5
      vertex 4.86529 6.43696 -5
      vertex -4.85686 6.41707 -5
    endloop
  endfacet
  facet normal 0 0 -1
    outer loop
      vertex 4.86529 6.43696 -5
      vertex -4.86429 6.43696 -5
      vertex 4.87308 6.45671 -5
    endloop
  endfacet
  facet normal 0 0 -1
    outer loop
      vertex -4.87208 6.45671 -5
      vertex 4.87308 6.45671 -5
      vertex -4.86429 6.43696 -5
    endloop
  endfacet
  facet normal 0 0 -1
    outer loop
      vertex 4.87308 6.45671 -5
      vertex -4.87208 6.45671 -5
      vertex 4.8812 6.47633 -5
    endloop
  endfacet
  facet normal 0 0 -1
    outer loop
      vertex -4.8802 6.47633 -5
      vertex 4.8812 6.47633 -5
      vertex -4.87208 6.45671 -5
    endloop
  endfacet
  facet normal 0 0 -1
    outer loop
      vertex 4.8812 6.47633 -5
      vertex -4.8802 6.47633 -5
      vertex 4.88967 6.4958 -5
    endloop
  endfacet
  facet normal 0 0 -1
    outer loop
      vertex -4.88867 6.4958 -5
      vertex 4.88967 6.4958 -5
      vertex -4.8802 6.47633 -5
    endloop
  endfacet
  facet normal 0 0 -1
    outer loop
      vertex 4.88967 6.4958 -5
      vertex -4.88867 6.4958 -5
      vertex 4.89847 6.51512 -5
    endloop
  endfacet
  facet normal 0 0 -1
    outer loop
      vertex -4.89747 6.51512 -5
      vertex 4.89847 6.51512 -5
      vertex -4.88867 6.4958 -5
    endloop
  endfacet
  facet normal 0 0 -1
    outer loop
      vertex 4.89847 6.51512 -5
      vertex -4.89747 6.51512 -5
      vertex 4.90761 6.53428 -5
    endloop
  endfacet
  facet normal 0 0 -1
    outer loop
      vertex -4.90661 6.53428 -5
      vertex 4.90761 6.53428 -5
      vertex -4.89747 6.51512 -5
    endloop
  endfacet
  facet normal 0 0 -1
    outer loop
      vertex 4.90761 6.53428 -5
      vertex -4.90661 6.53428 -5
      vertex 4.91709 6.55328 -5
    endloop
  endfacet
  facet normal 0 0 -1
    outer loop
      vertex -4.91609 6.55328 -5
      vertex 4.91709 6.55328 -5
      vertex -4.90661 6.53428 -5
    endloop
  endfacet
  facet normal 0 0 -1
    outer loop
      vertex 4.91709 6.55328 -5
      vertex -4.91609 6.55328 -5
      vertex 4.92689 6.57211 -5
    endloop
  endfacet
  facet normal 0 0 -1
    outer loop
      vertex -4.92589 6.57211 -5
      vertex 4.92689 6.57211 -5
      vertex -4.91609 6.55328 -5
    endloop
  endfacet
  facet normal 0 0 -1
    outer loop
      vertex 4.92689 6.57211 -5
      vertex -4.92589 6.57211 -5
      vertex 4.93702 6.59077 -5
    endloop
  endfacet
  facet normal 0 0 -1
    outer loop
      vertex -4.93602 6.59077 -5
      vertex 4.93702 6.59077 -5
      vertex -4.92589 6.57211 -5
    endloop
  endfacet
  facet normal 0 0 -1
    outer loop
      vertex 4.93702 6.59077 -5
      vertex -4.93602 6.59077 -5
      vertex 4.94747 6.60925 -5
    endloop
  endfacet
  facet normal 0 0 -1
    outer loop
      vertex -4.94648 6.60925 -5
      vertex 4.94747 6.60925 -5
      vertex -4.93602 6.59077 -5
    endloop
  endfacet
  facet normal 0 0 -1
    outer loop
      vertex 4.94747 6.60925 -5
      vertex -4.94648 6.60925 -5
      vertex 4.95825 6.62755 -5
    endloop
  endfacet
  facet normal 0 0 -1
    outer loop
      vertex -4.95725 6.62755 -5
      vertex 4.95825 6.62755 -5
      vertex -4.94648 6.60925 -5
    endloop
  endfacet
  facet normal 0 0 -1
    outer loop
      vertex 4.95825 6.62755 -5
      vertex -4.95725 6.62755 -5
      vertex 4.96934 6.64565 -5
    endloop
  endfacet
  facet normal 0 0 -1
    outer loop
      vertex -4.96834 6.64565 -5
      vertex 4.96934 6.64565 -5
      vertex -4.95725 6.62755 -5
    endloop
  endfacet
  facet normal 0 0 -1
    outer loop
      vertex 4.96934 6.64565 -5
      vertex -4.96834 6.64565 -5
      vertex 4.98075 6.66356 -5
    endloop
  endfacet
  facet normal 0 0 -1
    outer loop
      vertex -4.97975 6.66356 -5
      vertex 4.98075 6.66356 -5
      vertex -4.96834 6.64565 -5
    endloop
  endfacet
  facet normal 0 0 -1
    outer loop
      vertex 4.98075 6.66356 -5
      vertex -4.97975 6.66356 -5
      vertex 4.99247 6.68126 -5
    endloop
  endfacet
  facet normal 0 0 -1
    outer loop
      vertex -4.99147 6.68126 -5
      vertex 4.99247 6.68126 -5
      vertex -4.97975 6.66356 -5
    endloop
  endfacet
  facet normal 0 0 -1
    outer loop
      vertex 4.99247 6.68126 -5
      vertex -4.99147 6.68126 -5
      vertex 5.0045 6.69876 -5
    endloop
  endfacet
  facet normal 0 0 -1
    outer loop
      vertex -5.0035 6.69876 -5
      vertex 5.0045 6.69876 -5
      vertex -4.99147 6.68126 -5
    endloop
  endfacet
  facet normal 0 0 -1
    outer loop
      vertex 5.0045 6.69876 -5
      vertex -5.0035 6.69876 -5
      vertex 5.01683 6.71604 -5
    endloop
  endfacet
  facet normal 0 0 -1
    outer loop
      vertex -5.01583 6.71604 -5
      vertex 5.01683 6.71604 -5
      vertex -5.0035 6.69876 -5
    endloop
  endfacet
  facet normal 0 0 -1
    outer loop
      vertex 5.01683 6.71604 -5
      vertex -5.01583 6.71604 -5
      vertex 5.02946 6.73311 -5
    endloop
  endfacet
  facet normal 0 0 -1
    outer loop
      vertex -5.02846 6.73311 -5
      vertex 5.02946 6.73311 -5
      vertex -5.01583 6.71604 -5
    endloop
  endfacet
  facet normal 0 0 -1
    outer loop
      vertex 5.02946 6.73311 -5
      vertex -5.02846 6.73311 -5
      vertex 5.04238 6.74996 -5
    endloop
  endfacet
  facet normal 0 0 -1
    outer loop
      vertex -5.04138 6.74996 -5
      vertex 5.04238 6.74996 -5
      vertex -5.02846 6.73311 -5
    endloop
  endfacet
  facet normal 0 0 -1
    outer loop
      vertex 5.04238 6.74996 -5
      vertex -5.04138 6.74996 -5
      vertex 5.0556 6.76657 -5
    endloop
  endfacet
  facet normal 0 0 -1
    outer loop
      vertex -5.0546 6.76657 -5
      vertex 5.0556 6.76657 -5
      vertex -5.04138 6.74996 -5
    endloop
  endfacet
  facet normal 0 0 -1
    outer loop
      vertex 5.0556 6.76657 -5
      vertex -5.0546 6.76657 -5
      vertex 5.0691 6.78295 -5
    endloop
  endfacet
  facet normal 0 0 -1
    outer loop
      vertex -5.0681 6.78295 -5
      vertex 5.0691 6.78295 -5
      vertex -5.0546 6.76657 -5
    endloop
  endfacet
  facet normal 0 0 -1
    outer loop
      vertex 5.0691 6.78295 -5
      vertex -5.0681 6.78295 -5
      vertex 5.08289 6.7991 -5
    endloop
  endfacet
  facet normal 0 0 -1
    outer loop
      vertex -5.08189 6.7991 -5
      vertex 5.08289 6.7991 -5
      vertex -5.0681 6.78295 -5
    endloop
  endfacet
  facet normal 0 0 -1
    outer loop
      vertex 5.08289 6.7991 -5
      vertex -5.08189 6.7991 -5
      vertex 5.09696 6.815 -5
    endloop
  endfacet
  facet normal 0 0 -1
    outer loop
      vertex -5.09596 6.815 -5
      vertex 5.09696 6.815 -5
      vertex -5.08189 6.7991 -5
    endloop
  endfacet
  facet normal 0 0 -1
    outer loop
      vertex 5.09696 6.815 -5
      vertex -5.09596 6.815 -5
      vertex 5.1113 6.83065 -5
    endloop
  endfacet
  facet normal 0 0 -1
    outer loop
      vertex -5.1103 6.83065 -5
      vertex 5.1113 6.83065 -5
      vertex -5.09596 6.815 -5
    endloop
  endfacet
  facet normal 0 0 -1
    outer loop
      vertex 5.1113 6.83065 -5
      vertex -5.1103 6.83065 -5
      vertex 5.12592 6.84606 -5
    endloop
  endfacet
  facet normal 0 0 -1
    outer loop
      vertex -5.12492 6.84606 -5
      vertex 5.12592 6.84606 -5
      vertex -5.1103 6.83065 -5
    endloop
  endfacet
  facet normal 0 0 -1
    outer loop
      vertex 5.12592 6.84606 -5
      vertex -5.12492 6.84606 -5
      vertex 5.1408 6.8612 -5
    endloop
  endfacet
  facet normal 0 0 -1
    outer loop
      vertex -5.1398 6.8612 -5
      vertex 5.1408 6.8612 -5
      vertex -5.12492 6.84606 -5
    endloop
  endfacet
  facet normal 0 0 -1
    outer loop
      vertex 5.1408 6.8612 -5
      vertex -5.1398 6.8612 -5
      vertex 5.15594 6.87608 -5
    endloop
  endfacet
  facet normal 0 0 -1
    outer loop
      vertex -5.15494 6.87608 -5
      vertex 5.15594 6.87608 -5
      vertex -5.1398 6.8612 -5
    endloop
  endfacet
  facet normal 0 0 -1
    outer loop
      vertex 5.15594 6.87608 -5
      vertex -5.15494 6.87608 -5
      vertex 5.17135 6.8907 -5
    endloop
  endfacet
  facet normal 0 0 -1
    outer loop
      vertex -5.17035 6.8907 -5
      vertex 5.17135 6.8907 -5
      vertex -5.15494 6.87608 -5
    endloop
  endfacet
  facet normal 0 0 -1
    outer loop
      vertex 5.17135 6.8907 -5
      vertex -5.17035 6.8907 -5
      vertex 5.187 6.90504 -5
    endloop
  endfacet
  facet normal 0 0 -1
    outer loop
      vertex -5.186 6.90504 -5
      vertex 5.187 6.90504 -5
      vertex -5.17035 6.8907 -5
    endloop
  endfacet
  facet normal 0 0 -1
    outer loop
      vertex 5.187 6.90504 -5
      vertex -5.186 6.90504 -5
      vertex 5.2029 6.91911 -5
    endloop
  endfacet
  facet normal 0 0 -1
    outer loop
      vertex -5.2019 6.91911 -5
      vertex 5.2029 6.91911 -5
      vertex -5.186 6.90504 -5
    endloop
  endfacet
  facet normal 0 0 -1
    outer loop
      vertex 5.2029 6.91911 -5
      vertex -5.2019 6.91911 -5
      vertex 5.21905 6.9329 -5
    endloop
  endfacet
  facet normal 0 0 -1
    outer loop
      vertex -5.21805 6.9329 -5
      vertex 5.21905 6.9329 -5
      vertex -5.2019 6.91911 -5
    endloop
  endfacet
  facet normal 0 0 -1
    outer loop
      vertex 5.21905 6.9329 -5
      vertex -5.21805 6.9329 -5
      vertex 5.23543 6.9464 -5
    endloop
  endfacet
  facet normal 0 0 -1
    outer loop
      vertex -5.23443 6.9464 -5
      vertex 5.23543 6.9464 -5
      vertex -5.21805 6.9329 -5
    endloop
  endfacet
  facet normal 0 0 -1
    outer loop
      vertex 5.23543 6.9464 -5
      vertex -5.23443 6.9464 -5
      vertex 5.25204 6.95962 -5
    endloop
  endfacet
  facet normal 0 0 -1
    outer loop
      vertex -5.25104 6.95962 -5
      vertex 5.25204 6.95962 -5
      vertex -5.23443 6.9464 -5
    endloop
  endfacet
  facet normal 0 0 -1
    outer loop
      vertex 5.25204 6.95962 -5
      vertex -5.25104 6.95962 -5
      vertex 5.26889 6.97254 -5
    endloop
  endfacet
  facet normal 0 0 -1
    outer loop
      vertex -5.26789 6.97254 -5
      vertex 5.26889 6.97254 -5
      vertex -5.25104 6.95962 -5
    endloop
  endfacet
  facet normal 0 0 -1
    outer loop
      vertex -5.28496 6.98517 -5
      vertex 5.26889 6.97254 -5
      vertex -5.26789 6.97254 -5
    endloop
  endfacet
  facet normal 0 0 -1
    outer loop
      vertex 5.28596 6.98517 -5
      vertex -5.28496 6.98517 -5
      vertex -5.30224 6.9975 -5
    endloop
  endfacet
  facet normal 0 0 -1
    outer loop
      vertex 5.30324 6.9975 -5
      vertex -5.30224 6.9975 -5
      vertex -5.31974 7.00953 -5
    endloop
  endfacet
  facet normal 0 0 -1
    outer loop
      vertex 5.32074 7.00953 -5
      vertex -5.31974 7.00953 -5
      vertex -5.33744 7.02125 -5
    endloop
  endfacet
  facet normal 0 0 -1
    outer loop
      vertex 5.33844 7.02125 -5
      vertex -5.33744 7.02125 -5
      vertex -5.35535 7.03266 -5
    endloop
  endfacet
  facet normal 0 0 -1
    outer loop
      vertex 5.35635 7.03266 -5
      vertex -5.35535 7.03266 -5
      vertex -5.37345 7.04375 -5
    endloop
  endfacet
  facet normal 0 0 -1
    outer loop
      vertex 5.37445 7.04375 -5
      vertex -5.37345 7.04375 -5
      vertex -5.39175 7.05452 -5
    endloop
  endfacet
  facet normal 0 0 -1
    outer loop
      vertex 5.39275 7.05452 -5
      vertex -5.39175 7.05452 -5
      vertex -5.41023 7.06498 -5
    endloop
  endfacet
  facet normal 0 0 -1
    outer loop
      vertex 5.41123 7.06498 -5
      vertex -5.41023 7.06498 -5
      vertex -5.42889 7.07511 -5
    endloop
  endfacet
  facet normal 0 0 -1
    outer loop
      vertex 5.42989 7.07511 -5
      vertex -5.42889 7.07511 -5
      vertex -5.44772 7.08491 -5
    endloop
  endfacet
  facet normal 0 0 -1
    outer loop
      vertex 5.44872 7.08491 -5
      vertex -5.44772 7.08491 -5
      vertex -5.46672 7.09439 -5
    endloop
  endfacet
  facet normal 0 0 -1
    outer loop
      vertex 5.46772 7.09439 -5
      vertex -5.46672 7.09439 -5
      vertex -5.48588 7.10353 -5
    endloop
  endfacet
  facet normal 0 0 -1
    outer loop
      vertex 5.48688 7.10353 -5
      vertex -5.48588 7.10353 -5
      vertex -5.5052 7.11233 -5
    endloop
  endfacet
  facet normal 0 0 -1
    outer loop
      vertex 5.5062 7.11233 -5
      vertex -5.5052 7.11233 -5
      vertex -5.52467 7.1208 -5
    endloop
  endfacet
  facet normal 0 0 -1
    outer loop
      vertex 5.52567 7.1208 -5
      vertex -5.52467 7.1208 -5
      vertex -5.54429 7.12892 -5
    endloop
  endfacet
  facet normal 0 0 -1
    outer loop
      vertex 5.54529 7.12892 -5
      vertex -5.54429 7.12892 -5
      vertex 12 12 -5
    endloop
  endfacet
  facet normal 0 0 -1
    outer loop
      vertex -5.56404 7.13671 -5
      vertex 12 12 -5
      vertex -5.54429 7.12892 -5
    endloop
  endfacet
  facet normal 0 0 -1
    outer loop
      vertex -12 12 -5
      vertex -5.56404 7.13671 -5
      vertex -5.58393 7.14414 -5
    endloop
  endfacet
  facet normal 0 0 -1
    outer loop
      vertex -12 12 -5
      vertex -5.58393 7.14414 -5
      vertex -5.60394 7.15123 -5
    endloop
  endfacet
  facet normal 0 0 -1
    outer loop
      vertex -12 12 -5
      vertex -5.60394 7.15123 -5
      vertex -5.62408 7.15797 -5
    endloop
  endfacet
  facet normal 0 0 -1
    outer loop
      vertex -12 12 -5
      vertex -5.62408 7.15797 -5
      vertex -5.64433 7.16435 -5
    endloop
  endfacet
  facet normal 0 0 -1
    outer loop
      vertex -12 12 -5
      vertex -5.64433 7.16435 -5
      vertex -5.66469 7.17038 -5
    endloop
  endfacet
  facet normal 0 0 -1
    outer loop
      vertex -12 12 -5
      vertex -5.66469 7.17038 -5
      vertex -5.68515 7.17605 -5
    endloop
  endfacet
  facet normal 0 0 -1
    outer loop
      vertex -12 12 -5
      vertex -5.68515 7.17605 -5
      vertex -5.7057 7.18137 -5
    endloop
  endfacet
  facet normal 0 0 -1
    outer loop
      vertex -12 12 -5
      vertex -5.7057 7.18137 -5
      vertex -5.72635 7.18633 -5
    endloop
  endfacet
  facet normal 0 0 -1
    outer loop
      vertex -12 12 -5
      vertex -5.72635 7.18633 -5
      vertex -5.74707 7.19092 -5
    endloop
  endfacet
  facet normal 0 0 -1
    outer loop
      vertex -12 12 -5
      vertex -5.74707 7.19092 -5
      vertex -5.76788 7.19516 -5
    endloop
  endfacet
  facet normal 0 0 -1
    outer loop
      vertex -12 12 -5
      vertex -5.76788 7.19516 -5
      vertex -5.78876 7.19902 -5
    endloop
  endfacet
  facet normal 0 0 -1
    outer loop
      vertex -12 12 -5
      vertex -5.78876 7.19902 -5
      vertex -5.8097 7.20253 -5
    endloop
  endfacet
  facet normal 0 0 -1
    outer loop
      vertex -12 12 -5
      vertex -5.8097 7.20253 -5
      vertex -5.8307 7.20567 -5
    endloop
  endfacet
  facet normal 0 0 -1
    outer loop
      vertex -12 12 -5
      vertex -5.8307 7.20567 -5
      vertex -5.85175 7.20844 -5
    endloop
  endfacet
  facet normal 0 0 -1
    outer loop
      vertex -12 12 -5
      vertex -5.85175 7.20844 -5
      vertex -5.87284 7.21084 -5
    endloop
  endfacet
  facet normal 0 0 -1
    outer loop
      vertex -12 12 -5
      vertex -5.87284 7.21084 -5
      vertex -5.89398 7.21288 -5
    endloop
  endfacet
  facet normal 0 0 -1
    outer loop
      vertex -12 12 -5
      vertex -5.89398 7.21288 -5
      vertex -5.91514 7.21454 -5
    endloop
  endfacet
  facet normal 0 0 -1
    outer loop
      vertex -12 12 -5
      vertex -5.91514 7.21454 -5
      vertex -5.93633 7.21584 -5
    endloop
  endfacet
  facet normal 0 0 -1
    outer loop
      vertex -12 12 -5
      vertex -5.93633 7.21584 -5
      vertex -5.95755 7.21676 -5
    endloop
  endfacet
  facet normal 0 0 -1
    outer loop
      vertex -12 12 -5
      vertex -5.95755 7.21676 -5
      vertex -5.97877 7.21732 -5
    endloop
  endfacet
  facet normal 0 0 -1
    outer loop
      vertex -12 12 -5
      vertex -5.97877 7.21732 -5
      vertex -6 7.21751 -5
    endloop
  endfacet
  facet normal 0 0 -1
    outer loop
      vertex -12 12 -5
      vertex -6 7.21751 -5
      vertex -6.02123 7.21732 -5
    endloop
  endfacet
  facet normal 0 0 -1
    outer loop
      vertex -12 12 -5
      vertex -6.02123 7.21732 -5
      vertex -6.04245 7.21676 -5
    endloop
  endfacet
  facet normal 0 0 -1
    outer loop
      vertex -12 12 -5
      vertex -6.04245 7.21676 -5
      vertex -6.06367 7.21584 -5
    endloop
  endfacet
  facet normal 0 0 -1
    outer loop
      vertex -12 12 -5
      vertex -6.06367 7.21584 -5
      vertex -6.08486 7.21454 -5
    endloop
  endfacet
  facet normal 0 0 -1
    outer loop
      vertex -12 12 -5
      vertex -6.08486 7.21454 -5
      vertex -6.10602 7.21288 -5
    endloop
  endfacet
  facet normal 0 0 -1
    outer loop
      vertex -12 12 -5
      vertex -6.10602 7.21288 -5
      vertex -6.12716 7.21084 -5
    endloop
  endfacet
  facet normal 0 0 -1
    outer loop
      vertex -12 12 -5
      vertex -6.12716 7.21084 -5
      vertex -6.14825 7.20844 -5
    endloop
  endfacet
  facet normal 0 0 -1
    outer loop
      vertex -12 12 -5
      vertex -6.14825 7.20844 -5
      vertex -6.1693 7.20567 -5
    endloop
  endfacet
  facet normal 0 0 -1
    outer loop
      vertex -12 12 -5
      vertex -6.1693 7.20567 -5
      vertex -6.1903 7.20253 -5
    endloop
  endfacet
  facet normal 0 0 -1
    outer loop
      vertex -12 12 -5
      vertex -6.1903 7.20253 -5
      vertex -6.21124 7.19902 -5
    endloop
  endfacet
  facet normal 0 0 -1
    outer loop
      vertex -12 12 -5
      vertex -6.21124 7.19902 -5
      vertex -6.23212 7.19516 -5
    endloop
  endfacet
  facet normal 0 0 -1
    outer loop
      vertex -12 12 -5
      vertex -6.23212 7.19516 -5
      vertex -6.25293 7.19092 -5
    endloop
  endfacet
  facet normal 0 0 -1
    outer loop
      vertex -12 12 -5
      vertex -6.25293 7.19092 -5
      vertex -6.27365 7.18633 -5
    endloop
  endfacet
  facet normal 0 0 -1
    outer loop
      vertex -12 12 -5
      vertex -6.27365 7.18633 -5
      vertex -6.2943 7.18137 -5
    endloop
  endfacet
  facet normal 0 0 -1
    outer loop
      vertex -12 12 -5
      vertex -6.2943 7.18137 -5
      vertex -6.31485 7.17605 -5
    endloop
  endfacet
  facet normal 0 0 -1
    outer loop
      vertex -7.21632 5.97977 -5
      vertex -12 12 -5
      vertex -7.21651 6.001 -5
    endloop
  endfacet
  facet normal 0 0 -1
    outer loop
      vertex -7.21651 6.001 -5
      vertex -12 12 -5
      vertex -7.21632 6.02223 -5
    endloop
  endfacet
  facet normal 0 0 -1
    outer loop
      vertex -7.21632 6.02223 -5
      vertex -12 12 -5
      vertex -7.21576 6.04345 -5
    endloop
  endfacet
  facet normal 0 0 -1
    outer loop
      vertex -7.21576 6.04345 -5
      vertex -12 12 -5
      vertex -7.21484 6.06467 -5
    endloop
  endfacet
  facet normal 0 0 -1
    outer loop
      vertex -7.21484 6.06467 -5
      vertex -12 12 -5
      vertex -7.21354 6.08586 -5
    endloop
  endfacet
  facet normal 0 0 -1
    outer loop
      vertex -7.21354 6.08586 -5
      vertex -12 12 -5
      vertex -7.21188 6.10702 -5
    endloop
  endfacet
  facet normal 0 0 -1
    outer loop
      vertex -7.21188 6.10702 -5
      vertex -12 12 -5
      vertex -7.20984 6.12816 -5
    endloop
  endfacet
  facet normal 0 0 -1
    outer loop
      vertex -7.20984 6.12816 -5
      vertex -12 12 -5
      vertex -7.20744 6.14925 -5
    endloop
  endfacet
  facet normal 0 0 -1
    outer loop
      vertex -7.20744 6.14925 -5
      vertex -12 12 -5
      vertex -7.20467 6.1703 -5
    endloop
  endfacet
  facet normal 0 0 -1
    outer loop
      vertex -7.20467 6.1703 -5
      vertex -12 12 -5
      vertex -7.20153 6.1913 -5
    endloop
  endfacet
  facet normal 0 0 -1
    outer loop
      vertex -7.20153 6.1913 -5
      vertex -12 12 -5
      vertex -7.19802 6.21224 -5
    endloop
  endfacet
  facet normal 0 0 -1
    outer loop
      vertex -7.19802 6.21224 -5
      vertex -12 12 -5
      vertex -7.19416 6.23312 -5
    endloop
  endfacet
  facet normal 0 0 -1
    outer loop
      vertex -7.19416 6.23312 -5
      vertex -12 12 -5
      vertex -7.18992 6.25393 -5
    endloop
  endfacet
  facet normal 0 0 -1
    outer loop
      vertex -7.18992 6.25393 -5
      vertex -12 12 -5
      vertex -7.18533 6.27465 -5
    endloop
  endfacet
  facet normal 0 0 -1
    outer loop
      vertex -7.18533 6.27465 -5
      vertex -12 12 -5
      vertex -7.18037 6.2953 -5
    endloop
  endfacet
  facet normal 0 0 -1
    outer loop
      vertex -5.56404 7.13671 -5
      vertex -12 12 -5
      vertex 12 12 -5
    endloop
  endfacet
  facet normal 0 0 -1
    outer loop
      vertex -6.33531 7.17038 -5
      vertex -12 12 -5
      vertex -6.31485 7.17605 -5
    endloop
  endfacet
  facet normal 0 0 -1
    outer loop
      vertex -6.35567 7.16435 -5
      vertex -12 12 -5
      vertex -6.33531 7.17038 -5
    endloop
  endfacet
  facet normal 0 0 -1
    outer loop
      vertex -6.37592 7.15797 -5
      vertex -12 12 -5
      vertex -6.35567 7.16435 -5
    endloop
  endfacet
  facet normal 0 0 -1
    outer loop
      vertex -6.39606 7.15123 -5
      vertex -12 12 -5
      vertex -6.37592 7.15797 -5
    endloop
  endfacet
  facet normal 0 0 -1
    outer loop
      vertex -6.41607 7.14414 -5
      vertex -12 12 -5
      vertex -6.39606 7.15123 -5
    endloop
  endfacet
  facet normal 0 0 -1
    outer loop
      vertex -6.43596 7.13671 -5
      vertex -12 12 -5
      vertex -6.41607 7.14414 -5
    endloop
  endfacet
  facet normal 0 0 -1
    outer loop
      vertex -6.45571 7.12892 -5
      vertex -12 12 -5
      vertex -6.43596 7.13671 -5
    endloop
  endfacet
  facet normal 0 0 -1
    outer loop
      vertex -6.47533 7.1208 -5
      vertex -12 12 -5
      vertex -6.45571 7.12892 -5
    endloop
  endfacet
  facet normal 0 0 -1
    outer loop
      vertex -6.4948 7.11233 -5
      vertex -12 12 -5
      vertex -6.47533 7.1208 -5
    endloop
  endfacet
  facet normal 0 0 -1
    outer loop
      vertex -6.51412 7.10353 -5
      vertex -12 12 -5
      vertex -6.4948 7.11233 -5
    endloop
  endfacet
  facet normal 0 0 -1
    outer loop
      vertex -6.53328 7.09439 -5
      vertex -12 12 -5
      vertex -6.51412 7.10353 -5
    endloop
  endfacet
  facet normal 0 0 -1
    outer loop
      vertex -6.55228 7.08491 -5
      vertex -12 12 -5
      vertex -6.53328 7.09439 -5
    endloop
  endfacet
  facet normal 0 0 -1
    outer loop
      vertex -6.57111 7.07511 -5
      vertex -12 12 -5
      vertex -6.55228 7.08491 -5
    endloop
  endfacet
  facet normal 0 0 -1
    outer loop
      vertex -6.58977 7.06498 -5
      vertex -12 12 -5
      vertex -6.57111 7.07511 -5
    endloop
  endfacet
  facet normal 0 0 -1
    outer loop
      vertex -6.60825 7.05452 -5
      vertex -12 12 -5
      vertex -6.58977 7.06498 -5
    endloop
  endfacet
  facet normal 0 0 -1
    outer loop
      vertex -6.62655 7.04375 -5
      vertex -12 12 -5
      vertex -6.60825 7.05452 -5
    endloop
  endfacet
  facet normal 0 0 -1
    outer loop
      vertex -6.64465 7.03266 -5
      vertex -12 12 -5
      vertex -6.62655 7.04375 -5
    endloop
  endfacet
  facet normal 0 0 -1
    outer loop
      vertex -6.66256 7.02125 -5
      vertex -12 12 -5
      vertex -6.64465 7.03266 -5
    endloop
  endfacet
  facet normal 0 0 -1
    outer loop
      vertex -6.68026 7.00953 -5
      vertex -12 12 -5
      vertex -6.66256 7.02125 -5
    endloop
  endfacet
  facet normal 0 0 -1
    outer loop
      vertex -6.69776 6.9975 -5
      vertex -12 12 -5
      vertex -6.68026 7.00953 -5
    endloop
  endfacet
  facet normal 0 0 -1
    outer loop
      vertex -6.71504 6.98517 -5
      vertex -12 12 -5
      vertex -6.69776 6.9975 -5
    endloop
  endfacet
  facet normal 0 0 -1
    outer loop
      vertex -6.73211 6.97254 -5
      vertex -12 12 -5
      vertex -6.71504 6.98517 -5
    endloop
  endfacet
  facet normal 0 0 -1
    outer loop
      vertex -6.74896 6.95962 -5
      vertex -12 12 -5
      vertex -6.73211 6.97254 -5
    endloop
  endfacet
  facet normal 0 0 -1
    outer loop
      vertex -6.76557 6.9464 -5
      vertex -12 12 -5
      vertex -6.74896 6.95962 -5
    endloop
  endfacet
  facet normal 0 0 -1
    outer loop
      vertex -6.78195 6.9329 -5
      vertex -12 12 -5
      vertex -6.76557 6.9464 -5
    endloop
  endfacet
  facet normal 0 0 -1
    outer loop
      vertex -6.7981 6.91911 -5
      vertex -12 12 -5
      vertex -6.78195 6.9329 -5
    endloop
  endfacet
  facet normal 0 0 -1
    outer loop
      vertex -6.814 6.90504 -5
      vertex -12 12 -5
      vertex -6.7981 6.91911 -5
    endloop
  endfacet
  facet normal 0 0 -1
    outer loop
      vertex -6.82965 6.8907 -5
      vertex -12 12 -5
      vertex -6.814 6.90504 -5
    endloop
  endfacet
  facet normal 0 0 -1
    outer loop
      vertex -6.84506 6.87608 -5
      vertex -12 12 -5
      vertex -6.82965 6.8907 -5
    endloop
  endfacet
  facet normal 0 0 -1
    outer loop
      vertex -6.8602 6.8612 -5
      vertex -12 12 -5
      vertex -6.84506 6.87608 -5
    endloop
  endfacet
  facet normal 0 0 -1
    outer loop
      vertex -6.87508 6.84606 -5
      vertex -12 12 -5
      vertex -6.8602 6.8612 -5
    endloop
  endfacet
  facet normal 0 0 -1
    outer loop
      vertex -6.8897 6.83065 -5
      vertex -12 12 -5
      vertex -6.87508 6.84606 -5
    endloop
  endfacet
  facet normal 0 0 -1
    outer loop
      vertex -6.90404 6.815 -5
      vertex -12 12 -5
      vertex -6.8897 6.83065 -5
    endloop
  endfacet
  facet normal 0 0 -1
    outer loop
      vertex -6.91811 6.7991 -5
      vertex -12 12 -5
      vertex -6.90404 6.815 -5
    endloop
  endfacet
  facet normal 0 0 -1
    outer loop
      vertex -6.9319 6.78295 -5
      vertex -12 12 -5
      vertex -6.91811 6.7991 -5
    endloop
  endfacet
  facet normal 0 0 -1
    outer loop
      vertex -6.9454 6.76657 -5
      vertex -12 12 -5
      vertex -6.9319 6.78295 -5
    endloop
  endfacet
  facet normal 0 0 -1
    outer loop
      vertex -6.95862 6.74996 -5
      vertex -12 12 -5
      vertex -6.9454 6.76657 -5
    endloop
  endfacet
  facet normal 0 0 -1
    outer loop
      vertex -6.97154 6.73311 -5
      vertex -12 12 -5
      vertex -6.95862 6.74996 -5
    endloop
  endfacet
  facet normal 0 0 -1
    outer loop
      vertex -6.98417 6.71604 -5
      vertex -12 12 -5
      vertex -6.97154 6.73311 -5
    endloop
  endfacet
  facet normal 0 0 -1
    outer loop
      vertex -6.9965 6.69876 -5
      vertex -12 12 -5
      vertex -6.98417 6.71604 -5
    endloop
  endfacet
  facet normal 0 0 -1
    outer loop
      vertex -7.00853 6.68126 -5
      vertex -12 12 -5
      vertex -6.9965 6.69876 -5
    endloop
  endfacet
  facet normal 0 0 -1
    outer loop
      vertex -7.02025 6.66356 -5
      vertex -12 12 -5
      vertex -7.00853 6.68126 -5
    endloop
  endfacet
  facet normal 0 0 -1
    outer loop
      vertex -7.03166 6.64565 -5
      vertex -12 12 -5
      vertex -7.02025 6.66356 -5
    endloop
  endfacet
  facet normal 0 0 -1
    outer loop
      vertex -7.04275 6.62755 -5
      vertex -12 12 -5
      vertex -7.03166 6.64565 -5
    endloop
  endfacet
  facet normal 0 0 -1
    outer loop
      vertex -7.05352 6.60925 -5
      vertex -12 12 -5
      vertex -7.04275 6.62755 -5
    endloop
  endfacet
  facet normal 0 0 -1
    outer loop
      vertex -7.06398 6.59077 -5
      vertex -12 12 -5
      vertex -7.05352 6.60925 -5
    endloop
  endfacet
  facet normal 0 0 -1
    outer loop
      vertex -7.07411 6.57211 -5
      vertex -12 12 -5
      vertex -7.06398 6.59077 -5
    endloop
  endfacet
  facet normal 0 0 -1
    outer loop
      vertex -7.08391 6.55328 -5
      vertex -12 12 -5
      vertex -7.07411 6.57211 -5
    endloop
  endfacet
  facet normal 0 0 -1
    outer loop
      vertex -7.09339 6.53428 -5
      vertex -12 12 -5
      vertex -7.08391 6.55328 -5
    endloop
  endfacet
  facet normal 0 0 -1
    outer loop
      vertex -7.10253 6.51512 -5
      vertex -12 12 -5
      vertex -7.09339 6.53428 -5
    endloop
  endfacet
  facet normal 0 0 -1
    outer loop
      vertex -7.11133 6.4958 -5
      vertex -12 12 -5
      vertex -7.10253 6.51512 -5
    endloop
  endfacet
  facet normal 0 0 -1
    outer loop
      vertex -7.1198 6.47633 -5
      vertex -12 12 -5
      vertex -7.11133 6.4958 -5
    endloop
  endfacet
  facet normal 0 0 -1
    outer loop
      vertex -7.12792 6.45671 -5
      vertex -12 12 -5
      vertex -7.1198 6.47633 -5
    endloop
  endfacet
  facet normal 0 0 -1
    outer loop
      vertex -7.13571 6.43696 -5
      vertex -12 12 -5
      vertex -7.12792 6.45671 -5
    endloop
  endfacet
  facet normal 0 0 -1
    outer loop
      vertex -7.14314 6.41707 -5
      vertex -12 12 -5
      vertex -7.13571 6.43696 -5
    endloop
  endfacet
  facet normal 0 0 -1
    outer loop
      vertex -7.15023 6.39706 -5
      vertex -12 12 -5
      vertex -7.14314 6.41707 -5
    endloop
  endfacet
  facet normal 0 0 -1
    outer loop
      vertex -7.15697 6.37692 -5
      vertex -12 12 -5
      vertex -7.15023 6.39706 -5
    endloop
  endfacet
  facet normal 0 0 -1
    outer loop
      vertex -7.16335 6.35667 -5
      vertex -12 12 -5
      vertex -7.15697 6.37692 -5
    endloop
  endfacet
  facet normal 0 0 -1
    outer loop
      vertex -7.16938 6.33631 -5
      vertex -12 12 -5
      vertex -7.16335 6.35667 -5
    endloop
  endfacet
  facet normal 0 0 -1
    outer loop
      vertex -7.17505 6.31585 -5
      vertex -12 12 -5
      vertex -7.16938 6.33631 -5
    endloop
  endfacet
  facet normal 0 0 -1
    outer loop
      vertex -7.18037 6.2953 -5
      vertex -12 12 -5
      vertex -7.17505 6.31585 -5
    endloop
  endfacet
  facet normal -1 0 0
    outer loop
      vertex -12 -12 -5
      vertex -12 12 5
      vertex -12 12 -5
    endloop
  endfacet
  facet normal -1 -0 0
    outer loop
      vertex -12 12 5
      vertex -12 -12 -5
      vertex -12 -12 5
    endloop
  endfacet
  facet normal 0 1 -0
    outer loop
      vertex 12 12 -5
      vertex -12 12 5
      vertex 12 12 5
    endloop
  endfacet
  facet normal 0 1 0
    outer loop
      vertex -12 12 5
      vertex 12 12 -5
      vertex -12 12 -5
    endloop
  endfacet
  facet normal 0 -1 0
    outer loop
      vertex -12 -12 -5
      vertex 12 -12 5
      vertex -12 -12 5
    endloop
  endfacet
  facet normal 0 -1 -0
    outer loop
      vertex 12 -12 5
      vertex -12 -12 -5
      vertex 12 -12 -5
    endloop
  endfacet
endsolid OpenSCAD_Model
