solid OpenSCAD_Model
  facet normal -0.999652 -0.026376 0
    outer loop
      vertex -4.78368 0.0222307 -5
      vertex -4.78424 0.0434547 5
      vertex -4.78424 0.0434547 -5
    endloop
  endfacet
  facet normal -0.999652 -0.026376 0
    outer loop
      vertex -4.78424 0.0434547 5
      vertex -4.78368 0.0222307 -5
      vertex -4.78368 0.0222307 5
    endloop
  endfacet
  facet normal -0.99996 -0.00894895 0
    outer loop
      vertex -4.78349 0.001 -5
      vertex -4.78368 0.0222307 5
      vertex -4.78368 0.0222307 -5
    endloop
  endfacet
  facet normal -0.99996 -0.00894895 0
    outer loop
      vertex -4.78368 0.0222307 5
      vertex -4.78349 0.001 -5
      vertex -4.78349 0.001 5
    endloop
  endfacet
  facet normal -0.999061 -0.0433318 0
    outer loop
      vertex -4.78424 0.0434547 -5
      vertex -4.78516 0.0646663 5
      vertex -4.78516 0.0646663 -5
    endloop
  endfacet
  facet normal -0.999061 -0.0433318 0
    outer loop
      vertex -4.78516 0.0646663 5
      vertex -4.78424 0.0434547 -5
      vertex -4.78424 0.0434547 5
    endloop
  endfacet
  facet normal -0.537302 -0.84339 0
    outer loop
      vertex -5.35535 1.03266 -5
      vertex -5.33744 1.02125 5
      vertex -5.35535 1.03266 5
    endloop
  endfacet
  facet normal -0.537302 -0.84339 -0
    outer loop
      vertex -5.33744 1.02125 5
      vertex -5.35535 1.03266 -5
      vertex -5.33744 1.02125 -5
    endloop
  endfacet
  facet normal -0.165315 0.986241 0
    outer loop
      vertex -5.78876 -1.19702 -5
      vertex -5.8097 -1.20053 5
      vertex -5.78876 -1.19702 5
    endloop
  endfacet
  facet normal -0.165315 0.986241 0
    outer loop
      vertex -5.8097 -1.20053 5
      vertex -5.78876 -1.19702 -5
      vertex -5.8097 -1.20053 -5
    endloop
  endfacet
  facet normal -0.382407 -0.923994 0
    outer loop
      vertex -5.54429 1.12892 -5
      vertex -5.52467 1.1208 5
      vertex -5.54429 1.12892 5
    endloop
  endfacet
  facet normal -0.382407 -0.923994 -0
    outer loop
      vertex -5.52467 1.1208 5
      vertex -5.54429 1.12892 -5
      vertex -5.52467 1.1208 -5
    endloop
  endfacet
  facet normal 0.936756 0.349982 0
    outer loop
      vertex -7.13571 -0.434956 5
      vertex -7.14314 -0.415069 -5
      vertex -7.14314 -0.415069 5
    endloop
  endfacet
  facet normal 0.936756 0.349982 0
    outer loop
      vertex -7.14314 -0.415069 -5
      vertex -7.13571 -0.434956 5
      vertex -7.13571 -0.434956 -5
    endloop
  endfacet
  facet normal -0.998124 -0.0612271 0
    outer loop
      vertex -4.78516 0.0646663 -5
      vertex -4.78646 0.0858589 5
      vertex -4.78646 0.0858589 -5
    endloop
  endfacet
  facet normal -0.998124 -0.0612271 0
    outer loop
      vertex -4.78646 0.0858589 5
      vertex -4.78516 0.0646663 -5
      vertex -4.78516 0.0646663 5
    endloop
  endfacet
  facet normal -0.983332 -0.181819 0
    outer loop
      vertex -4.80198 0.212244 -5
      vertex -4.80584 0.23312 5
      vertex -4.80584 0.23312 -5
    endloop
  endfacet
  facet normal -0.983332 -0.181819 0
    outer loop
      vertex -4.80584 0.23312 5
      vertex -4.80198 0.212244 -5
      vertex -4.80198 0.212244 5
    endloop
  endfacet
  facet normal 0.0782096 -0.996937 0
    outer loop
      vertex -6.10602 1.21288 -5
      vertex -6.08486 1.21454 5
      vertex -6.10602 1.21288 5
    endloop
  endfacet
  facet normal 0.0782096 -0.996937 0
    outer loop
      vertex -6.08486 1.21454 5
      vertex -6.10602 1.21288 -5
      vertex -6.08486 1.21454 -5
    endloop
  endfacet
  facet normal -0.349936 0.936774 0
    outer loop
      vertex -5.56404 -1.13471 -5
      vertex -5.58393 -1.14214 5
      vertex -5.56404 -1.13471 5
    endloop
  endfacet
  facet normal -0.349936 0.936774 0
    outer loop
      vertex -5.58393 -1.14214 5
      vertex -5.56404 -1.13471 -5
      vertex -5.58393 -1.14214 -5
    endloop
  endfacet
  facet normal -0.0960533 -0.995376 0
    outer loop
      vertex -5.89398 1.21288 -5
      vertex -5.87284 1.21084 5
      vertex -5.89398 1.21288 5
    endloop
  endfacet
  facet normal -0.0960533 -0.995376 -0
    outer loop
      vertex -5.87284 1.21084 5
      vertex -5.89398 1.21288 -5
      vertex -5.87284 1.21084 -5
    endloop
  endfacet
  facet normal -0.983332 0.181819 0
    outer loop
      vertex -4.80584 -0.23112 -5
      vertex -4.80198 -0.210244 5
      vertex -4.80198 -0.210244 -5
    endloop
  endfacet
  facet normal -0.983332 0.181819 0
    outer loop
      vertex -4.80198 -0.210244 5
      vertex -4.80584 -0.23112 -5
      vertex -4.80584 -0.23112 5
    endloop
  endfacet
  facet normal -0.675678 0.737197 0
    outer loop
      vertex -5.17035 -0.888696 -5
      vertex -5.186 -0.90304 5
      vertex -5.17035 -0.888696 5
    endloop
  endfacet
  facet normal -0.675678 0.737197 0
    outer loop
      vertex -5.186 -0.90304 5
      vertex -5.17035 -0.888696 -5
      vertex -5.186 -0.90304 -5
    endloop
  endfacet
  facet normal 0.566393 -0.824135 0
    outer loop
      vertex -6.69776 0.997503 -5
      vertex -6.68026 1.00953 5
      vertex -6.69776 0.997503 5
    endloop
  endfacet
  facet normal 0.566393 -0.824135 0
    outer loop
      vertex -6.68026 1.00953 5
      vertex -6.69776 0.997503 -5
      vertex -6.68026 1.00953 -5
    endloop
  endfacet
  facet normal 0.953773 -0.300527 0
    outer loop
      vertex -7.16335 0.356672 5
      vertex -7.15697 0.37692 -5
      vertex -7.15697 0.37692 5
    endloop
  endfacet
  facet normal 0.953773 -0.300527 0
    outer loop
      vertex -7.15697 0.37692 -5
      vertex -7.16335 0.356672 5
      vertex -7.16335 0.356672 -5
    endloop
  endfacet
  facet normal -0.814099 -0.580726 0
    outer loop
      vertex -5.0035 0.698759 -5
      vertex -5.01583 0.716044 5
      vertex -5.01583 0.716044 -5
    endloop
  endfacet
  facet normal -0.814099 -0.580726 0
    outer loop
      vertex -5.01583 0.716044 5
      vertex -5.0035 0.698759 -5
      vertex -5.0035 0.698759 5
    endloop
  endfacet
  facet normal 0.760386 -0.649472 0
    outer loop
      vertex -6.9319 0.782955 5
      vertex -6.91811 0.7991 -5
      vertex -6.91811 0.7991 5
    endloop
  endfacet
  facet normal 0.760386 -0.649472 0
    outer loop
      vertex -6.91811 0.7991 -5
      vertex -6.9319 0.782955 5
      vertex -6.9319 0.782955 -5
    endloop
  endfacet
  facet normal -0.953773 -0.300527 0
    outer loop
      vertex -4.83665 0.356672 -5
      vertex -4.84303 0.37692 5
      vertex -4.84303 0.37692 -5
    endloop
  endfacet
  facet normal -0.953773 -0.300527 0
    outer loop
      vertex -4.84303 0.37692 5
      vertex -4.83665 0.356672 -5
      vertex -4.83665 0.356672 5
    endloop
  endfacet
  facet normal -0.725257 -0.688478 0
    outer loop
      vertex -5.1103 0.830655 -5
      vertex -5.12492 0.846056 5
      vertex -5.12492 0.846056 -5
    endloop
  endfacet
  facet normal -0.725257 -0.688478 0
    outer loop
      vertex -5.12492 0.846056 5
      vertex -5.1103 0.830655 -5
      vertex -5.1103 0.830655 5
    endloop
  endfacet
  facet normal -0.622682 -0.782475 0
    outer loop
      vertex -5.25104 0.95962 -5
      vertex -5.23443 0.946402 5
      vertex -5.25104 0.95962 5
    endloop
  endfacet
  facet normal -0.622682 -0.782475 -0
    outer loop
      vertex -5.23443 0.946402 5
      vertex -5.25104 0.95962 -5
      vertex -5.23443 0.946402 -5
    endloop
  endfacet
  facet normal -0.580806 -0.814042 0
    outer loop
      vertex -5.30224 0.997503 -5
      vertex -5.28496 0.985174 5
      vertex -5.30224 0.997503 5
    endloop
  endfacet
  facet normal -0.580806 -0.814042 -0
    outer loop
      vertex -5.28496 0.985174 5
      vertex -5.30224 0.997503 -5
      vertex -5.28496 0.985174 -5
    endloop
  endfacet
  facet normal -0.887095 -0.461587 0
    outer loop
      vertex -4.91609 0.553281 -5
      vertex -4.92589 0.572115 5
      vertex -4.92589 0.572115 -5
    endloop
  endfacet
  facet normal -0.887095 -0.461587 0
    outer loop
      vertex -4.92589 0.572115 5
      vertex -4.91609 0.553281 -5
      vertex -4.91609 0.553281 5
    endloop
  endfacet
  facet normal 0.3005 -0.953782 0
    outer loop
      vertex -6.37592 1.15797 -5
      vertex -6.35567 1.16435 5
      vertex -6.37592 1.15797 5
    endloop
  endfacet
  facet normal 0.3005 -0.953782 0
    outer loop
      vertex -6.35567 1.16435 5
      vertex -6.37592 1.15797 -5
      vertex -6.35567 1.16435 -5
    endloop
  endfacet
  facet normal -0.782538 0.622602 0
    outer loop
      vertex -5.0546 -0.764572 -5
      vertex -5.04138 -0.747956 5
      vertex -5.04138 -0.747956 -5
    endloop
  endfacet
  facet normal -0.782538 0.622602 0
    outer loop
      vertex -5.04138 -0.747956 5
      vertex -5.0546 -0.764572 -5
      vertex -5.0546 -0.764572 5
    endloop
  endfacet
  facet normal -0.662669 -0.748912 0
    outer loop
      vertex -5.2019 0.919109 -5
      vertex -5.186 0.90504 5
      vertex -5.2019 0.919109 5
    endloop
  endfacet
  facet normal -0.662669 -0.748912 -0
    outer loop
      vertex -5.186 0.90504 5
      vertex -5.2019 0.919109 -5
      vertex -5.186 0.90504 -5
    endloop
  endfacet
  facet normal -0.972332 -0.233605 0
    outer loop
      vertex -4.81467 0.274654 -5
      vertex -4.81963 0.295299 5
      vertex -4.81963 0.295299 -5
    endloop
  endfacet
  facet normal -0.972332 -0.233605 0
    outer loop
      vertex -4.81963 0.295299 5
      vertex -4.81467 0.274654 -5
      vertex -4.81467 0.274654 5
    endloop
  endfacet
  facet normal -0.998124 0.0612271 0
    outer loop
      vertex -4.78646 -0.0838589 -5
      vertex -4.78516 -0.0626663 5
      vertex -4.78516 -0.0626663 -5
    endloop
  endfacet
  facet normal -0.998124 0.0612271 0
    outer loop
      vertex -4.78516 -0.0626663 5
      vertex -4.78646 -0.0838589 -5
      vertex -4.78646 -0.0838589 5
    endloop
  endfacet
  facet normal -0.636145 0.77157 0
    outer loop
      vertex -5.21805 -0.930897 -5
      vertex -5.23443 -0.944402 5
      vertex -5.21805 -0.930897 5
    endloop
  endfacet
  facet normal -0.636145 0.77157 0
    outer loop
      vertex -5.23443 -0.944402 5
      vertex -5.21805 -0.930897 -5
      vertex -5.23443 -0.944402 -5
    endloop
  endfacet
  facet normal -0.0259102 -0.999664 0
    outer loop
      vertex -5.97877 1.21732 -5
      vertex -5.95755 1.21677 5
      vertex -5.97877 1.21732 5
    endloop
  endfacet
  facet normal -0.0259102 -0.999664 -0
    outer loop
      vertex -5.95755 1.21677 5
      vertex -5.97877 1.21732 -5
      vertex -5.95755 1.21677 -5
    endloop
  endfacet
  facet normal -0.824024 -0.566555 0
    outer loop
      vertex -4.99147 0.681262 -5
      vertex -5.0035 0.698759 5
      vertex -5.0035 0.698759 -5
    endloop
  endfacet
  facet normal -0.824024 -0.566555 0
    outer loop
      vertex -5.0035 0.698759 5
      vertex -4.99147 0.681262 -5
      vertex -4.99147 0.681262 5
    endloop
  endfacet
  facet normal -0.0960533 0.995376 0
    outer loop
      vertex -5.87284 -1.20884 -5
      vertex -5.89398 -1.21088 5
      vertex -5.87284 -1.20884 5
    endloop
  endfacet
  facet normal -0.0960533 0.995376 0
    outer loop
      vertex -5.89398 -1.21088 5
      vertex -5.87284 -1.20884 -5
      vertex -5.89398 -1.21088 -5
    endloop
  endfacet
  facet normal -0.968104 -0.25055 0
    outer loop
      vertex -4.81963 0.295299 -5
      vertex -4.82495 0.315855 5
      vertex -4.82495 0.315855 -5
    endloop
  endfacet
  facet normal -0.968104 -0.25055 0
    outer loop
      vertex -4.82495 0.315855 5
      vertex -4.81963 0.295299 -5
      vertex -4.81963 0.295299 5
    endloop
  endfacet
  facet normal -0.725257 0.688478 0
    outer loop
      vertex -5.12492 -0.844056 -5
      vertex -5.1103 -0.828655 5
      vertex -5.1103 -0.828655 -5
    endloop
  endfacet
  facet normal -0.725257 0.688478 0
    outer loop
      vertex -5.1103 -0.828655 5
      vertex -5.12492 -0.844056 -5
      vertex -5.12492 -0.844056 5
    endloop
  endfacet
  facet normal 0.968104 -0.25055 0
    outer loop
      vertex -7.18037 0.295299 5
      vertex -7.17505 0.315855 -5
      vertex -7.17505 0.315855 5
    endloop
  endfacet
  facet normal 0.968104 -0.25055 0
    outer loop
      vertex -7.17505 0.315855 -5
      vertex -7.18037 0.295299 5
      vertex -7.18037 0.295299 -5
    endloop
  endfacet
  facet normal -0.99996 0.00894895 0
    outer loop
      vertex -4.78368 -0.0202307 -5
      vertex -4.78349 0.001 5
      vertex -4.78349 0.001 -5
    endloop
  endfacet
  facet normal -0.99996 0.00894895 0
    outer loop
      vertex -4.78349 0.001 5
      vertex -4.78368 -0.0202307 -5
      vertex -4.78368 -0.0202307 5
    endloop
  endfacet
  facet normal -0.793481 0.608595 0
    outer loop
      vertex -5.04138 -0.747956 -5
      vertex -5.02846 -0.731111 5
      vertex -5.02846 -0.731111 -5
    endloop
  endfacet
  facet normal -0.793481 0.608595 0
    outer loop
      vertex -5.02846 -0.731111 5
      vertex -5.04138 -0.747956 -5
      vertex -5.04138 -0.747956 5
    endloop
  endfacet
  facet normal 0.861753 -0.507329 0
    outer loop
      vertex -7.05352 0.609253 5
      vertex -7.04275 0.627547 -5
      vertex -7.04275 0.627547 5
    endloop
  endfacet
  facet normal 0.861753 -0.507329 0
    outer loop
      vertex -7.04275 0.627547 -5
      vertex -7.05352 0.609253 5
      vertex -7.05352 0.609253 -5
    endloop
  endfacet
  facet normal 0.833857 0.55198 0
    outer loop
      vertex -7.00853 -0.679262 5
      vertex -7.02025 -0.661557 -5
      vertex -7.02025 -0.661557 5
    endloop
  endfacet
  facet normal 0.833857 0.55198 0
    outer loop
      vertex -7.02025 -0.661557 -5
      vertex -7.00853 -0.679262 5
      vertex -7.00853 -0.679262 -5
    endloop
  endfacet
  facet normal -0.910035 -0.41453 0
    outer loop
      vertex -4.88867 0.495798 -5
      vertex -4.89747 0.515117 5
      vertex -4.89747 0.515117 -5
    endloop
  endfacet
  facet normal -0.910035 -0.41453 0
    outer loop
      vertex -4.89747 0.515117 5
      vertex -4.88867 0.495798 -5
      vertex -4.88867 0.495798 5
    endloop
  endfacet
  facet normal 0.0259102 -0.999664 0
    outer loop
      vertex -6.04245 1.21677 -5
      vertex -6.02123 1.21732 5
      vertex -6.04245 1.21677 5
    endloop
  endfacet
  facet normal 0.0259102 -0.999664 0
    outer loop
      vertex -6.02123 1.21732 5
      vertex -6.04245 1.21677 -5
      vertex -6.02123 1.21732 -5
    endloop
  endfacet
  facet normal -0.181786 0.983338 0
    outer loop
      vertex -5.76788 -1.19316 -5
      vertex -5.78876 -1.19702 5
      vertex -5.76788 -1.19316 5
    endloop
  endfacet
  facet normal -0.181786 0.983338 0
    outer loop
      vertex -5.78876 -1.19702 5
      vertex -5.76788 -1.19316 -5
      vertex -5.78876 -1.19702 -5
    endloop
  endfacet
  facet normal -0.936756 0.349982 0
    outer loop
      vertex -4.86429 -0.434956 -5
      vertex -4.85686 -0.415069 5
      vertex -4.85686 -0.415069 -5
    endloop
  endfacet
  facet normal -0.936756 0.349982 0
    outer loop
      vertex -4.85686 -0.415069 5
      vertex -4.86429 -0.434956 -5
      vertex -4.86429 -0.434956 5
    endloop
  endfacet
  facet normal 0.382407 -0.923994 0
    outer loop
      vertex -6.47533 1.1208 -5
      vertex -6.45571 1.12892 5
      vertex -6.47533 1.1208 5
    endloop
  endfacet
  facet normal 0.382407 -0.923994 0
    outer loop
      vertex -6.45571 1.12892 5
      vertex -6.47533 1.1208 -5
      vertex -6.45571 1.12892 -5
    endloop
  endfacet
  facet normal -0.843363 -0.537345 0
    outer loop
      vertex -4.96834 0.645649 -5
      vertex -4.97975 0.663557 5
      vertex -4.97975 0.663557 -5
    endloop
  endfacet
  facet normal -0.843363 -0.537345 0
    outer loop
      vertex -4.97975 0.663557 5
      vertex -4.96834 0.645649 -5
      vertex -4.96834 0.645649 5
    endloop
  endfacet
  facet normal -0.996939 0.0781872 0
    outer loop
      vertex -4.78812 -0.105025 -5
      vertex -4.78646 -0.0838589 5
      vertex -4.78646 -0.0838589 -5
    endloop
  endfacet
  facet normal -0.996939 0.0781872 0
    outer loop
      vertex -4.78646 -0.0838589 5
      vertex -4.78812 -0.105025 -5
      vertex -4.78812 -0.105025 5
    endloop
  endfacet
  facet normal -0.930278 -0.366856 0
    outer loop
      vertex -4.86429 0.436956 -5
      vertex -4.87208 0.45671 5
      vertex -4.87208 0.45671 -5
    endloop
  endfacet
  facet normal -0.930278 -0.366856 0
    outer loop
      vertex -4.87208 0.45671 5
      vertex -4.86429 0.436956 -5
      vertex -4.86429 0.436956 5
    endloop
  endfacet
  facet normal 0.349936 -0.936774 0
    outer loop
      vertex -6.43596 1.13671 -5
      vertex -6.41607 1.14414 5
      vertex -6.43596 1.13671 5
    endloop
  endfacet
  facet normal 0.349936 -0.936774 0
    outer loop
      vertex -6.41607 1.14414 5
      vertex -6.43596 1.13671 -5
      vertex -6.41607 1.14414 -5
    endloop
  endfacet
  facet normal -0.852714 0.522378 0
    outer loop
      vertex -4.96834 -0.64365 -5
      vertex -4.95725 -0.625547 5
      vertex -4.95725 -0.625547 -5
    endloop
  endfacet
  facet normal -0.852714 0.522378 0
    outer loop
      vertex -4.95725 -0.625547 5
      vertex -4.96834 -0.64365 -5
      vertex -4.96834 -0.64365 5
    endloop
  endfacet
  facet normal -0.991453 -0.130461 0
    outer loop
      vertex -4.79256 0.149254 -5
      vertex -4.79533 0.170305 5
      vertex -4.79533 0.170305 -5
    endloop
  endfacet
  facet normal -0.991453 -0.130461 0
    outer loop
      vertex -4.79533 0.170305 5
      vertex -4.79256 0.149254 -5
      vertex -4.79256 0.149254 5
    endloop
  endfacet
  facet normal 0.878826 -0.477142 0
    outer loop
      vertex -7.07411 0.572115 5
      vertex -7.06398 0.590773 -5
      vertex -7.06398 0.590773 5
    endloop
  endfacet
  facet normal 0.878826 -0.477142 0
    outer loop
      vertex -7.06398 0.590773 -5
      vertex -7.07411 0.572115 5
      vertex -7.07411 0.572115 -5
    endloop
  endfacet
  facet normal 0.675678 0.737197 -0
    outer loop
      vertex -6.814 -0.90304 -5
      vertex -6.82965 -0.888696 5
      vertex -6.814 -0.90304 5
    endloop
  endfacet
  facet normal 0.675678 0.737197 0
    outer loop
      vertex -6.82965 -0.888696 5
      vertex -6.814 -0.90304 -5
      vertex -6.82965 -0.888696 -5
    endloop
  endfacet
  facet normal 0.996939 0.0781872 0
    outer loop
      vertex -7.21188 -0.105025 5
      vertex -7.21354 -0.0838589 -5
      vertex -7.21354 -0.0838589 5
    endloop
  endfacet
  facet normal 0.996939 0.0781872 0
    outer loop
      vertex -7.21354 -0.0838589 -5
      vertex -7.21188 -0.105025 5
      vertex -7.21188 -0.105025 -5
    endloop
  endfacet
  facet normal 0.999652 -0.026376 0
    outer loop
      vertex -7.21632 0.0222307 5
      vertex -7.21576 0.0434547 -5
      vertex -7.21576 0.0434547 5
    endloop
  endfacet
  facet normal 0.999652 -0.026376 0
    outer loop
      vertex -7.21576 0.0434547 -5
      vertex -7.21632 0.0222307 5
      vertex -7.21632 0.0222307 -5
    endloop
  endfacet
  facet normal -0.3005 -0.953782 0
    outer loop
      vertex -5.64433 1.16435 -5
      vertex -5.62408 1.15797 5
      vertex -5.64433 1.16435 5
    endloop
  endfacet
  facet normal -0.3005 -0.953782 -0
    outer loop
      vertex -5.62408 1.15797 5
      vertex -5.64433 1.16435 -5
      vertex -5.62408 1.15797 -5
    endloop
  endfacet
  facet normal -0.0433146 0.999061 0
    outer loop
      vertex -5.93633 -1.21384 -5
      vertex -5.95755 -1.21476 5
      vertex -5.93633 -1.21384 5
    endloop
  endfacet
  facet normal -0.0433146 0.999061 0
    outer loop
      vertex -5.95755 -1.21476 5
      vertex -5.93633 -1.21384 -5
      vertex -5.95755 -1.21476 -5
    endloop
  endfacet
  facet normal 0.414513 -0.910044 0
    outer loop
      vertex -6.51412 1.10353 -5
      vertex -6.4948 1.11233 5
      vertex -6.51412 1.10353 5
    endloop
  endfacet
  facet normal 0.414513 -0.910044 0
    outer loop
      vertex -6.4948 1.11233 5
      vertex -6.51412 1.10353 -5
      vertex -6.4948 1.11233 -5
    endloop
  endfacet
  facet normal 0.0612346 -0.998123 0
    outer loop
      vertex -6.08486 1.21454 -5
      vertex -6.06367 1.21584 5
      vertex -6.08486 1.21454 5
    endloop
  endfacet
  facet normal 0.0612346 -0.998123 0
    outer loop
      vertex -6.06367 1.21584 5
      vertex -6.08486 1.21454 -5
      vertex -6.06367 1.21584 -5
    endloop
  endfacet
  facet normal 0.916995 -0.398898 0
    outer loop
      vertex -7.1198 0.476327 5
      vertex -7.11133 0.495798 -5
      vertex -7.11133 0.495798 5
    endloop
  endfacet
  facet normal 0.916995 -0.398898 0
    outer loop
      vertex -7.11133 0.495798 -5
      vertex -7.1198 0.476327 5
      vertex -7.1198 0.476327 -5
    endloop
  endfacet
  facet normal 0.267061 0.96368 -0
    outer loop
      vertex -6.31485 -1.17405 -5
      vertex -6.33531 -1.16838 5
      vertex -6.31485 -1.17405 5
    endloop
  endfacet
  facet normal 0.267061 0.96368 0
    outer loop
      vertex -6.33531 -1.16838 5
      vertex -6.31485 -1.17405 -5
      vertex -6.33531 -1.16838 -5
    endloop
  endfacet
  facet normal 0.976349 -0.216202 0
    outer loop
      vertex -7.18992 0.253926 5
      vertex -7.18533 0.274654 -5
      vertex -7.18533 0.274654 5
    endloop
  endfacet
  facet normal 0.976349 -0.216202 0
    outer loop
      vertex -7.18533 0.274654 -5
      vertex -7.18992 0.253926 5
      vertex -7.18992 0.253926 -5
    endloop
  endfacet
  facet normal -0.90259 -0.4305 0
    outer loop
      vertex -4.89747 0.515117 -5
      vertex -4.90661 0.53428 5
      vertex -4.90661 0.53428 -5
    endloop
  endfacet
  facet normal -0.90259 -0.4305 0
    outer loop
      vertex -4.90661 0.53428 5
      vertex -4.89747 0.515117 -5
      vertex -4.89747 0.515117 5
    endloop
  endfacet
  facet normal -0.398916 -0.916988 0
    outer loop
      vertex -5.52467 1.1208 -5
      vertex -5.5052 1.11233 5
      vertex -5.52467 1.1208 5
    endloop
  endfacet
  facet normal -0.398916 -0.916988 -0
    outer loop
      vertex -5.5052 1.11233 5
      vertex -5.52467 1.1208 -5
      vertex -5.5052 1.11233 -5
    endloop
  endfacet
  facet normal -0.267061 0.96368 0
    outer loop
      vertex -5.66469 -1.16838 -5
      vertex -5.68515 -1.17405 5
      vertex -5.66469 -1.16838 5
    endloop
  endfacet
  facet normal -0.267061 0.96368 0
    outer loop
      vertex -5.68515 -1.17405 5
      vertex -5.66469 -1.16838 -5
      vertex -5.68515 -1.17405 -5
    endloop
  endfacet
  facet normal 0.989003 -0.147894 0
    outer loop
      vertex -7.20467 0.170305 5
      vertex -7.20153 0.191303 -5
      vertex -7.20153 0.191303 5
    endloop
  endfacet
  facet normal 0.989003 -0.147894 0
    outer loop
      vertex -7.20153 0.191303 -5
      vertex -7.20467 0.170305 5
      vertex -7.20467 0.170305 -5
    endloop
  endfacet
  facet normal 0.771743 -0.635935 0
    outer loop
      vertex -6.9454 0.766572 5
      vertex -6.9319 0.782955 -5
      vertex -6.9319 0.782955 5
    endloop
  endfacet
  facet normal 0.771743 -0.635935 0
    outer loop
      vertex -6.9319 0.782955 -5
      vertex -6.9454 0.766572 5
      vertex -6.9454 0.766572 -5
    endloop
  endfacet
  facet normal 0.979861 0.199683 0
    outer loop
      vertex -7.18992 -0.251926 5
      vertex -7.19416 -0.23112 -5
      vertex -7.19416 -0.23112 5
    endloop
  endfacet
  facet normal 0.979861 0.199683 0
    outer loop
      vertex -7.19416 -0.23112 -5
      vertex -7.18992 -0.251926 5
      vertex -7.18992 -0.251926 -5
    endloop
  endfacet
  facet normal 0.317358 0.948306 -0
    outer loop
      vertex -6.37592 -1.15597 -5
      vertex -6.39606 -1.14923 5
      vertex -6.37592 -1.15597 5
    endloop
  endfacet
  facet normal 0.317358 0.948306 0
    outer loop
      vertex -6.39606 -1.14923 5
      vertex -6.37592 -1.15597 -5
      vertex -6.39606 -1.14923 -5
    endloop
  endfacet
  facet normal 0.649301 0.760532 -0
    outer loop
      vertex -6.78195 -0.930897 -5
      vertex -6.7981 -0.917109 5
      vertex -6.78195 -0.930897 5
    endloop
  endfacet
  facet normal 0.649301 0.760532 0
    outer loop
      vertex -6.7981 -0.917109 5
      vertex -6.78195 -0.930897 -5
      vertex -6.7981 -0.917109 -5
    endloop
  endfacet
  facet normal -0.814099 0.580726 0
    outer loop
      vertex -5.01583 -0.714044 -5
      vertex -5.0035 -0.696759 5
      vertex -5.0035 -0.696759 -5
    endloop
  endfacet
  facet normal -0.814099 0.580726 0
    outer loop
      vertex -5.0035 -0.696759 5
      vertex -5.01583 -0.714044 -5
      vertex -5.01583 -0.714044 5
    endloop
  endfacet
  facet normal 0.250619 -0.968086 0
    outer loop
      vertex -6.31485 1.17605 -5
      vertex -6.2943 1.18137 5
      vertex -6.31485 1.17605 5
    endloop
  endfacet
  facet normal 0.250619 -0.968086 0
    outer loop
      vertex -6.2943 1.18137 5
      vertex -6.31485 1.17605 -5
      vertex -6.2943 1.18137 -5
    endloop
  endfacet
  facet normal 0.0612346 0.998123 -0
    outer loop
      vertex -6.06367 -1.21384 -5
      vertex -6.08486 -1.21254 5
      vertex -6.06367 -1.21384 5
    endloop
  endfacet
  facet normal 0.0612346 0.998123 0
    outer loop
      vertex -6.08486 -1.21254 5
      vertex -6.06367 -1.21384 -5
      vertex -6.08486 -1.21254 -5
    endloop
  endfacet
  facet normal 0.199646 -0.979868 0
    outer loop
      vertex -6.25293 1.19092 -5
      vertex -6.23212 1.19516 5
      vertex -6.25293 1.19092 5
    endloop
  endfacet
  facet normal 0.199646 -0.979868 0
    outer loop
      vertex -6.23212 1.19516 5
      vertex -6.25293 1.19092 -5
      vertex -6.23212 1.19516 -5
    endloop
  endfacet
  facet normal -0.0612346 0.998123 0
    outer loop
      vertex -5.91514 -1.21254 -5
      vertex -5.93633 -1.21384 5
      vertex -5.91514 -1.21254 5
    endloop
  endfacet
  facet normal -0.0612346 0.998123 0
    outer loop
      vertex -5.93633 -1.21384 5
      vertex -5.91514 -1.21254 -5
      vertex -5.93633 -1.21384 -5
    endloop
  endfacet
  facet normal 0.552088 -0.833786 0
    outer loop
      vertex -6.68026 1.00953 -5
      vertex -6.66256 1.02125 5
      vertex -6.68026 1.00953 5
    endloop
  endfacet
  facet normal 0.552088 -0.833786 0
    outer loop
      vertex -6.66256 1.02125 5
      vertex -6.68026 1.00953 -5
      vertex -6.66256 1.02125 -5
    endloop
  endfacet
  facet normal -0.793481 -0.608595 0
    outer loop
      vertex -5.02846 0.733111 -5
      vertex -5.04138 0.749956 5
      vertex -5.04138 0.749956 -5
    endloop
  endfacet
  facet normal -0.793481 -0.608595 0
    outer loop
      vertex -5.04138 0.749956 5
      vertex -5.02846 0.733111 -5
      vertex -5.02846 0.733111 5
    endloop
  endfacet
  facet normal 0.870264 0.492585 0
    outer loop
      vertex -7.05352 -0.607253 5
      vertex -7.06398 -0.588773 -5
      vertex -7.06398 -0.588773 5
    endloop
  endfacet
  facet normal 0.870264 0.492585 0
    outer loop
      vertex -7.06398 -0.588773 -5
      vertex -7.05352 -0.607253 5
      vertex -7.05352 -0.607253 -5
    endloop
  endfacet
  facet normal -0.942602 -0.333919 0
    outer loop
      vertex -4.84977 0.397055 -5
      vertex -4.85686 0.417069 5
      vertex -4.85686 0.417069 -5
    endloop
  endfacet
  facet normal -0.942602 -0.333919 0
    outer loop
      vertex -4.85686 0.417069 5
      vertex -4.84977 0.397055 -5
      vertex -4.84977 0.397055 5
    endloop
  endfacet
  facet normal -0.916995 0.398898 0
    outer loop
      vertex -4.88867 -0.493798 -5
      vertex -4.8802 -0.474327 5
      vertex -4.8802 -0.474327 -5
    endloop
  endfacet
  facet normal -0.916995 0.398898 0
    outer loop
      vertex -4.8802 -0.474327 5
      vertex -4.88867 -0.493798 -5
      vertex -4.88867 -0.493798 5
    endloop
  endfacet
  facet normal 0.999061 0.0433318 0
    outer loop
      vertex -7.21484 -0.0626663 5
      vertex -7.21576 -0.0414547 -5
      vertex -7.21576 -0.0414547 5
    endloop
  endfacet
  facet normal 0.999061 0.0433318 0
    outer loop
      vertex -7.21576 -0.0414547 -5
      vertex -7.21484 -0.0626663 5
      vertex -7.21484 -0.0626663 -5
    endloop
  endfacet
  facet normal 0.996939 -0.0781872 0
    outer loop
      vertex -7.21354 0.0858589 5
      vertex -7.21188 0.107025 -5
      vertex -7.21188 0.107025 5
    endloop
  endfacet
  facet normal 0.996939 -0.0781872 0
    outer loop
      vertex -7.21188 0.107025 -5
      vertex -7.21354 0.0858589 5
      vertex -7.21354 0.0858589 -5
    endloop
  endfacet
  facet normal 0.999652 0.026376 0
    outer loop
      vertex -7.21576 -0.0414547 5
      vertex -7.21632 -0.0202307 -5
      vertex -7.21632 -0.0202307 5
    endloop
  endfacet
  facet normal 0.999652 0.026376 0
    outer loop
      vertex -7.21632 -0.0202307 -5
      vertex -7.21576 -0.0414547 5
      vertex -7.21576 -0.0414547 -5
    endloop
  endfacet
  facet normal 0.113068 -0.993587 0
    outer loop
      vertex -6.14825 1.20844 -5
      vertex -6.12716 1.21084 5
      vertex -6.14825 1.20844 5
    endloop
  endfacet
  facet normal 0.113068 -0.993587 0
    outer loop
      vertex -6.12716 1.21084 5
      vertex -6.14825 1.20844 -5
      vertex -6.12716 1.21084 -5
    endloop
  endfacet
  facet normal -0.995374 -0.0960803 0
    outer loop
      vertex -4.78812 0.107025 -5
      vertex -4.79016 0.128159 5
      vertex -4.79016 0.128159 -5
    endloop
  endfacet
  facet normal -0.995374 -0.0960803 0
    outer loop
      vertex -4.79016 0.128159 5
      vertex -4.78812 0.107025 -5
      vertex -4.78812 0.107025 5
    endloop
  endfacet
  facet normal -0.0612346 -0.998123 0
    outer loop
      vertex -5.93633 1.21584 -5
      vertex -5.91514 1.21454 5
      vertex -5.93633 1.21584 5
    endloop
  endfacet
  facet normal -0.0612346 -0.998123 -0
    outer loop
      vertex -5.91514 1.21454 5
      vertex -5.93633 1.21584 -5
      vertex -5.91514 1.21454 -5
    endloop
  endfacet
  facet normal 0.36692 -0.930253 0
    outer loop
      vertex -6.45571 1.12892 -5
      vertex -6.43596 1.13671 5
      vertex -6.45571 1.12892 5
    endloop
  endfacet
  facet normal 0.36692 -0.930253 0
    outer loop
      vertex -6.43596 1.13671 5
      vertex -6.45571 1.12892 -5
      vertex -6.43596 1.13671 -5
    endloop
  endfacet
  facet normal 0.283976 -0.958831 0
    outer loop
      vertex -6.35567 1.16435 -5
      vertex -6.33531 1.17038 5
      vertex -6.35567 1.16435 5
    endloop
  endfacet
  facet normal 0.283976 -0.958831 0
    outer loop
      vertex -6.33531 1.17038 5
      vertex -6.35567 1.16435 -5
      vertex -6.33531 1.17038 -5
    endloop
  endfacet
  facet normal -0.430555 0.902564 0
    outer loop
      vertex -5.46672 -1.09239 -5
      vertex -5.48588 -1.10153 5
      vertex -5.46672 -1.09239 5
    endloop
  endfacet
  facet normal -0.430555 0.902564 0
    outer loop
      vertex -5.48588 -1.10153 5
      vertex -5.46672 -1.09239 -5
      vertex -5.48588 -1.10153 -5
    endloop
  endfacet
  facet normal 0.814099 0.580726 0
    outer loop
      vertex -6.98417 -0.714044 5
      vertex -6.9965 -0.696759 -5
      vertex -6.9965 -0.696759 5
    endloop
  endfacet
  facet normal 0.814099 0.580726 0
    outer loop
      vertex -6.9965 -0.696759 -5
      vertex -6.98417 -0.714044 5
      vertex -6.98417 -0.714044 -5
    endloop
  endfacet
  facet normal -0.0782096 0.996937 0
    outer loop
      vertex -5.89398 -1.21088 -5
      vertex -5.91514 -1.21254 5
      vertex -5.89398 -1.21088 5
    endloop
  endfacet
  facet normal -0.0782096 0.996937 0
    outer loop
      vertex -5.91514 -1.21254 5
      vertex -5.89398 -1.21088 -5
      vertex -5.91514 -1.21254 -5
    endloop
  endfacet
  facet normal 0.165315 -0.986241 0
    outer loop
      vertex -6.21124 1.19902 -5
      vertex -6.1903 1.20253 5
      vertex -6.21124 1.19902 5
    endloop
  endfacet
  facet normal 0.165315 -0.986241 0
    outer loop
      vertex -6.1903 1.20253 5
      vertex -6.21124 1.19902 -5
      vertex -6.1903 1.20253 -5
    endloop
  endfacet
  facet normal -0.986242 0.165308 0
    outer loop
      vertex -4.80198 -0.210244 -5
      vertex -4.79847 -0.189303 5
      vertex -4.79847 -0.189303 -5
    endloop
  endfacet
  facet normal -0.986242 0.165308 0
    outer loop
      vertex -4.79847 -0.189303 5
      vertex -4.80198 -0.210244 -5
      vertex -4.80198 -0.210244 5
    endloop
  endfacet
  facet normal 0.983332 -0.181819 0
    outer loop
      vertex -7.19802 0.212244 5
      vertex -7.19416 0.23312 -5
      vertex -7.19416 0.23312 5
    endloop
  endfacet
  facet normal 0.983332 -0.181819 0
    outer loop
      vertex -7.19416 0.23312 -5
      vertex -7.19802 0.212244 5
      vertex -7.19802 0.212244 -5
    endloop
  endfacet
  facet normal -0.737377 0.675481 0
    outer loop
      vertex -5.1103 -0.828655 -5
      vertex -5.09596 -0.813001 5
      vertex -5.09596 -0.813001 -5
    endloop
  endfacet
  facet normal -0.737377 0.675481 0
    outer loop
      vertex -5.09596 -0.813001 5
      vertex -5.1103 -0.828655 -5
      vertex -5.1103 -0.828655 5
    endloop
  endfacet
  facet normal 0.398916 -0.916988 0
    outer loop
      vertex -6.4948 1.11233 -5
      vertex -6.47533 1.1208 5
      vertex -6.4948 1.11233 5
    endloop
  endfacet
  facet normal 0.398916 -0.916988 0
    outer loop
      vertex -6.47533 1.1208 5
      vertex -6.4948 1.11233 -5
      vertex -6.47533 1.1208 -5
    endloop
  endfacet
  facet normal 0.852701 -0.522399 0
    outer loop
      vertex -7.04275 0.627547 5
      vertex -7.03166 0.645649 -5
      vertex -7.03166 0.645649 5
    endloop
  endfacet
  facet normal 0.852701 -0.522399 0
    outer loop
      vertex -7.03166 0.645649 -5
      vertex -7.04275 0.627547 5
      vertex -7.04275 0.627547 -5
    endloop
  endfacet
  facet normal -0.662669 0.748912 0
    outer loop
      vertex -5.186 -0.90304 -5
      vertex -5.2019 -0.917109 5
      vertex -5.186 -0.90304 5
    endloop
  endfacet
  facet normal -0.662669 0.748912 0
    outer loop
      vertex -5.2019 -0.917109 5
      vertex -5.186 -0.90304 -5
      vertex -5.2019 -0.917109 -5
    endloop
  endfacet
  facet normal -0.36692 0.930253 0
    outer loop
      vertex -5.54429 -1.12692 -5
      vertex -5.56404 -1.13471 5
      vertex -5.54429 -1.12692 5
    endloop
  endfacet
  facet normal -0.36692 0.930253 0
    outer loop
      vertex -5.56404 -1.13471 5
      vertex -5.54429 -1.12692 -5
      vertex -5.56404 -1.13471 -5
    endloop
  endfacet
  facet normal -0.958824 -0.284002 0
    outer loop
      vertex -4.83062 0.336314 -5
      vertex -4.83665 0.356672 5
      vertex -4.83665 0.356672 -5
    endloop
  endfacet
  facet normal -0.958824 -0.284002 0
    outer loop
      vertex -4.83665 0.356672 5
      vertex -4.83062 0.336314 -5
      vertex -4.83062 0.336314 5
    endloop
  endfacet
  facet normal -0.979861 -0.199683 0
    outer loop
      vertex -4.80584 0.23312 -5
      vertex -4.81008 0.253926 5
      vertex -4.81008 0.253926 -5
    endloop
  endfacet
  facet normal -0.979861 -0.199683 0
    outer loop
      vertex -4.81008 0.253926 5
      vertex -4.80584 0.23312 -5
      vertex -4.80584 0.23312 5
    endloop
  endfacet
  facet normal -0.90259 0.4305 0
    outer loop
      vertex -4.90661 -0.53228 -5
      vertex -4.89747 -0.513117 5
      vertex -4.89747 -0.513117 -5
    endloop
  endfacet
  facet normal -0.90259 0.4305 0
    outer loop
      vertex -4.89747 -0.513117 5
      vertex -4.90661 -0.53228 -5
      vertex -4.90661 -0.53228 5
    endloop
  endfacet
  facet normal 0.216282 -0.976331 0
    outer loop
      vertex -6.27365 1.18633 -5
      vertex -6.25293 1.19092 5
      vertex -6.27365 1.18633 5
    endloop
  endfacet
  facet normal 0.216282 -0.976331 0
    outer loop
      vertex -6.25293 1.19092 5
      vertex -6.27365 1.18633 -5
      vertex -6.25293 1.19092 -5
    endloop
  endfacet
  facet normal -0.99359 -0.113042 0
    outer loop
      vertex -4.79016 0.128159 -5
      vertex -4.79256 0.149254 5
      vertex -4.79256 0.149254 -5
    endloop
  endfacet
  facet normal -0.99359 -0.113042 0
    outer loop
      vertex -4.79256 0.149254 5
      vertex -4.79016 0.128159 -5
      vertex -4.79016 0.128159 5
    endloop
  endfacet
  facet normal 0.824024 0.566555 0
    outer loop
      vertex -6.9965 -0.696759 5
      vertex -7.00853 -0.679262 -5
      vertex -7.00853 -0.679262 5
    endloop
  endfacet
  facet normal 0.824024 0.566555 0
    outer loop
      vertex -7.00853 -0.679262 -5
      vertex -6.9965 -0.696759 5
      vertex -6.9965 -0.696759 -5
    endloop
  endfacet
  facet normal -0.0782096 -0.996937 0
    outer loop
      vertex -5.91514 1.21454 -5
      vertex -5.89398 1.21288 5
      vertex -5.91514 1.21454 5
    endloop
  endfacet
  facet normal -0.0782096 -0.996937 -0
    outer loop
      vertex -5.89398 1.21288 5
      vertex -5.91514 1.21454 -5
      vertex -5.89398 1.21288 -5
    endloop
  endfacet
  facet normal -0.566393 0.824135 0
    outer loop
      vertex -5.30224 -0.995503 -5
      vertex -5.31974 -1.00753 5
      vertex -5.30224 -0.995503 5
    endloop
  endfacet
  facet normal -0.566393 0.824135 0
    outer loop
      vertex -5.31974 -1.00753 5
      vertex -5.30224 -0.995503 -5
      vertex -5.31974 -1.00753 -5
    endloop
  endfacet
  facet normal 0.688143 0.725575 -0
    outer loop
      vertex -6.82965 -0.888696 -5
      vertex -6.84506 -0.874081 5
      vertex -6.82965 -0.888696 5
    endloop
  endfacet
  facet normal 0.688143 0.725575 0
    outer loop
      vertex -6.84506 -0.874081 5
      vertex -6.82965 -0.888696 -5
      vertex -6.84506 -0.874081 -5
    endloop
  endfacet
  facet normal -0.649301 -0.760532 0
    outer loop
      vertex -5.21805 0.932897 -5
      vertex -5.2019 0.919109 5
      vertex -5.21805 0.932897 5
    endloop
  endfacet
  facet normal -0.649301 -0.760532 -0
    outer loop
      vertex -5.2019 0.919109 5
      vertex -5.21805 0.932897 -5
      vertex -5.2019 0.919109 -5
    endloop
  endfacet
  facet normal 0.649301 -0.760532 0
    outer loop
      vertex -6.7981 0.919109 -5
      vertex -6.78195 0.932897 5
      vertex -6.7981 0.919109 5
    endloop
  endfacet
  facet normal 0.649301 -0.760532 0
    outer loop
      vertex -6.78195 0.932897 5
      vertex -6.7981 0.919109 -5
      vertex -6.78195 0.932897 -5
    endloop
  endfacet
  facet normal -0.44646 0.894804 0
    outer loop
      vertex -5.44772 -1.08291 -5
      vertex -5.46672 -1.09239 5
      vertex -5.44772 -1.08291 5
    endloop
  endfacet
  facet normal -0.44646 0.894804 0
    outer loop
      vertex -5.46672 -1.09239 5
      vertex -5.44772 -1.08291 -5
      vertex -5.46672 -1.09239 -5
    endloop
  endfacet
  facet normal -0.333978 0.942581 0
    outer loop
      vertex -5.58393 -1.14214 -5
      vertex -5.60394 -1.14923 5
      vertex -5.58393 -1.14214 5
    endloop
  endfacet
  facet normal -0.333978 0.942581 0
    outer loop
      vertex -5.60394 -1.14923 5
      vertex -5.58393 -1.14214 -5
      vertex -5.60394 -1.14923 -5
    endloop
  endfacet
  facet normal -0.948282 0.317428 0
    outer loop
      vertex -4.84977 -0.395055 -5
      vertex -4.84303 -0.37492 5
      vertex -4.84303 -0.37492 -5
    endloop
  endfacet
  facet normal -0.948282 0.317428 0
    outer loop
      vertex -4.84303 -0.37492 5
      vertex -4.84977 -0.395055 -5
      vertex -4.84977 -0.395055 5
    endloop
  endfacet
  facet normal -0.622682 0.782475 0
    outer loop
      vertex -5.23443 -0.944402 -5
      vertex -5.25104 -0.95762 5
      vertex -5.23443 -0.944402 5
    endloop
  endfacet
  facet normal -0.622682 0.782475 0
    outer loop
      vertex -5.25104 -0.95762 5
      vertex -5.23443 -0.944402 -5
      vertex -5.25104 -0.95762 -5
    endloop
  endfacet
  facet normal 0.948282 -0.317428 0
    outer loop
      vertex -7.15697 0.37692 5
      vertex -7.15023 0.397055 -5
      vertex -7.15023 0.397055 5
    endloop
  endfacet
  facet normal 0.948282 -0.317428 0
    outer loop
      vertex -7.15023 0.397055 -5
      vertex -7.15697 0.37692 5
      vertex -7.15697 0.37692 -5
    endloop
  endfacet
  facet normal 0.923973 0.382457 0
    outer loop
      vertex -7.1198 -0.474327 5
      vertex -7.12792 -0.45471 -5
      vertex -7.12792 -0.45471 5
    endloop
  endfacet
  facet normal 0.923973 0.382457 0
    outer loop
      vertex -7.12792 -0.45471 -5
      vertex -7.1198 -0.474327 5
      vertex -7.1198 -0.474327 -5
    endloop
  endfacet
  facet normal 0.0960533 0.995376 -0
    outer loop
      vertex -6.10602 -1.21088 -5
      vertex -6.12716 -1.20884 5
      vertex -6.10602 -1.21088 5
    endloop
  endfacet
  facet normal 0.0960533 0.995376 0
    outer loop
      vertex -6.12716 -1.20884 5
      vertex -6.10602 -1.21088 -5
      vertex -6.12716 -1.20884 -5
    endloop
  endfacet
  facet normal -0.492228 -0.870466 0
    outer loop
      vertex -5.41023 1.06498 -5
      vertex -5.39175 1.05453 5
      vertex -5.41023 1.06498 5
    endloop
  endfacet
  facet normal -0.492228 -0.870466 -0
    outer loop
      vertex -5.39175 1.05453 5
      vertex -5.41023 1.06498 -5
      vertex -5.39175 1.05453 -5
    endloop
  endfacet
  facet normal -0.923973 0.382457 0
    outer loop
      vertex -4.8802 -0.474327 -5
      vertex -4.87208 -0.45471 5
      vertex -4.87208 -0.45471 -5
    endloop
  endfacet
  facet normal -0.923973 0.382457 0
    outer loop
      vertex -4.87208 -0.45471 5
      vertex -4.8802 -0.474327 -5
      vertex -4.8802 -0.474327 5
    endloop
  endfacet
  facet normal -0.894813 -0.446441 0
    outer loop
      vertex -4.90661 0.53428 -5
      vertex -4.91609 0.553281 5
      vertex -4.91609 0.553281 -5
    endloop
  endfacet
  facet normal -0.894813 -0.446441 0
    outer loop
      vertex -4.91609 0.553281 5
      vertex -4.90661 0.53428 -5
      vertex -4.90661 0.53428 5
    endloop
  endfacet
  facet normal -0.713274 0.700886 0
    outer loop
      vertex -5.1398 -0.859199 -5
      vertex -5.12492 -0.844056 5
      vertex -5.12492 -0.844056 -5
    endloop
  endfacet
  facet normal -0.713274 0.700886 0
    outer loop
      vertex -5.12492 -0.844056 5
      vertex -5.1398 -0.859199 -5
      vertex -5.1398 -0.859199 5
    endloop
  endfacet
  facet normal -0.398916 0.916988 0
    outer loop
      vertex -5.5052 -1.11033 -5
      vertex -5.52467 -1.1188 5
      vertex -5.5052 -1.11033 5
    endloop
  endfacet
  facet normal -0.398916 0.916988 0
    outer loop
      vertex -5.52467 -1.1188 5
      vertex -5.5052 -1.11033 -5
      vertex -5.52467 -1.1188 -5
    endloop
  endfacet
  facet normal 0.760386 0.649472 0
    outer loop
      vertex -6.91811 -0.7971 5
      vertex -6.9319 -0.780955 -5
      vertex -6.9319 -0.780955 5
    endloop
  endfacet
  facet normal 0.760386 0.649472 0
    outer loop
      vertex -6.9319 -0.780955 -5
      vertex -6.91811 -0.7971 5
      vertex -6.91811 -0.7971 -5
    endloop
  endfacet
  facet normal 0.701004 -0.713157 0
    outer loop
      vertex -6.8602 0.861199 -5
      vertex -6.84506 0.876081 5
      vertex -6.8602 0.861199 5
    endloop
  endfacet
  facet normal 0.701004 -0.713157 0
    outer loop
      vertex -6.84506 0.876081 5
      vertex -6.8602 0.861199 -5
      vertex -6.84506 0.876081 -5
    endloop
  endfacet
  facet normal 0.870264 -0.492585 0
    outer loop
      vertex -7.06398 0.590773 5
      vertex -7.05352 0.609253 -5
      vertex -7.05352 0.609253 5
    endloop
  endfacet
  facet normal 0.870264 -0.492585 0
    outer loop
      vertex -7.05352 0.609253 -5
      vertex -7.06398 0.590773 5
      vertex -7.06398 0.590773 -5
    endloop
  endfacet
  facet normal 0.580806 -0.814042 0
    outer loop
      vertex -6.71504 0.985174 -5
      vertex -6.69776 0.997503 5
      vertex -6.71504 0.985174 5
    endloop
  endfacet
  facet normal 0.580806 -0.814042 0
    outer loop
      vertex -6.69776 0.997503 5
      vertex -6.71504 0.985174 -5
      vertex -6.69776 0.997503 -5
    endloop
  endfacet
  facet normal -0.976349 0.216202 0
    outer loop
      vertex -4.81467 -0.272654 -5
      vertex -4.81008 -0.251926 5
      vertex -4.81008 -0.251926 -5
    endloop
  endfacet
  facet normal -0.976349 0.216202 0
    outer loop
      vertex -4.81008 -0.251926 5
      vertex -4.81467 -0.272654 -5
      vertex -4.81467 -0.272654 5
    endloop
  endfacet
  facet normal 0.99359 -0.113042 0
    outer loop
      vertex -7.20984 0.128159 5
      vertex -7.20744 0.149254 -5
      vertex -7.20744 0.149254 5
    endloop
  endfacet
  facet normal 0.99359 -0.113042 0
    outer loop
      vertex -7.20744 0.149254 -5
      vertex -7.20984 0.128159 5
      vertex -7.20984 0.128159 -5
    endloop
  endfacet
  facet normal 0.979861 -0.199683 0
    outer loop
      vertex -7.19416 0.23312 5
      vertex -7.18992 0.253926 -5
      vertex -7.18992 0.253926 5
    endloop
  endfacet
  facet normal 0.979861 -0.199683 0
    outer loop
      vertex -7.18992 0.253926 -5
      vertex -7.19416 0.23312 5
      vertex -7.19416 0.23312 -5
    endloop
  endfacet
  facet normal -0.833857 -0.55198 0
    outer loop
      vertex -4.97975 0.663557 -5
      vertex -4.99147 0.681262 5
      vertex -4.99147 0.681262 -5
    endloop
  endfacet
  facet normal -0.833857 -0.55198 0
    outer loop
      vertex -4.99147 0.681262 5
      vertex -4.97975 0.663557 -5
      vertex -4.97975 0.663557 5
    endloop
  endfacet
  facet normal -0.688143 -0.725575 0
    outer loop
      vertex -5.17035 0.890696 -5
      vertex -5.15494 0.876081 5
      vertex -5.17035 0.890696 5
    endloop
  endfacet
  facet normal -0.688143 -0.725575 -0
    outer loop
      vertex -5.15494 0.876081 5
      vertex -5.17035 0.890696 -5
      vertex -5.15494 0.876081 -5
    endloop
  endfacet
  facet normal -0.989003 -0.147894 0
    outer loop
      vertex -4.79533 0.170305 -5
      vertex -4.79847 0.191303 5
      vertex -4.79847 0.191303 -5
    endloop
  endfacet
  facet normal -0.989003 -0.147894 0
    outer loop
      vertex -4.79847 0.191303 5
      vertex -4.79533 0.170305 -5
      vertex -4.79533 0.170305 5
    endloop
  endfacet
  facet normal -0.382407 0.923994 0
    outer loop
      vertex -5.52467 -1.1188 -5
      vertex -5.54429 -1.12692 5
      vertex -5.52467 -1.1188 5
    endloop
  endfacet
  facet normal -0.382407 0.923994 0
    outer loop
      vertex -5.54429 -1.12692 5
      vertex -5.52467 -1.1188 -5
      vertex -5.54429 -1.12692 -5
    endloop
  endfacet
  facet normal -0.953773 0.300527 0
    outer loop
      vertex -4.84303 -0.37492 -5
      vertex -4.83665 -0.354672 5
      vertex -4.83665 -0.354672 -5
    endloop
  endfacet
  facet normal -0.953773 0.300527 0
    outer loop
      vertex -4.83665 -0.354672 5
      vertex -4.84303 -0.37492 -5
      vertex -4.84303 -0.37492 5
    endloop
  endfacet
  facet normal 0.662669 -0.748912 0
    outer loop
      vertex -6.814 0.90504 -5
      vertex -6.7981 0.919109 5
      vertex -6.814 0.90504 5
    endloop
  endfacet
  facet normal 0.662669 -0.748912 0
    outer loop
      vertex -6.7981 0.919109 5
      vertex -6.814 0.90504 -5
      vertex -6.7981 0.919109 -5
    endloop
  endfacet
  facet normal -0.996939 -0.0781872 0
    outer loop
      vertex -4.78646 0.0858589 -5
      vertex -4.78812 0.107025 5
      vertex -4.78812 0.107025 -5
    endloop
  endfacet
  facet normal -0.996939 -0.0781872 0
    outer loop
      vertex -4.78812 0.107025 5
      vertex -4.78646 0.0858589 -5
      vertex -4.78646 0.0858589 5
    endloop
  endfacet
  facet normal -0.026381 0.999652 0
    outer loop
      vertex -5.95755 -1.21476 -5
      vertex -5.97877 -1.21532 5
      vertex -5.95755 -1.21476 5
    endloop
  endfacet
  facet normal -0.026381 0.999652 0
    outer loop
      vertex -5.97877 -1.21532 5
      vertex -5.95755 -1.21476 -5
      vertex -5.97877 -1.21532 -5
    endloop
  endfacet
  facet normal -0.748909 0.662672 0
    outer loop
      vertex -5.09596 -0.813001 -5
      vertex -5.08189 -0.7971 5
      vertex -5.08189 -0.7971 -5
    endloop
  endfacet
  facet normal -0.748909 0.662672 0
    outer loop
      vertex -5.08189 -0.7971 5
      vertex -5.09596 -0.813001 -5
      vertex -5.09596 -0.813001 5
    endloop
  endfacet
  facet normal 0.713274 0.700886 0
    outer loop
      vertex -6.8602 -0.859199 5
      vertex -6.87508 -0.844056 -5
      vertex -6.87508 -0.844056 5
    endloop
  endfacet
  facet normal 0.713274 0.700886 0
    outer loop
      vertex -6.87508 -0.844056 -5
      vertex -6.8602 -0.859199 5
      vertex -6.8602 -0.859199 -5
    endloop
  endfacet
  facet normal 0.430555 -0.902564 0
    outer loop
      vertex -6.53328 1.09439 -5
      vertex -6.51412 1.10353 5
      vertex -6.53328 1.09439 5
    endloop
  endfacet
  facet normal 0.430555 -0.902564 0
    outer loop
      vertex -6.51412 1.10353 5
      vertex -6.53328 1.09439 -5
      vertex -6.51412 1.10353 -5
    endloop
  endfacet
  facet normal 0.0782096 0.996937 -0
    outer loop
      vertex -6.08486 -1.21254 -5
      vertex -6.10602 -1.21088 5
      vertex -6.08486 -1.21254 5
    endloop
  endfacet
  facet normal 0.0782096 0.996937 0
    outer loop
      vertex -6.10602 -1.21088 5
      vertex -6.08486 -1.21254 -5
      vertex -6.10602 -1.21088 -5
    endloop
  endfacet
  facet normal -0.916995 -0.398898 0
    outer loop
      vertex -4.8802 0.476327 -5
      vertex -4.88867 0.495798 5
      vertex -4.88867 0.495798 -5
    endloop
  endfacet
  facet normal -0.916995 -0.398898 0
    outer loop
      vertex -4.88867 0.495798 5
      vertex -4.8802 0.476327 -5
      vertex -4.8802 0.476327 5
    endloop
  endfacet
  facet normal -0.958824 0.284002 0
    outer loop
      vertex -4.83665 -0.354672 -5
      vertex -4.83062 -0.334314 5
      vertex -4.83062 -0.334314 -5
    endloop
  endfacet
  facet normal -0.958824 0.284002 0
    outer loop
      vertex -4.83062 -0.334314 5
      vertex -4.83665 -0.354672 -5
      vertex -4.83665 -0.354672 5
    endloop
  endfacet
  facet normal 0.181786 -0.983338 0
    outer loop
      vertex -6.23212 1.19516 -5
      vertex -6.21124 1.19902 5
      vertex -6.23212 1.19516 5
    endloop
  endfacet
  facet normal 0.181786 -0.983338 0
    outer loop
      vertex -6.21124 1.19902 5
      vertex -6.23212 1.19516 -5
      vertex -6.21124 1.19902 -5
    endloop
  endfacet
  facet normal -0.701004 0.713157 0
    outer loop
      vertex -5.1398 -0.859199 -5
      vertex -5.15494 -0.874081 5
      vertex -5.1398 -0.859199 5
    endloop
  endfacet
  facet normal -0.701004 0.713157 0
    outer loop
      vertex -5.15494 -0.874081 5
      vertex -5.1398 -0.859199 -5
      vertex -5.15494 -0.874081 -5
    endloop
  endfacet
  facet normal 0.477102 0.878848 -0
    outer loop
      vertex -6.57111 -1.07311 -5
      vertex -6.58977 -1.06298 5
      vertex -6.57111 -1.07311 5
    endloop
  endfacet
  facet normal 0.477102 0.878848 0
    outer loop
      vertex -6.58977 -1.06298 5
      vertex -6.57111 -1.07311 -5
      vertex -6.58977 -1.06298 -5
    endloop
  endfacet
  facet normal -0.414513 -0.910044 0
    outer loop
      vertex -5.5052 1.11233 -5
      vertex -5.48588 1.10353 5
      vertex -5.5052 1.11233 5
    endloop
  endfacet
  facet normal -0.414513 -0.910044 -0
    outer loop
      vertex -5.48588 1.10353 5
      vertex -5.5052 1.11233 -5
      vertex -5.48588 1.10353 -5
    endloop
  endfacet
  facet normal 0.878826 0.477142 0
    outer loop
      vertex -7.06398 -0.588773 5
      vertex -7.07411 -0.570115 -5
      vertex -7.07411 -0.570115 5
    endloop
  endfacet
  facet normal 0.878826 0.477142 0
    outer loop
      vertex -7.07411 -0.570115 -5
      vertex -7.06398 -0.588773 5
      vertex -7.06398 -0.588773 -5
    endloop
  endfacet
  facet normal 0.725257 -0.688478 0
    outer loop
      vertex -6.8897 0.830655 5
      vertex -6.87508 0.846056 -5
      vertex -6.87508 0.846056 5
    endloop
  endfacet
  facet normal 0.725257 -0.688478 0
    outer loop
      vertex -6.87508 0.846056 -5
      vertex -6.8897 0.830655 5
      vertex -6.8897 0.830655 -5
    endloop
  endfacet
  facet normal 0.963676 -0.267073 0
    outer loop
      vertex -7.17505 0.315855 5
      vertex -7.16938 0.336314 -5
      vertex -7.16938 0.336314 5
    endloop
  endfacet
  facet normal 0.963676 -0.267073 0
    outer loop
      vertex -7.16938 0.336314 -5
      vertex -7.17505 0.315855 5
      vertex -7.17505 0.315855 -5
    endloop
  endfacet
  facet normal 0.910035 -0.41453 0
    outer loop
      vertex -7.11133 0.495798 5
      vertex -7.10253 0.515117 -5
      vertex -7.10253 0.515117 5
    endloop
  endfacet
  facet normal 0.910035 -0.41453 0
    outer loop
      vertex -7.10253 0.515117 -5
      vertex -7.11133 0.495798 5
      vertex -7.11133 0.495798 -5
    endloop
  endfacet
  facet normal -0.492585 0.870264 0
    outer loop
      vertex -5.39175 -1.05252 -5
      vertex -5.41023 -1.06298 5
      vertex -5.39175 -1.05252 5
    endloop
  endfacet
  facet normal -0.492585 0.870264 0
    outer loop
      vertex -5.41023 -1.06298 5
      vertex -5.39175 -1.05252 -5
      vertex -5.41023 -1.06298 -5
    endloop
  endfacet
  facet normal -0.333978 -0.942581 0
    outer loop
      vertex -5.60394 1.15123 -5
      vertex -5.58393 1.14414 5
      vertex -5.60394 1.15123 5
    endloop
  endfacet
  facet normal -0.333978 -0.942581 -0
    outer loop
      vertex -5.58393 1.14414 5
      vertex -5.60394 1.15123 -5
      vertex -5.58393 1.14414 -5
    endloop
  endfacet
  facet normal -0.552088 -0.833786 0
    outer loop
      vertex -5.33744 1.02125 -5
      vertex -5.31974 1.00953 5
      vertex -5.33744 1.02125 5
    endloop
  endfacet
  facet normal -0.552088 -0.833786 -0
    outer loop
      vertex -5.31974 1.00953 5
      vertex -5.33744 1.02125 -5
      vertex -5.31974 1.00953 -5
    endloop
  endfacet
  facet normal -0.594788 0.803882 0
    outer loop
      vertex -5.26789 -0.970544 -5
      vertex -5.28496 -0.983174 5
      vertex -5.26789 -0.970544 5
    endloop
  endfacet
  facet normal -0.594788 0.803882 0
    outer loop
      vertex -5.28496 -0.983174 5
      vertex -5.26789 -0.970544 -5
      vertex -5.28496 -0.983174 -5
    endloop
  endfacet
  facet normal -0.99359 0.113042 0
    outer loop
      vertex -4.79256 -0.147254 -5
      vertex -4.79016 -0.126159 5
      vertex -4.79016 -0.126159 -5
    endloop
  endfacet
  facet normal -0.99359 0.113042 0
    outer loop
      vertex -4.79016 -0.126159 5
      vertex -4.79256 -0.147254 -5
      vertex -4.79256 -0.147254 5
    endloop
  endfacet
  facet normal 0.317358 -0.948306 0
    outer loop
      vertex -6.39606 1.15123 -5
      vertex -6.37592 1.15797 5
      vertex -6.39606 1.15123 5
    endloop
  endfacet
  facet normal 0.317358 -0.948306 0
    outer loop
      vertex -6.37592 1.15797 5
      vertex -6.39606 1.15123 -5
      vertex -6.37592 1.15797 -5
    endloop
  endfacet
  facet normal 0.99996 0.00894895 0
    outer loop
      vertex -7.21632 -0.0202307 5
      vertex -7.21651 0.001 -5
      vertex -7.21651 0.001 5
    endloop
  endfacet
  facet normal 0.99996 0.00894895 0
    outer loop
      vertex -7.21651 0.001 -5
      vertex -7.21632 -0.0202307 5
      vertex -7.21632 -0.0202307 -5
    endloop
  endfacet
  facet normal -0.6086 -0.793477 0
    outer loop
      vertex -5.26789 0.972544 -5
      vertex -5.25104 0.95962 5
      vertex -5.26789 0.972544 5
    endloop
  endfacet
  facet normal -0.6086 -0.793477 -0
    outer loop
      vertex -5.25104 0.95962 5
      vertex -5.26789 0.972544 -5
      vertex -5.25104 0.95962 -5
    endloop
  endfacet
  facet normal -0.461664 0.887055 0
    outer loop
      vertex -5.42889 -1.07311 -5
      vertex -5.44772 -1.08291 5
      vertex -5.42889 -1.07311 5
    endloop
  endfacet
  facet normal -0.461664 0.887055 0
    outer loop
      vertex -5.44772 -1.08291 5
      vertex -5.42889 -1.07311 -5
      vertex -5.44772 -1.08291 -5
    endloop
  endfacet
  facet normal 0.688143 -0.725575 0
    outer loop
      vertex -6.84506 0.876081 -5
      vertex -6.82965 0.890696 5
      vertex -6.84506 0.876081 5
    endloop
  endfacet
  facet normal 0.688143 -0.725575 0
    outer loop
      vertex -6.82965 0.890696 5
      vertex -6.84506 0.876081 -5
      vertex -6.82965 0.890696 -5
    endloop
  endfacet
  facet normal -0.688143 0.725575 0
    outer loop
      vertex -5.15494 -0.874081 -5
      vertex -5.17035 -0.888696 5
      vertex -5.15494 -0.874081 5
    endloop
  endfacet
  facet normal -0.688143 0.725575 0
    outer loop
      vertex -5.17035 -0.888696 5
      vertex -5.15494 -0.874081 -5
      vertex -5.17035 -0.888696 -5
    endloop
  endfacet
  facet normal 0.537302 0.84339 -0
    outer loop
      vertex -6.64465 -1.03066 -5
      vertex -6.66256 -1.01925 5
      vertex -6.64465 -1.03066 5
    endloop
  endfacet
  facet normal 0.537302 0.84339 0
    outer loop
      vertex -6.66256 -1.01925 5
      vertex -6.64465 -1.03066 -5
      vertex -6.66256 -1.01925 -5
    endloop
  endfacet
  facet normal 0.976349 0.216202 0
    outer loop
      vertex -7.18533 -0.272654 5
      vertex -7.18992 -0.251926 -5
      vertex -7.18992 -0.251926 5
    endloop
  endfacet
  facet normal 0.976349 0.216202 0
    outer loop
      vertex -7.18992 -0.251926 -5
      vertex -7.18533 -0.272654 5
      vertex -7.18533 -0.272654 -5
    endloop
  endfacet
  facet normal 0.701004 0.713157 -0
    outer loop
      vertex -6.84506 -0.874081 -5
      vertex -6.8602 -0.859199 5
      vertex -6.84506 -0.874081 5
    endloop
  endfacet
  facet normal 0.701004 0.713157 0
    outer loop
      vertex -6.8602 -0.859199 5
      vertex -6.84506 -0.874081 -5
      vertex -6.8602 -0.859199 -5
    endloop
  endfacet
  facet normal -0.0437845 -0.999041 0
    outer loop
      vertex -5.95755 1.21677 -5
      vertex -5.93633 1.21584 5
      vertex -5.95755 1.21677 5
    endloop
  endfacet
  facet normal -0.0437845 -0.999041 -0
    outer loop
      vertex -5.93633 1.21584 5
      vertex -5.95755 1.21677 -5
      vertex -5.93633 1.21584 -5
    endloop
  endfacet
  facet normal -0.930278 0.366856 0
    outer loop
      vertex -4.87208 -0.45471 -5
      vertex -4.86429 -0.434956 5
      vertex -4.86429 -0.434956 -5
    endloop
  endfacet
  facet normal -0.930278 0.366856 0
    outer loop
      vertex -4.86429 -0.434956 5
      vertex -4.87208 -0.45471 -5
      vertex -4.87208 -0.45471 5
    endloop
  endfacet
  facet normal 0.130467 -0.991453 0
    outer loop
      vertex -6.1693 1.20567 -5
      vertex -6.14825 1.20844 5
      vertex -6.1693 1.20567 5
    endloop
  endfacet
  facet normal 0.130467 -0.991453 0
    outer loop
      vertex -6.14825 1.20844 5
      vertex -6.1693 1.20567 -5
      vertex -6.14825 1.20844 -5
    endloop
  endfacet
  facet normal 0.983332 0.181819 0
    outer loop
      vertex -7.19416 -0.23112 5
      vertex -7.19802 -0.210244 -5
      vertex -7.19802 -0.210244 5
    endloop
  endfacet
  facet normal 0.983332 0.181819 0
    outer loop
      vertex -7.19802 -0.210244 -5
      vertex -7.19416 -0.23112 5
      vertex -7.19416 -0.23112 -5
    endloop
  endfacet
  facet normal 0.748909 0.662672 0
    outer loop
      vertex -6.90404 -0.813001 5
      vertex -6.91811 -0.7971 -5
      vertex -6.91811 -0.7971 5
    endloop
  endfacet
  facet normal 0.748909 0.662672 0
    outer loop
      vertex -6.91811 -0.7971 -5
      vertex -6.90404 -0.813001 5
      vertex -6.90404 -0.813001 -5
    endloop
  endfacet
  facet normal -0.999061 0.0433318 0
    outer loop
      vertex -4.78516 -0.0626663 -5
      vertex -4.78424 -0.0414547 5
      vertex -4.78424 -0.0414547 -5
    endloop
  endfacet
  facet normal -0.999061 0.0433318 0
    outer loop
      vertex -4.78424 -0.0414547 5
      vertex -4.78516 -0.0626663 -5
      vertex -4.78516 -0.0626663 5
    endloop
  endfacet
  facet normal -0.44646 -0.894804 0
    outer loop
      vertex -5.46672 1.09439 -5
      vertex -5.44772 1.08491 5
      vertex -5.46672 1.09439 5
    endloop
  endfacet
  facet normal -0.44646 -0.894804 -0
    outer loop
      vertex -5.44772 1.08491 5
      vertex -5.46672 1.09439 -5
      vertex -5.44772 1.08491 -5
    endloop
  endfacet
  facet normal -0.870264 -0.492585 0
    outer loop
      vertex -4.93602 0.590773 -5
      vertex -4.94648 0.609253 5
      vertex -4.94648 0.609253 -5
    endloop
  endfacet
  facet normal -0.870264 -0.492585 0
    outer loop
      vertex -4.94648 0.609253 5
      vertex -4.93602 0.590773 -5
      vertex -4.93602 0.590773 5
    endloop
  endfacet
  facet normal -0.414513 0.910044 0
    outer loop
      vertex -5.48588 -1.10153 -5
      vertex -5.5052 -1.11033 5
      vertex -5.48588 -1.10153 5
    endloop
  endfacet
  facet normal -0.414513 0.910044 0
    outer loop
      vertex -5.5052 -1.11033 5
      vertex -5.48588 -1.10153 -5
      vertex -5.5052 -1.11033 -5
    endloop
  endfacet
  facet normal 0.948282 0.317428 0
    outer loop
      vertex -7.15023 -0.395055 5
      vertex -7.15697 -0.37492 -5
      vertex -7.15697 -0.37492 5
    endloop
  endfacet
  facet normal 0.948282 0.317428 0
    outer loop
      vertex -7.15697 -0.37492 -5
      vertex -7.15023 -0.395055 5
      vertex -7.15023 -0.395055 -5
    endloop
  endfacet
  facet normal -0.986242 -0.165308 0
    outer loop
      vertex -4.79847 0.191303 -5
      vertex -4.80198 0.212244 5
      vertex -4.80198 0.212244 -5
    endloop
  endfacet
  facet normal -0.986242 -0.165308 0
    outer loop
      vertex -4.80198 0.212244 5
      vertex -4.79847 0.191303 -5
      vertex -4.79847 0.191303 5
    endloop
  endfacet
  facet normal 0.936756 -0.349982 0
    outer loop
      vertex -7.14314 0.417069 5
      vertex -7.13571 0.436956 -5
      vertex -7.13571 0.436956 5
    endloop
  endfacet
  facet normal 0.936756 -0.349982 0
    outer loop
      vertex -7.13571 0.436956 -5
      vertex -7.14314 0.417069 5
      vertex -7.14314 0.417069 -5
    endloop
  endfacet
  facet normal 0.99359 0.113042 0
    outer loop
      vertex -7.20744 -0.147254 5
      vertex -7.20984 -0.126159 -5
      vertex -7.20984 -0.126159 5
    endloop
  endfacet
  facet normal 0.99359 0.113042 0
    outer loop
      vertex -7.20984 -0.126159 -5
      vertex -7.20744 -0.147254 5
      vertex -7.20744 -0.147254 -5
    endloop
  endfacet
  facet normal 0.622682 0.782475 -0
    outer loop
      vertex -6.74896 -0.95762 -5
      vertex -6.76557 -0.944402 5
      vertex -6.74896 -0.95762 5
    endloop
  endfacet
  facet normal 0.622682 0.782475 0
    outer loop
      vertex -6.76557 -0.944402 5
      vertex -6.74896 -0.95762 -5
      vertex -6.76557 -0.944402 -5
    endloop
  endfacet
  facet normal 0.713274 -0.700886 0
    outer loop
      vertex -6.87508 0.846056 5
      vertex -6.8602 0.861199 -5
      vertex -6.8602 0.861199 5
    endloop
  endfacet
  facet normal 0.713274 -0.700886 0
    outer loop
      vertex -6.8602 0.861199 -5
      vertex -6.87508 0.846056 5
      vertex -6.87508 0.846056 -5
    endloop
  endfacet
  facet normal 0.803832 -0.594856 0
    outer loop
      vertex -6.98417 0.716044 5
      vertex -6.97154 0.733111 -5
      vertex -6.97154 0.733111 5
    endloop
  endfacet
  facet normal 0.803832 -0.594856 0
    outer loop
      vertex -6.97154 0.733111 -5
      vertex -6.98417 0.716044 5
      vertex -6.98417 0.716044 -5
    endloop
  endfacet
  facet normal -0.979861 0.199683 0
    outer loop
      vertex -4.81008 -0.251926 -5
      vertex -4.80584 -0.23112 5
      vertex -4.80584 -0.23112 -5
    endloop
  endfacet
  facet normal -0.979861 0.199683 0
    outer loop
      vertex -4.80584 -0.23112 5
      vertex -4.81008 -0.251926 -5
      vertex -4.81008 -0.251926 5
    endloop
  endfacet
  facet normal 0.953773 0.300527 0
    outer loop
      vertex -7.15697 -0.37492 5
      vertex -7.16335 -0.354672 -5
      vertex -7.16335 -0.354672 5
    endloop
  endfacet
  facet normal 0.953773 0.300527 0
    outer loop
      vertex -7.16335 -0.354672 -5
      vertex -7.15697 -0.37492 5
      vertex -7.15697 -0.37492 -5
    endloop
  endfacet
  facet normal 0.843349 0.537366 0
    outer loop
      vertex -7.02025 -0.661557 5
      vertex -7.03166 -0.64365 -5
      vertex -7.03166 -0.64365 5
    endloop
  endfacet
  facet normal 0.843349 0.537366 0
    outer loop
      vertex -7.03166 -0.64365 -5
      vertex -7.02025 -0.661557 5
      vertex -7.02025 -0.661557 -5
    endloop
  endfacet
  facet normal 0.522441 -0.852676 0
    outer loop
      vertex -6.64465 1.03266 -5
      vertex -6.62655 1.04375 5
      vertex -6.64465 1.03266 5
    endloop
  endfacet
  facet normal 0.522441 -0.852676 0
    outer loop
      vertex -6.62655 1.04375 5
      vertex -6.64465 1.03266 -5
      vertex -6.62655 1.04375 -5
    endloop
  endfacet
  facet normal 0.492585 0.870264 -0
    outer loop
      vertex -6.58977 -1.06298 -5
      vertex -6.60825 -1.05252 5
      vertex -6.58977 -1.06298 5
    endloop
  endfacet
  facet normal 0.492585 0.870264 0
    outer loop
      vertex -6.60825 -1.05252 5
      vertex -6.58977 -1.06298 -5
      vertex -6.60825 -1.05252 -5
    endloop
  endfacet
  facet normal 0.675678 -0.737197 0
    outer loop
      vertex -6.82965 0.890696 -5
      vertex -6.814 0.90504 5
      vertex -6.82965 0.890696 5
    endloop
  endfacet
  facet normal 0.675678 -0.737197 0
    outer loop
      vertex -6.814 0.90504 5
      vertex -6.82965 0.890696 -5
      vertex -6.814 0.90504 -5
    endloop
  endfacet
  facet normal 0.636145 -0.77157 0
    outer loop
      vertex -6.78195 0.932897 -5
      vertex -6.76557 0.946402 5
      vertex -6.78195 0.932897 5
    endloop
  endfacet
  facet normal 0.636145 -0.77157 0
    outer loop
      vertex -6.76557 0.946402 5
      vertex -6.78195 0.932897 -5
      vertex -6.76557 0.946402 -5
    endloop
  endfacet
  facet normal -0.861753 -0.507329 0
    outer loop
      vertex -4.94648 0.609253 -5
      vertex -4.95725 0.627547 5
      vertex -4.95725 0.627547 -5
    endloop
  endfacet
  facet normal -0.861753 -0.507329 0
    outer loop
      vertex -4.95725 0.627547 5
      vertex -4.94648 0.609253 -5
      vertex -4.94648 0.609253 5
    endloop
  endfacet
  facet normal -0.878826 -0.477142 0
    outer loop
      vertex -4.92589 0.572115 -5
      vertex -4.93602 0.590773 5
      vertex -4.93602 0.590773 -5
    endloop
  endfacet
  facet normal -0.878826 -0.477142 0
    outer loop
      vertex -4.93602 0.590773 5
      vertex -4.92589 0.572115 -5
      vertex -4.92589 0.572115 5
    endloop
  endfacet
  facet normal 0.99996 -0.00894895 0
    outer loop
      vertex -7.21651 0.001 5
      vertex -7.21632 0.0222307 -5
      vertex -7.21632 0.0222307 5
    endloop
  endfacet
  facet normal 0.99996 -0.00894895 0
    outer loop
      vertex -7.21632 0.0222307 -5
      vertex -7.21651 0.001 5
      vertex -7.21651 0.001 -5
    endloop
  endfacet
  facet normal -0.843349 0.537366 0
    outer loop
      vertex -4.97975 -0.661557 -5
      vertex -4.96834 -0.64365 5
      vertex -4.96834 -0.64365 -5
    endloop
  endfacet
  facet normal -0.843349 0.537366 0
    outer loop
      vertex -4.96834 -0.64365 5
      vertex -4.97975 -0.661557 -5
      vertex -4.97975 -0.661557 5
    endloop
  endfacet
  facet normal -0.968104 0.25055 0
    outer loop
      vertex -4.82495 -0.313855 -5
      vertex -4.81963 -0.293299 5
      vertex -4.81963 -0.293299 -5
    endloop
  endfacet
  facet normal -0.968104 0.25055 0
    outer loop
      vertex -4.81963 -0.293299 5
      vertex -4.82495 -0.313855 -5
      vertex -4.82495 -0.313855 5
    endloop
  endfacet
  facet normal -0.507205 0.861825 0
    outer loop
      vertex -5.37345 -1.04175 -5
      vertex -5.39175 -1.05252 5
      vertex -5.37345 -1.04175 5
    endloop
  endfacet
  facet normal -0.507205 0.861825 0
    outer loop
      vertex -5.39175 -1.05252 5
      vertex -5.37345 -1.04175 -5
      vertex -5.39175 -1.05252 -5
    endloop
  endfacet
  facet normal -0.636145 -0.77157 0
    outer loop
      vertex -5.23443 0.946402 -5
      vertex -5.21805 0.932897 5
      vertex -5.23443 0.946402 5
    endloop
  endfacet
  facet normal -0.636145 -0.77157 -0
    outer loop
      vertex -5.21805 0.932897 5
      vertex -5.23443 0.946402 -5
      vertex -5.21805 0.932897 -5
    endloop
  endfacet
  facet normal 0.737377 -0.675481 0
    outer loop
      vertex -6.90404 0.815001 5
      vertex -6.8897 0.830655 -5
      vertex -6.8897 0.830655 5
    endloop
  endfacet
  facet normal 0.737377 -0.675481 0
    outer loop
      vertex -6.8897 0.830655 -5
      vertex -6.90404 0.815001 5
      vertex -6.90404 0.815001 -5
    endloop
  endfacet
  facet normal 0.814099 -0.580726 0
    outer loop
      vertex -6.9965 0.698759 5
      vertex -6.98417 0.716044 -5
      vertex -6.98417 0.716044 5
    endloop
  endfacet
  facet normal 0.814099 -0.580726 0
    outer loop
      vertex -6.98417 0.716044 -5
      vertex -6.9965 0.698759 5
      vertex -6.9965 0.698759 -5
    endloop
  endfacet
  facet normal -0.552088 0.833786 0
    outer loop
      vertex -5.31974 -1.00753 -5
      vertex -5.33744 -1.01925 5
      vertex -5.31974 -1.00753 5
    endloop
  endfacet
  facet normal -0.552088 0.833786 0
    outer loop
      vertex -5.33744 -1.01925 5
      vertex -5.31974 -1.00753 -5
      vertex -5.33744 -1.01925 -5
    endloop
  endfacet
  facet normal 0.165315 0.986241 -0
    outer loop
      vertex -6.1903 -1.20053 -5
      vertex -6.21124 -1.19702 5
      vertex -6.1903 -1.20053 5
    endloop
  endfacet
  facet normal 0.165315 0.986241 0
    outer loop
      vertex -6.21124 -1.19702 5
      vertex -6.1903 -1.20053 -5
      vertex -6.21124 -1.19702 -5
    endloop
  endfacet
  facet normal 0.958824 -0.284002 0
    outer loop
      vertex -7.16938 0.336314 5
      vertex -7.16335 0.356672 -5
      vertex -7.16335 0.356672 5
    endloop
  endfacet
  facet normal 0.958824 -0.284002 0
    outer loop
      vertex -7.16335 0.356672 -5
      vertex -7.16938 0.336314 5
      vertex -7.16938 0.336314 -5
    endloop
  endfacet
  facet normal -0.878826 0.477142 0
    outer loop
      vertex -4.93602 -0.588773 -5
      vertex -4.92589 -0.570115 5
      vertex -4.92589 -0.570115 -5
    endloop
  endfacet
  facet normal -0.878826 0.477142 0
    outer loop
      vertex -4.92589 -0.570115 5
      vertex -4.93602 -0.588773 -5
      vertex -4.93602 -0.588773 5
    endloop
  endfacet
  facet normal 0.492228 -0.870466 0
    outer loop
      vertex -6.60825 1.05453 -5
      vertex -6.58977 1.06498 5
      vertex -6.60825 1.05453 5
    endloop
  endfacet
  facet normal 0.492228 -0.870466 0
    outer loop
      vertex -6.58977 1.06498 5
      vertex -6.60825 1.05453 -5
      vertex -6.58977 1.06498 -5
    endloop
  endfacet
  facet normal 0.782538 -0.622602 0
    outer loop
      vertex -6.95862 0.749956 5
      vertex -6.9454 0.766572 -5
      vertex -6.9454 0.766572 5
    endloop
  endfacet
  facet normal 0.782538 -0.622602 0
    outer loop
      vertex -6.9454 0.766572 -5
      vertex -6.95862 0.749956 5
      vertex -6.95862 0.749956 -5
    endloop
  endfacet
  facet normal 0.44646 -0.894804 0
    outer loop
      vertex -6.55228 1.08491 -5
      vertex -6.53328 1.09439 5
      vertex -6.55228 1.08491 5
    endloop
  endfacet
  facet normal 0.44646 -0.894804 0
    outer loop
      vertex -6.53328 1.09439 5
      vertex -6.55228 1.08491 -5
      vertex -6.53328 1.09439 -5
    endloop
  endfacet
  facet normal 0.552088 0.833786 -0
    outer loop
      vertex -6.66256 -1.01925 -5
      vertex -6.68026 -1.00753 5
      vertex -6.66256 -1.01925 5
    endloop
  endfacet
  facet normal 0.552088 0.833786 0
    outer loop
      vertex -6.68026 -1.00753 5
      vertex -6.66256 -1.01925 -5
      vertex -6.68026 -1.00753 -5
    endloop
  endfacet
  facet normal -0.317358 0.948306 0
    outer loop
      vertex -5.60394 -1.14923 -5
      vertex -5.62408 -1.15597 5
      vertex -5.60394 -1.14923 5
    endloop
  endfacet
  facet normal -0.317358 0.948306 0
    outer loop
      vertex -5.62408 -1.15597 5
      vertex -5.60394 -1.14923 -5
      vertex -5.62408 -1.15597 -5
    endloop
  endfacet
  facet normal -0.181786 -0.983338 0
    outer loop
      vertex -5.78876 1.19902 -5
      vertex -5.76788 1.19516 5
      vertex -5.78876 1.19902 5
    endloop
  endfacet
  facet normal -0.181786 -0.983338 -0
    outer loop
      vertex -5.76788 1.19516 5
      vertex -5.78876 1.19902 -5
      vertex -5.76788 1.19516 -5
    endloop
  endfacet
  facet normal 0.636145 0.77157 -0
    outer loop
      vertex -6.76557 -0.944402 -5
      vertex -6.78195 -0.930897 5
      vertex -6.76557 -0.944402 5
    endloop
  endfacet
  facet normal 0.636145 0.77157 0
    outer loop
      vertex -6.78195 -0.930897 5
      vertex -6.76557 -0.944402 -5
      vertex -6.78195 -0.930897 -5
    endloop
  endfacet
  facet normal 0.349936 0.936774 -0
    outer loop
      vertex -6.41607 -1.14214 -5
      vertex -6.43596 -1.13471 5
      vertex -6.41607 -1.14214 5
    endloop
  endfacet
  facet normal 0.349936 0.936774 0
    outer loop
      vertex -6.43596 -1.13471 5
      vertex -6.41607 -1.14214 -5
      vertex -6.43596 -1.13471 -5
    endloop
  endfacet
  facet normal -0.675678 -0.737197 0
    outer loop
      vertex -5.186 0.90504 -5
      vertex -5.17035 0.890696 5
      vertex -5.186 0.90504 5
    endloop
  endfacet
  facet normal -0.675678 -0.737197 -0
    outer loop
      vertex -5.17035 0.890696 5
      vertex -5.186 0.90504 -5
      vertex -5.17035 0.890696 -5
    endloop
  endfacet
  facet normal 0.824024 -0.566555 0
    outer loop
      vertex -7.00853 0.681262 5
      vertex -6.9965 0.698759 -5
      vertex -6.9965 0.698759 5
    endloop
  endfacet
  facet normal 0.824024 -0.566555 0
    outer loop
      vertex -6.9965 0.698759 -5
      vertex -7.00853 0.681262 5
      vertex -7.00853 0.681262 -5
    endloop
  endfacet
  facet normal -0.861753 0.507329 0
    outer loop
      vertex -4.95725 -0.625547 -5
      vertex -4.94648 -0.607253 5
      vertex -4.94648 -0.607253 -5
    endloop
  endfacet
  facet normal -0.861753 0.507329 0
    outer loop
      vertex -4.94648 -0.607253 5
      vertex -4.95725 -0.625547 -5
      vertex -4.95725 -0.625547 5
    endloop
  endfacet
  facet normal -0.737377 -0.675481 0
    outer loop
      vertex -5.09596 0.815001 -5
      vertex -5.1103 0.830655 5
      vertex -5.1103 0.830655 -5
    endloop
  endfacet
  facet normal -0.737377 -0.675481 0
    outer loop
      vertex -5.1103 0.830655 5
      vertex -5.09596 0.815001 -5
      vertex -5.09596 0.815001 5
    endloop
  endfacet
  facet normal -0.748909 -0.662672 0
    outer loop
      vertex -5.08189 0.7991 -5
      vertex -5.09596 0.815001 5
      vertex -5.09596 0.815001 -5
    endloop
  endfacet
  facet normal -0.748909 -0.662672 0
    outer loop
      vertex -5.09596 0.815001 5
      vertex -5.08189 0.7991 -5
      vertex -5.08189 0.7991 5
    endloop
  endfacet
  facet normal -0.989003 0.147894 0
    outer loop
      vertex -4.79847 -0.189303 -5
      vertex -4.79533 -0.168305 5
      vertex -4.79533 -0.168305 -5
    endloop
  endfacet
  facet normal -0.989003 0.147894 0
    outer loop
      vertex -4.79533 -0.168305 5
      vertex -4.79847 -0.189303 -5
      vertex -4.79847 -0.189303 5
    endloop
  endfacet
  facet normal -0.430555 -0.902564 0
    outer loop
      vertex -5.48588 1.10353 -5
      vertex -5.46672 1.09439 5
      vertex -5.48588 1.10353 5
    endloop
  endfacet
  facet normal -0.430555 -0.902564 -0
    outer loop
      vertex -5.46672 1.09439 5
      vertex -5.48588 1.10353 -5
      vertex -5.46672 1.09439 -5
    endloop
  endfacet
  facet normal 0.930278 -0.366856 0
    outer loop
      vertex -7.13571 0.436956 5
      vertex -7.12792 0.45671 -5
      vertex -7.12792 0.45671 5
    endloop
  endfacet
  facet normal 0.930278 -0.366856 0
    outer loop
      vertex -7.12792 0.45671 -5
      vertex -7.13571 0.436956 5
      vertex -7.13571 0.436956 -5
    endloop
  endfacet
  facet normal 0.995374 -0.0960803 0
    outer loop
      vertex -7.21188 0.107025 5
      vertex -7.20984 0.128159 -5
      vertex -7.20984 0.128159 5
    endloop
  endfacet
  facet normal 0.995374 -0.0960803 0
    outer loop
      vertex -7.20984 0.128159 -5
      vertex -7.21188 0.107025 5
      vertex -7.21188 0.107025 -5
    endloop
  endfacet
  facet normal 0.0960533 -0.995376 0
    outer loop
      vertex -6.12716 1.21084 -5
      vertex -6.10602 1.21288 5
      vertex -6.12716 1.21084 5
    endloop
  endfacet
  facet normal 0.0960533 -0.995376 0
    outer loop
      vertex -6.10602 1.21288 5
      vertex -6.12716 1.21084 -5
      vertex -6.10602 1.21288 -5
    endloop
  endfacet
  facet normal -0.963676 0.267073 0
    outer loop
      vertex -4.83062 -0.334314 -5
      vertex -4.82495 -0.313855 5
      vertex -4.82495 -0.313855 -5
    endloop
  endfacet
  facet normal -0.963676 0.267073 0
    outer loop
      vertex -4.82495 -0.313855 5
      vertex -4.83062 -0.334314 -5
      vertex -4.83062 -0.334314 5
    endloop
  endfacet
  facet normal 0.398916 0.916988 -0
    outer loop
      vertex -6.47533 -1.1188 -5
      vertex -6.4948 -1.11033 5
      vertex -6.47533 -1.1188 5
    endloop
  endfacet
  facet normal 0.398916 0.916988 0
    outer loop
      vertex -6.4948 -1.11033 5
      vertex -6.47533 -1.1188 -5
      vertex -6.4948 -1.11033 -5
    endloop
  endfacet
  facet normal -0.976349 -0.216202 0
    outer loop
      vertex -4.81008 0.253926 -5
      vertex -4.81467 0.274654 5
      vertex -4.81467 0.274654 -5
    endloop
  endfacet
  facet normal -0.976349 -0.216202 0
    outer loop
      vertex -4.81467 0.274654 5
      vertex -4.81008 0.253926 -5
      vertex -4.81008 0.253926 5
    endloop
  endfacet
  facet normal -0.250619 0.968086 0
    outer loop
      vertex -5.68515 -1.17405 -5
      vertex -5.7057 -1.17937 5
      vertex -5.68515 -1.17405 5
    endloop
  endfacet
  facet normal -0.250619 0.968086 0
    outer loop
      vertex -5.7057 -1.17937 5
      vertex -5.68515 -1.17405 -5
      vertex -5.7057 -1.17937 -5
    endloop
  endfacet
  facet normal 0.852714 0.522378 0
    outer loop
      vertex -7.03166 -0.64365 5
      vertex -7.04275 -0.625547 -5
      vertex -7.04275 -0.625547 5
    endloop
  endfacet
  facet normal 0.852714 0.522378 0
    outer loop
      vertex -7.04275 -0.625547 -5
      vertex -7.03166 -0.64365 5
      vertex -7.03166 -0.64365 -5
    endloop
  endfacet
  facet normal -0.36692 -0.930253 0
    outer loop
      vertex -5.56404 1.13671 -5
      vertex -5.54429 1.12892 5
      vertex -5.56404 1.13671 5
    endloop
  endfacet
  facet normal -0.36692 -0.930253 -0
    outer loop
      vertex -5.54429 1.12892 5
      vertex -5.56404 1.13671 -5
      vertex -5.54429 1.12892 -5
    endloop
  endfacet
  facet normal -0.894813 0.446441 0
    outer loop
      vertex -4.91609 -0.551281 -5
      vertex -4.90661 -0.53228 5
      vertex -4.90661 -0.53228 -5
    endloop
  endfacet
  facet normal -0.894813 0.446441 0
    outer loop
      vertex -4.90661 -0.53228 5
      vertex -4.91609 -0.551281 -5
      vertex -4.91609 -0.551281 5
    endloop
  endfacet
  facet normal 0.986242 -0.165308 0
    outer loop
      vertex -7.20153 0.191303 5
      vertex -7.19802 0.212244 -5
      vertex -7.19802 0.212244 5
    endloop
  endfacet
  facet normal 0.986242 -0.165308 0
    outer loop
      vertex -7.19802 0.212244 -5
      vertex -7.20153 0.191303 5
      vertex -7.20153 0.191303 -5
    endloop
  endfacet
  facet normal -0.349936 -0.936774 0
    outer loop
      vertex -5.58393 1.14414 -5
      vertex -5.56404 1.13671 5
      vertex -5.58393 1.14414 5
    endloop
  endfacet
  facet normal -0.349936 -0.936774 -0
    outer loop
      vertex -5.56404 1.13671 5
      vertex -5.58393 1.14414 -5
      vertex -5.56404 1.13671 -5
    endloop
  endfacet
  facet normal -0.963676 -0.267073 0
    outer loop
      vertex -4.82495 0.315855 -5
      vertex -4.83062 0.336314 5
      vertex -4.83062 0.336314 -5
    endloop
  endfacet
  facet normal -0.963676 -0.267073 0
    outer loop
      vertex -4.83062 0.336314 5
      vertex -4.82495 0.315855 -5
      vertex -4.82495 0.315855 5
    endloop
  endfacet
  facet normal -0.923973 -0.382457 0
    outer loop
      vertex -4.87208 0.45671 -5
      vertex -4.8802 0.476327 5
      vertex -4.8802 0.476327 -5
    endloop
  endfacet
  facet normal -0.923973 -0.382457 0
    outer loop
      vertex -4.8802 0.476327 5
      vertex -4.87208 0.45671 -5
      vertex -4.87208 0.45671 5
    endloop
  endfacet
  facet normal 0.113068 0.993587 -0
    outer loop
      vertex -6.12716 -1.20884 -5
      vertex -6.14825 -1.20644 5
      vertex -6.12716 -1.20884 5
    endloop
  endfacet
  facet normal 0.113068 0.993587 0
    outer loop
      vertex -6.14825 -1.20644 5
      vertex -6.12716 -1.20884 -5
      vertex -6.14825 -1.20644 -5
    endloop
  endfacet
  facet normal -0.00894924 -0.99996 0
    outer loop
      vertex -6 1.21751 -5
      vertex -5.97877 1.21732 5
      vertex -6 1.21751 5
    endloop
  endfacet
  facet normal -0.00894924 -0.99996 -0
    outer loop
      vertex -5.97877 1.21732 5
      vertex -6 1.21751 -5
      vertex -5.97877 1.21732 -5
    endloop
  endfacet
  facet normal 0.998124 0.0612271 0
    outer loop
      vertex -7.21354 -0.0838589 5
      vertex -7.21484 -0.0626663 -5
      vertex -7.21484 -0.0626663 5
    endloop
  endfacet
  facet normal 0.998124 0.0612271 0
    outer loop
      vertex -7.21484 -0.0626663 -5
      vertex -7.21354 -0.0838589 5
      vertex -7.21354 -0.0838589 -5
    endloop
  endfacet
  facet normal -0.477102 -0.878848 0
    outer loop
      vertex -5.42889 1.07511 -5
      vertex -5.41023 1.06498 5
      vertex -5.42889 1.07511 5
    endloop
  endfacet
  facet normal -0.477102 -0.878848 -0
    outer loop
      vertex -5.41023 1.06498 5
      vertex -5.42889 1.07511 -5
      vertex -5.41023 1.06498 -5
    endloop
  endfacet
  facet normal 0.461664 -0.887055 0
    outer loop
      vertex -6.57111 1.07511 -5
      vertex -6.55228 1.08491 5
      vertex -6.57111 1.07511 5
    endloop
  endfacet
  facet normal 0.461664 -0.887055 0
    outer loop
      vertex -6.55228 1.08491 5
      vertex -6.57111 1.07511 -5
      vertex -6.55228 1.08491 -5
    endloop
  endfacet
  facet normal 0.199646 0.979868 -0
    outer loop
      vertex -6.23212 -1.19316 -5
      vertex -6.25293 -1.18892 5
      vertex -6.23212 -1.19316 5
    endloop
  endfacet
  facet normal 0.199646 0.979868 0
    outer loop
      vertex -6.25293 -1.18892 5
      vertex -6.23212 -1.19316 -5
      vertex -6.25293 -1.18892 -5
    endloop
  endfacet
  facet normal 0.998124 -0.0612271 0
    outer loop
      vertex -7.21484 0.0646663 5
      vertex -7.21354 0.0858589 -5
      vertex -7.21354 0.0858589 5
    endloop
  endfacet
  facet normal 0.998124 -0.0612271 0
    outer loop
      vertex -7.21354 0.0858589 -5
      vertex -7.21484 0.0646663 5
      vertex -7.21484 0.0646663 -5
    endloop
  endfacet
  facet normal 0.36692 0.930253 -0
    outer loop
      vertex -6.43596 -1.13471 -5
      vertex -6.45571 -1.12692 5
      vertex -6.43596 -1.13471 5
    endloop
  endfacet
  facet normal 0.36692 0.930253 0
    outer loop
      vertex -6.45571 -1.12692 5
      vertex -6.43596 -1.13471 -5
      vertex -6.45571 -1.12692 -5
    endloop
  endfacet
  facet normal 0.90259 0.4305 0
    outer loop
      vertex -7.09339 -0.53228 5
      vertex -7.10253 -0.513117 -5
      vertex -7.10253 -0.513117 5
    endloop
  endfacet
  facet normal 0.90259 0.4305 0
    outer loop
      vertex -7.10253 -0.513117 -5
      vertex -7.09339 -0.53228 5
      vertex -7.09339 -0.53228 -5
    endloop
  endfacet
  facet normal 0.507555 -0.861619 0
    outer loop
      vertex -6.62655 1.04375 -5
      vertex -6.60825 1.05453 5
      vertex -6.62655 1.04375 5
    endloop
  endfacet
  facet normal 0.507555 -0.861619 0
    outer loop
      vertex -6.60825 1.05453 5
      vertex -6.62655 1.04375 -5
      vertex -6.60825 1.05453 -5
    endloop
  endfacet
  facet normal -0.594788 -0.803882 0
    outer loop
      vertex -5.28496 0.985174 -5
      vertex -5.26789 0.972544 5
      vertex -5.28496 0.985174 5
    endloop
  endfacet
  facet normal -0.594788 -0.803882 -0
    outer loop
      vertex -5.26789 0.972544 5
      vertex -5.28496 0.985174 -5
      vertex -5.26789 0.972544 -5
    endloop
  endfacet
  facet normal 0.522441 0.852676 -0
    outer loop
      vertex -6.62655 -1.04175 -5
      vertex -6.64465 -1.03066 5
      vertex -6.62655 -1.04175 5
    endloop
  endfacet
  facet normal 0.522441 0.852676 0
    outer loop
      vertex -6.64465 -1.03066 5
      vertex -6.62655 -1.04175 -5
      vertex -6.64465 -1.03066 -5
    endloop
  endfacet
  facet normal 0.430555 0.902564 -0
    outer loop
      vertex -6.51412 -1.10153 -5
      vertex -6.53328 -1.09239 5
      vertex -6.51412 -1.10153 5
    endloop
  endfacet
  facet normal 0.430555 0.902564 0
    outer loop
      vertex -6.53328 -1.09239 5
      vertex -6.51412 -1.10153 -5
      vertex -6.53328 -1.09239 -5
    endloop
  endfacet
  facet normal 0.916995 0.398898 0
    outer loop
      vertex -7.11133 -0.493798 5
      vertex -7.1198 -0.474327 -5
      vertex -7.1198 -0.474327 5
    endloop
  endfacet
  facet normal 0.916995 0.398898 0
    outer loop
      vertex -7.1198 -0.474327 -5
      vertex -7.11133 -0.493798 5
      vertex -7.11133 -0.493798 -5
    endloop
  endfacet
  facet normal 0.803832 0.594856 0
    outer loop
      vertex -6.97154 -0.731111 5
      vertex -6.98417 -0.714044 -5
      vertex -6.98417 -0.714044 5
    endloop
  endfacet
  facet normal 0.803832 0.594856 0
    outer loop
      vertex -6.98417 -0.714044 -5
      vertex -6.97154 -0.731111 5
      vertex -6.97154 -0.731111 -5
    endloop
  endfacet
  facet normal -0.216282 -0.976331 0
    outer loop
      vertex -5.74707 1.19092 -5
      vertex -5.72635 1.18633 5
      vertex -5.74707 1.19092 5
    endloop
  endfacet
  facet normal -0.216282 -0.976331 -0
    outer loop
      vertex -5.72635 1.18633 5
      vertex -5.74707 1.19092 -5
      vertex -5.72635 1.18633 -5
    endloop
  endfacet
  facet normal 0.537302 -0.84339 0
    outer loop
      vertex -6.66256 1.02125 -5
      vertex -6.64465 1.03266 5
      vertex -6.66256 1.02125 5
    endloop
  endfacet
  facet normal 0.537302 -0.84339 0
    outer loop
      vertex -6.64465 1.03266 5
      vertex -6.66256 1.02125 -5
      vertex -6.64465 1.03266 -5
    endloop
  endfacet
  facet normal -0.199646 0.979868 0
    outer loop
      vertex -5.74707 -1.18892 -5
      vertex -5.76788 -1.19316 5
      vertex -5.74707 -1.18892 5
    endloop
  endfacet
  facet normal -0.199646 0.979868 0
    outer loop
      vertex -5.76788 -1.19316 5
      vertex -5.74707 -1.18892 -5
      vertex -5.76788 -1.19316 -5
    endloop
  endfacet
  facet normal -0.6086 0.793477 0
    outer loop
      vertex -5.25104 -0.95762 -5
      vertex -5.26789 -0.970544 5
      vertex -5.25104 -0.95762 5
    endloop
  endfacet
  facet normal -0.6086 0.793477 0
    outer loop
      vertex -5.26789 -0.970544 5
      vertex -5.25104 -0.95762 -5
      vertex -5.26789 -0.970544 -5
    endloop
  endfacet
  facet normal -0.283976 -0.958831 0
    outer loop
      vertex -5.66469 1.17038 -5
      vertex -5.64433 1.16435 5
      vertex -5.66469 1.17038 5
    endloop
  endfacet
  facet normal -0.283976 -0.958831 -0
    outer loop
      vertex -5.64433 1.16435 5
      vertex -5.66469 1.17038 -5
      vertex -5.64433 1.16435 -5
    endloop
  endfacet
  facet normal 0.771743 0.635935 0
    outer loop
      vertex -6.9319 -0.780955 5
      vertex -6.9454 -0.764572 -5
      vertex -6.9454 -0.764572 5
    endloop
  endfacet
  facet normal 0.771743 0.635935 0
    outer loop
      vertex -6.9454 -0.764572 -5
      vertex -6.9319 -0.780955 5
      vertex -6.9319 -0.780955 -5
    endloop
  endfacet
  facet normal 0.566393 0.824135 -0
    outer loop
      vertex -6.68026 -1.00753 -5
      vertex -6.69776 -0.995503 5
      vertex -6.68026 -1.00753 5
    endloop
  endfacet
  facet normal 0.566393 0.824135 0
    outer loop
      vertex -6.69776 -0.995503 5
      vertex -6.68026 -1.00753 -5
      vertex -6.69776 -0.995503 -5
    endloop
  endfacet
  facet normal -0.870264 0.492585 0
    outer loop
      vertex -4.94648 -0.607253 -5
      vertex -4.93602 -0.588773 5
      vertex -4.93602 -0.588773 -5
    endloop
  endfacet
  facet normal -0.870264 0.492585 0
    outer loop
      vertex -4.93602 -0.588773 5
      vertex -4.94648 -0.607253 -5
      vertex -4.94648 -0.607253 5
    endloop
  endfacet
  facet normal -0.199646 -0.979868 0
    outer loop
      vertex -5.76788 1.19516 -5
      vertex -5.74707 1.19092 5
      vertex -5.76788 1.19516 5
    endloop
  endfacet
  facet normal -0.199646 -0.979868 -0
    outer loop
      vertex -5.74707 1.19092 5
      vertex -5.76788 1.19516 -5
      vertex -5.74707 1.19092 -5
    endloop
  endfacet
  facet normal -0.999652 0.026376 0
    outer loop
      vertex -4.78424 -0.0414547 -5
      vertex -4.78368 -0.0202307 5
      vertex -4.78368 -0.0202307 -5
    endloop
  endfacet
  facet normal -0.999652 0.026376 0
    outer loop
      vertex -4.78368 -0.0202307 5
      vertex -4.78424 -0.0414547 -5
      vertex -4.78424 -0.0414547 5
    endloop
  endfacet
  facet normal -0.00894924 0.99996 0
    outer loop
      vertex -5.97877 -1.21532 -5
      vertex -6 -1.21551 5
      vertex -5.97877 -1.21532 5
    endloop
  endfacet
  facet normal -0.00894924 0.99996 0
    outer loop
      vertex -6 -1.21551 5
      vertex -5.97877 -1.21532 -5
      vertex -6 -1.21551 -5
    endloop
  endfacet
  facet normal 0.972332 0.233605 0
    outer loop
      vertex -7.18037 -0.293299 5
      vertex -7.18533 -0.272654 -5
      vertex -7.18533 -0.272654 5
    endloop
  endfacet
  facet normal 0.972332 0.233605 0
    outer loop
      vertex -7.18533 -0.272654 -5
      vertex -7.18037 -0.293299 5
      vertex -7.18037 -0.293299 -5
    endloop
  endfacet
  facet normal -0.649301 0.760532 0
    outer loop
      vertex -5.2019 -0.917109 -5
      vertex -5.21805 -0.930897 5
      vertex -5.2019 -0.917109 5
    endloop
  endfacet
  facet normal -0.649301 0.760532 0
    outer loop
      vertex -5.21805 -0.930897 5
      vertex -5.2019 -0.917109 -5
      vertex -5.21805 -0.930897 -5
    endloop
  endfacet
  facet normal 0.594788 -0.803882 0
    outer loop
      vertex -6.73211 0.972544 -5
      vertex -6.71504 0.985174 5
      vertex -6.73211 0.972544 5
    endloop
  endfacet
  facet normal 0.594788 -0.803882 0
    outer loop
      vertex -6.71504 0.985174 5
      vertex -6.73211 0.972544 -5
      vertex -6.71504 0.985174 -5
    endloop
  endfacet
  facet normal -0.852701 -0.522399 0
    outer loop
      vertex -4.95725 0.627547 -5
      vertex -4.96834 0.645649 5
      vertex -4.96834 0.645649 -5
    endloop
  endfacet
  facet normal -0.852701 -0.522399 0
    outer loop
      vertex -4.96834 0.645649 5
      vertex -4.95725 0.627547 -5
      vertex -4.95725 0.627547 5
    endloop
  endfacet
  facet normal -0.566393 -0.824135 0
    outer loop
      vertex -5.31974 1.00953 -5
      vertex -5.30224 0.997503 5
      vertex -5.31974 1.00953 5
    endloop
  endfacet
  facet normal -0.566393 -0.824135 -0
    outer loop
      vertex -5.30224 0.997503 5
      vertex -5.31974 1.00953 -5
      vertex -5.30224 0.997503 -5
    endloop
  endfacet
  facet normal -0.233551 -0.972345 0
    outer loop
      vertex -5.72635 1.18633 -5
      vertex -5.7057 1.18137 5
      vertex -5.72635 1.18633 5
    endloop
  endfacet
  facet normal -0.233551 -0.972345 -0
    outer loop
      vertex -5.7057 1.18137 5
      vertex -5.72635 1.18633 -5
      vertex -5.7057 1.18137 -5
    endloop
  endfacet
  facet normal 0.0437845 -0.999041 0
    outer loop
      vertex -6.06367 1.21584 -5
      vertex -6.04245 1.21677 5
      vertex -6.06367 1.21584 5
    endloop
  endfacet
  facet normal 0.0437845 -0.999041 0
    outer loop
      vertex -6.04245 1.21677 5
      vertex -6.06367 1.21584 -5
      vertex -6.04245 1.21677 -5
    endloop
  endfacet
  facet normal 0.00894924 -0.99996 0
    outer loop
      vertex -6.02123 1.21732 -5
      vertex -6 1.21751 5
      vertex -6.02123 1.21732 5
    endloop
  endfacet
  facet normal 0.00894924 -0.99996 0
    outer loop
      vertex -6 1.21751 5
      vertex -6.02123 1.21732 -5
      vertex -6 1.21751 -5
    endloop
  endfacet
  facet normal -0.887095 0.461587 0
    outer loop
      vertex -4.92589 -0.570115 -5
      vertex -4.91609 -0.551281 5
      vertex -4.91609 -0.551281 -5
    endloop
  endfacet
  facet normal -0.887095 0.461587 0
    outer loop
      vertex -4.91609 -0.551281 5
      vertex -4.92589 -0.570115 -5
      vertex -4.92589 -0.570115 5
    endloop
  endfacet
  facet normal -0.991453 0.130461 0
    outer loop
      vertex -4.79533 -0.168305 -5
      vertex -4.79256 -0.147254 5
      vertex -4.79256 -0.147254 -5
    endloop
  endfacet
  facet normal -0.991453 0.130461 0
    outer loop
      vertex -4.79256 -0.147254 5
      vertex -4.79533 -0.168305 -5
      vertex -4.79533 -0.168305 5
    endloop
  endfacet
  facet normal 0.026381 0.999652 -0
    outer loop
      vertex -6.02123 -1.21532 -5
      vertex -6.04245 -1.21476 5
      vertex -6.02123 -1.21532 5
    endloop
  endfacet
  facet normal 0.026381 0.999652 0
    outer loop
      vertex -6.04245 -1.21476 5
      vertex -6.02123 -1.21532 -5
      vertex -6.04245 -1.21476 -5
    endloop
  endfacet
  facet normal -0.233551 0.972345 0
    outer loop
      vertex -5.7057 -1.17937 -5
      vertex -5.72635 -1.18433 5
      vertex -5.7057 -1.17937 5
    endloop
  endfacet
  facet normal -0.233551 0.972345 0
    outer loop
      vertex -5.72635 -1.18433 5
      vertex -5.7057 -1.17937 -5
      vertex -5.72635 -1.18433 -5
    endloop
  endfacet
  facet normal 0.995374 0.0960803 0
    outer loop
      vertex -7.20984 -0.126159 5
      vertex -7.21188 -0.105025 -5
      vertex -7.21188 -0.105025 5
    endloop
  endfacet
  facet normal 0.995374 0.0960803 0
    outer loop
      vertex -7.21188 -0.105025 -5
      vertex -7.20984 -0.126159 5
      vertex -7.20984 -0.126159 -5
    endloop
  endfacet
  facet normal 0.90259 -0.4305 0
    outer loop
      vertex -7.10253 0.515117 5
      vertex -7.09339 0.53428 -5
      vertex -7.09339 0.53428 5
    endloop
  endfacet
  facet normal 0.90259 -0.4305 0
    outer loop
      vertex -7.09339 0.53428 -5
      vertex -7.10253 0.515117 5
      vertex -7.10253 0.515117 -5
    endloop
  endfacet
  facet normal 0.00894924 0.99996 -0
    outer loop
      vertex -6 -1.21551 -5
      vertex -6.02123 -1.21532 5
      vertex -6 -1.21551 5
    endloop
  endfacet
  facet normal 0.00894924 0.99996 0
    outer loop
      vertex -6.02123 -1.21532 5
      vertex -6 -1.21551 -5
      vertex -6.02123 -1.21532 -5
    endloop
  endfacet
  facet normal 0.6086 0.793477 -0
    outer loop
      vertex -6.73211 -0.970544 -5
      vertex -6.74896 -0.95762 5
      vertex -6.73211 -0.970544 5
    endloop
  endfacet
  facet normal 0.6086 0.793477 0
    outer loop
      vertex -6.74896 -0.95762 5
      vertex -6.73211 -0.970544 -5
      vertex -6.74896 -0.95762 -5
    endloop
  endfacet
  facet normal 0.181786 0.983338 -0
    outer loop
      vertex -6.21124 -1.19702 -5
      vertex -6.23212 -1.19316 5
      vertex -6.21124 -1.19702 5
    endloop
  endfacet
  facet normal 0.181786 0.983338 0
    outer loop
      vertex -6.23212 -1.19316 5
      vertex -6.21124 -1.19702 -5
      vertex -6.23212 -1.19316 -5
    endloop
  endfacet
  facet normal -0.216282 0.976331 0
    outer loop
      vertex -5.72635 -1.18433 -5
      vertex -5.74707 -1.18892 5
      vertex -5.72635 -1.18433 5
    endloop
  endfacet
  facet normal -0.216282 0.976331 0
    outer loop
      vertex -5.74707 -1.18892 5
      vertex -5.72635 -1.18433 -5
      vertex -5.74707 -1.18892 -5
    endloop
  endfacet
  facet normal -0.995374 0.0960803 0
    outer loop
      vertex -4.79016 -0.126159 -5
      vertex -4.78812 -0.105025 5
      vertex -4.78812 -0.105025 -5
    endloop
  endfacet
  facet normal -0.995374 0.0960803 0
    outer loop
      vertex -4.78812 -0.105025 5
      vertex -4.79016 -0.126159 -5
      vertex -4.79016 -0.126159 5
    endloop
  endfacet
  facet normal -0.910035 0.41453 0
    outer loop
      vertex -4.89747 -0.513117 -5
      vertex -4.88867 -0.493798 5
      vertex -4.88867 -0.493798 -5
    endloop
  endfacet
  facet normal -0.910035 0.41453 0
    outer loop
      vertex -4.88867 -0.493798 5
      vertex -4.89747 -0.513117 -5
      vertex -4.89747 -0.513117 5
    endloop
  endfacet
  facet normal 0.930278 0.366856 0
    outer loop
      vertex -7.12792 -0.45471 5
      vertex -7.13571 -0.434956 -5
      vertex -7.13571 -0.434956 5
    endloop
  endfacet
  facet normal 0.930278 0.366856 0
    outer loop
      vertex -7.13571 -0.434956 -5
      vertex -7.12792 -0.45471 5
      vertex -7.12792 -0.45471 -5
    endloop
  endfacet
  facet normal 0.14788 0.989005 -0
    outer loop
      vertex -6.1693 -1.20367 -5
      vertex -6.1903 -1.20053 5
      vertex -6.1693 -1.20367 5
    endloop
  endfacet
  facet normal 0.14788 0.989005 0
    outer loop
      vertex -6.1903 -1.20053 5
      vertex -6.1693 -1.20367 -5
      vertex -6.1903 -1.20053 -5
    endloop
  endfacet
  facet normal 0.6086 -0.793477 0
    outer loop
      vertex -6.74896 0.95962 -5
      vertex -6.73211 0.972544 5
      vertex -6.74896 0.95962 5
    endloop
  endfacet
  facet normal 0.6086 -0.793477 0
    outer loop
      vertex -6.73211 0.972544 5
      vertex -6.74896 0.95962 -5
      vertex -6.73211 0.972544 -5
    endloop
  endfacet
  facet normal -0.580806 0.814042 0
    outer loop
      vertex -5.28496 -0.983174 -5
      vertex -5.30224 -0.995503 5
      vertex -5.28496 -0.983174 5
    endloop
  endfacet
  facet normal -0.580806 0.814042 0
    outer loop
      vertex -5.30224 -0.995503 5
      vertex -5.28496 -0.983174 -5
      vertex -5.30224 -0.995503 -5
    endloop
  endfacet
  facet normal -0.477102 0.878848 0
    outer loop
      vertex -5.41023 -1.06298 -5
      vertex -5.42889 -1.07311 5
      vertex -5.41023 -1.06298 5
    endloop
  endfacet
  facet normal -0.477102 0.878848 0
    outer loop
      vertex -5.42889 -1.07311 5
      vertex -5.41023 -1.06298 -5
      vertex -5.42889 -1.07311 -5
    endloop
  endfacet
  facet normal -0.942602 0.333919 0
    outer loop
      vertex -4.85686 -0.415069 -5
      vertex -4.84977 -0.395055 5
      vertex -4.84977 -0.395055 -5
    endloop
  endfacet
  facet normal -0.942602 0.333919 0
    outer loop
      vertex -4.84977 -0.395055 5
      vertex -4.85686 -0.415069 -5
      vertex -4.85686 -0.415069 5
    endloop
  endfacet
  facet normal -0.14788 0.989005 0
    outer loop
      vertex -5.8097 -1.20053 -5
      vertex -5.8307 -1.20367 5
      vertex -5.8097 -1.20053 5
    endloop
  endfacet
  facet normal -0.14788 0.989005 0
    outer loop
      vertex -5.8307 -1.20367 5
      vertex -5.8097 -1.20053 -5
      vertex -5.8307 -1.20367 -5
    endloop
  endfacet
  facet normal -0.522441 0.852676 0
    outer loop
      vertex -5.35535 -1.03066 -5
      vertex -5.37345 -1.04175 5
      vertex -5.35535 -1.03066 5
    endloop
  endfacet
  facet normal -0.522441 0.852676 0
    outer loop
      vertex -5.37345 -1.04175 5
      vertex -5.35535 -1.03066 -5
      vertex -5.37345 -1.04175 -5
    endloop
  endfacet
  facet normal 0.461664 0.887055 -0
    outer loop
      vertex -6.55228 -1.08291 -5
      vertex -6.57111 -1.07311 5
      vertex -6.55228 -1.08291 5
    endloop
  endfacet
  facet normal 0.461664 0.887055 0
    outer loop
      vertex -6.57111 -1.07311 5
      vertex -6.55228 -1.08291 -5
      vertex -6.57111 -1.07311 -5
    endloop
  endfacet
  facet normal -0.701004 -0.713157 0
    outer loop
      vertex -5.15494 0.876081 -5
      vertex -5.1398 0.861199 5
      vertex -5.15494 0.876081 5
    endloop
  endfacet
  facet normal -0.701004 -0.713157 -0
    outer loop
      vertex -5.1398 0.861199 5
      vertex -5.15494 0.876081 -5
      vertex -5.1398 0.861199 -5
    endloop
  endfacet
  facet normal 0.986242 0.165308 0
    outer loop
      vertex -7.19802 -0.210244 5
      vertex -7.20153 -0.189303 -5
      vertex -7.20153 -0.189303 5
    endloop
  endfacet
  facet normal 0.986242 0.165308 0
    outer loop
      vertex -7.20153 -0.189303 -5
      vertex -7.19802 -0.210244 5
      vertex -7.19802 -0.210244 -5
    endloop
  endfacet
  facet normal -0.760386 0.649472 0
    outer loop
      vertex -5.08189 -0.7971 -5
      vertex -5.0681 -0.780955 5
      vertex -5.0681 -0.780955 -5
    endloop
  endfacet
  facet normal -0.760386 0.649472 0
    outer loop
      vertex -5.0681 -0.780955 5
      vertex -5.08189 -0.7971 -5
      vertex -5.08189 -0.7971 5
    endloop
  endfacet
  facet normal 0.782538 0.622602 0
    outer loop
      vertex -6.9454 -0.764572 5
      vertex -6.95862 -0.747956 -5
      vertex -6.95862 -0.747956 5
    endloop
  endfacet
  facet normal 0.782538 0.622602 0
    outer loop
      vertex -6.95862 -0.747956 -5
      vertex -6.9454 -0.764572 5
      vertex -6.9454 -0.764572 -5
    endloop
  endfacet
  facet normal -0.3005 0.953782 0
    outer loop
      vertex -5.62408 -1.15597 -5
      vertex -5.64433 -1.16235 5
      vertex -5.62408 -1.15597 5
    endloop
  endfacet
  facet normal -0.3005 0.953782 0
    outer loop
      vertex -5.64433 -1.16235 5
      vertex -5.62408 -1.15597 -5
      vertex -5.64433 -1.16235 -5
    endloop
  endfacet
  facet normal -0.283976 0.958831 0
    outer loop
      vertex -5.64433 -1.16235 -5
      vertex -5.66469 -1.16838 5
      vertex -5.64433 -1.16235 5
    endloop
  endfacet
  facet normal -0.283976 0.958831 0
    outer loop
      vertex -5.66469 -1.16838 5
      vertex -5.64433 -1.16235 -5
      vertex -5.66469 -1.16838 -5
    endloop
  endfacet
  facet normal 0.991453 0.130461 0
    outer loop
      vertex -7.20467 -0.168305 5
      vertex -7.20744 -0.147254 -5
      vertex -7.20744 -0.147254 5
    endloop
  endfacet
  facet normal 0.991453 0.130461 0
    outer loop
      vertex -7.20744 -0.147254 -5
      vertex -7.20467 -0.168305 5
      vertex -7.20467 -0.168305 -5
    endloop
  endfacet
  facet normal -0.507555 -0.861619 0
    outer loop
      vertex -5.39175 1.05453 -5
      vertex -5.37345 1.04375 5
      vertex -5.39175 1.05453 5
    endloop
  endfacet
  facet normal -0.507555 -0.861619 -0
    outer loop
      vertex -5.37345 1.04375 5
      vertex -5.39175 1.05453 -5
      vertex -5.37345 1.04375 -5
    endloop
  endfacet
  facet normal 0.833857 -0.55198 0
    outer loop
      vertex -7.02025 0.663557 5
      vertex -7.00853 0.681262 -5
      vertex -7.00853 0.681262 5
    endloop
  endfacet
  facet normal 0.833857 -0.55198 0
    outer loop
      vertex -7.00853 0.681262 -5
      vertex -7.02025 0.663557 5
      vertex -7.02025 0.663557 -5
    endloop
  endfacet
  facet normal -0.130467 -0.991453 0
    outer loop
      vertex -5.85175 1.20844 -5
      vertex -5.8307 1.20567 5
      vertex -5.85175 1.20844 5
    endloop
  endfacet
  facet normal -0.130467 -0.991453 -0
    outer loop
      vertex -5.8307 1.20567 5
      vertex -5.85175 1.20844 -5
      vertex -5.8307 1.20567 -5
    endloop
  endfacet
  facet normal -0.833857 0.55198 0
    outer loop
      vertex -4.99147 -0.679262 -5
      vertex -4.97975 -0.661557 5
      vertex -4.97975 -0.661557 -5
    endloop
  endfacet
  facet normal -0.833857 0.55198 0
    outer loop
      vertex -4.97975 -0.661557 5
      vertex -4.99147 -0.679262 -5
      vertex -4.99147 -0.679262 5
    endloop
  endfacet
  facet normal -0.14788 -0.989005 0
    outer loop
      vertex -5.8307 1.20567 -5
      vertex -5.8097 1.20253 5
      vertex -5.8307 1.20567 5
    endloop
  endfacet
  facet normal -0.14788 -0.989005 -0
    outer loop
      vertex -5.8097 1.20253 5
      vertex -5.8307 1.20567 -5
      vertex -5.8097 1.20253 -5
    endloop
  endfacet
  facet normal 0.580806 0.814042 -0
    outer loop
      vertex -6.69776 -0.995503 -5
      vertex -6.71504 -0.983174 5
      vertex -6.69776 -0.995503 5
    endloop
  endfacet
  facet normal 0.580806 0.814042 0
    outer loop
      vertex -6.71504 -0.983174 5
      vertex -6.69776 -0.995503 -5
      vertex -6.71504 -0.983174 -5
    endloop
  endfacet
  facet normal -0.713274 -0.700886 0
    outer loop
      vertex -5.12492 0.846056 -5
      vertex -5.1398 0.861199 5
      vertex -5.1398 0.861199 -5
    endloop
  endfacet
  facet normal -0.713274 -0.700886 0
    outer loop
      vertex -5.1398 0.861199 5
      vertex -5.12492 0.846056 -5
      vertex -5.12492 0.846056 5
    endloop
  endfacet
  facet normal 0.861753 0.507329 0
    outer loop
      vertex -7.04275 -0.625547 5
      vertex -7.05352 -0.607253 -5
      vertex -7.05352 -0.607253 5
    endloop
  endfacet
  facet normal 0.861753 0.507329 0
    outer loop
      vertex -7.05352 -0.607253 -5
      vertex -7.04275 -0.625547 5
      vertex -7.04275 -0.625547 -5
    endloop
  endfacet
  facet normal 0.382407 0.923994 -0
    outer loop
      vertex -6.45571 -1.12692 -5
      vertex -6.47533 -1.1188 5
      vertex -6.45571 -1.12692 5
    endloop
  endfacet
  facet normal 0.382407 0.923994 0
    outer loop
      vertex -6.47533 -1.1188 5
      vertex -6.45571 -1.12692 -5
      vertex -6.47533 -1.1188 -5
    endloop
  endfacet
  facet normal -0.771743 -0.635935 0
    outer loop
      vertex -5.0546 0.766572 -5
      vertex -5.0681 0.782955 5
      vertex -5.0681 0.782955 -5
    endloop
  endfacet
  facet normal -0.771743 -0.635935 0
    outer loop
      vertex -5.0681 0.782955 5
      vertex -5.0546 0.766572 -5
      vertex -5.0546 0.766572 5
    endloop
  endfacet
  facet normal 0.887095 -0.461587 0
    outer loop
      vertex -7.08391 0.553281 5
      vertex -7.07411 0.572115 -5
      vertex -7.07411 0.572115 5
    endloop
  endfacet
  facet normal 0.887095 -0.461587 0
    outer loop
      vertex -7.07411 0.572115 -5
      vertex -7.08391 0.553281 5
      vertex -7.08391 0.553281 -5
    endloop
  endfacet
  facet normal -0.936756 -0.349982 0
    outer loop
      vertex -4.85686 0.417069 -5
      vertex -4.86429 0.436956 5
      vertex -4.86429 0.436956 -5
    endloop
  endfacet
  facet normal -0.936756 -0.349982 0
    outer loop
      vertex -4.86429 0.436956 5
      vertex -4.85686 0.417069 -5
      vertex -4.85686 0.417069 5
    endloop
  endfacet
  facet normal 0.622682 -0.782475 0
    outer loop
      vertex -6.76557 0.946402 -5
      vertex -6.74896 0.95962 5
      vertex -6.76557 0.946402 5
    endloop
  endfacet
  facet normal 0.622682 -0.782475 0
    outer loop
      vertex -6.74896 0.95962 5
      vertex -6.76557 0.946402 -5
      vertex -6.74896 0.95962 -5
    endloop
  endfacet
  facet normal 0.233551 0.972345 -0
    outer loop
      vertex -6.27365 -1.18433 -5
      vertex -6.2943 -1.17937 5
      vertex -6.27365 -1.18433 5
    endloop
  endfacet
  facet normal 0.233551 0.972345 0
    outer loop
      vertex -6.2943 -1.17937 5
      vertex -6.27365 -1.18433 -5
      vertex -6.2943 -1.17937 -5
    endloop
  endfacet
  facet normal 0.989003 0.147894 0
    outer loop
      vertex -7.20153 -0.189303 5
      vertex -7.20467 -0.168305 -5
      vertex -7.20467 -0.168305 5
    endloop
  endfacet
  facet normal 0.989003 0.147894 0
    outer loop
      vertex -7.20467 -0.168305 -5
      vertex -7.20153 -0.189303 5
      vertex -7.20153 -0.189303 -5
    endloop
  endfacet
  facet normal 0.748909 -0.662672 0
    outer loop
      vertex -6.91811 0.7991 5
      vertex -6.90404 0.815001 -5
      vertex -6.90404 0.815001 5
    endloop
  endfacet
  facet normal 0.748909 -0.662672 0
    outer loop
      vertex -6.90404 0.815001 -5
      vertex -6.91811 0.7991 5
      vertex -6.91811 0.7991 -5
    endloop
  endfacet
  facet normal 0.923973 -0.382457 0
    outer loop
      vertex -7.12792 0.45671 5
      vertex -7.1198 0.476327 -5
      vertex -7.1198 0.476327 5
    endloop
  endfacet
  facet normal 0.923973 -0.382457 0
    outer loop
      vertex -7.1198 0.476327 -5
      vertex -7.12792 0.45671 5
      vertex -7.12792 0.45671 -5
    endloop
  endfacet
  facet normal 0.414513 0.910044 -0
    outer loop
      vertex -6.4948 -1.11033 -5
      vertex -6.51412 -1.10153 5
      vertex -6.4948 -1.11033 5
    endloop
  endfacet
  facet normal 0.414513 0.910044 0
    outer loop
      vertex -6.51412 -1.10153 5
      vertex -6.4948 -1.11033 -5
      vertex -6.51412 -1.10153 -5
    endloop
  endfacet
  facet normal 0.725257 0.688478 0
    outer loop
      vertex -6.87508 -0.844056 5
      vertex -6.8897 -0.828655 -5
      vertex -6.8897 -0.828655 5
    endloop
  endfacet
  facet normal 0.725257 0.688478 0
    outer loop
      vertex -6.8897 -0.828655 -5
      vertex -6.87508 -0.844056 5
      vertex -6.87508 -0.844056 -5
    endloop
  endfacet
  facet normal -0.522441 -0.852676 0
    outer loop
      vertex -5.37345 1.04375 -5
      vertex -5.35535 1.03266 5
      vertex -5.37345 1.04375 5
    endloop
  endfacet
  facet normal -0.522441 -0.852676 -0
    outer loop
      vertex -5.35535 1.03266 5
      vertex -5.37345 1.04375 -5
      vertex -5.35535 1.03266 -5
    endloop
  endfacet
  facet normal 0.737377 0.675481 0
    outer loop
      vertex -6.8897 -0.828655 5
      vertex -6.90404 -0.813001 -5
      vertex -6.90404 -0.813001 5
    endloop
  endfacet
  facet normal 0.737377 0.675481 0
    outer loop
      vertex -6.90404 -0.813001 -5
      vertex -6.8897 -0.828655 5
      vertex -6.8897 -0.828655 -5
    endloop
  endfacet
  facet normal 0.267061 -0.96368 0
    outer loop
      vertex -6.33531 1.17038 -5
      vertex -6.31485 1.17605 5
      vertex -6.33531 1.17038 5
    endloop
  endfacet
  facet normal 0.267061 -0.96368 0
    outer loop
      vertex -6.31485 1.17605 5
      vertex -6.33531 1.17038 -5
      vertex -6.31485 1.17605 -5
    endloop
  endfacet
  facet normal -0.803832 -0.594856 0
    outer loop
      vertex -5.01583 0.716044 -5
      vertex -5.02846 0.733111 5
      vertex -5.02846 0.733111 -5
    endloop
  endfacet
  facet normal -0.803832 -0.594856 0
    outer loop
      vertex -5.02846 0.733111 5
      vertex -5.01583 0.716044 -5
      vertex -5.01583 0.716044 5
    endloop
  endfacet
  facet normal -0.824024 0.566555 0
    outer loop
      vertex -5.0035 -0.696759 -5
      vertex -4.99147 -0.679262 5
      vertex -4.99147 -0.679262 -5
    endloop
  endfacet
  facet normal -0.824024 0.566555 0
    outer loop
      vertex -4.99147 -0.679262 5
      vertex -5.0035 -0.696759 -5
      vertex -5.0035 -0.696759 5
    endloop
  endfacet
  facet normal 0.958824 0.284002 0
    outer loop
      vertex -7.16335 -0.354672 5
      vertex -7.16938 -0.334314 -5
      vertex -7.16938 -0.334314 5
    endloop
  endfacet
  facet normal 0.958824 0.284002 0
    outer loop
      vertex -7.16938 -0.334314 -5
      vertex -7.16335 -0.354672 5
      vertex -7.16335 -0.354672 -5
    endloop
  endfacet
  facet normal 0.963676 0.267073 0
    outer loop
      vertex -7.16938 -0.334314 5
      vertex -7.17505 -0.313855 -5
      vertex -7.17505 -0.313855 5
    endloop
  endfacet
  facet normal 0.963676 0.267073 0
    outer loop
      vertex -7.17505 -0.313855 -5
      vertex -7.16938 -0.334314 5
      vertex -7.16938 -0.334314 -5
    endloop
  endfacet
  facet normal 0.942602 -0.333919 0
    outer loop
      vertex -7.15023 0.397055 5
      vertex -7.14314 0.417069 -5
      vertex -7.14314 0.417069 5
    endloop
  endfacet
  facet normal 0.942602 -0.333919 0
    outer loop
      vertex -7.14314 0.417069 -5
      vertex -7.15023 0.397055 5
      vertex -7.15023 0.397055 -5
    endloop
  endfacet
  facet normal 0.942602 0.333919 0
    outer loop
      vertex -7.14314 -0.415069 5
      vertex -7.15023 -0.395055 -5
      vertex -7.15023 -0.395055 5
    endloop
  endfacet
  facet normal 0.942602 0.333919 0
    outer loop
      vertex -7.15023 -0.395055 -5
      vertex -7.14314 -0.415069 5
      vertex -7.14314 -0.415069 -5
    endloop
  endfacet
  facet normal -0.165315 -0.986241 0
    outer loop
      vertex -5.8097 1.20253 -5
      vertex -5.78876 1.19902 5
      vertex -5.8097 1.20253 5
    endloop
  endfacet
  facet normal -0.165315 -0.986241 -0
    outer loop
      vertex -5.78876 1.19902 5
      vertex -5.8097 1.20253 -5
      vertex -5.78876 1.19902 -5
    endloop
  endfacet
  facet normal -0.948282 -0.317428 0
    outer loop
      vertex -4.84303 0.37692 -5
      vertex -4.84977 0.397055 5
      vertex -4.84977 0.397055 -5
    endloop
  endfacet
  facet normal -0.948282 -0.317428 0
    outer loop
      vertex -4.84977 0.397055 5
      vertex -4.84303 0.37692 -5
      vertex -4.84303 0.37692 5
    endloop
  endfacet
  facet normal 0.250619 0.968086 -0
    outer loop
      vertex -6.2943 -1.17937 -5
      vertex -6.31485 -1.17405 5
      vertex -6.2943 -1.17937 5
    endloop
  endfacet
  facet normal 0.250619 0.968086 0
    outer loop
      vertex -6.31485 -1.17405 5
      vertex -6.2943 -1.17937 -5
      vertex -6.31485 -1.17405 -5
    endloop
  endfacet
  facet normal 0.991453 -0.130461 0
    outer loop
      vertex -7.20744 0.149254 5
      vertex -7.20467 0.170305 -5
      vertex -7.20467 0.170305 5
    endloop
  endfacet
  facet normal 0.991453 -0.130461 0
    outer loop
      vertex -7.20467 0.170305 -5
      vertex -7.20744 0.149254 5
      vertex -7.20744 0.149254 -5
    endloop
  endfacet
  facet normal 0.999061 -0.0433318 0
    outer loop
      vertex -7.21576 0.0434547 5
      vertex -7.21484 0.0646663 -5
      vertex -7.21484 0.0646663 5
    endloop
  endfacet
  facet normal 0.999061 -0.0433318 0
    outer loop
      vertex -7.21484 0.0646663 -5
      vertex -7.21576 0.0434547 5
      vertex -7.21576 0.0434547 -5
    endloop
  endfacet
  facet normal -0.250619 -0.968086 0
    outer loop
      vertex -5.7057 1.18137 -5
      vertex -5.68515 1.17605 5
      vertex -5.7057 1.18137 5
    endloop
  endfacet
  facet normal -0.250619 -0.968086 -0
    outer loop
      vertex -5.68515 1.17605 5
      vertex -5.7057 1.18137 -5
      vertex -5.68515 1.17605 -5
    endloop
  endfacet
  facet normal 0.477102 -0.878848 0
    outer loop
      vertex -6.58977 1.06498 -5
      vertex -6.57111 1.07511 5
      vertex -6.58977 1.06498 5
    endloop
  endfacet
  facet normal 0.477102 -0.878848 0
    outer loop
      vertex -6.57111 1.07511 5
      vertex -6.58977 1.06498 -5
      vertex -6.57111 1.07511 -5
    endloop
  endfacet
  facet normal 0.910035 0.41453 0
    outer loop
      vertex -7.10253 -0.513117 5
      vertex -7.11133 -0.493798 -5
      vertex -7.11133 -0.493798 5
    endloop
  endfacet
  facet normal 0.910035 0.41453 0
    outer loop
      vertex -7.11133 -0.493798 -5
      vertex -7.10253 -0.513117 5
      vertex -7.10253 -0.513117 -5
    endloop
  endfacet
  facet normal 0.843363 -0.537345 0
    outer loop
      vertex -7.03166 0.645649 5
      vertex -7.02025 0.663557 -5
      vertex -7.02025 0.663557 5
    endloop
  endfacet
  facet normal 0.843363 -0.537345 0
    outer loop
      vertex -7.02025 0.663557 -5
      vertex -7.03166 0.645649 5
      vertex -7.03166 0.645649 -5
    endloop
  endfacet
  facet normal -0.113068 -0.993587 0
    outer loop
      vertex -5.87284 1.21084 -5
      vertex -5.85175 1.20844 5
      vertex -5.87284 1.21084 5
    endloop
  endfacet
  facet normal -0.113068 -0.993587 -0
    outer loop
      vertex -5.85175 1.20844 5
      vertex -5.87284 1.21084 -5
      vertex -5.85175 1.20844 -5
    endloop
  endfacet
  facet normal 0.44646 0.894804 -0
    outer loop
      vertex -6.53328 -1.09239 -5
      vertex -6.55228 -1.08291 5
      vertex -6.53328 -1.09239 5
    endloop
  endfacet
  facet normal 0.44646 0.894804 0
    outer loop
      vertex -6.55228 -1.08291 5
      vertex -6.53328 -1.09239 -5
      vertex -6.55228 -1.08291 -5
    endloop
  endfacet
  facet normal 0.14788 -0.989005 0
    outer loop
      vertex -6.1903 1.20253 -5
      vertex -6.1693 1.20567 5
      vertex -6.1903 1.20253 5
    endloop
  endfacet
  facet normal 0.14788 -0.989005 0
    outer loop
      vertex -6.1693 1.20567 5
      vertex -6.1903 1.20253 -5
      vertex -6.1693 1.20567 -5
    endloop
  endfacet
  facet normal 0.333978 0.942581 -0
    outer loop
      vertex -6.39606 -1.14923 -5
      vertex -6.41607 -1.14214 5
      vertex -6.39606 -1.14923 5
    endloop
  endfacet
  facet normal 0.333978 0.942581 0
    outer loop
      vertex -6.41607 -1.14214 5
      vertex -6.39606 -1.14923 -5
      vertex -6.41607 -1.14214 -5
    endloop
  endfacet
  facet normal -0.760386 -0.649472 0
    outer loop
      vertex -5.0681 0.782955 -5
      vertex -5.08189 0.7991 5
      vertex -5.08189 0.7991 -5
    endloop
  endfacet
  facet normal -0.760386 -0.649472 0
    outer loop
      vertex -5.08189 0.7991 5
      vertex -5.0681 0.782955 -5
      vertex -5.0681 0.782955 5
    endloop
  endfacet
  facet normal -0.113068 0.993587 0
    outer loop
      vertex -5.85175 -1.20644 -5
      vertex -5.87284 -1.20884 5
      vertex -5.85175 -1.20644 5
    endloop
  endfacet
  facet normal -0.113068 0.993587 0
    outer loop
      vertex -5.87284 -1.20884 5
      vertex -5.85175 -1.20644 -5
      vertex -5.87284 -1.20884 -5
    endloop
  endfacet
  facet normal 0.3005 0.953782 -0
    outer loop
      vertex -6.35567 -1.16235 -5
      vertex -6.37592 -1.15597 5
      vertex -6.35567 -1.16235 5
    endloop
  endfacet
  facet normal 0.3005 0.953782 0
    outer loop
      vertex -6.37592 -1.15597 5
      vertex -6.35567 -1.16235 -5
      vertex -6.37592 -1.15597 -5
    endloop
  endfacet
  facet normal 0.887095 0.461587 0
    outer loop
      vertex -7.07411 -0.570115 5
      vertex -7.08391 -0.551281 -5
      vertex -7.08391 -0.551281 5
    endloop
  endfacet
  facet normal 0.887095 0.461587 0
    outer loop
      vertex -7.08391 -0.551281 -5
      vertex -7.07411 -0.570115 5
      vertex -7.07411 -0.570115 -5
    endloop
  endfacet
  facet normal 0.894813 0.446441 0
    outer loop
      vertex -7.08391 -0.551281 5
      vertex -7.09339 -0.53228 -5
      vertex -7.09339 -0.53228 5
    endloop
  endfacet
  facet normal 0.894813 0.446441 0
    outer loop
      vertex -7.09339 -0.53228 -5
      vertex -7.08391 -0.551281 5
      vertex -7.08391 -0.551281 -5
    endloop
  endfacet
  facet normal -0.130467 0.991453 0
    outer loop
      vertex -5.8307 -1.20367 -5
      vertex -5.85175 -1.20644 5
      vertex -5.8307 -1.20367 5
    endloop
  endfacet
  facet normal -0.130467 0.991453 0
    outer loop
      vertex -5.85175 -1.20644 5
      vertex -5.8307 -1.20367 -5
      vertex -5.85175 -1.20644 -5
    endloop
  endfacet
  facet normal 0.793481 0.608595 0
    outer loop
      vertex -6.95862 -0.747956 5
      vertex -6.97154 -0.731111 -5
      vertex -6.97154 -0.731111 5
    endloop
  endfacet
  facet normal 0.793481 0.608595 0
    outer loop
      vertex -6.97154 -0.731111 -5
      vertex -6.95862 -0.747956 5
      vertex -6.95862 -0.747956 -5
    endloop
  endfacet
  facet normal 0.130467 0.991453 -0
    outer loop
      vertex -6.14825 -1.20644 -5
      vertex -6.1693 -1.20367 5
      vertex -6.14825 -1.20644 5
    endloop
  endfacet
  facet normal 0.130467 0.991453 0
    outer loop
      vertex -6.1693 -1.20367 5
      vertex -6.14825 -1.20644 -5
      vertex -6.1693 -1.20367 -5
    endloop
  endfacet
  facet normal -0.771743 0.635935 0
    outer loop
      vertex -5.0681 -0.780955 -5
      vertex -5.0546 -0.764572 5
      vertex -5.0546 -0.764572 -5
    endloop
  endfacet
  facet normal -0.771743 0.635935 0
    outer loop
      vertex -5.0546 -0.764572 5
      vertex -5.0681 -0.780955 -5
      vertex -5.0681 -0.780955 5
    endloop
  endfacet
  facet normal -0.317358 -0.948306 0
    outer loop
      vertex -5.62408 1.15797 -5
      vertex -5.60394 1.15123 5
      vertex -5.62408 1.15797 5
    endloop
  endfacet
  facet normal -0.317358 -0.948306 -0
    outer loop
      vertex -5.60394 1.15123 5
      vertex -5.62408 1.15797 -5
      vertex -5.60394 1.15123 -5
    endloop
  endfacet
  facet normal -0.972332 0.233605 0
    outer loop
      vertex -4.81963 -0.293299 -5
      vertex -4.81467 -0.272654 5
      vertex -4.81467 -0.272654 -5
    endloop
  endfacet
  facet normal -0.972332 0.233605 0
    outer loop
      vertex -4.81467 -0.272654 5
      vertex -4.81963 -0.293299 -5
      vertex -4.81963 -0.293299 5
    endloop
  endfacet
  facet normal 0.894813 -0.446441 0
    outer loop
      vertex -7.09339 0.53428 5
      vertex -7.08391 0.553281 -5
      vertex -7.08391 0.553281 5
    endloop
  endfacet
  facet normal 0.894813 -0.446441 0
    outer loop
      vertex -7.08391 0.553281 -5
      vertex -7.09339 0.53428 5
      vertex -7.09339 0.53428 -5
    endloop
  endfacet
  facet normal 0.507205 0.861825 -0
    outer loop
      vertex -6.60825 -1.05252 -5
      vertex -6.62655 -1.04175 5
      vertex -6.60825 -1.05252 5
    endloop
  endfacet
  facet normal 0.507205 0.861825 0
    outer loop
      vertex -6.62655 -1.04175 5
      vertex -6.60825 -1.05252 -5
      vertex -6.62655 -1.04175 -5
    endloop
  endfacet
  facet normal -0.803832 0.594856 0
    outer loop
      vertex -5.02846 -0.731111 -5
      vertex -5.01583 -0.714044 5
      vertex -5.01583 -0.714044 -5
    endloop
  endfacet
  facet normal -0.803832 0.594856 0
    outer loop
      vertex -5.01583 -0.714044 5
      vertex -5.02846 -0.731111 -5
      vertex -5.02846 -0.731111 5
    endloop
  endfacet
  facet normal 0.793481 -0.608595 0
    outer loop
      vertex -6.97154 0.733111 5
      vertex -6.95862 0.749956 -5
      vertex -6.95862 0.749956 5
    endloop
  endfacet
  facet normal 0.793481 -0.608595 0
    outer loop
      vertex -6.95862 0.749956 -5
      vertex -6.97154 0.733111 5
      vertex -6.97154 0.733111 -5
    endloop
  endfacet
  facet normal 0.233551 -0.972345 0
    outer loop
      vertex -6.2943 1.18137 -5
      vertex -6.27365 1.18633 5
      vertex -6.2943 1.18137 5
    endloop
  endfacet
  facet normal 0.233551 -0.972345 0
    outer loop
      vertex -6.27365 1.18633 5
      vertex -6.2943 1.18137 -5
      vertex -6.27365 1.18633 -5
    endloop
  endfacet
  facet normal 0.283976 0.958831 -0
    outer loop
      vertex -6.33531 -1.16838 -5
      vertex -6.35567 -1.16235 5
      vertex -6.33531 -1.16838 5
    endloop
  endfacet
  facet normal 0.283976 0.958831 0
    outer loop
      vertex -6.35567 -1.16235 5
      vertex -6.33531 -1.16838 -5
      vertex -6.35567 -1.16235 -5
    endloop
  endfacet
  facet normal -0.537302 0.84339 0
    outer loop
      vertex -5.33744 -1.01925 -5
      vertex -5.35535 -1.03066 5
      vertex -5.33744 -1.01925 5
    endloop
  endfacet
  facet normal -0.537302 0.84339 0
    outer loop
      vertex -5.35535 -1.03066 5
      vertex -5.33744 -1.01925 -5
      vertex -5.35535 -1.03066 -5
    endloop
  endfacet
  facet normal -0.461664 -0.887055 0
    outer loop
      vertex -5.44772 1.08491 -5
      vertex -5.42889 1.07511 5
      vertex -5.44772 1.08491 5
    endloop
  endfacet
  facet normal -0.461664 -0.887055 -0
    outer loop
      vertex -5.42889 1.07511 5
      vertex -5.44772 1.08491 -5
      vertex -5.42889 1.07511 -5
    endloop
  endfacet
  facet normal 0.972332 -0.233605 0
    outer loop
      vertex -7.18533 0.274654 5
      vertex -7.18037 0.295299 -5
      vertex -7.18037 0.295299 5
    endloop
  endfacet
  facet normal 0.972332 -0.233605 0
    outer loop
      vertex -7.18037 0.295299 -5
      vertex -7.18533 0.274654 5
      vertex -7.18533 0.274654 -5
    endloop
  endfacet
  facet normal 0.0433146 0.999061 -0
    outer loop
      vertex -6.04245 -1.21476 -5
      vertex -6.06367 -1.21384 5
      vertex -6.04245 -1.21476 5
    endloop
  endfacet
  facet normal 0.0433146 0.999061 0
    outer loop
      vertex -6.06367 -1.21384 5
      vertex -6.04245 -1.21476 -5
      vertex -6.06367 -1.21384 -5
    endloop
  endfacet
  facet normal 0.968104 0.25055 0
    outer loop
      vertex -7.17505 -0.313855 5
      vertex -7.18037 -0.293299 -5
      vertex -7.18037 -0.293299 5
    endloop
  endfacet
  facet normal 0.968104 0.25055 0
    outer loop
      vertex -7.18037 -0.293299 -5
      vertex -7.17505 -0.313855 5
      vertex -7.17505 -0.313855 -5
    endloop
  endfacet
  facet normal 0.333978 -0.942581 0
    outer loop
      vertex -6.41607 1.14414 -5
      vertex -6.39606 1.15123 5
      vertex -6.41607 1.14414 5
    endloop
  endfacet
  facet normal 0.333978 -0.942581 0
    outer loop
      vertex -6.39606 1.15123 5
      vertex -6.41607 1.14414 -5
      vertex -6.39606 1.15123 -5
    endloop
  endfacet
  facet normal 0.594788 0.803882 -0
    outer loop
      vertex -6.71504 -0.983174 -5
      vertex -6.73211 -0.970544 5
      vertex -6.71504 -0.983174 5
    endloop
  endfacet
  facet normal 0.594788 0.803882 0
    outer loop
      vertex -6.73211 -0.970544 5
      vertex -6.71504 -0.983174 -5
      vertex -6.73211 -0.970544 -5
    endloop
  endfacet
  facet normal 0.662669 0.748912 -0
    outer loop
      vertex -6.7981 -0.917109 -5
      vertex -6.814 -0.90304 5
      vertex -6.7981 -0.917109 5
    endloop
  endfacet
  facet normal 0.662669 0.748912 0
    outer loop
      vertex -6.814 -0.90304 5
      vertex -6.7981 -0.917109 -5
      vertex -6.814 -0.90304 -5
    endloop
  endfacet
  facet normal -0.782538 -0.622602 0
    outer loop
      vertex -5.04138 0.749956 -5
      vertex -5.0546 0.766572 5
      vertex -5.0546 0.766572 -5
    endloop
  endfacet
  facet normal -0.782538 -0.622602 0
    outer loop
      vertex -5.0546 0.766572 5
      vertex -5.04138 0.749956 -5
      vertex -5.04138 0.749956 5
    endloop
  endfacet
  facet normal 0.216282 0.976331 -0
    outer loop
      vertex -6.25293 -1.18892 -5
      vertex -6.27365 -1.18433 5
      vertex -6.25293 -1.18892 5
    endloop
  endfacet
  facet normal 0.216282 0.976331 0
    outer loop
      vertex -6.27365 -1.18433 5
      vertex -6.25293 -1.18892 -5
      vertex -6.27365 -1.18433 -5
    endloop
  endfacet
  facet normal -0.267061 -0.96368 0
    outer loop
      vertex -5.68515 1.17605 -5
      vertex -5.66469 1.17038 5
      vertex -5.68515 1.17605 5
    endloop
  endfacet
  facet normal -0.267061 -0.96368 -0
    outer loop
      vertex -5.66469 1.17038 5
      vertex -5.68515 1.17605 -5
      vertex -5.66469 1.17038 -5
    endloop
  endfacet
  facet normal -0.999655 -0.026282 0
    outer loop
      vertex -4.78368 12.0232 -5
      vertex -4.78424 12.0445 5
      vertex -4.78424 12.0445 -5
    endloop
  endfacet
  facet normal -0.999655 -0.026282 0
    outer loop
      vertex -4.78424 12.0445 5
      vertex -4.78368 12.0232 -5
      vertex -4.78368 12.0232 5
    endloop
  endfacet
  facet normal -0.99996 -0.0089619 0
    outer loop
      vertex -4.78349 12.002 -5
      vertex -4.78368 12.0232 5
      vertex -4.78368 12.0232 -5
    endloop
  endfacet
  facet normal -0.99996 -0.0089619 0
    outer loop
      vertex -4.78368 12.0232 5
      vertex -4.78349 12.002 -5
      vertex -4.78349 12.002 5
    endloop
  endfacet
  facet normal -0.99906 -0.0433554 0
    outer loop
      vertex -4.78424 12.0445 -5
      vertex -4.78516 12.0657 5
      vertex -4.78516 12.0657 -5
    endloop
  endfacet
  facet normal -0.99906 -0.0433554 0
    outer loop
      vertex -4.78516 12.0657 5
      vertex -4.78424 12.0445 -5
      vertex -4.78424 12.0445 5
    endloop
  endfacet
  facet normal -0.540306 -0.841468 0
    outer loop
      vertex -5.35535 13.0337 -5
      vertex -5.33744 13.0222 5
      vertex -5.35535 13.0337 5
    endloop
  endfacet
  facet normal -0.540306 -0.841468 -0
    outer loop
      vertex -5.33744 13.0222 5
      vertex -5.35535 13.0337 -5
      vertex -5.33744 13.0222 -5
    endloop
  endfacet
  facet normal -0.164857 0.986317 0
    outer loop
      vertex -5.78876 10.804 -5
      vertex -5.8097 10.8005 5
      vertex -5.78876 10.804 5
    endloop
  endfacet
  facet normal -0.164857 0.986317 0
    outer loop
      vertex -5.8097 10.8005 5
      vertex -5.78876 10.804 -5
      vertex -5.8097 10.8005 -5
    endloop
  endfacet
  facet normal -0.381603 -0.924326 0
    outer loop
      vertex -5.54429 13.1299 -5
      vertex -5.52467 13.1218 5
      vertex -5.54429 13.1299 5
    endloop
  endfacet
  facet normal -0.381603 -0.924326 -0
    outer loop
      vertex -5.52467 13.1218 5
      vertex -5.54429 13.1299 -5
      vertex -5.52467 13.1218 -5
    endloop
  endfacet
  facet normal 0.936831 0.349782 0
    outer loop
      vertex -7.13571 11.566 5
      vertex -7.14314 11.5859 -5
      vertex -7.14314 11.5859 5
    endloop
  endfacet
  facet normal 0.936831 0.349782 0
    outer loop
      vertex -7.14314 11.5859 -5
      vertex -7.13571 11.566 5
      vertex -7.13571 11.566 -5
    endloop
  endfacet
  facet normal -0.998125 -0.0612058 0
    outer loop
      vertex -4.78516 12.0657 -5
      vertex -4.78646 12.0869 5
      vertex -4.78646 12.0869 -5
    endloop
  endfacet
  facet normal -0.998125 -0.0612058 0
    outer loop
      vertex -4.78646 12.0869 5
      vertex -4.78516 12.0657 -5
      vertex -4.78516 12.0657 5
    endloop
  endfacet
  facet normal -0.983369 -0.181617 0
    outer loop
      vertex -4.80198 12.2132 -5
      vertex -4.80584 12.2341 5
      vertex -4.80584 12.2341 -5
    endloop
  endfacet
  facet normal -0.983369 -0.181617 0
    outer loop
      vertex -4.80584 12.2341 5
      vertex -4.80198 12.2132 -5
      vertex -4.80198 12.2132 5
    endloop
  endfacet
  facet normal 0.0753991 -0.997153 0
    outer loop
      vertex -6.10602 13.2139 -5
      vertex -6.08486 13.2155 5
      vertex -6.10602 13.2139 5
    endloop
  endfacet
  facet normal 0.0753991 -0.997153 0
    outer loop
      vertex -6.08486 13.2155 5
      vertex -6.10602 13.2139 -5
      vertex -6.08486 13.2155 -5
    endloop
  endfacet
  facet normal -0.348695 0.937236 0
    outer loop
      vertex -5.56404 10.8663 -5
      vertex -5.58393 10.8589 5
      vertex -5.56404 10.8663 5
    endloop
  endfacet
  facet normal -0.348695 0.937236 0
    outer loop
      vertex -5.58393 10.8589 5
      vertex -5.56404 10.8663 -5
      vertex -5.58393 10.8589 -5
    endloop
  endfacet
  facet normal -0.0988512 -0.995102 0
    outer loop
      vertex -5.89398 13.2139 -5
      vertex -5.87284 13.2118 5
      vertex -5.89398 13.2139 5
    endloop
  endfacet
  facet normal -0.0988512 -0.995102 -0
    outer loop
      vertex -5.87284 13.2118 5
      vertex -5.89398 13.2139 -5
      vertex -5.87284 13.2118 -5
    endloop
  endfacet
  facet normal -0.983369 0.181617 0
    outer loop
      vertex -4.80584 11.7699 -5
      vertex -4.80198 11.7908 5
      vertex -4.80198 11.7908 -5
    endloop
  endfacet
  facet normal -0.983369 0.181617 0
    outer loop
      vertex -4.80198 11.7908 5
      vertex -4.80584 11.7699 -5
      vertex -4.80584 11.7699 5
    endloop
  endfacet
  facet normal -0.674549 0.73823 0
    outer loop
      vertex -5.17035 11.1123 -5
      vertex -5.186 11.098 5
      vertex -5.17035 11.1123 5
    endloop
  endfacet
  facet normal -0.674549 0.73823 0
    outer loop
      vertex -5.186 11.098 5
      vertex -5.17035 11.1123 -5
      vertex -5.186 11.098 -5
    endloop
  endfacet
  facet normal 0.565528 -0.824729 0
    outer loop
      vertex -6.69776 12.9985 -5
      vertex -6.68026 13.0105 5
      vertex -6.69776 12.9985 5
    endloop
  endfacet
  facet normal 0.565528 -0.824729 0
    outer loop
      vertex -6.68026 13.0105 5
      vertex -6.69776 12.9985 -5
      vertex -6.68026 13.0105 -5
    endloop
  endfacet
  facet normal 0.953568 -0.301177 0
    outer loop
      vertex -7.16335 12.3577 5
      vertex -7.15697 12.3779 -5
      vertex -7.15697 12.3779 5
    endloop
  endfacet
  facet normal 0.953568 -0.301177 0
    outer loop
      vertex -7.15697 12.3779 -5
      vertex -7.16335 12.3577 5
      vertex -7.16335 12.3577 -5
    endloop
  endfacet
  facet normal -0.812743 -0.582623 0
    outer loop
      vertex -5.0035 12.6998 -5
      vertex -5.01583 12.717 5
      vertex -5.01583 12.717 -5
    endloop
  endfacet
  facet normal -0.812743 -0.582623 0
    outer loop
      vertex -5.01583 12.717 5
      vertex -5.0035 12.6998 -5
      vertex -5.0035 12.6998 5
    endloop
  endfacet
  facet normal 0.75949 -0.650519 0
    outer loop
      vertex -6.9319 12.784 5
      vertex -6.91811 12.8001 -5
      vertex -6.91811 12.8001 5
    endloop
  endfacet
  facet normal 0.75949 -0.650519 0
    outer loop
      vertex -6.91811 12.8001 -5
      vertex -6.9319 12.784 5
      vertex -6.9319 12.784 -5
    endloop
  endfacet
  facet normal -0.953568 -0.301177 0
    outer loop
      vertex -4.83665 12.3577 -5
      vertex -4.84303 12.3779 5
      vertex -4.84303 12.3779 -5
    endloop
  endfacet
  facet normal -0.953568 -0.301177 0
    outer loop
      vertex -4.84303 12.3779 5
      vertex -4.83665 12.3577 -5
      vertex -4.83665 12.3577 5
    endloop
  endfacet
  facet normal -0.725235 -0.688502 0
    outer loop
      vertex -5.1103 12.8317 -5
      vertex -5.12492 12.8471 5
      vertex -5.12492 12.8471 -5
    endloop
  endfacet
  facet normal -0.725235 -0.688502 0
    outer loop
      vertex -5.12492 12.8471 5
      vertex -5.1103 12.8317 -5
      vertex -5.1103 12.8317 5
    endloop
  endfacet
  facet normal -0.622163 -0.782888 0
    outer loop
      vertex -5.25104 12.9606 -5
      vertex -5.23443 12.9474 5
      vertex -5.25104 12.9606 5
    endloop
  endfacet
  facet normal -0.622163 -0.782888 -0
    outer loop
      vertex -5.23443 12.9474 5
      vertex -5.25104 12.9606 -5
      vertex -5.23443 12.9474 -5
    endloop
  endfacet
  facet normal -0.579899 -0.814688 0
    outer loop
      vertex -5.30224 12.9985 -5
      vertex -5.28496 12.9862 5
      vertex -5.30224 12.9985 5
    endloop
  endfacet
  facet normal -0.579899 -0.814688 -0
    outer loop
      vertex -5.28496 12.9862 5
      vertex -5.30224 12.9985 -5
      vertex -5.28496 12.9862 -5
    endloop
  endfacet
  facet normal -0.886753 -0.462244 0
    outer loop
      vertex -4.91609 12.5543 -5
      vertex -4.92589 12.5731 5
      vertex -4.92589 12.5731 -5
    endloop
  endfacet
  facet normal -0.886753 -0.462244 0
    outer loop
      vertex -4.92589 12.5731 5
      vertex -4.91609 12.5543 -5
      vertex -4.91609 12.5543 5
    endloop
  endfacet
  facet normal 0.297067 -0.954857 0
    outer loop
      vertex -6.37592 13.159 -5
      vertex -6.35567 13.1653 5
      vertex -6.37592 13.159 5
    endloop
  endfacet
  facet normal 0.297067 -0.954857 0
    outer loop
      vertex -6.35567 13.1653 5
      vertex -6.37592 13.159 -5
      vertex -6.35567 13.1653 -5
    endloop
  endfacet
  facet normal -0.782246 0.62297 0
    outer loop
      vertex -5.0546 11.2364 -5
      vertex -5.04138 11.253 5
      vertex -5.04138 11.253 -5
    endloop
  endfacet
  facet normal -0.782246 0.62297 0
    outer loop
      vertex -5.04138 11.253 5
      vertex -5.0546 11.2364 -5
      vertex -5.0546 11.2364 5
    endloop
  endfacet
  facet normal -0.663487 -0.748188 0
    outer loop
      vertex -5.2019 12.9201 -5
      vertex -5.186 12.906 5
      vertex -5.2019 12.9201 5
    endloop
  endfacet
  facet normal -0.663487 -0.748188 -0
    outer loop
      vertex -5.186 12.906 5
      vertex -5.2019 12.9201 -5
      vertex -5.186 12.906 -5
    endloop
  endfacet
  facet normal -0.972216 -0.234087 0
    outer loop
      vertex -4.81467 12.2757 -5
      vertex -4.81963 12.2963 5
      vertex -4.81963 12.2963 -5
    endloop
  endfacet
  facet normal -0.972216 -0.234087 0
    outer loop
      vertex -4.81963 12.2963 5
      vertex -4.81467 12.2757 -5
      vertex -4.81467 12.2757 5
    endloop
  endfacet
  facet normal -0.998125 0.0612058 0
    outer loop
      vertex -4.78646 11.9171 -5
      vertex -4.78516 11.9383 5
      vertex -4.78516 11.9383 -5
    endloop
  endfacet
  facet normal -0.998125 0.0612058 0
    outer loop
      vertex -4.78516 11.9383 5
      vertex -4.78646 11.9171 -5
      vertex -4.78646 11.9171 5
    endloop
  endfacet
  facet normal -0.636004 0.771685 0
    outer loop
      vertex -5.21805 11.0701 -5
      vertex -5.23443 11.0566 5
      vertex -5.21805 11.0701 5
    endloop
  endfacet
  facet normal -0.636004 0.771685 0
    outer loop
      vertex -5.23443 11.0566 5
      vertex -5.21805 11.0701 -5
      vertex -5.23443 11.0566 -5
    endloop
  endfacet
  facet normal -0.0235561 -0.999723 0
    outer loop
      vertex -5.97877 13.2183 -5
      vertex -5.95755 13.2178 5
      vertex -5.97877 13.2183 5
    endloop
  endfacet
  facet normal -0.0235561 -0.999723 -0
    outer loop
      vertex -5.95755 13.2178 5
      vertex -5.97877 13.2183 -5
      vertex -5.95755 13.2178 -5
    endloop
  endfacet
  facet normal -0.824069 -0.566489 0
    outer loop
      vertex -4.99147 12.6823 -5
      vertex -5.0035 12.6998 5
      vertex -5.0035 12.6998 -5
    endloop
  endfacet
  facet normal -0.824069 -0.566489 0
    outer loop
      vertex -5.0035 12.6998 5
      vertex -4.99147 12.6823 -5
      vertex -4.99147 12.6823 5
    endloop
  endfacet
  facet normal -0.0988512 0.995102 0
    outer loop
      vertex -5.87284 10.7922 -5
      vertex -5.89398 10.7901 5
      vertex -5.87284 10.7922 5
    endloop
  endfacet
  facet normal -0.0988512 0.995102 0
    outer loop
      vertex -5.89398 10.7901 5
      vertex -5.87284 10.7922 -5
      vertex -5.89398 10.7901 -5
    endloop
  endfacet
  facet normal -0.968233 -0.250049 0
    outer loop
      vertex -4.81963 12.2963 -5
      vertex -4.82495 12.3169 5
      vertex -4.82495 12.3169 -5
    endloop
  endfacet
  facet normal -0.968233 -0.250049 0
    outer loop
      vertex -4.82495 12.3169 5
      vertex -4.81963 12.2963 -5
      vertex -4.81963 12.2963 5
    endloop
  endfacet
  facet normal -0.725235 0.688502 0
    outer loop
      vertex -5.12492 11.1569 -5
      vertex -5.1103 11.1723 5
      vertex -5.1103 11.1723 -5
    endloop
  endfacet
  facet normal -0.725235 0.688502 0
    outer loop
      vertex -5.1103 11.1723 5
      vertex -5.12492 11.1569 -5
      vertex -5.12492 11.1569 5
    endloop
  endfacet
  facet normal 0.968233 -0.250049 0
    outer loop
      vertex -7.18037 12.2963 5
      vertex -7.17505 12.3169 -5
      vertex -7.17505 12.3169 5
    endloop
  endfacet
  facet normal 0.968233 -0.250049 0
    outer loop
      vertex -7.17505 12.3169 -5
      vertex -7.18037 12.2963 5
      vertex -7.18037 12.2963 -5
    endloop
  endfacet
  facet normal -0.99996 0.0089619 0
    outer loop
      vertex -4.78368 11.9808 -5
      vertex -4.78349 12.002 5
      vertex -4.78349 12.002 -5
    endloop
  endfacet
  facet normal -0.99996 0.0089619 0
    outer loop
      vertex -4.78349 12.002 5
      vertex -4.78368 11.9808 -5
      vertex -4.78368 11.9808 5
    endloop
  endfacet
  facet normal -0.794438 0.607345 0
    outer loop
      vertex -5.04138 11.253 -5
      vertex -5.02846 11.2699 5
      vertex -5.02846 11.2699 -5
    endloop
  endfacet
  facet normal -0.794438 0.607345 0
    outer loop
      vertex -5.02846 11.2699 5
      vertex -5.04138 11.253 -5
      vertex -5.04138 11.253 5
    endloop
  endfacet
  facet normal 0.860606 -0.509271 0
    outer loop
      vertex -7.05352 12.6103 5
      vertex -7.04275 12.6285 -5
      vertex -7.04275 12.6285 5
    endloop
  endfacet
  facet normal 0.860606 -0.509271 0
    outer loop
      vertex -7.04275 12.6285 -5
      vertex -7.05352 12.6103 5
      vertex -7.05352 12.6103 -5
    endloop
  endfacet
  facet normal 0.833786 0.552088 0
    outer loop
      vertex -7.00853 11.3217 5
      vertex -7.02025 11.3394 -5
      vertex -7.02025 11.3394 5
    endloop
  endfacet
  facet normal 0.833786 0.552088 0
    outer loop
      vertex -7.02025 11.3394 -5
      vertex -7.00853 11.3217 5
      vertex -7.00853 11.3217 -5
    endloop
  endfacet
  facet normal -0.909881 -0.414868 0
    outer loop
      vertex -4.88867 12.4968 -5
      vertex -4.89747 12.5161 5
      vertex -4.89747 12.5161 -5
    endloop
  endfacet
  facet normal -0.909881 -0.414868 0
    outer loop
      vertex -4.89747 12.5161 5
      vertex -4.88867 12.4968 -5
      vertex -4.88867 12.4968 5
    endloop
  endfacet
  facet normal 0.0235561 -0.999723 0
    outer loop
      vertex -6.04245 13.2178 -5
      vertex -6.02123 13.2183 5
      vertex -6.04245 13.2178 5
    endloop
  endfacet
  facet normal 0.0235561 -0.999723 0
    outer loop
      vertex -6.02123 13.2183 5
      vertex -6.04245 13.2178 -5
      vertex -6.02123 13.2183 -5
    endloop
  endfacet
  facet normal -0.179051 0.98384 0
    outer loop
      vertex -5.76788 10.8078 -5
      vertex -5.78876 10.804 5
      vertex -5.76788 10.8078 5
    endloop
  endfacet
  facet normal -0.179051 0.98384 0
    outer loop
      vertex -5.78876 10.804 5
      vertex -5.76788 10.8078 -5
      vertex -5.78876 10.804 -5
    endloop
  endfacet
  facet normal -0.936831 0.349782 0
    outer loop
      vertex -4.86429 11.566 -5
      vertex -4.85686 11.5859 5
      vertex -4.85686 11.5859 -5
    endloop
  endfacet
  facet normal -0.936831 0.349782 0
    outer loop
      vertex -4.85686 11.5859 5
      vertex -4.86429 11.566 -5
      vertex -4.86429 11.566 5
    endloop
  endfacet
  facet normal 0.381603 -0.924326 0
    outer loop
      vertex -6.47533 13.1218 -5
      vertex -6.45571 13.1299 5
      vertex -6.47533 13.1218 5
    endloop
  endfacet
  facet normal 0.381603 -0.924326 0
    outer loop
      vertex -6.45571 13.1299 5
      vertex -6.47533 13.1218 -5
      vertex -6.45571 13.1299 -5
    endloop
  endfacet
  facet normal -0.844607 -0.535387 0
    outer loop
      vertex -4.96834 12.6466 -5
      vertex -4.97975 12.6646 5
      vertex -4.97975 12.6646 -5
    endloop
  endfacet
  facet normal -0.844607 -0.535387 0
    outer loop
      vertex -4.97975 12.6646 5
      vertex -4.96834 12.6466 -5
      vertex -4.96834 12.6466 5
    endloop
  endfacet
  facet normal -0.99692 0.0784306 0
    outer loop
      vertex -4.78812 11.896 -5
      vertex -4.78646 11.9171 5
      vertex -4.78646 11.9171 -5
    endloop
  endfacet
  facet normal -0.99692 0.0784306 0
    outer loop
      vertex -4.78646 11.9171 5
      vertex -4.78812 11.896 -5
      vertex -4.78812 11.896 5
    endloop
  endfacet
  facet normal -0.929934 -0.367725 0
    outer loop
      vertex -4.86429 12.438 -5
      vertex -4.87208 12.4577 5
      vertex -4.87208 12.4577 -5
    endloop
  endfacet
  facet normal -0.929934 -0.367725 0
    outer loop
      vertex -4.87208 12.4577 5
      vertex -4.86429 12.438 -5
      vertex -4.86429 12.438 5
    endloop
  endfacet
  facet normal 0.348695 -0.937236 0
    outer loop
      vertex -6.43596 13.1377 -5
      vertex -6.41607 13.1451 5
      vertex -6.43596 13.1377 5
    endloop
  endfacet
  facet normal 0.348695 -0.937236 0
    outer loop
      vertex -6.41607 13.1451 5
      vertex -6.43596 13.1377 -5
      vertex -6.41607 13.1451 -5
    endloop
  endfacet
  facet normal -0.852676 0.522441 0
    outer loop
      vertex -4.96834 11.3574 -5
      vertex -4.95725 11.3755 5
      vertex -4.95725 11.3755 -5
    endloop
  endfacet
  facet normal -0.852676 0.522441 0
    outer loop
      vertex -4.95725 11.3755 5
      vertex -4.96834 11.3574 -5
      vertex -4.96834 11.3574 5
    endloop
  endfacet
  facet normal -0.991412 -0.130772 0
    outer loop
      vertex -4.79256 12.1503 -5
      vertex -4.79533 12.1713 5
      vertex -4.79533 12.1713 -5
    endloop
  endfacet
  facet normal -0.991412 -0.130772 0
    outer loop
      vertex -4.79533 12.1713 5
      vertex -4.79256 12.1503 -5
      vertex -4.79256 12.1503 5
    endloop
  endfacet
  facet normal 0.879276 -0.476313 0
    outer loop
      vertex -7.07411 12.5731 5
      vertex -7.06398 12.5918 -5
      vertex -7.06398 12.5918 5
    endloop
  endfacet
  facet normal 0.879276 -0.476313 0
    outer loop
      vertex -7.06398 12.5918 -5
      vertex -7.07411 12.5731 5
      vertex -7.07411 12.5731 -5
    endloop
  endfacet
  facet normal 0.674549 0.73823 -0
    outer loop
      vertex -6.814 11.098 -5
      vertex -6.82965 11.1123 5
      vertex -6.814 11.098 5
    endloop
  endfacet
  facet normal 0.674549 0.73823 0
    outer loop
      vertex -6.82965 11.1123 5
      vertex -6.814 11.098 -5
      vertex -6.82965 11.1123 -5
    endloop
  endfacet
  facet normal 0.99692 0.0784306 0
    outer loop
      vertex -7.21188 11.896 5
      vertex -7.21354 11.9171 -5
      vertex -7.21354 11.9171 5
    endloop
  endfacet
  facet normal 0.99692 0.0784306 0
    outer loop
      vertex -7.21354 11.9171 -5
      vertex -7.21188 11.896 5
      vertex -7.21188 11.896 -5
    endloop
  endfacet
  facet normal 0.999655 -0.026282 0
    outer loop
      vertex -7.21632 12.0232 5
      vertex -7.21576 12.0445 -5
      vertex -7.21576 12.0445 5
    endloop
  endfacet
  facet normal 0.999655 -0.026282 0
    outer loop
      vertex -7.21576 12.0445 -5
      vertex -7.21632 12.0232 5
      vertex -7.21632 12.0232 -5
    endloop
  endfacet
  facet normal -0.297067 -0.954857 0
    outer loop
      vertex -5.64433 13.1653 -5
      vertex -5.62408 13.159 5
      vertex -5.64433 13.1653 5
    endloop
  endfacet
  facet normal -0.297067 -0.954857 -0
    outer loop
      vertex -5.62408 13.159 5
      vertex -5.64433 13.1653 -5
      vertex -5.62408 13.159 -5
    endloop
  endfacet
  facet normal -0.0470731 0.998891 0
    outer loop
      vertex -5.93633 10.7872 -5
      vertex -5.95755 10.7862 5
      vertex -5.93633 10.7872 5
    endloop
  endfacet
  facet normal -0.0470731 0.998891 0
    outer loop
      vertex -5.95755 10.7862 5
      vertex -5.93633 10.7872 -5
      vertex -5.95755 10.7862 -5
    endloop
  endfacet
  facet normal 0.414513 -0.910044 0
    outer loop
      vertex -6.51412 13.1045 -5
      vertex -6.4948 13.1133 5
      vertex -6.51412 13.1045 5
    endloop
  endfacet
  facet normal 0.414513 -0.910044 0
    outer loop
      vertex -6.4948 13.1133 5
      vertex -6.51412 13.1045 -5
      vertex -6.4948 13.1133 -5
    endloop
  endfacet
  facet normal 0.0612346 -0.998123 0
    outer loop
      vertex -6.08486 13.2155 -5
      vertex -6.06367 13.2168 5
      vertex -6.08486 13.2155 5
    endloop
  endfacet
  facet normal 0.0612346 -0.998123 0
    outer loop
      vertex -6.06367 13.2168 5
      vertex -6.08486 13.2155 -5
      vertex -6.06367 13.2168 -5
    endloop
  endfacet
  facet normal 0.917212 -0.398399 0
    outer loop
      vertex -7.1198 12.4773 5
      vertex -7.11133 12.4968 -5
      vertex -7.11133 12.4968 5
    endloop
  endfacet
  facet normal 0.917212 -0.398399 0
    outer loop
      vertex -7.11133 12.4968 -5
      vertex -7.1198 12.4773 5
      vertex -7.1198 12.4773 -5
    endloop
  endfacet
  facet normal 0.268372 0.963315 -0
    outer loop
      vertex -6.31485 10.8269 -5
      vertex -6.33531 10.8326 5
      vertex -6.31485 10.8269 5
    endloop
  endfacet
  facet normal 0.268372 0.963315 0
    outer loop
      vertex -6.33531 10.8326 5
      vertex -6.31485 10.8269 -5
      vertex -6.33531 10.8326 -5
    endloop
  endfacet
  facet normal 0.976506 -0.215489 0
    outer loop
      vertex -7.18992 12.2549 5
      vertex -7.18533 12.2757 -5
      vertex -7.18533 12.2757 5
    endloop
  endfacet
  facet normal 0.976506 -0.215489 0
    outer loop
      vertex -7.18533 12.2757 -5
      vertex -7.18992 12.2549 5
      vertex -7.18992 12.2549 -5
    endloop
  endfacet
  facet normal -0.902913 -0.429824 0
    outer loop
      vertex -4.89747 12.5161 -5
      vertex -4.90661 12.5353 5
      vertex -4.90661 12.5353 -5
    endloop
  endfacet
  facet normal -0.902913 -0.429824 0
    outer loop
      vertex -4.90661 12.5353 5
      vertex -4.89747 12.5161 -5
      vertex -4.89747 12.5161 5
    endloop
  endfacet
  facet normal -0.400103 -0.91647 0
    outer loop
      vertex -5.52467 13.1218 -5
      vertex -5.5052 13.1133 5
      vertex -5.52467 13.1218 5
    endloop
  endfacet
  facet normal -0.400103 -0.91647 -0
    outer loop
      vertex -5.5052 13.1133 5
      vertex -5.52467 13.1218 -5
      vertex -5.5052 13.1133 -5
    endloop
  endfacet
  facet normal -0.268372 0.963315 0
    outer loop
      vertex -5.66469 10.8326 -5
      vertex -5.68515 10.8269 5
      vertex -5.66469 10.8326 5
    endloop
  endfacet
  facet normal -0.268372 0.963315 0
    outer loop
      vertex -5.68515 10.8269 5
      vertex -5.66469 10.8326 -5
      vertex -5.68515 10.8269 -5
    endloop
  endfacet
  facet normal 0.989005 -0.14788 0
    outer loop
      vertex -7.20467 12.1713 5
      vertex -7.20153 12.1923 -5
      vertex -7.20153 12.1923 5
    endloop
  endfacet
  facet normal 0.989005 -0.14788 0
    outer loop
      vertex -7.20153 12.1923 -5
      vertex -7.20467 12.1713 5
      vertex -7.20467 12.1713 -5
    endloop
  endfacet
  facet normal 0.772066 -0.635542 0
    outer loop
      vertex -6.9454 12.7676 5
      vertex -6.9319 12.784 -5
      vertex -6.9319 12.784 5
    endloop
  endfacet
  facet normal 0.772066 -0.635542 0
    outer loop
      vertex -6.9319 12.784 -5
      vertex -6.9454 12.7676 5
      vertex -6.9454 12.7676 -5
    endloop
  endfacet
  facet normal 0.979849 0.199738 0
    outer loop
      vertex -7.18992 11.7491 5
      vertex -7.19416 11.7699 -5
      vertex -7.19416 11.7699 5
    endloop
  endfacet
  facet normal 0.979849 0.199738 0
    outer loop
      vertex -7.19416 11.7699 -5
      vertex -7.18992 11.7491 5
      vertex -7.18992 11.7491 -5
    endloop
  endfacet
  facet normal 0.319895 0.947453 -0
    outer loop
      vertex -6.37592 10.845 -5
      vertex -6.39606 10.8518 5
      vertex -6.37592 10.845 5
    endloop
  endfacet
  facet normal 0.319895 0.947453 0
    outer loop
      vertex -6.39606 10.8518 5
      vertex -6.37592 10.845 -5
      vertex -6.39606 10.8518 -5
    endloop
  endfacet
  facet normal 0.649628 0.760253 -0
    outer loop
      vertex -6.78195 11.0701 -5
      vertex -6.7981 11.0839 5
      vertex -6.78195 11.0701 5
    endloop
  endfacet
  facet normal 0.649628 0.760253 0
    outer loop
      vertex -6.7981 11.0839 5
      vertex -6.78195 11.0701 -5
      vertex -6.7981 11.0839 -5
    endloop
  endfacet
  facet normal -0.812743 0.582623 0
    outer loop
      vertex -5.01583 11.287 -5
      vertex -5.0035 11.3042 5
      vertex -5.0035 11.3042 -5
    endloop
  endfacet
  facet normal -0.812743 0.582623 0
    outer loop
      vertex -5.0035 11.3042 5
      vertex -5.01583 11.287 -5
      vertex -5.01583 11.287 5
    endloop
  endfacet
  facet normal 0.249736 -0.968314 0
    outer loop
      vertex -6.31485 13.1771 -5
      vertex -6.2943 13.1824 5
      vertex -6.31485 13.1771 5
    endloop
  endfacet
  facet normal 0.249736 -0.968314 0
    outer loop
      vertex -6.2943 13.1824 5
      vertex -6.31485 13.1771 -5
      vertex -6.2943 13.1824 -5
    endloop
  endfacet
  facet normal 0.0612346 0.998123 -0
    outer loop
      vertex -6.06367 10.7872 -5
      vertex -6.08486 10.7885 5
      vertex -6.06367 10.7872 5
    endloop
  endfacet
  facet normal 0.0612346 0.998123 0
    outer loop
      vertex -6.08486 10.7885 5
      vertex -6.06367 10.7872 -5
      vertex -6.08486 10.7885 -5
    endloop
  endfacet
  facet normal 0.202357 -0.979312 0
    outer loop
      vertex -6.25293 13.1919 -5
      vertex -6.23212 13.1962 5
      vertex -6.25293 13.1919 5
    endloop
  endfacet
  facet normal 0.202357 -0.979312 0
    outer loop
      vertex -6.23212 13.1962 5
      vertex -6.25293 13.1919 -5
      vertex -6.23212 13.1962 -5
    endloop
  endfacet
  facet normal -0.0612346 0.998123 0
    outer loop
      vertex -5.91514 10.7885 -5
      vertex -5.93633 10.7872 5
      vertex -5.91514 10.7885 5
    endloop
  endfacet
  facet normal -0.0612346 0.998123 0
    outer loop
      vertex -5.93633 10.7872 5
      vertex -5.91514 10.7885 -5
      vertex -5.93633 10.7872 -5
    endloop
  endfacet
  facet normal 0.551433 -0.834219 0
    outer loop
      vertex -6.68026 13.0105 -5
      vertex -6.66256 13.0222 5
      vertex -6.68026 13.0105 5
    endloop
  endfacet
  facet normal 0.551433 -0.834219 0
    outer loop
      vertex -6.66256 13.0222 5
      vertex -6.68026 13.0105 -5
      vertex -6.66256 13.0222 -5
    endloop
  endfacet
  facet normal -0.794438 -0.607345 0
    outer loop
      vertex -5.02846 12.7341 -5
      vertex -5.04138 12.751 5
      vertex -5.04138 12.751 -5
    endloop
  endfacet
  facet normal -0.794438 -0.607345 0
    outer loop
      vertex -5.04138 12.751 5
      vertex -5.02846 12.7341 -5
      vertex -5.02846 12.7341 5
    endloop
  endfacet
  facet normal 0.870493 0.492181 0
    outer loop
      vertex -7.05352 11.3937 5
      vertex -7.06398 11.4122 -5
      vertex -7.06398 11.4122 5
    endloop
  endfacet
  facet normal 0.870493 0.492181 0
    outer loop
      vertex -7.06398 11.4122 -5
      vertex -7.05352 11.3937 5
      vertex -7.05352 11.3937 -5
    endloop
  endfacet
  facet normal -0.942528 -0.334126 0
    outer loop
      vertex -4.84977 12.3981 -5
      vertex -4.85686 12.4181 5
      vertex -4.85686 12.4181 -5
    endloop
  endfacet
  facet normal -0.942528 -0.334126 0
    outer loop
      vertex -4.85686 12.4181 5
      vertex -4.84977 12.3981 -5
      vertex -4.84977 12.3981 5
    endloop
  endfacet
  facet normal -0.917212 0.398399 0
    outer loop
      vertex -4.88867 11.5072 -5
      vertex -4.8802 11.5267 5
      vertex -4.8802 11.5267 -5
    endloop
  endfacet
  facet normal -0.917212 0.398399 0
    outer loop
      vertex -4.8802 11.5267 5
      vertex -4.88867 11.5072 -5
      vertex -4.88867 11.5072 5
    endloop
  endfacet
  facet normal 0.99906 0.0433554 0
    outer loop
      vertex -7.21484 11.9383 5
      vertex -7.21576 11.9595 -5
      vertex -7.21576 11.9595 5
    endloop
  endfacet
  facet normal 0.99906 0.0433554 0
    outer loop
      vertex -7.21576 11.9595 -5
      vertex -7.21484 11.9383 5
      vertex -7.21484 11.9383 -5
    endloop
  endfacet
  facet normal 0.99692 -0.0784306 0
    outer loop
      vertex -7.21354 12.0869 5
      vertex -7.21188 12.108 -5
      vertex -7.21188 12.108 5
    endloop
  endfacet
  facet normal 0.99692 -0.0784306 0
    outer loop
      vertex -7.21188 12.108 -5
      vertex -7.21354 12.0869 5
      vertex -7.21354 12.0869 -5
    endloop
  endfacet
  facet normal 0.999655 0.026282 0
    outer loop
      vertex -7.21576 11.9595 5
      vertex -7.21632 11.9808 -5
      vertex -7.21632 11.9808 5
    endloop
  endfacet
  facet normal 0.999655 0.026282 0
    outer loop
      vertex -7.21632 11.9808 -5
      vertex -7.21576 11.9595 5
      vertex -7.21576 11.9595 -5
    endloop
  endfacet
  facet normal 0.113068 -0.993587 0
    outer loop
      vertex -6.14825 13.2094 -5
      vertex -6.12716 13.2118 5
      vertex -6.14825 13.2094 5
    endloop
  endfacet
  facet normal 0.113068 -0.993587 0
    outer loop
      vertex -6.12716 13.2118 5
      vertex -6.14825 13.2094 -5
      vertex -6.12716 13.2118 -5
    endloop
  endfacet
  facet normal -0.995402 -0.095784 0
    outer loop
      vertex -4.78812 12.108 -5
      vertex -4.79016 12.1292 5
      vertex -4.79016 12.1292 -5
    endloop
  endfacet
  facet normal -0.995402 -0.095784 0
    outer loop
      vertex -4.79016 12.1292 5
      vertex -4.78812 12.108 -5
      vertex -4.78812 12.108 5
    endloop
  endfacet
  facet normal -0.0612346 -0.998123 0
    outer loop
      vertex -5.93633 13.2168 -5
      vertex -5.91514 13.2155 5
      vertex -5.93633 13.2168 5
    endloop
  endfacet
  facet normal -0.0612346 -0.998123 -0
    outer loop
      vertex -5.91514 13.2155 5
      vertex -5.93633 13.2168 -5
      vertex -5.91514 13.2155 -5
    endloop
  endfacet
  facet normal 0.367327 -0.930092 0
    outer loop
      vertex -6.45571 13.1299 -5
      vertex -6.43596 13.1377 5
      vertex -6.45571 13.1299 5
    endloop
  endfacet
  facet normal 0.367327 -0.930092 0
    outer loop
      vertex -6.43596 13.1377 5
      vertex -6.45571 13.1299 -5
      vertex -6.43596 13.1377 -5
    endloop
  endfacet
  facet normal 0.287003 -0.95793 0
    outer loop
      vertex -6.35567 13.1653 -5
      vertex -6.33531 13.1714 5
      vertex -6.35567 13.1653 5
    endloop
  endfacet
  facet normal 0.287003 -0.95793 0
    outer loop
      vertex -6.33531 13.1714 5
      vertex -6.35567 13.1653 -5
      vertex -6.33531 13.1714 -5
    endloop
  endfacet
  facet normal -0.429018 0.903296 0
    outer loop
      vertex -5.46672 10.9086 -5
      vertex -5.48588 10.8995 5
      vertex -5.46672 10.9086 5
    endloop
  endfacet
  facet normal -0.429018 0.903296 0
    outer loop
      vertex -5.48588 10.8995 5
      vertex -5.46672 10.9086 -5
      vertex -5.48588 10.8995 -5
    endloop
  endfacet
  facet normal 0.812743 0.582623 0
    outer loop
      vertex -6.98417 11.287 5
      vertex -6.9965 11.3042 -5
      vertex -6.9965 11.3042 5
    endloop
  endfacet
  facet normal 0.812743 0.582623 0
    outer loop
      vertex -6.9965 11.3042 -5
      vertex -6.98417 11.287 5
      vertex -6.98417 11.287 -5
    endloop
  endfacet
  facet normal -0.0753991 0.997153 0
    outer loop
      vertex -5.89398 10.7901 -5
      vertex -5.91514 10.7885 5
      vertex -5.89398 10.7901 5
    endloop
  endfacet
  facet normal -0.0753991 0.997153 0
    outer loop
      vertex -5.91514 10.7885 5
      vertex -5.89398 10.7901 -5
      vertex -5.91514 10.7885 -5
    endloop
  endfacet
  facet normal 0.164857 -0.986317 0
    outer loop
      vertex -6.21124 13.2 -5
      vertex -6.1903 13.2035 5
      vertex -6.21124 13.2 5
    endloop
  endfacet
  facet normal 0.164857 -0.986317 0
    outer loop
      vertex -6.1903 13.2035 5
      vertex -6.21124 13.2 -5
      vertex -6.1903 13.2035 -5
    endloop
  endfacet
  facet normal -0.986189 0.165623 0
    outer loop
      vertex -4.80198 11.7908 -5
      vertex -4.79847 11.8117 5
      vertex -4.79847 11.8117 -5
    endloop
  endfacet
  facet normal -0.986189 0.165623 0
    outer loop
      vertex -4.79847 11.8117 5
      vertex -4.80198 11.7908 -5
      vertex -4.80198 11.7908 5
    endloop
  endfacet
  facet normal 0.983369 -0.181617 0
    outer loop
      vertex -7.19802 12.2132 5
      vertex -7.19416 12.2341 -5
      vertex -7.19416 12.2341 5
    endloop
  endfacet
  facet normal 0.983369 -0.181617 0
    outer loop
      vertex -7.19416 12.2341 -5
      vertex -7.19802 12.2132 5
      vertex -7.19802 12.2132 -5
    endloop
  endfacet
  facet normal -0.738363 0.674403 0
    outer loop
      vertex -5.1103 11.1723 -5
      vertex -5.09596 11.188 5
      vertex -5.09596 11.188 -5
    endloop
  endfacet
  facet normal -0.738363 0.674403 0
    outer loop
      vertex -5.09596 11.188 5
      vertex -5.1103 11.1723 -5
      vertex -5.1103 11.1723 5
    endloop
  endfacet
  facet normal 0.400103 -0.91647 0
    outer loop
      vertex -6.4948 13.1133 -5
      vertex -6.47533 13.1218 5
      vertex -6.4948 13.1133 5
    endloop
  endfacet
  facet normal 0.400103 -0.91647 0
    outer loop
      vertex -6.47533 13.1218 5
      vertex -6.4948 13.1133 -5
      vertex -6.47533 13.1218 -5
    endloop
  endfacet
  facet normal 0.852676 -0.522441 0
    outer loop
      vertex -7.04275 12.6285 5
      vertex -7.03166 12.6466 -5
      vertex -7.03166 12.6466 5
    endloop
  endfacet
  facet normal 0.852676 -0.522441 0
    outer loop
      vertex -7.03166 12.6466 -5
      vertex -7.04275 12.6285 5
      vertex -7.04275 12.6285 -5
    endloop
  endfacet
  facet normal -0.663487 0.748188 0
    outer loop
      vertex -5.186 11.098 -5
      vertex -5.2019 11.0839 5
      vertex -5.186 11.098 5
    endloop
  endfacet
  facet normal -0.663487 0.748188 0
    outer loop
      vertex -5.2019 11.0839 5
      vertex -5.186 11.098 -5
      vertex -5.2019 11.0839 -5
    endloop
  endfacet
  facet normal -0.367327 0.930092 0
    outer loop
      vertex -5.54429 10.8741 -5
      vertex -5.56404 10.8663 5
      vertex -5.54429 10.8741 5
    endloop
  endfacet
  facet normal -0.367327 0.930092 0
    outer loop
      vertex -5.56404 10.8663 5
      vertex -5.54429 10.8741 -5
      vertex -5.56404 10.8663 -5
    endloop
  endfacet
  facet normal -0.958983 -0.283464 0
    outer loop
      vertex -4.83062 12.3373 -5
      vertex -4.83665 12.3577 5
      vertex -4.83665 12.3577 -5
    endloop
  endfacet
  facet normal -0.958983 -0.283464 0
    outer loop
      vertex -4.83665 12.3577 5
      vertex -4.83062 12.3373 -5
      vertex -4.83062 12.3373 5
    endloop
  endfacet
  facet normal -0.979849 -0.199738 0
    outer loop
      vertex -4.80584 12.2341 -5
      vertex -4.81008 12.2549 5
      vertex -4.81008 12.2549 -5
    endloop
  endfacet
  facet normal -0.979849 -0.199738 0
    outer loop
      vertex -4.81008 12.2549 5
      vertex -4.80584 12.2341 -5
      vertex -4.80584 12.2341 5
    endloop
  endfacet
  facet normal -0.902913 0.429824 0
    outer loop
      vertex -4.90661 11.4687 -5
      vertex -4.89747 11.4879 5
      vertex -4.89747 11.4879 -5
    endloop
  endfacet
  facet normal -0.902913 0.429824 0
    outer loop
      vertex -4.89747 11.4879 5
      vertex -4.90661 11.4687 -5
      vertex -4.90661 11.4687 5
    endloop
  endfacet
  facet normal 0.216731 -0.976231 0
    outer loop
      vertex -6.27365 13.1873 -5
      vertex -6.25293 13.1919 5
      vertex -6.27365 13.1873 5
    endloop
  endfacet
  facet normal 0.216731 -0.976231 0
    outer loop
      vertex -6.25293 13.1919 5
      vertex -6.27365 13.1873 -5
      vertex -6.25293 13.1919 -5
    endloop
  endfacet
  facet normal -0.993593 -0.113015 0
    outer loop
      vertex -4.79016 12.1292 -5
      vertex -4.79256 12.1503 5
      vertex -4.79256 12.1503 -5
    endloop
  endfacet
  facet normal -0.993593 -0.113015 0
    outer loop
      vertex -4.79256 12.1503 5
      vertex -4.79016 12.1292 -5
      vertex -4.79016 12.1292 5
    endloop
  endfacet
  facet normal 0.824069 0.566489 0
    outer loop
      vertex -6.9965 11.3042 5
      vertex -7.00853 11.3217 -5
      vertex -7.00853 11.3217 5
    endloop
  endfacet
  facet normal 0.824069 0.566489 0
    outer loop
      vertex -7.00853 11.3217 -5
      vertex -6.9965 11.3042 5
      vertex -6.9965 11.3042 -5
    endloop
  endfacet
  facet normal -0.0753991 -0.997153 0
    outer loop
      vertex -5.91514 13.2155 -5
      vertex -5.89398 13.2139 5
      vertex -5.91514 13.2155 5
    endloop
  endfacet
  facet normal -0.0753991 -0.997153 -0
    outer loop
      vertex -5.89398 13.2139 5
      vertex -5.91514 13.2155 -5
      vertex -5.89398 13.2139 -5
    endloop
  endfacet
  facet normal -0.565528 0.824729 0
    outer loop
      vertex -5.30224 11.0055 -5
      vertex -5.31974 10.9935 5
      vertex -5.30224 11.0055 5
    endloop
  endfacet
  facet normal -0.565528 0.824729 0
    outer loop
      vertex -5.31974 10.9935 5
      vertex -5.30224 11.0055 -5
      vertex -5.31974 10.9935 -5
    endloop
  endfacet
  facet normal 0.687771 0.725928 -0
    outer loop
      vertex -6.82965 11.1123 -5
      vertex -6.84506 11.1269 5
      vertex -6.82965 11.1123 5
    endloop
  endfacet
  facet normal 0.687771 0.725928 0
    outer loop
      vertex -6.84506 11.1269 5
      vertex -6.82965 11.1123 -5
      vertex -6.84506 11.1269 -5
    endloop
  endfacet
  facet normal -0.649628 -0.760253 0
    outer loop
      vertex -5.21805 12.9339 -5
      vertex -5.2019 12.9201 5
      vertex -5.21805 12.9339 5
    endloop
  endfacet
  facet normal -0.649628 -0.760253 -0
    outer loop
      vertex -5.2019 12.9201 5
      vertex -5.21805 12.9339 -5
      vertex -5.2019 12.9201 -5
    endloop
  endfacet
  facet normal 0.649628 -0.760253 0
    outer loop
      vertex -6.7981 12.9201 -5
      vertex -6.78195 12.9339 5
      vertex -6.7981 12.9201 5
    endloop
  endfacet
  facet normal 0.649628 -0.760253 0
    outer loop
      vertex -6.78195 12.9339 5
      vertex -6.7981 12.9201 -5
      vertex -6.78195 12.9339 -5
    endloop
  endfacet
  facet normal -0.447214 0.894427 0
    outer loop
      vertex -5.44772 10.9181 -5
      vertex -5.46672 10.9086 5
      vertex -5.44772 10.9181 5
    endloop
  endfacet
  facet normal -0.447214 0.894427 0
    outer loop
      vertex -5.46672 10.9086 5
      vertex -5.44772 10.9181 -5
      vertex -5.46672 10.9086 -5
    endloop
  endfacet
  facet normal -0.334396 0.942433 0
    outer loop
      vertex -5.58393 10.8589 -5
      vertex -5.60394 10.8518 5
      vertex -5.58393 10.8589 5
    endloop
  endfacet
  facet normal -0.334396 0.942433 0
    outer loop
      vertex -5.60394 10.8518 5
      vertex -5.58393 10.8589 -5
      vertex -5.60394 10.8518 -5
    endloop
  endfacet
  facet normal -0.948589 0.31651 0
    outer loop
      vertex -4.84977 11.6059 -5
      vertex -4.84303 11.6261 5
      vertex -4.84303 11.6261 -5
    endloop
  endfacet
  facet normal -0.948589 0.31651 0
    outer loop
      vertex -4.84303 11.6261 5
      vertex -4.84977 11.6059 -5
      vertex -4.84977 11.6059 5
    endloop
  endfacet
  facet normal -0.622163 0.782888 0
    outer loop
      vertex -5.23443 11.0566 -5
      vertex -5.25104 11.0434 5
      vertex -5.23443 11.0566 5
    endloop
  endfacet
  facet normal -0.622163 0.782888 0
    outer loop
      vertex -5.25104 11.0434 5
      vertex -5.23443 11.0566 -5
      vertex -5.25104 11.0434 -5
    endloop
  endfacet
  facet normal 0.948589 -0.31651 0
    outer loop
      vertex -7.15697 12.3779 5
      vertex -7.15023 12.3981 -5
      vertex -7.15023 12.3981 5
    endloop
  endfacet
  facet normal 0.948589 -0.31651 0
    outer loop
      vertex -7.15023 12.3981 -5
      vertex -7.15697 12.3779 5
      vertex -7.15697 12.3779 -5
    endloop
  endfacet
  facet normal 0.923856 0.38274 0
    outer loop
      vertex -7.1198 11.5267 5
      vertex -7.12792 11.5463 -5
      vertex -7.12792 11.5463 5
    endloop
  endfacet
  facet normal 0.923856 0.38274 0
    outer loop
      vertex -7.12792 11.5463 -5
      vertex -7.1198 11.5267 5
      vertex -7.1198 11.5267 -5
    endloop
  endfacet
  facet normal 0.0988512 0.995102 -0
    outer loop
      vertex -6.10602 10.7901 -5
      vertex -6.12716 10.7922 5
      vertex -6.10602 10.7901 5
    endloop
  endfacet
  facet normal 0.0988512 0.995102 0
    outer loop
      vertex -6.12716 10.7922 5
      vertex -6.10602 10.7901 -5
      vertex -6.12716 10.7922 -5
    endloop
  endfacet
  facet normal -0.494009 -0.869457 0
    outer loop
      vertex -5.41023 13.066 -5
      vertex -5.39175 13.0555 5
      vertex -5.41023 13.066 5
    endloop
  endfacet
  facet normal -0.494009 -0.869457 -0
    outer loop
      vertex -5.39175 13.0555 5
      vertex -5.41023 13.066 -5
      vertex -5.39175 13.0555 -5
    endloop
  endfacet
  facet normal -0.923856 0.38274 0
    outer loop
      vertex -4.8802 11.5267 -5
      vertex -4.87208 11.5463 5
      vertex -4.87208 11.5463 -5
    endloop
  endfacet
  facet normal -0.923856 0.38274 0
    outer loop
      vertex -4.87208 11.5463 5
      vertex -4.8802 11.5267 -5
      vertex -4.8802 11.5267 5
    endloop
  endfacet
  facet normal -0.894804 -0.44646 0
    outer loop
      vertex -4.90661 12.5353 -5
      vertex -4.91609 12.5543 5
      vertex -4.91609 12.5543 -5
    endloop
  endfacet
  facet normal -0.894804 -0.44646 0
    outer loop
      vertex -4.91609 12.5543 5
      vertex -4.90661 12.5353 -5
      vertex -4.90661 12.5353 5
    endloop
  endfacet
  facet normal -0.712277 0.701899 0
    outer loop
      vertex -5.1398 11.1418 -5
      vertex -5.12492 11.1569 5
      vertex -5.12492 11.1569 -5
    endloop
  endfacet
  facet normal -0.712277 0.701899 0
    outer loop
      vertex -5.12492 11.1569 5
      vertex -5.1398 11.1418 -5
      vertex -5.1398 11.1418 5
    endloop
  endfacet
  facet normal -0.400103 0.91647 0
    outer loop
      vertex -5.5052 10.8907 -5
      vertex -5.52467 10.8822 5
      vertex -5.5052 10.8907 5
    endloop
  endfacet
  facet normal -0.400103 0.91647 0
    outer loop
      vertex -5.52467 10.8822 5
      vertex -5.5052 10.8907 -5
      vertex -5.52467 10.8822 -5
    endloop
  endfacet
  facet normal 0.75949 0.650519 0
    outer loop
      vertex -6.91811 11.2039 5
      vertex -6.9319 11.22 -5
      vertex -6.9319 11.22 5
    endloop
  endfacet
  facet normal 0.75949 0.650519 0
    outer loop
      vertex -6.9319 11.22 -5
      vertex -6.91811 11.2039 5
      vertex -6.91811 11.2039 -5
    endloop
  endfacet
  facet normal 0.701435 -0.712733 0
    outer loop
      vertex -6.8602 12.8622 -5
      vertex -6.84506 12.8771 5
      vertex -6.8602 12.8622 5
    endloop
  endfacet
  facet normal 0.701435 -0.712733 0
    outer loop
      vertex -6.84506 12.8771 5
      vertex -6.8602 12.8622 -5
      vertex -6.84506 12.8771 -5
    endloop
  endfacet
  facet normal 0.870493 -0.492181 0
    outer loop
      vertex -7.06398 12.5918 5
      vertex -7.05352 12.6103 -5
      vertex -7.05352 12.6103 5
    endloop
  endfacet
  facet normal 0.870493 -0.492181 0
    outer loop
      vertex -7.05352 12.6103 -5
      vertex -7.06398 12.5918 5
      vertex -7.06398 12.5918 -5
    endloop
  endfacet
  facet normal 0.579899 -0.814688 0
    outer loop
      vertex -6.71504 12.9862 -5
      vertex -6.69776 12.9985 5
      vertex -6.71504 12.9862 5
    endloop
  endfacet
  facet normal 0.579899 -0.814688 0
    outer loop
      vertex -6.69776 12.9985 5
      vertex -6.71504 12.9862 -5
      vertex -6.69776 12.9985 -5
    endloop
  endfacet
  facet normal -0.976506 0.215489 0
    outer loop
      vertex -4.81467 11.7283 -5
      vertex -4.81008 11.7491 5
      vertex -4.81008 11.7491 -5
    endloop
  endfacet
  facet normal -0.976506 0.215489 0
    outer loop
      vertex -4.81008 11.7491 5
      vertex -4.81467 11.7283 -5
      vertex -4.81467 11.7283 5
    endloop
  endfacet
  facet normal 0.993593 -0.113015 0
    outer loop
      vertex -7.20984 12.1292 5
      vertex -7.20744 12.1503 -5
      vertex -7.20744 12.1503 5
    endloop
  endfacet
  facet normal 0.993593 -0.113015 0
    outer loop
      vertex -7.20744 12.1503 -5
      vertex -7.20984 12.1292 5
      vertex -7.20984 12.1292 -5
    endloop
  endfacet
  facet normal 0.979849 -0.199738 0
    outer loop
      vertex -7.19416 12.2341 5
      vertex -7.18992 12.2549 -5
      vertex -7.18992 12.2549 5
    endloop
  endfacet
  facet normal 0.979849 -0.199738 0
    outer loop
      vertex -7.18992 12.2549 -5
      vertex -7.19416 12.2341 5
      vertex -7.19416 12.2341 -5
    endloop
  endfacet
  facet normal -0.833786 -0.552088 0
    outer loop
      vertex -4.97975 12.6646 -5
      vertex -4.99147 12.6823 5
      vertex -4.99147 12.6823 -5
    endloop
  endfacet
  facet normal -0.833786 -0.552088 0
    outer loop
      vertex -4.99147 12.6823 5
      vertex -4.97975 12.6646 -5
      vertex -4.97975 12.6646 5
    endloop
  endfacet
  facet normal -0.687771 -0.725928 0
    outer loop
      vertex -5.17035 12.8917 -5
      vertex -5.15494 12.8771 5
      vertex -5.17035 12.8917 5
    endloop
  endfacet
  facet normal -0.687771 -0.725928 -0
    outer loop
      vertex -5.15494 12.8771 5
      vertex -5.17035 12.8917 -5
      vertex -5.15494 12.8771 -5
    endloop
  endfacet
  facet normal -0.989005 -0.14788 0
    outer loop
      vertex -4.79533 12.1713 -5
      vertex -4.79847 12.1923 5
      vertex -4.79847 12.1923 -5
    endloop
  endfacet
  facet normal -0.989005 -0.14788 0
    outer loop
      vertex -4.79847 12.1923 5
      vertex -4.79533 12.1713 -5
      vertex -4.79533 12.1713 5
    endloop
  endfacet
  facet normal -0.381603 0.924326 0
    outer loop
      vertex -5.52467 10.8822 -5
      vertex -5.54429 10.8741 5
      vertex -5.52467 10.8822 5
    endloop
  endfacet
  facet normal -0.381603 0.924326 0
    outer loop
      vertex -5.54429 10.8741 5
      vertex -5.52467 10.8822 -5
      vertex -5.54429 10.8741 -5
    endloop
  endfacet
  facet normal -0.953568 0.301177 0
    outer loop
      vertex -4.84303 11.6261 -5
      vertex -4.83665 11.6463 5
      vertex -4.83665 11.6463 -5
    endloop
  endfacet
  facet normal -0.953568 0.301177 0
    outer loop
      vertex -4.83665 11.6463 5
      vertex -4.84303 11.6261 -5
      vertex -4.84303 11.6261 5
    endloop
  endfacet
  facet normal 0.663487 -0.748188 0
    outer loop
      vertex -6.814 12.906 -5
      vertex -6.7981 12.9201 5
      vertex -6.814 12.906 5
    endloop
  endfacet
  facet normal 0.663487 -0.748188 0
    outer loop
      vertex -6.7981 12.9201 5
      vertex -6.814 12.906 -5
      vertex -6.7981 12.9201 -5
    endloop
  endfacet
  facet normal -0.99692 -0.0784306 0
    outer loop
      vertex -4.78646 12.0869 -5
      vertex -4.78812 12.108 5
      vertex -4.78812 12.108 -5
    endloop
  endfacet
  facet normal -0.99692 -0.0784306 0
    outer loop
      vertex -4.78812 12.108 5
      vertex -4.78646 12.0869 -5
      vertex -4.78646 12.0869 5
    endloop
  endfacet
  facet normal -0.0235561 0.999723 0
    outer loop
      vertex -5.95755 10.7862 -5
      vertex -5.97877 10.7857 5
      vertex -5.95755 10.7862 5
    endloop
  endfacet
  facet normal -0.0235561 0.999723 0
    outer loop
      vertex -5.97877 10.7857 5
      vertex -5.95755 10.7862 -5
      vertex -5.97877 10.7857 -5
    endloop
  endfacet
  facet normal -0.748889 0.662696 0
    outer loop
      vertex -5.09596 11.188 -5
      vertex -5.08189 11.2039 5
      vertex -5.08189 11.2039 -5
    endloop
  endfacet
  facet normal -0.748889 0.662696 0
    outer loop
      vertex -5.08189 11.2039 5
      vertex -5.09596 11.188 -5
      vertex -5.09596 11.188 5
    endloop
  endfacet
  facet normal 0.712277 0.701899 0
    outer loop
      vertex -6.8602 11.1418 5
      vertex -6.87508 11.1569 -5
      vertex -6.87508 11.1569 5
    endloop
  endfacet
  facet normal 0.712277 0.701899 0
    outer loop
      vertex -6.87508 11.1569 -5
      vertex -6.8602 11.1418 5
      vertex -6.8602 11.1418 -5
    endloop
  endfacet
  facet normal 0.429018 -0.903296 0
    outer loop
      vertex -6.53328 13.0954 -5
      vertex -6.51412 13.1045 5
      vertex -6.53328 13.0954 5
    endloop
  endfacet
  facet normal 0.429018 -0.903296 0
    outer loop
      vertex -6.51412 13.1045 5
      vertex -6.53328 13.0954 -5
      vertex -6.51412 13.1045 -5
    endloop
  endfacet
  facet normal 0.0753991 0.997153 -0
    outer loop
      vertex -6.08486 10.7885 -5
      vertex -6.10602 10.7901 5
      vertex -6.08486 10.7885 5
    endloop
  endfacet
  facet normal 0.0753991 0.997153 0
    outer loop
      vertex -6.10602 10.7901 5
      vertex -6.08486 10.7885 -5
      vertex -6.10602 10.7901 -5
    endloop
  endfacet
  facet normal -0.917212 -0.398399 0
    outer loop
      vertex -4.8802 12.4773 -5
      vertex -4.88867 12.4968 5
      vertex -4.88867 12.4968 -5
    endloop
  endfacet
  facet normal -0.917212 -0.398399 0
    outer loop
      vertex -4.88867 12.4968 5
      vertex -4.8802 12.4773 -5
      vertex -4.8802 12.4773 5
    endloop
  endfacet
  facet normal -0.958983 0.283464 0
    outer loop
      vertex -4.83665 11.6463 -5
      vertex -4.83062 11.6667 5
      vertex -4.83062 11.6667 -5
    endloop
  endfacet
  facet normal -0.958983 0.283464 0
    outer loop
      vertex -4.83062 11.6667 5
      vertex -4.83665 11.6463 -5
      vertex -4.83665 11.6463 5
    endloop
  endfacet
  facet normal 0.179051 -0.98384 0
    outer loop
      vertex -6.23212 13.1962 -5
      vertex -6.21124 13.2 5
      vertex -6.23212 13.1962 5
    endloop
  endfacet
  facet normal 0.179051 -0.98384 0
    outer loop
      vertex -6.21124 13.2 5
      vertex -6.23212 13.1962 -5
      vertex -6.21124 13.2 -5
    endloop
  endfacet
  facet normal -0.701435 0.712733 0
    outer loop
      vertex -5.1398 11.1418 -5
      vertex -5.15494 11.1269 5
      vertex -5.1398 11.1418 5
    endloop
  endfacet
  facet normal -0.701435 0.712733 0
    outer loop
      vertex -5.15494 11.1269 5
      vertex -5.1398 11.1418 -5
      vertex -5.15494 11.1269 -5
    endloop
  endfacet
  facet normal 0.47601 0.87944 -0
    outer loop
      vertex -6.57111 10.9279 -5
      vertex -6.58977 10.938 5
      vertex -6.57111 10.9279 5
    endloop
  endfacet
  facet normal 0.47601 0.87944 0
    outer loop
      vertex -6.58977 10.938 5
      vertex -6.57111 10.9279 -5
      vertex -6.58977 10.938 -5
    endloop
  endfacet
  facet normal -0.414513 -0.910044 0
    outer loop
      vertex -5.5052 13.1133 -5
      vertex -5.48588 13.1045 5
      vertex -5.5052 13.1133 5
    endloop
  endfacet
  facet normal -0.414513 -0.910044 -0
    outer loop
      vertex -5.48588 13.1045 5
      vertex -5.5052 13.1133 -5
      vertex -5.48588 13.1045 -5
    endloop
  endfacet
  facet normal 0.879276 0.476313 0
    outer loop
      vertex -7.06398 11.4122 5
      vertex -7.07411 11.4309 -5
      vertex -7.07411 11.4309 5
    endloop
  endfacet
  facet normal 0.879276 0.476313 0
    outer loop
      vertex -7.07411 11.4309 -5
      vertex -7.06398 11.4122 5
      vertex -7.06398 11.4122 -5
    endloop
  endfacet
  facet normal 0.725235 -0.688502 0
    outer loop
      vertex -6.8897 12.8317 5
      vertex -6.87508 12.8471 -5
      vertex -6.87508 12.8471 5
    endloop
  endfacet
  facet normal 0.725235 -0.688502 0
    outer loop
      vertex -6.87508 12.8471 -5
      vertex -6.8897 12.8317 5
      vertex -6.8897 12.8317 -5
    endloop
  endfacet
  facet normal 0.963477 -0.26779 0
    outer loop
      vertex -7.17505 12.3169 5
      vertex -7.16938 12.3373 -5
      vertex -7.16938 12.3373 5
    endloop
  endfacet
  facet normal 0.963477 -0.26779 0
    outer loop
      vertex -7.16938 12.3373 -5
      vertex -7.17505 12.3169 5
      vertex -7.17505 12.3169 -5
    endloop
  endfacet
  facet normal 0.909881 -0.414868 0
    outer loop
      vertex -7.11133 12.4968 5
      vertex -7.10253 12.5161 -5
      vertex -7.10253 12.5161 5
    endloop
  endfacet
  facet normal 0.909881 -0.414868 0
    outer loop
      vertex -7.10253 12.5161 -5
      vertex -7.11133 12.4968 5
      vertex -7.11133 12.4968 -5
    endloop
  endfacet
  facet normal -0.494009 0.869457 0
    outer loop
      vertex -5.39175 10.9485 -5
      vertex -5.41023 10.938 5
      vertex -5.39175 10.9485 5
    endloop
  endfacet
  facet normal -0.494009 0.869457 0
    outer loop
      vertex -5.41023 10.938 5
      vertex -5.39175 10.9485 -5
      vertex -5.41023 10.938 -5
    endloop
  endfacet
  facet normal -0.334396 -0.942433 0
    outer loop
      vertex -5.60394 13.1522 -5
      vertex -5.58393 13.1451 5
      vertex -5.60394 13.1522 5
    endloop
  endfacet
  facet normal -0.334396 -0.942433 -0
    outer loop
      vertex -5.58393 13.1451 5
      vertex -5.60394 13.1522 -5
      vertex -5.58393 13.1451 -5
    endloop
  endfacet
  facet normal -0.551433 -0.834219 0
    outer loop
      vertex -5.33744 13.0222 -5
      vertex -5.31974 13.0105 5
      vertex -5.33744 13.0222 5
    endloop
  endfacet
  facet normal -0.551433 -0.834219 -0
    outer loop
      vertex -5.31974 13.0105 5
      vertex -5.33744 13.0222 -5
      vertex -5.31974 13.0105 -5
    endloop
  endfacet
  facet normal -0.596912 0.802307 0
    outer loop
      vertex -5.26789 11.0305 -5
      vertex -5.28496 11.0178 5
      vertex -5.26789 11.0305 5
    endloop
  endfacet
  facet normal -0.596912 0.802307 0
    outer loop
      vertex -5.28496 11.0178 5
      vertex -5.26789 11.0305 -5
      vertex -5.28496 11.0178 -5
    endloop
  endfacet
  facet normal -0.993593 0.113015 0
    outer loop
      vertex -4.79256 11.8537 -5
      vertex -4.79016 11.8748 5
      vertex -4.79016 11.8748 -5
    endloop
  endfacet
  facet normal -0.993593 0.113015 0
    outer loop
      vertex -4.79016 11.8748 5
      vertex -4.79256 11.8537 -5
      vertex -4.79256 11.8537 5
    endloop
  endfacet
  facet normal 0.319895 -0.947453 0
    outer loop
      vertex -6.39606 13.1522 -5
      vertex -6.37592 13.159 5
      vertex -6.39606 13.1522 5
    endloop
  endfacet
  facet normal 0.319895 -0.947453 0
    outer loop
      vertex -6.37592 13.159 5
      vertex -6.39606 13.1522 -5
      vertex -6.37592 13.159 -5
    endloop
  endfacet
  facet normal 0.99996 0.0089619 0
    outer loop
      vertex -7.21632 11.9808 5
      vertex -7.21651 12.002 -5
      vertex -7.21651 12.002 5
    endloop
  endfacet
  facet normal 0.99996 0.0089619 0
    outer loop
      vertex -7.21651 12.002 -5
      vertex -7.21632 11.9808 5
      vertex -7.21632 11.9808 -5
    endloop
  endfacet
  facet normal -0.607887 -0.794023 0
    outer loop
      vertex -5.26789 12.9735 -5
      vertex -5.25104 12.9606 5
      vertex -5.26789 12.9735 5
    endloop
  endfacet
  facet normal -0.607887 -0.794023 -0
    outer loop
      vertex -5.25104 12.9606 5
      vertex -5.26789 12.9735 -5
      vertex -5.25104 12.9606 -5
    endloop
  endfacet
  facet normal -0.461664 0.887055 0
    outer loop
      vertex -5.42889 10.9279 -5
      vertex -5.44772 10.9181 5
      vertex -5.42889 10.9279 5
    endloop
  endfacet
  facet normal -0.461664 0.887055 0
    outer loop
      vertex -5.44772 10.9181 5
      vertex -5.42889 10.9279 -5
      vertex -5.44772 10.9181 -5
    endloop
  endfacet
  facet normal 0.687771 -0.725928 0
    outer loop
      vertex -6.84506 12.8771 -5
      vertex -6.82965 12.8917 5
      vertex -6.84506 12.8771 5
    endloop
  endfacet
  facet normal 0.687771 -0.725928 0
    outer loop
      vertex -6.82965 12.8917 5
      vertex -6.84506 12.8771 -5
      vertex -6.82965 12.8917 -5
    endloop
  endfacet
  facet normal -0.687771 0.725928 0
    outer loop
      vertex -5.15494 11.1269 -5
      vertex -5.17035 11.1123 5
      vertex -5.15494 11.1269 5
    endloop
  endfacet
  facet normal -0.687771 0.725928 0
    outer loop
      vertex -5.17035 11.1123 5
      vertex -5.15494 11.1269 -5
      vertex -5.17035 11.1123 -5
    endloop
  endfacet
  facet normal 0.540306 0.841468 -0
    outer loop
      vertex -6.64465 10.9703 -5
      vertex -6.66256 10.9818 5
      vertex -6.64465 10.9703 5
    endloop
  endfacet
  facet normal 0.540306 0.841468 0
    outer loop
      vertex -6.66256 10.9818 5
      vertex -6.64465 10.9703 -5
      vertex -6.66256 10.9818 -5
    endloop
  endfacet
  facet normal 0.976506 0.215489 0
    outer loop
      vertex -7.18533 11.7283 5
      vertex -7.18992 11.7491 -5
      vertex -7.18992 11.7491 5
    endloop
  endfacet
  facet normal 0.976506 0.215489 0
    outer loop
      vertex -7.18992 11.7491 -5
      vertex -7.18533 11.7283 5
      vertex -7.18533 11.7283 -5
    endloop
  endfacet
  facet normal 0.701435 0.712733 -0
    outer loop
      vertex -6.84506 11.1269 -5
      vertex -6.8602 11.1418 5
      vertex -6.84506 11.1269 5
    endloop
  endfacet
  facet normal 0.701435 0.712733 0
    outer loop
      vertex -6.8602 11.1418 5
      vertex -6.84506 11.1269 -5
      vertex -6.8602 11.1418 -5
    endloop
  endfacet
  facet normal -0.0470731 -0.998891 0
    outer loop
      vertex -5.95755 13.2178 -5
      vertex -5.93633 13.2168 5
      vertex -5.95755 13.2178 5
    endloop
  endfacet
  facet normal -0.0470731 -0.998891 -0
    outer loop
      vertex -5.93633 13.2168 5
      vertex -5.95755 13.2178 -5
      vertex -5.93633 13.2168 -5
    endloop
  endfacet
  facet normal -0.929934 0.367725 0
    outer loop
      vertex -4.87208 11.5463 -5
      vertex -4.86429 11.566 5
      vertex -4.86429 11.566 -5
    endloop
  endfacet
  facet normal -0.929934 0.367725 0
    outer loop
      vertex -4.86429 11.566 5
      vertex -4.87208 11.5463 -5
      vertex -4.87208 11.5463 5
    endloop
  endfacet
  facet normal 0.127224 -0.991874 0
    outer loop
      vertex -6.1693 13.2067 -5
      vertex -6.14825 13.2094 5
      vertex -6.1693 13.2067 5
    endloop
  endfacet
  facet normal 0.127224 -0.991874 0
    outer loop
      vertex -6.14825 13.2094 5
      vertex -6.1693 13.2067 -5
      vertex -6.14825 13.2094 -5
    endloop
  endfacet
  facet normal 0.983369 0.181617 0
    outer loop
      vertex -7.19416 11.7699 5
      vertex -7.19802 11.7908 -5
      vertex -7.19802 11.7908 5
    endloop
  endfacet
  facet normal 0.983369 0.181617 0
    outer loop
      vertex -7.19802 11.7908 -5
      vertex -7.19416 11.7699 5
      vertex -7.19416 11.7699 -5
    endloop
  endfacet
  facet normal 0.748889 0.662696 0
    outer loop
      vertex -6.90404 11.188 5
      vertex -6.91811 11.2039 -5
      vertex -6.91811 11.2039 5
    endloop
  endfacet
  facet normal 0.748889 0.662696 0
    outer loop
      vertex -6.91811 11.2039 -5
      vertex -6.90404 11.188 5
      vertex -6.90404 11.188 -5
    endloop
  endfacet
  facet normal -0.99906 0.0433554 0
    outer loop
      vertex -4.78516 11.9383 -5
      vertex -4.78424 11.9595 5
      vertex -4.78424 11.9595 -5
    endloop
  endfacet
  facet normal -0.99906 0.0433554 0
    outer loop
      vertex -4.78424 11.9595 5
      vertex -4.78516 11.9383 -5
      vertex -4.78516 11.9383 5
    endloop
  endfacet
  facet normal -0.447214 -0.894427 0
    outer loop
      vertex -5.46672 13.0954 -5
      vertex -5.44772 13.0859 5
      vertex -5.46672 13.0954 5
    endloop
  endfacet
  facet normal -0.447214 -0.894427 -0
    outer loop
      vertex -5.44772 13.0859 5
      vertex -5.46672 13.0954 -5
      vertex -5.44772 13.0859 -5
    endloop
  endfacet
  facet normal -0.870493 -0.492181 0
    outer loop
      vertex -4.93602 12.5918 -5
      vertex -4.94648 12.6103 5
      vertex -4.94648 12.6103 -5
    endloop
  endfacet
  facet normal -0.870493 -0.492181 0
    outer loop
      vertex -4.94648 12.6103 5
      vertex -4.93602 12.5918 -5
      vertex -4.93602 12.5918 5
    endloop
  endfacet
  facet normal -0.414513 0.910044 0
    outer loop
      vertex -5.48588 10.8995 -5
      vertex -5.5052 10.8907 5
      vertex -5.48588 10.8995 5
    endloop
  endfacet
  facet normal -0.414513 0.910044 0
    outer loop
      vertex -5.5052 10.8907 5
      vertex -5.48588 10.8995 -5
      vertex -5.5052 10.8907 -5
    endloop
  endfacet
  facet normal 0.948589 0.31651 0
    outer loop
      vertex -7.15023 11.6059 5
      vertex -7.15697 11.6261 -5
      vertex -7.15697 11.6261 5
    endloop
  endfacet
  facet normal 0.948589 0.31651 0
    outer loop
      vertex -7.15697 11.6261 -5
      vertex -7.15023 11.6059 5
      vertex -7.15023 11.6059 -5
    endloop
  endfacet
  facet normal -0.986189 -0.165623 0
    outer loop
      vertex -4.79847 12.1923 -5
      vertex -4.80198 12.2132 5
      vertex -4.80198 12.2132 -5
    endloop
  endfacet
  facet normal -0.986189 -0.165623 0
    outer loop
      vertex -4.80198 12.2132 5
      vertex -4.79847 12.1923 -5
      vertex -4.79847 12.1923 5
    endloop
  endfacet
  facet normal 0.936831 -0.349782 0
    outer loop
      vertex -7.14314 12.4181 5
      vertex -7.13571 12.438 -5
      vertex -7.13571 12.438 5
    endloop
  endfacet
  facet normal 0.936831 -0.349782 0
    outer loop
      vertex -7.13571 12.438 -5
      vertex -7.14314 12.4181 5
      vertex -7.14314 12.4181 -5
    endloop
  endfacet
  facet normal 0.993593 0.113015 0
    outer loop
      vertex -7.20744 11.8537 5
      vertex -7.20984 11.8748 -5
      vertex -7.20984 11.8748 5
    endloop
  endfacet
  facet normal 0.993593 0.113015 0
    outer loop
      vertex -7.20984 11.8748 -5
      vertex -7.20744 11.8537 5
      vertex -7.20744 11.8537 -5
    endloop
  endfacet
  facet normal 0.622163 0.782888 -0
    outer loop
      vertex -6.74896 11.0434 -5
      vertex -6.76557 11.0566 5
      vertex -6.74896 11.0434 5
    endloop
  endfacet
  facet normal 0.622163 0.782888 0
    outer loop
      vertex -6.76557 11.0566 5
      vertex -6.74896 11.0434 -5
      vertex -6.76557 11.0566 -5
    endloop
  endfacet
  facet normal 0.712277 -0.701899 0
    outer loop
      vertex -6.87508 12.8471 5
      vertex -6.8602 12.8622 -5
      vertex -6.8602 12.8622 5
    endloop
  endfacet
  facet normal 0.712277 -0.701899 0
    outer loop
      vertex -6.8602 12.8622 -5
      vertex -6.87508 12.8471 5
      vertex -6.87508 12.8471 -5
    endloop
  endfacet
  facet normal 0.804381 -0.594113 0
    outer loop
      vertex -6.98417 12.717 5
      vertex -6.97154 12.7341 -5
      vertex -6.97154 12.7341 5
    endloop
  endfacet
  facet normal 0.804381 -0.594113 0
    outer loop
      vertex -6.97154 12.7341 -5
      vertex -6.98417 12.717 5
      vertex -6.98417 12.717 -5
    endloop
  endfacet
  facet normal -0.979849 0.199738 0
    outer loop
      vertex -4.81008 11.7491 -5
      vertex -4.80584 11.7699 5
      vertex -4.80584 11.7699 -5
    endloop
  endfacet
  facet normal -0.979849 0.199738 0
    outer loop
      vertex -4.80584 11.7699 5
      vertex -4.81008 11.7491 -5
      vertex -4.81008 11.7491 5
    endloop
  endfacet
  facet normal 0.953568 0.301177 0
    outer loop
      vertex -7.15697 11.6261 5
      vertex -7.16335 11.6463 -5
      vertex -7.16335 11.6463 5
    endloop
  endfacet
  facet normal 0.953568 0.301177 0
    outer loop
      vertex -7.16335 11.6463 -5
      vertex -7.15697 11.6261 5
      vertex -7.15697 11.6261 -5
    endloop
  endfacet
  facet normal 0.844607 0.535387 0
    outer loop
      vertex -7.02025 11.3394 5
      vertex -7.03166 11.3574 -5
      vertex -7.03166 11.3574 5
    endloop
  endfacet
  facet normal 0.844607 0.535387 0
    outer loop
      vertex -7.03166 11.3574 -5
      vertex -7.02025 11.3394 5
      vertex -7.02025 11.3394 -5
    endloop
  endfacet
  facet normal 0.519348 -0.854563 0
    outer loop
      vertex -6.64465 13.0337 -5
      vertex -6.62655 13.0447 5
      vertex -6.64465 13.0337 5
    endloop
  endfacet
  facet normal 0.519348 -0.854563 0
    outer loop
      vertex -6.62655 13.0447 5
      vertex -6.64465 13.0337 -5
      vertex -6.62655 13.0447 -5
    endloop
  endfacet
  facet normal 0.494009 0.869457 -0
    outer loop
      vertex -6.58977 10.938 -5
      vertex -6.60825 10.9485 5
      vertex -6.58977 10.938 5
    endloop
  endfacet
  facet normal 0.494009 0.869457 0
    outer loop
      vertex -6.60825 10.9485 5
      vertex -6.58977 10.938 -5
      vertex -6.60825 10.9485 -5
    endloop
  endfacet
  facet normal 0.674549 -0.73823 0
    outer loop
      vertex -6.82965 12.8917 -5
      vertex -6.814 12.906 5
      vertex -6.82965 12.8917 5
    endloop
  endfacet
  facet normal 0.674549 -0.73823 0
    outer loop
      vertex -6.814 12.906 5
      vertex -6.82965 12.8917 -5
      vertex -6.814 12.906 -5
    endloop
  endfacet
  facet normal 0.636004 -0.771685 0
    outer loop
      vertex -6.78195 12.9339 -5
      vertex -6.76557 12.9474 5
      vertex -6.78195 12.9339 5
    endloop
  endfacet
  facet normal 0.636004 -0.771685 0
    outer loop
      vertex -6.76557 12.9474 5
      vertex -6.78195 12.9339 -5
      vertex -6.76557 12.9474 -5
    endloop
  endfacet
  facet normal -0.860606 -0.509271 0
    outer loop
      vertex -4.94648 12.6103 -5
      vertex -4.95725 12.6285 5
      vertex -4.95725 12.6285 -5
    endloop
  endfacet
  facet normal -0.860606 -0.509271 0
    outer loop
      vertex -4.95725 12.6285 5
      vertex -4.94648 12.6103 -5
      vertex -4.94648 12.6103 5
    endloop
  endfacet
  facet normal -0.879276 -0.476313 0
    outer loop
      vertex -4.92589 12.5731 -5
      vertex -4.93602 12.5918 5
      vertex -4.93602 12.5918 -5
    endloop
  endfacet
  facet normal -0.879276 -0.476313 0
    outer loop
      vertex -4.93602 12.5918 5
      vertex -4.92589 12.5731 -5
      vertex -4.92589 12.5731 5
    endloop
  endfacet
  facet normal 0.99996 -0.0089619 0
    outer loop
      vertex -7.21651 12.002 5
      vertex -7.21632 12.0232 -5
      vertex -7.21632 12.0232 5
    endloop
  endfacet
  facet normal 0.99996 -0.0089619 0
    outer loop
      vertex -7.21632 12.0232 -5
      vertex -7.21651 12.002 5
      vertex -7.21651 12.002 -5
    endloop
  endfacet
  facet normal -0.844607 0.535387 0
    outer loop
      vertex -4.97975 11.3394 -5
      vertex -4.96834 11.3574 5
      vertex -4.96834 11.3574 -5
    endloop
  endfacet
  facet normal -0.844607 0.535387 0
    outer loop
      vertex -4.96834 11.3574 5
      vertex -4.97975 11.3394 -5
      vertex -4.97975 11.3394 5
    endloop
  endfacet
  facet normal -0.968233 0.250049 0
    outer loop
      vertex -4.82495 11.6871 -5
      vertex -4.81963 11.7077 5
      vertex -4.81963 11.7077 -5
    endloop
  endfacet
  facet normal -0.968233 0.250049 0
    outer loop
      vertex -4.81963 11.7077 5
      vertex -4.82495 11.6871 -5
      vertex -4.82495 11.6871 5
    endloop
  endfacet
  facet normal -0.508254 0.861207 0
    outer loop
      vertex -5.37345 10.9593 -5
      vertex -5.39175 10.9485 5
      vertex -5.37345 10.9593 5
    endloop
  endfacet
  facet normal -0.508254 0.861207 0
    outer loop
      vertex -5.39175 10.9485 5
      vertex -5.37345 10.9593 -5
      vertex -5.39175 10.9485 -5
    endloop
  endfacet
  facet normal -0.636004 -0.771685 0
    outer loop
      vertex -5.23443 12.9474 -5
      vertex -5.21805 12.9339 5
      vertex -5.23443 12.9474 5
    endloop
  endfacet
  facet normal -0.636004 -0.771685 -0
    outer loop
      vertex -5.21805 12.9339 5
      vertex -5.23443 12.9474 -5
      vertex -5.21805 12.9339 -5
    endloop
  endfacet
  facet normal 0.738363 -0.674403 0
    outer loop
      vertex -6.90404 12.816 5
      vertex -6.8897 12.8317 -5
      vertex -6.8897 12.8317 5
    endloop
  endfacet
  facet normal 0.738363 -0.674403 0
    outer loop
      vertex -6.8897 12.8317 -5
      vertex -6.90404 12.816 5
      vertex -6.90404 12.816 -5
    endloop
  endfacet
  facet normal 0.812743 -0.582623 0
    outer loop
      vertex -6.9965 12.6998 5
      vertex -6.98417 12.717 -5
      vertex -6.98417 12.717 5
    endloop
  endfacet
  facet normal 0.812743 -0.582623 0
    outer loop
      vertex -6.98417 12.717 -5
      vertex -6.9965 12.6998 5
      vertex -6.9965 12.6998 -5
    endloop
  endfacet
  facet normal -0.551433 0.834219 0
    outer loop
      vertex -5.31974 10.9935 -5
      vertex -5.33744 10.9818 5
      vertex -5.31974 10.9935 5
    endloop
  endfacet
  facet normal -0.551433 0.834219 0
    outer loop
      vertex -5.33744 10.9818 5
      vertex -5.31974 10.9935 -5
      vertex -5.33744 10.9818 -5
    endloop
  endfacet
  facet normal 0.164857 0.986317 -0
    outer loop
      vertex -6.1903 10.8005 -5
      vertex -6.21124 10.804 5
      vertex -6.1903 10.8005 5
    endloop
  endfacet
  facet normal 0.164857 0.986317 0
    outer loop
      vertex -6.21124 10.804 5
      vertex -6.1903 10.8005 -5
      vertex -6.21124 10.804 -5
    endloop
  endfacet
  facet normal 0.958983 -0.283464 0
    outer loop
      vertex -7.16938 12.3373 5
      vertex -7.16335 12.3577 -5
      vertex -7.16335 12.3577 5
    endloop
  endfacet
  facet normal 0.958983 -0.283464 0
    outer loop
      vertex -7.16335 12.3577 -5
      vertex -7.16938 12.3373 5
      vertex -7.16938 12.3373 -5
    endloop
  endfacet
  facet normal -0.879276 0.476313 0
    outer loop
      vertex -4.93602 11.4122 -5
      vertex -4.92589 11.4309 5
      vertex -4.92589 11.4309 -5
    endloop
  endfacet
  facet normal -0.879276 0.476313 0
    outer loop
      vertex -4.92589 11.4309 5
      vertex -4.93602 11.4122 -5
      vertex -4.93602 11.4122 5
    endloop
  endfacet
  facet normal 0.494009 -0.869457 0
    outer loop
      vertex -6.60825 13.0555 -5
      vertex -6.58977 13.066 5
      vertex -6.60825 13.0555 5
    endloop
  endfacet
  facet normal 0.494009 -0.869457 0
    outer loop
      vertex -6.58977 13.066 5
      vertex -6.60825 13.0555 -5
      vertex -6.58977 13.066 -5
    endloop
  endfacet
  facet normal 0.782246 -0.62297 0
    outer loop
      vertex -6.95862 12.751 5
      vertex -6.9454 12.7676 -5
      vertex -6.9454 12.7676 5
    endloop
  endfacet
  facet normal 0.782246 -0.62297 0
    outer loop
      vertex -6.9454 12.7676 -5
      vertex -6.95862 12.751 5
      vertex -6.95862 12.751 -5
    endloop
  endfacet
  facet normal 0.447214 -0.894427 0
    outer loop
      vertex -6.55228 13.0859 -5
      vertex -6.53328 13.0954 5
      vertex -6.55228 13.0859 5
    endloop
  endfacet
  facet normal 0.447214 -0.894427 0
    outer loop
      vertex -6.53328 13.0954 5
      vertex -6.55228 13.0859 -5
      vertex -6.53328 13.0954 -5
    endloop
  endfacet
  facet normal 0.551433 0.834219 -0
    outer loop
      vertex -6.66256 10.9818 -5
      vertex -6.68026 10.9935 5
      vertex -6.66256 10.9818 5
    endloop
  endfacet
  facet normal 0.551433 0.834219 0
    outer loop
      vertex -6.68026 10.9935 5
      vertex -6.66256 10.9818 -5
      vertex -6.68026 10.9935 -5
    endloop
  endfacet
  facet normal -0.319895 0.947453 0
    outer loop
      vertex -5.60394 10.8518 -5
      vertex -5.62408 10.845 5
      vertex -5.60394 10.8518 5
    endloop
  endfacet
  facet normal -0.319895 0.947453 0
    outer loop
      vertex -5.62408 10.845 5
      vertex -5.60394 10.8518 -5
      vertex -5.62408 10.845 -5
    endloop
  endfacet
  facet normal -0.179051 -0.98384 0
    outer loop
      vertex -5.78876 13.2 -5
      vertex -5.76788 13.1962 5
      vertex -5.78876 13.2 5
    endloop
  endfacet
  facet normal -0.179051 -0.98384 -0
    outer loop
      vertex -5.76788 13.1962 5
      vertex -5.78876 13.2 -5
      vertex -5.76788 13.1962 -5
    endloop
  endfacet
  facet normal 0.636004 0.771685 -0
    outer loop
      vertex -6.76557 11.0566 -5
      vertex -6.78195 11.0701 5
      vertex -6.76557 11.0566 5
    endloop
  endfacet
  facet normal 0.636004 0.771685 0
    outer loop
      vertex -6.78195 11.0701 5
      vertex -6.76557 11.0566 -5
      vertex -6.78195 11.0701 -5
    endloop
  endfacet
  facet normal 0.348695 0.937236 -0
    outer loop
      vertex -6.41607 10.8589 -5
      vertex -6.43596 10.8663 5
      vertex -6.41607 10.8589 5
    endloop
  endfacet
  facet normal 0.348695 0.937236 0
    outer loop
      vertex -6.43596 10.8663 5
      vertex -6.41607 10.8589 -5
      vertex -6.43596 10.8663 -5
    endloop
  endfacet
  facet normal -0.674549 -0.73823 0
    outer loop
      vertex -5.186 12.906 -5
      vertex -5.17035 12.8917 5
      vertex -5.186 12.906 5
    endloop
  endfacet
  facet normal -0.674549 -0.73823 -0
    outer loop
      vertex -5.17035 12.8917 5
      vertex -5.186 12.906 -5
      vertex -5.17035 12.8917 -5
    endloop
  endfacet
  facet normal 0.824069 -0.566489 0
    outer loop
      vertex -7.00853 12.6823 5
      vertex -6.9965 12.6998 -5
      vertex -6.9965 12.6998 5
    endloop
  endfacet
  facet normal 0.824069 -0.566489 0
    outer loop
      vertex -6.9965 12.6998 -5
      vertex -7.00853 12.6823 5
      vertex -7.00853 12.6823 -5
    endloop
  endfacet
  facet normal -0.860606 0.509271 0
    outer loop
      vertex -4.95725 11.3755 -5
      vertex -4.94648 11.3937 5
      vertex -4.94648 11.3937 -5
    endloop
  endfacet
  facet normal -0.860606 0.509271 0
    outer loop
      vertex -4.94648 11.3937 5
      vertex -4.95725 11.3755 -5
      vertex -4.95725 11.3755 5
    endloop
  endfacet
  facet normal -0.738363 -0.674403 0
    outer loop
      vertex -5.09596 12.816 -5
      vertex -5.1103 12.8317 5
      vertex -5.1103 12.8317 -5
    endloop
  endfacet
  facet normal -0.738363 -0.674403 0
    outer loop
      vertex -5.1103 12.8317 5
      vertex -5.09596 12.816 -5
      vertex -5.09596 12.816 5
    endloop
  endfacet
  facet normal -0.748889 -0.662696 0
    outer loop
      vertex -5.08189 12.8001 -5
      vertex -5.09596 12.816 5
      vertex -5.09596 12.816 -5
    endloop
  endfacet
  facet normal -0.748889 -0.662696 0
    outer loop
      vertex -5.09596 12.816 5
      vertex -5.08189 12.8001 -5
      vertex -5.08189 12.8001 5
    endloop
  endfacet
  facet normal -0.989005 0.14788 0
    outer loop
      vertex -4.79847 11.8117 -5
      vertex -4.79533 11.8327 5
      vertex -4.79533 11.8327 -5
    endloop
  endfacet
  facet normal -0.989005 0.14788 0
    outer loop
      vertex -4.79533 11.8327 5
      vertex -4.79847 11.8117 -5
      vertex -4.79847 11.8117 5
    endloop
  endfacet
  facet normal -0.429018 -0.903296 0
    outer loop
      vertex -5.48588 13.1045 -5
      vertex -5.46672 13.0954 5
      vertex -5.48588 13.1045 5
    endloop
  endfacet
  facet normal -0.429018 -0.903296 -0
    outer loop
      vertex -5.46672 13.0954 5
      vertex -5.48588 13.1045 -5
      vertex -5.46672 13.0954 -5
    endloop
  endfacet
  facet normal 0.929934 -0.367725 0
    outer loop
      vertex -7.13571 12.438 5
      vertex -7.12792 12.4577 -5
      vertex -7.12792 12.4577 5
    endloop
  endfacet
  facet normal 0.929934 -0.367725 0
    outer loop
      vertex -7.12792 12.4577 -5
      vertex -7.13571 12.438 5
      vertex -7.13571 12.438 -5
    endloop
  endfacet
  facet normal 0.995402 -0.095784 0
    outer loop
      vertex -7.21188 12.108 5
      vertex -7.20984 12.1292 -5
      vertex -7.20984 12.1292 5
    endloop
  endfacet
  facet normal 0.995402 -0.095784 0
    outer loop
      vertex -7.20984 12.1292 -5
      vertex -7.21188 12.108 5
      vertex -7.21188 12.108 -5
    endloop
  endfacet
  facet normal 0.0988512 -0.995102 0
    outer loop
      vertex -6.12716 13.2118 -5
      vertex -6.10602 13.2139 5
      vertex -6.12716 13.2118 5
    endloop
  endfacet
  facet normal 0.0988512 -0.995102 0
    outer loop
      vertex -6.10602 13.2139 5
      vertex -6.12716 13.2118 -5
      vertex -6.10602 13.2139 -5
    endloop
  endfacet
  facet normal -0.963477 0.26779 0
    outer loop
      vertex -4.83062 11.6667 -5
      vertex -4.82495 11.6871 5
      vertex -4.82495 11.6871 -5
    endloop
  endfacet
  facet normal -0.963477 0.26779 0
    outer loop
      vertex -4.82495 11.6871 5
      vertex -4.83062 11.6667 -5
      vertex -4.83062 11.6667 5
    endloop
  endfacet
  facet normal 0.400103 0.91647 -0
    outer loop
      vertex -6.47533 10.8822 -5
      vertex -6.4948 10.8907 5
      vertex -6.47533 10.8822 5
    endloop
  endfacet
  facet normal 0.400103 0.91647 0
    outer loop
      vertex -6.4948 10.8907 5
      vertex -6.47533 10.8822 -5
      vertex -6.4948 10.8907 -5
    endloop
  endfacet
  facet normal -0.976506 -0.215489 0
    outer loop
      vertex -4.81008 12.2549 -5
      vertex -4.81467 12.2757 5
      vertex -4.81467 12.2757 -5
    endloop
  endfacet
  facet normal -0.976506 -0.215489 0
    outer loop
      vertex -4.81467 12.2757 5
      vertex -4.81008 12.2549 -5
      vertex -4.81008 12.2549 5
    endloop
  endfacet
  facet normal -0.249736 0.968314 0
    outer loop
      vertex -5.68515 10.8269 -5
      vertex -5.7057 10.8216 5
      vertex -5.68515 10.8269 5
    endloop
  endfacet
  facet normal -0.249736 0.968314 0
    outer loop
      vertex -5.7057 10.8216 5
      vertex -5.68515 10.8269 -5
      vertex -5.7057 10.8216 -5
    endloop
  endfacet
  facet normal 0.852676 0.522441 0
    outer loop
      vertex -7.03166 11.3574 5
      vertex -7.04275 11.3755 -5
      vertex -7.04275 11.3755 5
    endloop
  endfacet
  facet normal 0.852676 0.522441 0
    outer loop
      vertex -7.04275 11.3755 -5
      vertex -7.03166 11.3574 5
      vertex -7.03166 11.3574 -5
    endloop
  endfacet
  facet normal -0.367327 -0.930092 0
    outer loop
      vertex -5.56404 13.1377 -5
      vertex -5.54429 13.1299 5
      vertex -5.56404 13.1377 5
    endloop
  endfacet
  facet normal -0.367327 -0.930092 -0
    outer loop
      vertex -5.54429 13.1299 5
      vertex -5.56404 13.1377 -5
      vertex -5.54429 13.1299 -5
    endloop
  endfacet
  facet normal -0.894804 0.44646 0
    outer loop
      vertex -4.91609 11.4497 -5
      vertex -4.90661 11.4687 5
      vertex -4.90661 11.4687 -5
    endloop
  endfacet
  facet normal -0.894804 0.44646 0
    outer loop
      vertex -4.90661 11.4687 5
      vertex -4.91609 11.4497 -5
      vertex -4.91609 11.4497 5
    endloop
  endfacet
  facet normal 0.986189 -0.165623 0
    outer loop
      vertex -7.20153 12.1923 5
      vertex -7.19802 12.2132 -5
      vertex -7.19802 12.2132 5
    endloop
  endfacet
  facet normal 0.986189 -0.165623 0
    outer loop
      vertex -7.19802 12.2132 -5
      vertex -7.20153 12.1923 5
      vertex -7.20153 12.1923 -5
    endloop
  endfacet
  facet normal -0.348695 -0.937236 0
    outer loop
      vertex -5.58393 13.1451 -5
      vertex -5.56404 13.1377 5
      vertex -5.58393 13.1451 5
    endloop
  endfacet
  facet normal -0.348695 -0.937236 -0
    outer loop
      vertex -5.56404 13.1377 5
      vertex -5.58393 13.1451 -5
      vertex -5.56404 13.1377 -5
    endloop
  endfacet
  facet normal -0.963477 -0.26779 0
    outer loop
      vertex -4.82495 12.3169 -5
      vertex -4.83062 12.3373 5
      vertex -4.83062 12.3373 -5
    endloop
  endfacet
  facet normal -0.963477 -0.26779 0
    outer loop
      vertex -4.83062 12.3373 5
      vertex -4.82495 12.3169 -5
      vertex -4.82495 12.3169 5
    endloop
  endfacet
  facet normal -0.923856 -0.38274 0
    outer loop
      vertex -4.87208 12.4577 -5
      vertex -4.8802 12.4773 5
      vertex -4.8802 12.4773 -5
    endloop
  endfacet
  facet normal -0.923856 -0.38274 0
    outer loop
      vertex -4.8802 12.4773 5
      vertex -4.87208 12.4577 -5
      vertex -4.87208 12.4577 5
    endloop
  endfacet
  facet normal 0.113068 0.993587 -0
    outer loop
      vertex -6.12716 10.7922 -5
      vertex -6.14825 10.7946 5
      vertex -6.12716 10.7922 5
    endloop
  endfacet
  facet normal 0.113068 0.993587 0
    outer loop
      vertex -6.14825 10.7946 5
      vertex -6.12716 10.7922 -5
      vertex -6.14825 10.7946 -5
    endloop
  endfacet
  facet normal -0.00942021 -0.999956 0
    outer loop
      vertex -6 13.2185 -5
      vertex -5.97877 13.2183 5
      vertex -6 13.2185 5
    endloop
  endfacet
  facet normal -0.00942021 -0.999956 -0
    outer loop
      vertex -5.97877 13.2183 5
      vertex -6 13.2185 -5
      vertex -5.97877 13.2183 -5
    endloop
  endfacet
  facet normal 0.998125 0.0612058 0
    outer loop
      vertex -7.21354 11.9171 5
      vertex -7.21484 11.9383 -5
      vertex -7.21484 11.9383 5
    endloop
  endfacet
  facet normal 0.998125 0.0612058 0
    outer loop
      vertex -7.21484 11.9383 -5
      vertex -7.21354 11.9171 5
      vertex -7.21354 11.9171 -5
    endloop
  endfacet
  facet normal -0.47601 -0.87944 0
    outer loop
      vertex -5.42889 13.0761 -5
      vertex -5.41023 13.066 5
      vertex -5.42889 13.0761 5
    endloop
  endfacet
  facet normal -0.47601 -0.87944 -0
    outer loop
      vertex -5.41023 13.066 5
      vertex -5.42889 13.0761 -5
      vertex -5.41023 13.066 -5
    endloop
  endfacet
  facet normal 0.461664 -0.887055 0
    outer loop
      vertex -6.57111 13.0761 -5
      vertex -6.55228 13.0859 5
      vertex -6.57111 13.0761 5
    endloop
  endfacet
  facet normal 0.461664 -0.887055 0
    outer loop
      vertex -6.55228 13.0859 5
      vertex -6.57111 13.0761 -5
      vertex -6.55228 13.0859 -5
    endloop
  endfacet
  facet normal 0.202357 0.979312 -0
    outer loop
      vertex -6.23212 10.8078 -5
      vertex -6.25293 10.8121 5
      vertex -6.23212 10.8078 5
    endloop
  endfacet
  facet normal 0.202357 0.979312 0
    outer loop
      vertex -6.25293 10.8121 5
      vertex -6.23212 10.8078 -5
      vertex -6.25293 10.8121 -5
    endloop
  endfacet
  facet normal 0.998125 -0.0612058 0
    outer loop
      vertex -7.21484 12.0657 5
      vertex -7.21354 12.0869 -5
      vertex -7.21354 12.0869 5
    endloop
  endfacet
  facet normal 0.998125 -0.0612058 0
    outer loop
      vertex -7.21354 12.0869 -5
      vertex -7.21484 12.0657 5
      vertex -7.21484 12.0657 -5
    endloop
  endfacet
  facet normal 0.367327 0.930092 -0
    outer loop
      vertex -6.43596 10.8663 -5
      vertex -6.45571 10.8741 5
      vertex -6.43596 10.8663 5
    endloop
  endfacet
  facet normal 0.367327 0.930092 0
    outer loop
      vertex -6.45571 10.8741 5
      vertex -6.43596 10.8663 -5
      vertex -6.45571 10.8741 -5
    endloop
  endfacet
  facet normal 0.902913 0.429824 0
    outer loop
      vertex -7.09339 11.4687 5
      vertex -7.10253 11.4879 -5
      vertex -7.10253 11.4879 5
    endloop
  endfacet
  facet normal 0.902913 0.429824 0
    outer loop
      vertex -7.10253 11.4879 -5
      vertex -7.09339 11.4687 5
      vertex -7.09339 11.4687 -5
    endloop
  endfacet
  facet normal 0.508254 -0.861207 0
    outer loop
      vertex -6.62655 13.0447 -5
      vertex -6.60825 13.0555 5
      vertex -6.62655 13.0447 5
    endloop
  endfacet
  facet normal 0.508254 -0.861207 0
    outer loop
      vertex -6.60825 13.0555 5
      vertex -6.62655 13.0447 -5
      vertex -6.60825 13.0555 -5
    endloop
  endfacet
  facet normal -0.596912 -0.802307 0
    outer loop
      vertex -5.28496 12.9862 -5
      vertex -5.26789 12.9735 5
      vertex -5.28496 12.9862 5
    endloop
  endfacet
  facet normal -0.596912 -0.802307 -0
    outer loop
      vertex -5.26789 12.9735 5
      vertex -5.28496 12.9862 -5
      vertex -5.26789 12.9735 -5
    endloop
  endfacet
  facet normal 0.519348 0.854563 -0
    outer loop
      vertex -6.62655 10.9593 -5
      vertex -6.64465 10.9703 5
      vertex -6.62655 10.9593 5
    endloop
  endfacet
  facet normal 0.519348 0.854563 0
    outer loop
      vertex -6.64465 10.9703 5
      vertex -6.62655 10.9593 -5
      vertex -6.64465 10.9703 -5
    endloop
  endfacet
  facet normal 0.429018 0.903296 -0
    outer loop
      vertex -6.51412 10.8995 -5
      vertex -6.53328 10.9086 5
      vertex -6.51412 10.8995 5
    endloop
  endfacet
  facet normal 0.429018 0.903296 0
    outer loop
      vertex -6.53328 10.9086 5
      vertex -6.51412 10.8995 -5
      vertex -6.53328 10.9086 -5
    endloop
  endfacet
  facet normal 0.917212 0.398399 0
    outer loop
      vertex -7.11133 11.5072 5
      vertex -7.1198 11.5267 -5
      vertex -7.1198 11.5267 5
    endloop
  endfacet
  facet normal 0.917212 0.398399 0
    outer loop
      vertex -7.1198 11.5267 -5
      vertex -7.11133 11.5072 5
      vertex -7.11133 11.5072 -5
    endloop
  endfacet
  facet normal 0.804381 0.594113 0
    outer loop
      vertex -6.97154 11.2699 5
      vertex -6.98417 11.287 -5
      vertex -6.98417 11.287 5
    endloop
  endfacet
  facet normal 0.804381 0.594113 0
    outer loop
      vertex -6.98417 11.287 -5
      vertex -6.97154 11.2699 5
      vertex -6.97154 11.2699 -5
    endloop
  endfacet
  facet normal -0.216731 -0.976231 0
    outer loop
      vertex -5.74707 13.1919 -5
      vertex -5.72635 13.1873 5
      vertex -5.74707 13.1919 5
    endloop
  endfacet
  facet normal -0.216731 -0.976231 -0
    outer loop
      vertex -5.72635 13.1873 5
      vertex -5.74707 13.1919 -5
      vertex -5.72635 13.1873 -5
    endloop
  endfacet
  facet normal 0.540306 -0.841468 0
    outer loop
      vertex -6.66256 13.0222 -5
      vertex -6.64465 13.0337 5
      vertex -6.66256 13.0222 5
    endloop
  endfacet
  facet normal 0.540306 -0.841468 0
    outer loop
      vertex -6.64465 13.0337 5
      vertex -6.66256 13.0222 -5
      vertex -6.64465 13.0337 -5
    endloop
  endfacet
  facet normal -0.202357 0.979312 0
    outer loop
      vertex -5.74707 10.8121 -5
      vertex -5.76788 10.8078 5
      vertex -5.74707 10.8121 5
    endloop
  endfacet
  facet normal -0.202357 0.979312 0
    outer loop
      vertex -5.76788 10.8078 5
      vertex -5.74707 10.8121 -5
      vertex -5.76788 10.8078 -5
    endloop
  endfacet
  facet normal -0.607887 0.794023 0
    outer loop
      vertex -5.25104 11.0434 -5
      vertex -5.26789 11.0305 5
      vertex -5.25104 11.0434 5
    endloop
  endfacet
  facet normal -0.607887 0.794023 0
    outer loop
      vertex -5.26789 11.0305 5
      vertex -5.25104 11.0434 -5
      vertex -5.26789 11.0305 -5
    endloop
  endfacet
  facet normal -0.287003 -0.95793 0
    outer loop
      vertex -5.66469 13.1714 -5
      vertex -5.64433 13.1653 5
      vertex -5.66469 13.1714 5
    endloop
  endfacet
  facet normal -0.287003 -0.95793 -0
    outer loop
      vertex -5.64433 13.1653 5
      vertex -5.66469 13.1714 -5
      vertex -5.64433 13.1653 -5
    endloop
  endfacet
  facet normal 0.772066 0.635542 0
    outer loop
      vertex -6.9319 11.22 5
      vertex -6.9454 11.2364 -5
      vertex -6.9454 11.2364 5
    endloop
  endfacet
  facet normal 0.772066 0.635542 0
    outer loop
      vertex -6.9454 11.2364 -5
      vertex -6.9319 11.22 5
      vertex -6.9319 11.22 -5
    endloop
  endfacet
  facet normal 0.565528 0.824729 -0
    outer loop
      vertex -6.68026 10.9935 -5
      vertex -6.69776 11.0055 5
      vertex -6.68026 10.9935 5
    endloop
  endfacet
  facet normal 0.565528 0.824729 0
    outer loop
      vertex -6.69776 11.0055 5
      vertex -6.68026 10.9935 -5
      vertex -6.69776 11.0055 -5
    endloop
  endfacet
  facet normal -0.870493 0.492181 0
    outer loop
      vertex -4.94648 11.3937 -5
      vertex -4.93602 11.4122 5
      vertex -4.93602 11.4122 -5
    endloop
  endfacet
  facet normal -0.870493 0.492181 0
    outer loop
      vertex -4.93602 11.4122 5
      vertex -4.94648 11.3937 -5
      vertex -4.94648 11.3937 5
    endloop
  endfacet
  facet normal -0.202357 -0.979312 0
    outer loop
      vertex -5.76788 13.1962 -5
      vertex -5.74707 13.1919 5
      vertex -5.76788 13.1962 5
    endloop
  endfacet
  facet normal -0.202357 -0.979312 -0
    outer loop
      vertex -5.74707 13.1919 5
      vertex -5.76788 13.1962 -5
      vertex -5.74707 13.1919 -5
    endloop
  endfacet
  facet normal -0.999655 0.026282 0
    outer loop
      vertex -4.78424 11.9595 -5
      vertex -4.78368 11.9808 5
      vertex -4.78368 11.9808 -5
    endloop
  endfacet
  facet normal -0.999655 0.026282 0
    outer loop
      vertex -4.78368 11.9808 5
      vertex -4.78424 11.9595 -5
      vertex -4.78424 11.9595 5
    endloop
  endfacet
  facet normal -0.00942021 0.999956 0
    outer loop
      vertex -5.97877 10.7857 -5
      vertex -6 10.7855 5
      vertex -5.97877 10.7857 5
    endloop
  endfacet
  facet normal -0.00942021 0.999956 0
    outer loop
      vertex -6 10.7855 5
      vertex -5.97877 10.7857 -5
      vertex -6 10.7855 -5
    endloop
  endfacet
  facet normal 0.972216 0.234087 0
    outer loop
      vertex -7.18037 11.7077 5
      vertex -7.18533 11.7283 -5
      vertex -7.18533 11.7283 5
    endloop
  endfacet
  facet normal 0.972216 0.234087 0
    outer loop
      vertex -7.18533 11.7283 -5
      vertex -7.18037 11.7077 5
      vertex -7.18037 11.7077 -5
    endloop
  endfacet
  facet normal -0.649628 0.760253 0
    outer loop
      vertex -5.2019 11.0839 -5
      vertex -5.21805 11.0701 5
      vertex -5.2019 11.0839 5
    endloop
  endfacet
  facet normal -0.649628 0.760253 0
    outer loop
      vertex -5.21805 11.0701 5
      vertex -5.2019 11.0839 -5
      vertex -5.21805 11.0701 -5
    endloop
  endfacet
  facet normal 0.596912 -0.802307 0
    outer loop
      vertex -6.73211 12.9735 -5
      vertex -6.71504 12.9862 5
      vertex -6.73211 12.9735 5
    endloop
  endfacet
  facet normal 0.596912 -0.802307 0
    outer loop
      vertex -6.71504 12.9862 5
      vertex -6.73211 12.9735 -5
      vertex -6.71504 12.9862 -5
    endloop
  endfacet
  facet normal -0.852676 -0.522441 0
    outer loop
      vertex -4.95725 12.6285 -5
      vertex -4.96834 12.6466 5
      vertex -4.96834 12.6466 -5
    endloop
  endfacet
  facet normal -0.852676 -0.522441 0
    outer loop
      vertex -4.96834 12.6466 5
      vertex -4.95725 12.6285 -5
      vertex -4.95725 12.6285 5
    endloop
  endfacet
  facet normal -0.565528 -0.824729 0
    outer loop
      vertex -5.31974 13.0105 -5
      vertex -5.30224 12.9985 5
      vertex -5.31974 13.0105 5
    endloop
  endfacet
  facet normal -0.565528 -0.824729 -0
    outer loop
      vertex -5.30224 12.9985 5
      vertex -5.31974 13.0105 -5
      vertex -5.30224 12.9985 -5
    endloop
  endfacet
  facet normal -0.230877 -0.972983 0
    outer loop
      vertex -5.72635 13.1873 -5
      vertex -5.7057 13.1824 5
      vertex -5.72635 13.1873 5
    endloop
  endfacet
  facet normal -0.230877 -0.972983 -0
    outer loop
      vertex -5.7057 13.1824 5
      vertex -5.72635 13.1873 -5
      vertex -5.7057 13.1824 -5
    endloop
  endfacet
  facet normal 0.0470731 -0.998891 0
    outer loop
      vertex -6.06367 13.2168 -5
      vertex -6.04245 13.2178 5
      vertex -6.06367 13.2168 5
    endloop
  endfacet
  facet normal 0.0470731 -0.998891 0
    outer loop
      vertex -6.04245 13.2178 5
      vertex -6.06367 13.2168 -5
      vertex -6.04245 13.2178 -5
    endloop
  endfacet
  facet normal 0.00942021 -0.999956 0
    outer loop
      vertex -6.02123 13.2183 -5
      vertex -6 13.2185 5
      vertex -6.02123 13.2183 5
    endloop
  endfacet
  facet normal 0.00942021 -0.999956 0
    outer loop
      vertex -6 13.2185 5
      vertex -6.02123 13.2183 -5
      vertex -6 13.2185 -5
    endloop
  endfacet
  facet normal -0.886753 0.462244 0
    outer loop
      vertex -4.92589 11.4309 -5
      vertex -4.91609 11.4497 5
      vertex -4.91609 11.4497 -5
    endloop
  endfacet
  facet normal -0.886753 0.462244 0
    outer loop
      vertex -4.91609 11.4497 5
      vertex -4.92589 11.4309 -5
      vertex -4.92589 11.4309 5
    endloop
  endfacet
  facet normal -0.991412 0.130772 0
    outer loop
      vertex -4.79533 11.8327 -5
      vertex -4.79256 11.8537 5
      vertex -4.79256 11.8537 -5
    endloop
  endfacet
  facet normal -0.991412 0.130772 0
    outer loop
      vertex -4.79256 11.8537 5
      vertex -4.79533 11.8327 -5
      vertex -4.79533 11.8327 5
    endloop
  endfacet
  facet normal 0.0235561 0.999723 -0
    outer loop
      vertex -6.02123 10.7857 -5
      vertex -6.04245 10.7862 5
      vertex -6.02123 10.7857 5
    endloop
  endfacet
  facet normal 0.0235561 0.999723 0
    outer loop
      vertex -6.04245 10.7862 5
      vertex -6.02123 10.7857 -5
      vertex -6.04245 10.7862 -5
    endloop
  endfacet
  facet normal -0.230877 0.972983 0
    outer loop
      vertex -5.7057 10.8216 -5
      vertex -5.72635 10.8167 5
      vertex -5.7057 10.8216 5
    endloop
  endfacet
  facet normal -0.230877 0.972983 0
    outer loop
      vertex -5.72635 10.8167 5
      vertex -5.7057 10.8216 -5
      vertex -5.72635 10.8167 -5
    endloop
  endfacet
  facet normal 0.995402 0.095784 0
    outer loop
      vertex -7.20984 11.8748 5
      vertex -7.21188 11.896 -5
      vertex -7.21188 11.896 5
    endloop
  endfacet
  facet normal 0.995402 0.095784 0
    outer loop
      vertex -7.21188 11.896 -5
      vertex -7.20984 11.8748 5
      vertex -7.20984 11.8748 -5
    endloop
  endfacet
  facet normal 0.902913 -0.429824 0
    outer loop
      vertex -7.10253 12.5161 5
      vertex -7.09339 12.5353 -5
      vertex -7.09339 12.5353 5
    endloop
  endfacet
  facet normal 0.902913 -0.429824 0
    outer loop
      vertex -7.09339 12.5353 -5
      vertex -7.10253 12.5161 5
      vertex -7.10253 12.5161 -5
    endloop
  endfacet
  facet normal 0.00942021 0.999956 -0
    outer loop
      vertex -6 10.7855 -5
      vertex -6.02123 10.7857 5
      vertex -6 10.7855 5
    endloop
  endfacet
  facet normal 0.00942021 0.999956 0
    outer loop
      vertex -6.02123 10.7857 5
      vertex -6 10.7855 -5
      vertex -6.02123 10.7857 -5
    endloop
  endfacet
  facet normal 0.607887 0.794023 -0
    outer loop
      vertex -6.73211 11.0305 -5
      vertex -6.74896 11.0434 5
      vertex -6.73211 11.0305 5
    endloop
  endfacet
  facet normal 0.607887 0.794023 0
    outer loop
      vertex -6.74896 11.0434 5
      vertex -6.73211 11.0305 -5
      vertex -6.74896 11.0434 -5
    endloop
  endfacet
  facet normal 0.179051 0.98384 -0
    outer loop
      vertex -6.21124 10.804 -5
      vertex -6.23212 10.8078 5
      vertex -6.21124 10.804 5
    endloop
  endfacet
  facet normal 0.179051 0.98384 0
    outer loop
      vertex -6.23212 10.8078 5
      vertex -6.21124 10.804 -5
      vertex -6.23212 10.8078 -5
    endloop
  endfacet
  facet normal -0.216731 0.976231 0
    outer loop
      vertex -5.72635 10.8167 -5
      vertex -5.74707 10.8121 5
      vertex -5.72635 10.8167 5
    endloop
  endfacet
  facet normal -0.216731 0.976231 0
    outer loop
      vertex -5.74707 10.8121 5
      vertex -5.72635 10.8167 -5
      vertex -5.74707 10.8121 -5
    endloop
  endfacet
  facet normal -0.995402 0.095784 0
    outer loop
      vertex -4.79016 11.8748 -5
      vertex -4.78812 11.896 5
      vertex -4.78812 11.896 -5
    endloop
  endfacet
  facet normal -0.995402 0.095784 0
    outer loop
      vertex -4.78812 11.896 5
      vertex -4.79016 11.8748 -5
      vertex -4.79016 11.8748 5
    endloop
  endfacet
  facet normal -0.909881 0.414868 0
    outer loop
      vertex -4.89747 11.4879 -5
      vertex -4.88867 11.5072 5
      vertex -4.88867 11.5072 -5
    endloop
  endfacet
  facet normal -0.909881 0.414868 0
    outer loop
      vertex -4.88867 11.5072 5
      vertex -4.89747 11.4879 -5
      vertex -4.89747 11.4879 5
    endloop
  endfacet
  facet normal 0.929934 0.367725 0
    outer loop
      vertex -7.12792 11.5463 5
      vertex -7.13571 11.566 -5
      vertex -7.13571 11.566 5
    endloop
  endfacet
  facet normal 0.929934 0.367725 0
    outer loop
      vertex -7.13571 11.566 -5
      vertex -7.12792 11.5463 5
      vertex -7.12792 11.5463 -5
    endloop
  endfacet
  facet normal 0.150642 0.988588 -0
    outer loop
      vertex -6.1693 10.7973 -5
      vertex -6.1903 10.8005 5
      vertex -6.1693 10.7973 5
    endloop
  endfacet
  facet normal 0.150642 0.988588 0
    outer loop
      vertex -6.1903 10.8005 5
      vertex -6.1693 10.7973 -5
      vertex -6.1903 10.8005 -5
    endloop
  endfacet
  facet normal 0.607887 -0.794023 0
    outer loop
      vertex -6.74896 12.9606 -5
      vertex -6.73211 12.9735 5
      vertex -6.74896 12.9606 5
    endloop
  endfacet
  facet normal 0.607887 -0.794023 0
    outer loop
      vertex -6.73211 12.9735 5
      vertex -6.74896 12.9606 -5
      vertex -6.73211 12.9735 -5
    endloop
  endfacet
  facet normal -0.579899 0.814688 0
    outer loop
      vertex -5.28496 11.0178 -5
      vertex -5.30224 11.0055 5
      vertex -5.28496 11.0178 5
    endloop
  endfacet
  facet normal -0.579899 0.814688 0
    outer loop
      vertex -5.30224 11.0055 5
      vertex -5.28496 11.0178 -5
      vertex -5.30224 11.0055 -5
    endloop
  endfacet
  facet normal -0.47601 0.87944 0
    outer loop
      vertex -5.41023 10.938 -5
      vertex -5.42889 10.9279 5
      vertex -5.41023 10.938 5
    endloop
  endfacet
  facet normal -0.47601 0.87944 0
    outer loop
      vertex -5.42889 10.9279 5
      vertex -5.41023 10.938 -5
      vertex -5.42889 10.9279 -5
    endloop
  endfacet
  facet normal -0.942528 0.334126 0
    outer loop
      vertex -4.85686 11.5859 -5
      vertex -4.84977 11.6059 5
      vertex -4.84977 11.6059 -5
    endloop
  endfacet
  facet normal -0.942528 0.334126 0
    outer loop
      vertex -4.84977 11.6059 5
      vertex -4.85686 11.5859 -5
      vertex -4.85686 11.5859 5
    endloop
  endfacet
  facet normal -0.150642 0.988588 0
    outer loop
      vertex -5.8097 10.8005 -5
      vertex -5.8307 10.7973 5
      vertex -5.8097 10.8005 5
    endloop
  endfacet
  facet normal -0.150642 0.988588 0
    outer loop
      vertex -5.8307 10.7973 5
      vertex -5.8097 10.8005 -5
      vertex -5.8307 10.7973 -5
    endloop
  endfacet
  facet normal -0.519348 0.854563 0
    outer loop
      vertex -5.35535 10.9703 -5
      vertex -5.37345 10.9593 5
      vertex -5.35535 10.9703 5
    endloop
  endfacet
  facet normal -0.519348 0.854563 0
    outer loop
      vertex -5.37345 10.9593 5
      vertex -5.35535 10.9703 -5
      vertex -5.37345 10.9593 -5
    endloop
  endfacet
  facet normal 0.461664 0.887055 -0
    outer loop
      vertex -6.55228 10.9181 -5
      vertex -6.57111 10.9279 5
      vertex -6.55228 10.9181 5
    endloop
  endfacet
  facet normal 0.461664 0.887055 0
    outer loop
      vertex -6.57111 10.9279 5
      vertex -6.55228 10.9181 -5
      vertex -6.57111 10.9279 -5
    endloop
  endfacet
  facet normal -0.701435 -0.712733 0
    outer loop
      vertex -5.15494 12.8771 -5
      vertex -5.1398 12.8622 5
      vertex -5.15494 12.8771 5
    endloop
  endfacet
  facet normal -0.701435 -0.712733 -0
    outer loop
      vertex -5.1398 12.8622 5
      vertex -5.15494 12.8771 -5
      vertex -5.1398 12.8622 -5
    endloop
  endfacet
  facet normal 0.986189 0.165623 0
    outer loop
      vertex -7.19802 11.7908 5
      vertex -7.20153 11.8117 -5
      vertex -7.20153 11.8117 5
    endloop
  endfacet
  facet normal 0.986189 0.165623 0
    outer loop
      vertex -7.20153 11.8117 -5
      vertex -7.19802 11.7908 5
      vertex -7.19802 11.7908 -5
    endloop
  endfacet
  facet normal -0.75949 0.650519 0
    outer loop
      vertex -5.08189 11.2039 -5
      vertex -5.0681 11.22 5
      vertex -5.0681 11.22 -5
    endloop
  endfacet
  facet normal -0.75949 0.650519 0
    outer loop
      vertex -5.0681 11.22 5
      vertex -5.08189 11.2039 -5
      vertex -5.08189 11.2039 5
    endloop
  endfacet
  facet normal 0.782246 0.62297 0
    outer loop
      vertex -6.9454 11.2364 5
      vertex -6.95862 11.253 -5
      vertex -6.95862 11.253 5
    endloop
  endfacet
  facet normal 0.782246 0.62297 0
    outer loop
      vertex -6.95862 11.253 -5
      vertex -6.9454 11.2364 5
      vertex -6.9454 11.2364 -5
    endloop
  endfacet
  facet normal -0.301357 0.953511 0
    outer loop
      vertex -5.62408 10.845 -5
      vertex -5.64433 10.8386 5
      vertex -5.62408 10.845 5
    endloop
  endfacet
  facet normal -0.301357 0.953511 0
    outer loop
      vertex -5.64433 10.8386 5
      vertex -5.62408 10.845 -5
      vertex -5.64433 10.8386 -5
    endloop
  endfacet
  facet normal -0.282676 0.959215 0
    outer loop
      vertex -5.64433 10.8386 -5
      vertex -5.66469 10.8326 5
      vertex -5.64433 10.8386 5
    endloop
  endfacet
  facet normal -0.282676 0.959215 0
    outer loop
      vertex -5.66469 10.8326 5
      vertex -5.64433 10.8386 -5
      vertex -5.66469 10.8326 -5
    endloop
  endfacet
  facet normal 0.991412 0.130772 0
    outer loop
      vertex -7.20467 11.8327 5
      vertex -7.20744 11.8537 -5
      vertex -7.20744 11.8537 5
    endloop
  endfacet
  facet normal 0.991412 0.130772 0
    outer loop
      vertex -7.20744 11.8537 -5
      vertex -7.20467 11.8327 5
      vertex -7.20467 11.8327 -5
    endloop
  endfacet
  facet normal -0.508254 -0.861207 0
    outer loop
      vertex -5.39175 13.0555 -5
      vertex -5.37345 13.0447 5
      vertex -5.39175 13.0555 5
    endloop
  endfacet
  facet normal -0.508254 -0.861207 -0
    outer loop
      vertex -5.37345 13.0447 5
      vertex -5.39175 13.0555 -5
      vertex -5.37345 13.0447 -5
    endloop
  endfacet
  facet normal 0.833786 -0.552088 0
    outer loop
      vertex -7.02025 12.6646 5
      vertex -7.00853 12.6823 -5
      vertex -7.00853 12.6823 5
    endloop
  endfacet
  facet normal 0.833786 -0.552088 0
    outer loop
      vertex -7.00853 12.6823 -5
      vertex -7.02025 12.6646 5
      vertex -7.02025 12.6646 -5
    endloop
  endfacet
  facet normal -0.127224 -0.991874 0
    outer loop
      vertex -5.85175 13.2094 -5
      vertex -5.8307 13.2067 5
      vertex -5.85175 13.2094 5
    endloop
  endfacet
  facet normal -0.127224 -0.991874 -0
    outer loop
      vertex -5.8307 13.2067 5
      vertex -5.85175 13.2094 -5
      vertex -5.8307 13.2067 -5
    endloop
  endfacet
  facet normal -0.833786 0.552088 0
    outer loop
      vertex -4.99147 11.3217 -5
      vertex -4.97975 11.3394 5
      vertex -4.97975 11.3394 -5
    endloop
  endfacet
  facet normal -0.833786 0.552088 0
    outer loop
      vertex -4.97975 11.3394 5
      vertex -4.99147 11.3217 -5
      vertex -4.99147 11.3217 5
    endloop
  endfacet
  facet normal -0.150642 -0.988588 0
    outer loop
      vertex -5.8307 13.2067 -5
      vertex -5.8097 13.2035 5
      vertex -5.8307 13.2067 5
    endloop
  endfacet
  facet normal -0.150642 -0.988588 -0
    outer loop
      vertex -5.8097 13.2035 5
      vertex -5.8307 13.2067 -5
      vertex -5.8097 13.2035 -5
    endloop
  endfacet
  facet normal 0.579899 0.814688 -0
    outer loop
      vertex -6.69776 11.0055 -5
      vertex -6.71504 11.0178 5
      vertex -6.69776 11.0055 5
    endloop
  endfacet
  facet normal 0.579899 0.814688 0
    outer loop
      vertex -6.71504 11.0178 5
      vertex -6.69776 11.0055 -5
      vertex -6.71504 11.0178 -5
    endloop
  endfacet
  facet normal -0.712277 -0.701899 0
    outer loop
      vertex -5.12492 12.8471 -5
      vertex -5.1398 12.8622 5
      vertex -5.1398 12.8622 -5
    endloop
  endfacet
  facet normal -0.712277 -0.701899 0
    outer loop
      vertex -5.1398 12.8622 5
      vertex -5.12492 12.8471 -5
      vertex -5.12492 12.8471 5
    endloop
  endfacet
  facet normal 0.860606 0.509271 0
    outer loop
      vertex -7.04275 11.3755 5
      vertex -7.05352 11.3937 -5
      vertex -7.05352 11.3937 5
    endloop
  endfacet
  facet normal 0.860606 0.509271 0
    outer loop
      vertex -7.05352 11.3937 -5
      vertex -7.04275 11.3755 5
      vertex -7.04275 11.3755 -5
    endloop
  endfacet
  facet normal 0.381603 0.924326 -0
    outer loop
      vertex -6.45571 10.8741 -5
      vertex -6.47533 10.8822 5
      vertex -6.45571 10.8741 5
    endloop
  endfacet
  facet normal 0.381603 0.924326 0
    outer loop
      vertex -6.47533 10.8822 5
      vertex -6.45571 10.8741 -5
      vertex -6.47533 10.8822 -5
    endloop
  endfacet
  facet normal -0.772066 -0.635542 0
    outer loop
      vertex -5.0546 12.7676 -5
      vertex -5.0681 12.784 5
      vertex -5.0681 12.784 -5
    endloop
  endfacet
  facet normal -0.772066 -0.635542 0
    outer loop
      vertex -5.0681 12.784 5
      vertex -5.0546 12.7676 -5
      vertex -5.0546 12.7676 5
    endloop
  endfacet
  facet normal 0.886753 -0.462244 0
    outer loop
      vertex -7.08391 12.5543 5
      vertex -7.07411 12.5731 -5
      vertex -7.07411 12.5731 5
    endloop
  endfacet
  facet normal 0.886753 -0.462244 0
    outer loop
      vertex -7.07411 12.5731 -5
      vertex -7.08391 12.5543 5
      vertex -7.08391 12.5543 -5
    endloop
  endfacet
  facet normal -0.936831 -0.349782 0
    outer loop
      vertex -4.85686 12.4181 -5
      vertex -4.86429 12.438 5
      vertex -4.86429 12.438 -5
    endloop
  endfacet
  facet normal -0.936831 -0.349782 0
    outer loop
      vertex -4.86429 12.438 5
      vertex -4.85686 12.4181 -5
      vertex -4.85686 12.4181 5
    endloop
  endfacet
  facet normal 0.622163 -0.782888 0
    outer loop
      vertex -6.76557 12.9474 -5
      vertex -6.74896 12.9606 5
      vertex -6.76557 12.9474 5
    endloop
  endfacet
  facet normal 0.622163 -0.782888 0
    outer loop
      vertex -6.74896 12.9606 5
      vertex -6.76557 12.9474 -5
      vertex -6.74896 12.9606 -5
    endloop
  endfacet
  facet normal 0.230877 0.972983 -0
    outer loop
      vertex -6.27365 10.8167 -5
      vertex -6.2943 10.8216 5
      vertex -6.27365 10.8167 5
    endloop
  endfacet
  facet normal 0.230877 0.972983 0
    outer loop
      vertex -6.2943 10.8216 5
      vertex -6.27365 10.8167 -5
      vertex -6.2943 10.8216 -5
    endloop
  endfacet
  facet normal 0.989005 0.14788 0
    outer loop
      vertex -7.20153 11.8117 5
      vertex -7.20467 11.8327 -5
      vertex -7.20467 11.8327 5
    endloop
  endfacet
  facet normal 0.989005 0.14788 0
    outer loop
      vertex -7.20467 11.8327 -5
      vertex -7.20153 11.8117 5
      vertex -7.20153 11.8117 -5
    endloop
  endfacet
  facet normal 0.748889 -0.662696 0
    outer loop
      vertex -6.91811 12.8001 5
      vertex -6.90404 12.816 -5
      vertex -6.90404 12.816 5
    endloop
  endfacet
  facet normal 0.748889 -0.662696 0
    outer loop
      vertex -6.90404 12.816 -5
      vertex -6.91811 12.8001 5
      vertex -6.91811 12.8001 -5
    endloop
  endfacet
  facet normal 0.923856 -0.38274 0
    outer loop
      vertex -7.12792 12.4577 5
      vertex -7.1198 12.4773 -5
      vertex -7.1198 12.4773 5
    endloop
  endfacet
  facet normal 0.923856 -0.38274 0
    outer loop
      vertex -7.1198 12.4773 -5
      vertex -7.12792 12.4577 5
      vertex -7.12792 12.4577 -5
    endloop
  endfacet
  facet normal 0.414513 0.910044 -0
    outer loop
      vertex -6.4948 10.8907 -5
      vertex -6.51412 10.8995 5
      vertex -6.4948 10.8907 5
    endloop
  endfacet
  facet normal 0.414513 0.910044 0
    outer loop
      vertex -6.51412 10.8995 5
      vertex -6.4948 10.8907 -5
      vertex -6.51412 10.8995 -5
    endloop
  endfacet
  facet normal 0.725235 0.688502 0
    outer loop
      vertex -6.87508 11.1569 5
      vertex -6.8897 11.1723 -5
      vertex -6.8897 11.1723 5
    endloop
  endfacet
  facet normal 0.725235 0.688502 0
    outer loop
      vertex -6.8897 11.1723 -5
      vertex -6.87508 11.1569 5
      vertex -6.87508 11.1569 -5
    endloop
  endfacet
  facet normal -0.519348 -0.854563 0
    outer loop
      vertex -5.37345 13.0447 -5
      vertex -5.35535 13.0337 5
      vertex -5.37345 13.0447 5
    endloop
  endfacet
  facet normal -0.519348 -0.854563 -0
    outer loop
      vertex -5.35535 13.0337 5
      vertex -5.37345 13.0447 -5
      vertex -5.35535 13.0337 -5
    endloop
  endfacet
  facet normal 0.738363 0.674403 0
    outer loop
      vertex -6.8897 11.1723 5
      vertex -6.90404 11.188 -5
      vertex -6.90404 11.188 5
    endloop
  endfacet
  facet normal 0.738363 0.674403 0
    outer loop
      vertex -6.90404 11.188 -5
      vertex -6.8897 11.1723 5
      vertex -6.8897 11.1723 -5
    endloop
  endfacet
  facet normal 0.268372 -0.963315 0
    outer loop
      vertex -6.33531 13.1714 -5
      vertex -6.31485 13.1771 5
      vertex -6.33531 13.1714 5
    endloop
  endfacet
  facet normal 0.268372 -0.963315 0
    outer loop
      vertex -6.31485 13.1771 5
      vertex -6.33531 13.1714 -5
      vertex -6.31485 13.1771 -5
    endloop
  endfacet
  facet normal -0.804381 -0.594113 0
    outer loop
      vertex -5.01583 12.717 -5
      vertex -5.02846 12.7341 5
      vertex -5.02846 12.7341 -5
    endloop
  endfacet
  facet normal -0.804381 -0.594113 0
    outer loop
      vertex -5.02846 12.7341 5
      vertex -5.01583 12.717 -5
      vertex -5.01583 12.717 5
    endloop
  endfacet
  facet normal -0.824069 0.566489 0
    outer loop
      vertex -5.0035 11.3042 -5
      vertex -4.99147 11.3217 5
      vertex -4.99147 11.3217 -5
    endloop
  endfacet
  facet normal -0.824069 0.566489 0
    outer loop
      vertex -4.99147 11.3217 5
      vertex -5.0035 11.3042 -5
      vertex -5.0035 11.3042 5
    endloop
  endfacet
  facet normal 0.958983 0.283464 0
    outer loop
      vertex -7.16335 11.6463 5
      vertex -7.16938 11.6667 -5
      vertex -7.16938 11.6667 5
    endloop
  endfacet
  facet normal 0.958983 0.283464 0
    outer loop
      vertex -7.16938 11.6667 -5
      vertex -7.16335 11.6463 5
      vertex -7.16335 11.6463 -5
    endloop
  endfacet
  facet normal 0.963477 0.26779 0
    outer loop
      vertex -7.16938 11.6667 5
      vertex -7.17505 11.6871 -5
      vertex -7.17505 11.6871 5
    endloop
  endfacet
  facet normal 0.963477 0.26779 0
    outer loop
      vertex -7.17505 11.6871 -5
      vertex -7.16938 11.6667 5
      vertex -7.16938 11.6667 -5
    endloop
  endfacet
  facet normal 0.942528 -0.334126 0
    outer loop
      vertex -7.15023 12.3981 5
      vertex -7.14314 12.4181 -5
      vertex -7.14314 12.4181 5
    endloop
  endfacet
  facet normal 0.942528 -0.334126 0
    outer loop
      vertex -7.14314 12.4181 -5
      vertex -7.15023 12.3981 5
      vertex -7.15023 12.3981 -5
    endloop
  endfacet
  facet normal 0.942528 0.334126 0
    outer loop
      vertex -7.14314 11.5859 5
      vertex -7.15023 11.6059 -5
      vertex -7.15023 11.6059 5
    endloop
  endfacet
  facet normal 0.942528 0.334126 0
    outer loop
      vertex -7.15023 11.6059 -5
      vertex -7.14314 11.5859 5
      vertex -7.14314 11.5859 -5
    endloop
  endfacet
  facet normal -0.164857 -0.986317 0
    outer loop
      vertex -5.8097 13.2035 -5
      vertex -5.78876 13.2 5
      vertex -5.8097 13.2035 5
    endloop
  endfacet
  facet normal -0.164857 -0.986317 -0
    outer loop
      vertex -5.78876 13.2 5
      vertex -5.8097 13.2035 -5
      vertex -5.78876 13.2 -5
    endloop
  endfacet
  facet normal -0.948589 -0.31651 0
    outer loop
      vertex -4.84303 12.3779 -5
      vertex -4.84977 12.3981 5
      vertex -4.84977 12.3981 -5
    endloop
  endfacet
  facet normal -0.948589 -0.31651 0
    outer loop
      vertex -4.84977 12.3981 5
      vertex -4.84303 12.3779 -5
      vertex -4.84303 12.3779 5
    endloop
  endfacet
  facet normal 0.249736 0.968314 -0
    outer loop
      vertex -6.2943 10.8216 -5
      vertex -6.31485 10.8269 5
      vertex -6.2943 10.8216 5
    endloop
  endfacet
  facet normal 0.249736 0.968314 0
    outer loop
      vertex -6.31485 10.8269 5
      vertex -6.2943 10.8216 -5
      vertex -6.31485 10.8269 -5
    endloop
  endfacet
  facet normal 0.991412 -0.130772 0
    outer loop
      vertex -7.20744 12.1503 5
      vertex -7.20467 12.1713 -5
      vertex -7.20467 12.1713 5
    endloop
  endfacet
  facet normal 0.991412 -0.130772 0
    outer loop
      vertex -7.20467 12.1713 -5
      vertex -7.20744 12.1503 5
      vertex -7.20744 12.1503 -5
    endloop
  endfacet
  facet normal 0.99906 -0.0433554 0
    outer loop
      vertex -7.21576 12.0445 5
      vertex -7.21484 12.0657 -5
      vertex -7.21484 12.0657 5
    endloop
  endfacet
  facet normal 0.99906 -0.0433554 0
    outer loop
      vertex -7.21484 12.0657 -5
      vertex -7.21576 12.0445 5
      vertex -7.21576 12.0445 -5
    endloop
  endfacet
  facet normal -0.249736 -0.968314 0
    outer loop
      vertex -5.7057 13.1824 -5
      vertex -5.68515 13.1771 5
      vertex -5.7057 13.1824 5
    endloop
  endfacet
  facet normal -0.249736 -0.968314 -0
    outer loop
      vertex -5.68515 13.1771 5
      vertex -5.7057 13.1824 -5
      vertex -5.68515 13.1771 -5
    endloop
  endfacet
  facet normal 0.47601 -0.87944 0
    outer loop
      vertex -6.58977 13.066 -5
      vertex -6.57111 13.0761 5
      vertex -6.58977 13.066 5
    endloop
  endfacet
  facet normal 0.47601 -0.87944 0
    outer loop
      vertex -6.57111 13.0761 5
      vertex -6.58977 13.066 -5
      vertex -6.57111 13.0761 -5
    endloop
  endfacet
  facet normal 0.909881 0.414868 0
    outer loop
      vertex -7.10253 11.4879 5
      vertex -7.11133 11.5072 -5
      vertex -7.11133 11.5072 5
    endloop
  endfacet
  facet normal 0.909881 0.414868 0
    outer loop
      vertex -7.11133 11.5072 -5
      vertex -7.10253 11.4879 5
      vertex -7.10253 11.4879 -5
    endloop
  endfacet
  facet normal 0.844607 -0.535387 0
    outer loop
      vertex -7.03166 12.6466 5
      vertex -7.02025 12.6646 -5
      vertex -7.02025 12.6646 5
    endloop
  endfacet
  facet normal 0.844607 -0.535387 0
    outer loop
      vertex -7.02025 12.6646 -5
      vertex -7.03166 12.6466 5
      vertex -7.03166 12.6466 -5
    endloop
  endfacet
  facet normal -0.113068 -0.993587 0
    outer loop
      vertex -5.87284 13.2118 -5
      vertex -5.85175 13.2094 5
      vertex -5.87284 13.2118 5
    endloop
  endfacet
  facet normal -0.113068 -0.993587 -0
    outer loop
      vertex -5.85175 13.2094 5
      vertex -5.87284 13.2118 -5
      vertex -5.85175 13.2094 -5
    endloop
  endfacet
  facet normal 0.447214 0.894427 -0
    outer loop
      vertex -6.53328 10.9086 -5
      vertex -6.55228 10.9181 5
      vertex -6.53328 10.9086 5
    endloop
  endfacet
  facet normal 0.447214 0.894427 0
    outer loop
      vertex -6.55228 10.9181 5
      vertex -6.53328 10.9086 -5
      vertex -6.55228 10.9181 -5
    endloop
  endfacet
  facet normal 0.150642 -0.988588 0
    outer loop
      vertex -6.1903 13.2035 -5
      vertex -6.1693 13.2067 5
      vertex -6.1903 13.2035 5
    endloop
  endfacet
  facet normal 0.150642 -0.988588 0
    outer loop
      vertex -6.1693 13.2067 5
      vertex -6.1903 13.2035 -5
      vertex -6.1693 13.2067 -5
    endloop
  endfacet
  facet normal 0.334396 0.942433 -0
    outer loop
      vertex -6.39606 10.8518 -5
      vertex -6.41607 10.8589 5
      vertex -6.39606 10.8518 5
    endloop
  endfacet
  facet normal 0.334396 0.942433 0
    outer loop
      vertex -6.41607 10.8589 5
      vertex -6.39606 10.8518 -5
      vertex -6.41607 10.8589 -5
    endloop
  endfacet
  facet normal -0.75949 -0.650519 0
    outer loop
      vertex -5.0681 12.784 -5
      vertex -5.08189 12.8001 5
      vertex -5.08189 12.8001 -5
    endloop
  endfacet
  facet normal -0.75949 -0.650519 0
    outer loop
      vertex -5.08189 12.8001 5
      vertex -5.0681 12.784 -5
      vertex -5.0681 12.784 5
    endloop
  endfacet
  facet normal -0.113068 0.993587 0
    outer loop
      vertex -5.85175 10.7946 -5
      vertex -5.87284 10.7922 5
      vertex -5.85175 10.7946 5
    endloop
  endfacet
  facet normal -0.113068 0.993587 0
    outer loop
      vertex -5.87284 10.7922 5
      vertex -5.85175 10.7946 -5
      vertex -5.87284 10.7922 -5
    endloop
  endfacet
  facet normal 0.301357 0.953511 -0
    outer loop
      vertex -6.35567 10.8386 -5
      vertex -6.37592 10.845 5
      vertex -6.35567 10.8386 5
    endloop
  endfacet
  facet normal 0.301357 0.953511 0
    outer loop
      vertex -6.37592 10.845 5
      vertex -6.35567 10.8386 -5
      vertex -6.37592 10.845 -5
    endloop
  endfacet
  facet normal 0.886753 0.462244 0
    outer loop
      vertex -7.07411 11.4309 5
      vertex -7.08391 11.4497 -5
      vertex -7.08391 11.4497 5
    endloop
  endfacet
  facet normal 0.886753 0.462244 0
    outer loop
      vertex -7.08391 11.4497 -5
      vertex -7.07411 11.4309 5
      vertex -7.07411 11.4309 -5
    endloop
  endfacet
  facet normal 0.894804 0.44646 0
    outer loop
      vertex -7.08391 11.4497 5
      vertex -7.09339 11.4687 -5
      vertex -7.09339 11.4687 5
    endloop
  endfacet
  facet normal 0.894804 0.44646 0
    outer loop
      vertex -7.09339 11.4687 -5
      vertex -7.08391 11.4497 5
      vertex -7.08391 11.4497 -5
    endloop
  endfacet
  facet normal -0.127224 0.991874 0
    outer loop
      vertex -5.8307 10.7973 -5
      vertex -5.85175 10.7946 5
      vertex -5.8307 10.7973 5
    endloop
  endfacet
  facet normal -0.127224 0.991874 0
    outer loop
      vertex -5.85175 10.7946 5
      vertex -5.8307 10.7973 -5
      vertex -5.85175 10.7946 -5
    endloop
  endfacet
  facet normal 0.794438 0.607345 0
    outer loop
      vertex -6.95862 11.253 5
      vertex -6.97154 11.2699 -5
      vertex -6.97154 11.2699 5
    endloop
  endfacet
  facet normal 0.794438 0.607345 0
    outer loop
      vertex -6.97154 11.2699 -5
      vertex -6.95862 11.253 5
      vertex -6.95862 11.253 -5
    endloop
  endfacet
  facet normal 0.127224 0.991874 -0
    outer loop
      vertex -6.14825 10.7946 -5
      vertex -6.1693 10.7973 5
      vertex -6.14825 10.7946 5
    endloop
  endfacet
  facet normal 0.127224 0.991874 0
    outer loop
      vertex -6.1693 10.7973 5
      vertex -6.14825 10.7946 -5
      vertex -6.1693 10.7973 -5
    endloop
  endfacet
  facet normal -0.772066 0.635542 0
    outer loop
      vertex -5.0681 11.22 -5
      vertex -5.0546 11.2364 5
      vertex -5.0546 11.2364 -5
    endloop
  endfacet
  facet normal -0.772066 0.635542 0
    outer loop
      vertex -5.0546 11.2364 5
      vertex -5.0681 11.22 -5
      vertex -5.0681 11.22 5
    endloop
  endfacet
  facet normal -0.319895 -0.947453 0
    outer loop
      vertex -5.62408 13.159 -5
      vertex -5.60394 13.1522 5
      vertex -5.62408 13.159 5
    endloop
  endfacet
  facet normal -0.319895 -0.947453 -0
    outer loop
      vertex -5.60394 13.1522 5
      vertex -5.62408 13.159 -5
      vertex -5.60394 13.1522 -5
    endloop
  endfacet
  facet normal -0.972216 0.234087 0
    outer loop
      vertex -4.81963 11.7077 -5
      vertex -4.81467 11.7283 5
      vertex -4.81467 11.7283 -5
    endloop
  endfacet
  facet normal -0.972216 0.234087 0
    outer loop
      vertex -4.81467 11.7283 5
      vertex -4.81963 11.7077 -5
      vertex -4.81963 11.7077 5
    endloop
  endfacet
  facet normal 0.894804 -0.44646 0
    outer loop
      vertex -7.09339 12.5353 5
      vertex -7.08391 12.5543 -5
      vertex -7.08391 12.5543 5
    endloop
  endfacet
  facet normal 0.894804 -0.44646 0
    outer loop
      vertex -7.08391 12.5543 -5
      vertex -7.09339 12.5353 5
      vertex -7.09339 12.5353 -5
    endloop
  endfacet
  facet normal 0.508254 0.861207 -0
    outer loop
      vertex -6.60825 10.9485 -5
      vertex -6.62655 10.9593 5
      vertex -6.60825 10.9485 5
    endloop
  endfacet
  facet normal 0.508254 0.861207 0
    outer loop
      vertex -6.62655 10.9593 5
      vertex -6.60825 10.9485 -5
      vertex -6.62655 10.9593 -5
    endloop
  endfacet
  facet normal -0.804381 0.594113 0
    outer loop
      vertex -5.02846 11.2699 -5
      vertex -5.01583 11.287 5
      vertex -5.01583 11.287 -5
    endloop
  endfacet
  facet normal -0.804381 0.594113 0
    outer loop
      vertex -5.01583 11.287 5
      vertex -5.02846 11.2699 -5
      vertex -5.02846 11.2699 5
    endloop
  endfacet
  facet normal 0.794438 -0.607345 0
    outer loop
      vertex -6.97154 12.7341 5
      vertex -6.95862 12.751 -5
      vertex -6.95862 12.751 5
    endloop
  endfacet
  facet normal 0.794438 -0.607345 0
    outer loop
      vertex -6.95862 12.751 -5
      vertex -6.97154 12.7341 5
      vertex -6.97154 12.7341 -5
    endloop
  endfacet
  facet normal 0.230877 -0.972983 0
    outer loop
      vertex -6.2943 13.1824 -5
      vertex -6.27365 13.1873 5
      vertex -6.2943 13.1824 5
    endloop
  endfacet
  facet normal 0.230877 -0.972983 0
    outer loop
      vertex -6.27365 13.1873 5
      vertex -6.2943 13.1824 -5
      vertex -6.27365 13.1873 -5
    endloop
  endfacet
  facet normal 0.282676 0.959215 -0
    outer loop
      vertex -6.33531 10.8326 -5
      vertex -6.35567 10.8386 5
      vertex -6.33531 10.8326 5
    endloop
  endfacet
  facet normal 0.282676 0.959215 0
    outer loop
      vertex -6.35567 10.8386 5
      vertex -6.33531 10.8326 -5
      vertex -6.35567 10.8386 -5
    endloop
  endfacet
  facet normal -0.540306 0.841468 0
    outer loop
      vertex -5.33744 10.9818 -5
      vertex -5.35535 10.9703 5
      vertex -5.33744 10.9818 5
    endloop
  endfacet
  facet normal -0.540306 0.841468 0
    outer loop
      vertex -5.35535 10.9703 5
      vertex -5.33744 10.9818 -5
      vertex -5.35535 10.9703 -5
    endloop
  endfacet
  facet normal -0.461664 -0.887055 0
    outer loop
      vertex -5.44772 13.0859 -5
      vertex -5.42889 13.0761 5
      vertex -5.44772 13.0859 5
    endloop
  endfacet
  facet normal -0.461664 -0.887055 -0
    outer loop
      vertex -5.42889 13.0761 5
      vertex -5.44772 13.0859 -5
      vertex -5.42889 13.0761 -5
    endloop
  endfacet
  facet normal 0.972216 -0.234087 0
    outer loop
      vertex -7.18533 12.2757 5
      vertex -7.18037 12.2963 -5
      vertex -7.18037 12.2963 5
    endloop
  endfacet
  facet normal 0.972216 -0.234087 0
    outer loop
      vertex -7.18037 12.2963 -5
      vertex -7.18533 12.2757 5
      vertex -7.18533 12.2757 -5
    endloop
  endfacet
  facet normal 0.0470731 0.998891 -0
    outer loop
      vertex -6.04245 10.7862 -5
      vertex -6.06367 10.7872 5
      vertex -6.04245 10.7862 5
    endloop
  endfacet
  facet normal 0.0470731 0.998891 0
    outer loop
      vertex -6.06367 10.7872 5
      vertex -6.04245 10.7862 -5
      vertex -6.06367 10.7872 -5
    endloop
  endfacet
  facet normal 0.968233 0.250049 0
    outer loop
      vertex -7.17505 11.6871 5
      vertex -7.18037 11.7077 -5
      vertex -7.18037 11.7077 5
    endloop
  endfacet
  facet normal 0.968233 0.250049 0
    outer loop
      vertex -7.18037 11.7077 -5
      vertex -7.17505 11.6871 5
      vertex -7.17505 11.6871 -5
    endloop
  endfacet
  facet normal 0.334396 -0.942433 0
    outer loop
      vertex -6.41607 13.1451 -5
      vertex -6.39606 13.1522 5
      vertex -6.41607 13.1451 5
    endloop
  endfacet
  facet normal 0.334396 -0.942433 0
    outer loop
      vertex -6.39606 13.1522 5
      vertex -6.41607 13.1451 -5
      vertex -6.39606 13.1522 -5
    endloop
  endfacet
  facet normal 0.596912 0.802307 -0
    outer loop
      vertex -6.71504 11.0178 -5
      vertex -6.73211 11.0305 5
      vertex -6.71504 11.0178 5
    endloop
  endfacet
  facet normal 0.596912 0.802307 0
    outer loop
      vertex -6.73211 11.0305 5
      vertex -6.71504 11.0178 -5
      vertex -6.73211 11.0305 -5
    endloop
  endfacet
  facet normal 0.663487 0.748188 -0
    outer loop
      vertex -6.7981 11.0839 -5
      vertex -6.814 11.098 5
      vertex -6.7981 11.0839 5
    endloop
  endfacet
  facet normal 0.663487 0.748188 0
    outer loop
      vertex -6.814 11.098 5
      vertex -6.7981 11.0839 -5
      vertex -6.814 11.098 -5
    endloop
  endfacet
  facet normal -0.782246 -0.62297 0
    outer loop
      vertex -5.04138 12.751 -5
      vertex -5.0546 12.7676 5
      vertex -5.0546 12.7676 -5
    endloop
  endfacet
  facet normal -0.782246 -0.62297 0
    outer loop
      vertex -5.0546 12.7676 5
      vertex -5.04138 12.751 -5
      vertex -5.04138 12.751 5
    endloop
  endfacet
  facet normal 0.216731 0.976231 -0
    outer loop
      vertex -6.25293 10.8121 -5
      vertex -6.27365 10.8167 5
      vertex -6.25293 10.8121 5
    endloop
  endfacet
  facet normal 0.216731 0.976231 0
    outer loop
      vertex -6.27365 10.8167 5
      vertex -6.25293 10.8121 -5
      vertex -6.27365 10.8167 -5
    endloop
  endfacet
  facet normal -0.268372 -0.963315 0
    outer loop
      vertex -5.68515 13.1771 -5
      vertex -5.66469 13.1714 5
      vertex -5.68515 13.1771 5
    endloop
  endfacet
  facet normal -0.268372 -0.963315 -0
    outer loop
      vertex -5.66469 13.1714 5
      vertex -5.68515 13.1771 -5
      vertex -5.66469 13.1714 -5
    endloop
  endfacet
  facet normal -0.999655 -0.026282 0
    outer loop
      vertex 7.21732 -11.9788 -5
      vertex 7.21676 -11.9575 5
      vertex 7.21676 -11.9575 -5
    endloop
  endfacet
  facet normal -0.999655 -0.026282 0
    outer loop
      vertex 7.21676 -11.9575 5
      vertex 7.21732 -11.9788 -5
      vertex 7.21732 -11.9788 5
    endloop
  endfacet
  facet normal -0.99996 -0.0089619 0
    outer loop
      vertex 7.21751 -12 -5
      vertex 7.21732 -11.9788 5
      vertex 7.21732 -11.9788 -5
    endloop
  endfacet
  facet normal -0.99996 -0.0089619 0
    outer loop
      vertex 7.21732 -11.9788 5
      vertex 7.21751 -12 -5
      vertex 7.21751 -12 5
    endloop
  endfacet
  facet normal -0.99906 -0.0433554 0
    outer loop
      vertex 7.21676 -11.9575 -5
      vertex 7.21584 -11.9363 5
      vertex 7.21584 -11.9363 -5
    endloop
  endfacet
  facet normal -0.99906 -0.0433554 0
    outer loop
      vertex 7.21584 -11.9363 5
      vertex 7.21676 -11.9575 -5
      vertex 7.21676 -11.9575 5
    endloop
  endfacet
  facet normal -0.540306 -0.841468 0
    outer loop
      vertex 6.64565 -10.9683 -5
      vertex 6.66356 -10.9798 5
      vertex 6.64565 -10.9683 5
    endloop
  endfacet
  facet normal -0.540306 -0.841468 -0
    outer loop
      vertex 6.66356 -10.9798 5
      vertex 6.64565 -10.9683 -5
      vertex 6.66356 -10.9798 -5
    endloop
  endfacet
  facet normal -0.164857 0.986317 0
    outer loop
      vertex 6.21224 -13.198 -5
      vertex 6.1913 -13.2015 5
      vertex 6.21224 -13.198 5
    endloop
  endfacet
  facet normal -0.164857 0.986317 0
    outer loop
      vertex 6.1913 -13.2015 5
      vertex 6.21224 -13.198 -5
      vertex 6.1913 -13.2015 -5
    endloop
  endfacet
  facet normal -0.381603 -0.924326 0
    outer loop
      vertex 6.45671 -10.8721 -5
      vertex 6.47633 -10.8802 5
      vertex 6.45671 -10.8721 5
    endloop
  endfacet
  facet normal -0.381603 -0.924326 -0
    outer loop
      vertex 6.47633 -10.8802 5
      vertex 6.45671 -10.8721 -5
      vertex 6.47633 -10.8802 -5
    endloop
  endfacet
  facet normal 0.936831 0.349782 0
    outer loop
      vertex 4.86529 -12.436 5
      vertex 4.85786 -12.4161 -5
      vertex 4.85786 -12.4161 5
    endloop
  endfacet
  facet normal 0.936831 0.349782 0
    outer loop
      vertex 4.85786 -12.4161 -5
      vertex 4.86529 -12.436 5
      vertex 4.86529 -12.436 -5
    endloop
  endfacet
  facet normal -0.998125 -0.0612058 0
    outer loop
      vertex 7.21584 -11.9363 -5
      vertex 7.21454 -11.9151 5
      vertex 7.21454 -11.9151 -5
    endloop
  endfacet
  facet normal -0.998125 -0.0612058 0
    outer loop
      vertex 7.21454 -11.9151 5
      vertex 7.21584 -11.9363 -5
      vertex 7.21584 -11.9363 5
    endloop
  endfacet
  facet normal -0.983369 -0.181617 0
    outer loop
      vertex 7.19902 -11.7888 -5
      vertex 7.19516 -11.7679 5
      vertex 7.19516 -11.7679 -5
    endloop
  endfacet
  facet normal -0.983369 -0.181617 0
    outer loop
      vertex 7.19516 -11.7679 5
      vertex 7.19902 -11.7888 -5
      vertex 7.19902 -11.7888 5
    endloop
  endfacet
  facet normal 0.0753991 -0.997153 0
    outer loop
      vertex 5.89498 -10.7881 -5
      vertex 5.91614 -10.7865 5
      vertex 5.89498 -10.7881 5
    endloop
  endfacet
  facet normal 0.0753991 -0.997153 0
    outer loop
      vertex 5.91614 -10.7865 5
      vertex 5.89498 -10.7881 -5
      vertex 5.91614 -10.7865 -5
    endloop
  endfacet
  facet normal -0.348695 0.937236 0
    outer loop
      vertex 6.43696 -13.1357 -5
      vertex 6.41707 -13.1431 5
      vertex 6.43696 -13.1357 5
    endloop
  endfacet
  facet normal -0.348695 0.937236 0
    outer loop
      vertex 6.41707 -13.1431 5
      vertex 6.43696 -13.1357 -5
      vertex 6.41707 -13.1431 -5
    endloop
  endfacet
  facet normal -0.0988512 -0.995102 0
    outer loop
      vertex 6.10702 -10.7881 -5
      vertex 6.12816 -10.7902 5
      vertex 6.10702 -10.7881 5
    endloop
  endfacet
  facet normal -0.0988512 -0.995102 -0
    outer loop
      vertex 6.12816 -10.7902 5
      vertex 6.10702 -10.7881 -5
      vertex 6.12816 -10.7902 -5
    endloop
  endfacet
  facet normal -0.983369 0.181617 0
    outer loop
      vertex 7.19516 -12.2321 -5
      vertex 7.19902 -12.2112 5
      vertex 7.19902 -12.2112 -5
    endloop
  endfacet
  facet normal -0.983369 0.181617 0
    outer loop
      vertex 7.19902 -12.2112 5
      vertex 7.19516 -12.2321 -5
      vertex 7.19516 -12.2321 5
    endloop
  endfacet
  facet normal -0.674549 0.73823 0
    outer loop
      vertex 6.83065 -12.8897 -5
      vertex 6.815 -12.904 5
      vertex 6.83065 -12.8897 5
    endloop
  endfacet
  facet normal -0.674549 0.73823 0
    outer loop
      vertex 6.815 -12.904 5
      vertex 6.83065 -12.8897 -5
      vertex 6.815 -12.904 -5
    endloop
  endfacet
  facet normal 0.565528 -0.824729 0
    outer loop
      vertex 5.30324 -11.0035 -5
      vertex 5.32074 -10.9915 5
      vertex 5.30324 -11.0035 5
    endloop
  endfacet
  facet normal 0.565528 -0.824729 0
    outer loop
      vertex 5.32074 -10.9915 5
      vertex 5.30324 -11.0035 -5
      vertex 5.32074 -10.9915 -5
    endloop
  endfacet
  facet normal 0.953568 -0.301177 0
    outer loop
      vertex 4.83765 -11.6443 5
      vertex 4.84403 -11.6241 -5
      vertex 4.84403 -11.6241 5
    endloop
  endfacet
  facet normal 0.953568 -0.301177 0
    outer loop
      vertex 4.84403 -11.6241 -5
      vertex 4.83765 -11.6443 5
      vertex 4.83765 -11.6443 -5
    endloop
  endfacet
  facet normal -0.812743 -0.582623 0
    outer loop
      vertex 6.9975 -11.3022 -5
      vertex 6.98517 -11.285 5
      vertex 6.98517 -11.285 -5
    endloop
  endfacet
  facet normal -0.812743 -0.582623 0
    outer loop
      vertex 6.98517 -11.285 5
      vertex 6.9975 -11.3022 -5
      vertex 6.9975 -11.3022 5
    endloop
  endfacet
  facet normal 0.75949 -0.650519 0
    outer loop
      vertex 5.0691 -11.218 5
      vertex 5.08289 -11.2019 -5
      vertex 5.08289 -11.2019 5
    endloop
  endfacet
  facet normal 0.75949 -0.650519 0
    outer loop
      vertex 5.08289 -11.2019 -5
      vertex 5.0691 -11.218 5
      vertex 5.0691 -11.218 -5
    endloop
  endfacet
  facet normal -0.953568 -0.301177 0
    outer loop
      vertex 7.16435 -11.6443 -5
      vertex 7.15797 -11.6241 5
      vertex 7.15797 -11.6241 -5
    endloop
  endfacet
  facet normal -0.953568 -0.301177 0
    outer loop
      vertex 7.15797 -11.6241 5
      vertex 7.16435 -11.6443 -5
      vertex 7.16435 -11.6443 5
    endloop
  endfacet
  facet normal -0.725235 -0.688502 0
    outer loop
      vertex 6.8907 -11.1703 -5
      vertex 6.87608 -11.1549 5
      vertex 6.87608 -11.1549 -5
    endloop
  endfacet
  facet normal -0.725235 -0.688502 0
    outer loop
      vertex 6.87608 -11.1549 5
      vertex 6.8907 -11.1703 -5
      vertex 6.8907 -11.1703 5
    endloop
  endfacet
  facet normal -0.622163 -0.782888 0
    outer loop
      vertex 6.74996 -11.0414 -5
      vertex 6.76657 -11.0546 5
      vertex 6.74996 -11.0414 5
    endloop
  endfacet
  facet normal -0.622163 -0.782888 -0
    outer loop
      vertex 6.76657 -11.0546 5
      vertex 6.74996 -11.0414 -5
      vertex 6.76657 -11.0546 -5
    endloop
  endfacet
  facet normal -0.579899 -0.814688 0
    outer loop
      vertex 6.69876 -11.0035 -5
      vertex 6.71604 -11.0158 5
      vertex 6.69876 -11.0035 5
    endloop
  endfacet
  facet normal -0.579899 -0.814688 -0
    outer loop
      vertex 6.71604 -11.0158 5
      vertex 6.69876 -11.0035 -5
      vertex 6.71604 -11.0158 -5
    endloop
  endfacet
  facet normal -0.886753 -0.462244 0
    outer loop
      vertex 7.08491 -11.4477 -5
      vertex 7.07511 -11.4289 5
      vertex 7.07511 -11.4289 -5
    endloop
  endfacet
  facet normal -0.886753 -0.462244 0
    outer loop
      vertex 7.07511 -11.4289 5
      vertex 7.08491 -11.4477 -5
      vertex 7.08491 -11.4477 5
    endloop
  endfacet
  facet normal 0.301357 -0.953511 0
    outer loop
      vertex 5.62508 -10.843 -5
      vertex 5.64533 -10.8366 5
      vertex 5.62508 -10.843 5
    endloop
  endfacet
  facet normal 0.301357 -0.953511 0
    outer loop
      vertex 5.64533 -10.8366 5
      vertex 5.62508 -10.843 -5
      vertex 5.64533 -10.8366 -5
    endloop
  endfacet
  facet normal -0.782246 0.62297 0
    outer loop
      vertex 6.9464 -12.7656 -5
      vertex 6.95962 -12.749 5
      vertex 6.95962 -12.749 -5
    endloop
  endfacet
  facet normal -0.782246 0.62297 0
    outer loop
      vertex 6.95962 -12.749 5
      vertex 6.9464 -12.7656 -5
      vertex 6.9464 -12.7656 5
    endloop
  endfacet
  facet normal -0.663487 -0.748188 0
    outer loop
      vertex 6.7991 -11.0819 -5
      vertex 6.815 -11.096 5
      vertex 6.7991 -11.0819 5
    endloop
  endfacet
  facet normal -0.663487 -0.748188 -0
    outer loop
      vertex 6.815 -11.096 5
      vertex 6.7991 -11.0819 -5
      vertex 6.815 -11.096 -5
    endloop
  endfacet
  facet normal -0.972216 -0.234087 0
    outer loop
      vertex 7.18633 -11.7263 -5
      vertex 7.18137 -11.7057 5
      vertex 7.18137 -11.7057 -5
    endloop
  endfacet
  facet normal -0.972216 -0.234087 0
    outer loop
      vertex 7.18137 -11.7057 5
      vertex 7.18633 -11.7263 -5
      vertex 7.18633 -11.7263 5
    endloop
  endfacet
  facet normal -0.998125 0.0612058 0
    outer loop
      vertex 7.21454 -12.0849 -5
      vertex 7.21584 -12.0637 5
      vertex 7.21584 -12.0637 -5
    endloop
  endfacet
  facet normal -0.998125 0.0612058 0
    outer loop
      vertex 7.21584 -12.0637 5
      vertex 7.21454 -12.0849 -5
      vertex 7.21454 -12.0849 5
    endloop
  endfacet
  facet normal -0.636004 0.771685 0
    outer loop
      vertex 6.78295 -12.9319 -5
      vertex 6.76657 -12.9454 5
      vertex 6.78295 -12.9319 5
    endloop
  endfacet
  facet normal -0.636004 0.771685 0
    outer loop
      vertex 6.76657 -12.9454 5
      vertex 6.78295 -12.9319 -5
      vertex 6.76657 -12.9454 -5
    endloop
  endfacet
  facet normal -0.0235561 -0.999723 0
    outer loop
      vertex 6.02223 -10.7837 -5
      vertex 6.04345 -10.7842 5
      vertex 6.02223 -10.7837 5
    endloop
  endfacet
  facet normal -0.0235561 -0.999723 -0
    outer loop
      vertex 6.04345 -10.7842 5
      vertex 6.02223 -10.7837 -5
      vertex 6.04345 -10.7842 -5
    endloop
  endfacet
  facet normal -0.824069 -0.566489 0
    outer loop
      vertex 7.00953 -11.3197 -5
      vertex 6.9975 -11.3022 5
      vertex 6.9975 -11.3022 -5
    endloop
  endfacet
  facet normal -0.824069 -0.566489 0
    outer loop
      vertex 6.9975 -11.3022 5
      vertex 7.00953 -11.3197 -5
      vertex 7.00953 -11.3197 5
    endloop
  endfacet
  facet normal -0.0988512 0.995102 0
    outer loop
      vertex 6.12816 -13.2098 -5
      vertex 6.10702 -13.2119 5
      vertex 6.12816 -13.2098 5
    endloop
  endfacet
  facet normal -0.0988512 0.995102 0
    outer loop
      vertex 6.10702 -13.2119 5
      vertex 6.12816 -13.2098 -5
      vertex 6.10702 -13.2119 -5
    endloop
  endfacet
  facet normal -0.968233 -0.250049 0
    outer loop
      vertex 7.18137 -11.7057 -5
      vertex 7.17605 -11.6851 5
      vertex 7.17605 -11.6851 -5
    endloop
  endfacet
  facet normal -0.968233 -0.250049 0
    outer loop
      vertex 7.17605 -11.6851 5
      vertex 7.18137 -11.7057 -5
      vertex 7.18137 -11.7057 5
    endloop
  endfacet
  facet normal -0.725235 0.688502 0
    outer loop
      vertex 6.87608 -12.8451 -5
      vertex 6.8907 -12.8297 5
      vertex 6.8907 -12.8297 -5
    endloop
  endfacet
  facet normal -0.725235 0.688502 0
    outer loop
      vertex 6.8907 -12.8297 5
      vertex 6.87608 -12.8451 -5
      vertex 6.87608 -12.8451 5
    endloop
  endfacet
  facet normal 0.968233 -0.250049 0
    outer loop
      vertex 4.82063 -11.7057 5
      vertex 4.82595 -11.6851 -5
      vertex 4.82595 -11.6851 5
    endloop
  endfacet
  facet normal 0.968233 -0.250049 0
    outer loop
      vertex 4.82595 -11.6851 -5
      vertex 4.82063 -11.7057 5
      vertex 4.82063 -11.7057 -5
    endloop
  endfacet
  facet normal -0.99996 0.0089619 0
    outer loop
      vertex 7.21732 -12.0212 -5
      vertex 7.21751 -12 5
      vertex 7.21751 -12 -5
    endloop
  endfacet
  facet normal -0.99996 0.0089619 0
    outer loop
      vertex 7.21751 -12 5
      vertex 7.21732 -12.0212 -5
      vertex 7.21732 -12.0212 5
    endloop
  endfacet
  facet normal -0.794438 0.607345 0
    outer loop
      vertex 6.95962 -12.749 -5
      vertex 6.97254 -12.7321 5
      vertex 6.97254 -12.7321 -5
    endloop
  endfacet
  facet normal -0.794438 0.607345 0
    outer loop
      vertex 6.97254 -12.7321 5
      vertex 6.95962 -12.749 -5
      vertex 6.95962 -12.749 5
    endloop
  endfacet
  facet normal 0.860399 -0.509621 0
    outer loop
      vertex 4.94747 -11.3917 5
      vertex 4.95825 -11.3735 -5
      vertex 4.95825 -11.3735 5
    endloop
  endfacet
  facet normal 0.860399 -0.509621 0
    outer loop
      vertex 4.95825 -11.3735 -5
      vertex 4.94747 -11.3917 5
      vertex 4.94747 -11.3917 -5
    endloop
  endfacet
  facet normal 0.833786 0.552088 0
    outer loop
      vertex 4.99247 -12.6803 5
      vertex 4.98075 -12.6626 -5
      vertex 4.98075 -12.6626 5
    endloop
  endfacet
  facet normal 0.833786 0.552088 0
    outer loop
      vertex 4.98075 -12.6626 -5
      vertex 4.99247 -12.6803 5
      vertex 4.99247 -12.6803 -5
    endloop
  endfacet
  facet normal -0.909881 -0.414868 0
    outer loop
      vertex 7.11233 -11.5052 -5
      vertex 7.10353 -11.4859 5
      vertex 7.10353 -11.4859 -5
    endloop
  endfacet
  facet normal -0.909881 -0.414868 0
    outer loop
      vertex 7.10353 -11.4859 5
      vertex 7.11233 -11.5052 -5
      vertex 7.11233 -11.5052 5
    endloop
  endfacet
  facet normal 0.0235561 -0.999723 0
    outer loop
      vertex 5.95855 -10.7842 -5
      vertex 5.97977 -10.7837 5
      vertex 5.95855 -10.7842 5
    endloop
  endfacet
  facet normal 0.0235561 -0.999723 0
    outer loop
      vertex 5.97977 -10.7837 5
      vertex 5.95855 -10.7842 -5
      vertex 5.97977 -10.7837 -5
    endloop
  endfacet
  facet normal -0.179051 0.98384 0
    outer loop
      vertex 6.23312 -13.1942 -5
      vertex 6.21224 -13.198 5
      vertex 6.23312 -13.1942 5
    endloop
  endfacet
  facet normal -0.179051 0.98384 0
    outer loop
      vertex 6.21224 -13.198 5
      vertex 6.23312 -13.1942 -5
      vertex 6.21224 -13.198 -5
    endloop
  endfacet
  facet normal -0.936831 0.349782 0
    outer loop
      vertex 7.13671 -12.436 -5
      vertex 7.14414 -12.4161 5
      vertex 7.14414 -12.4161 -5
    endloop
  endfacet
  facet normal -0.936831 0.349782 0
    outer loop
      vertex 7.14414 -12.4161 5
      vertex 7.13671 -12.436 -5
      vertex 7.13671 -12.436 5
    endloop
  endfacet
  facet normal 0.381603 -0.924326 0
    outer loop
      vertex 5.52567 -10.8802 -5
      vertex 5.54529 -10.8721 5
      vertex 5.52567 -10.8802 5
    endloop
  endfacet
  facet normal 0.381603 -0.924326 0
    outer loop
      vertex 5.54529 -10.8721 5
      vertex 5.52567 -10.8802 -5
      vertex 5.54529 -10.8721 -5
    endloop
  endfacet
  facet normal -0.844607 -0.535387 0
    outer loop
      vertex 7.03266 -11.3554 -5
      vertex 7.02125 -11.3374 5
      vertex 7.02125 -11.3374 -5
    endloop
  endfacet
  facet normal -0.844607 -0.535387 0
    outer loop
      vertex 7.02125 -11.3374 5
      vertex 7.03266 -11.3554 -5
      vertex 7.03266 -11.3554 5
    endloop
  endfacet
  facet normal -0.99692 0.0784306 0
    outer loop
      vertex 7.21288 -12.106 -5
      vertex 7.21454 -12.0849 5
      vertex 7.21454 -12.0849 -5
    endloop
  endfacet
  facet normal -0.99692 0.0784306 0
    outer loop
      vertex 7.21454 -12.0849 5
      vertex 7.21288 -12.106 -5
      vertex 7.21288 -12.106 5
    endloop
  endfacet
  facet normal -0.929934 -0.367725 0
    outer loop
      vertex 7.13671 -11.564 -5
      vertex 7.12892 -11.5443 5
      vertex 7.12892 -11.5443 -5
    endloop
  endfacet
  facet normal -0.929934 -0.367725 0
    outer loop
      vertex 7.12892 -11.5443 5
      vertex 7.13671 -11.564 -5
      vertex 7.13671 -11.564 5
    endloop
  endfacet
  facet normal 0.348695 -0.937236 0
    outer loop
      vertex 5.56504 -10.8643 -5
      vertex 5.58493 -10.8569 5
      vertex 5.56504 -10.8643 5
    endloop
  endfacet
  facet normal 0.348695 -0.937236 0
    outer loop
      vertex 5.58493 -10.8569 5
      vertex 5.56504 -10.8643 -5
      vertex 5.58493 -10.8569 -5
    endloop
  endfacet
  facet normal -0.852676 0.522441 0
    outer loop
      vertex 7.03266 -12.6446 -5
      vertex 7.04375 -12.6265 5
      vertex 7.04375 -12.6265 -5
    endloop
  endfacet
  facet normal -0.852676 0.522441 0
    outer loop
      vertex 7.04375 -12.6265 5
      vertex 7.03266 -12.6446 -5
      vertex 7.03266 -12.6446 5
    endloop
  endfacet
  facet normal -0.991412 -0.130772 0
    outer loop
      vertex 7.20844 -11.8517 -5
      vertex 7.20567 -11.8307 5
      vertex 7.20567 -11.8307 -5
    endloop
  endfacet
  facet normal -0.991412 -0.130772 0
    outer loop
      vertex 7.20567 -11.8307 5
      vertex 7.20844 -11.8517 -5
      vertex 7.20844 -11.8517 5
    endloop
  endfacet
  facet normal 0.879276 -0.476313 0
    outer loop
      vertex 4.92689 -11.4289 5
      vertex 4.93702 -11.4102 -5
      vertex 4.93702 -11.4102 5
    endloop
  endfacet
  facet normal 0.879276 -0.476313 0
    outer loop
      vertex 4.93702 -11.4102 -5
      vertex 4.92689 -11.4289 5
      vertex 4.92689 -11.4289 -5
    endloop
  endfacet
  facet normal 0.674549 0.73823 -0
    outer loop
      vertex 5.187 -12.904 -5
      vertex 5.17135 -12.8897 5
      vertex 5.187 -12.904 5
    endloop
  endfacet
  facet normal 0.674549 0.73823 0
    outer loop
      vertex 5.17135 -12.8897 5
      vertex 5.187 -12.904 -5
      vertex 5.17135 -12.8897 -5
    endloop
  endfacet
  facet normal 0.99692 0.0784306 0
    outer loop
      vertex 4.78912 -12.106 5
      vertex 4.78746 -12.0849 -5
      vertex 4.78746 -12.0849 5
    endloop
  endfacet
  facet normal 0.99692 0.0784306 0
    outer loop
      vertex 4.78746 -12.0849 -5
      vertex 4.78912 -12.106 5
      vertex 4.78912 -12.106 -5
    endloop
  endfacet
  facet normal 0.999667 -0.025813 0
    outer loop
      vertex 4.78468 -11.9788 5
      vertex 4.78523 -11.9575 -5
      vertex 4.78523 -11.9575 5
    endloop
  endfacet
  facet normal 0.999667 -0.025813 0
    outer loop
      vertex 4.78523 -11.9575 -5
      vertex 4.78468 -11.9788 5
      vertex 4.78468 -11.9788 -5
    endloop
  endfacet
  facet normal -0.301357 -0.953511 0
    outer loop
      vertex 6.35667 -10.8366 -5
      vertex 6.37692 -10.843 5
      vertex 6.35667 -10.8366 5
    endloop
  endfacet
  facet normal -0.301357 -0.953511 -0
    outer loop
      vertex 6.37692 -10.843 5
      vertex 6.35667 -10.8366 -5
      vertex 6.37692 -10.843 -5
    endloop
  endfacet
  facet normal -0.0470731 0.998891 0
    outer loop
      vertex 6.06467 -13.2148 -5
      vertex 6.04345 -13.2158 5
      vertex 6.06467 -13.2148 5
    endloop
  endfacet
  facet normal -0.0470731 0.998891 0
    outer loop
      vertex 6.04345 -13.2158 5
      vertex 6.06467 -13.2148 -5
      vertex 6.04345 -13.2158 -5
    endloop
  endfacet
  facet normal 0.414513 -0.910044 0
    outer loop
      vertex 5.48688 -10.8975 -5
      vertex 5.5062 -10.8887 5
      vertex 5.48688 -10.8975 5
    endloop
  endfacet
  facet normal 0.414513 -0.910044 0
    outer loop
      vertex 5.5062 -10.8887 5
      vertex 5.48688 -10.8975 -5
      vertex 5.5062 -10.8887 -5
    endloop
  endfacet
  facet normal 0.0612346 -0.998123 0
    outer loop
      vertex 5.91614 -10.7865 -5
      vertex 5.93733 -10.7852 5
      vertex 5.91614 -10.7865 5
    endloop
  endfacet
  facet normal 0.0612346 -0.998123 0
    outer loop
      vertex 5.93733 -10.7852 5
      vertex 5.91614 -10.7865 -5
      vertex 5.93733 -10.7852 -5
    endloop
  endfacet
  facet normal 0.917212 -0.398399 0
    outer loop
      vertex 4.8812 -11.5247 5
      vertex 4.88967 -11.5052 -5
      vertex 4.88967 -11.5052 5
    endloop
  endfacet
  facet normal 0.917212 -0.398399 0
    outer loop
      vertex 4.88967 -11.5052 -5
      vertex 4.8812 -11.5247 5
      vertex 4.8812 -11.5247 -5
    endloop
  endfacet
  facet normal 0.268372 0.963315 -0
    outer loop
      vertex 5.68615 -13.1751 -5
      vertex 5.66569 -13.1694 5
      vertex 5.68615 -13.1751 5
    endloop
  endfacet
  facet normal 0.268372 0.963315 0
    outer loop
      vertex 5.66569 -13.1694 5
      vertex 5.68615 -13.1751 -5
      vertex 5.66569 -13.1694 -5
    endloop
  endfacet
  facet normal 0.976506 -0.215489 0
    outer loop
      vertex 4.81108 -11.7471 5
      vertex 4.81567 -11.7263 -5
      vertex 4.81567 -11.7263 5
    endloop
  endfacet
  facet normal 0.976506 -0.215489 0
    outer loop
      vertex 4.81567 -11.7263 -5
      vertex 4.81108 -11.7471 5
      vertex 4.81108 -11.7471 -5
    endloop
  endfacet
  facet normal -0.902913 -0.429824 0
    outer loop
      vertex 7.10353 -11.4859 -5
      vertex 7.09439 -11.4667 5
      vertex 7.09439 -11.4667 -5
    endloop
  endfacet
  facet normal -0.902913 -0.429824 0
    outer loop
      vertex 7.09439 -11.4667 5
      vertex 7.10353 -11.4859 -5
      vertex 7.10353 -11.4859 5
    endloop
  endfacet
  facet normal -0.400103 -0.91647 0
    outer loop
      vertex 6.47633 -10.8802 -5
      vertex 6.4958 -10.8887 5
      vertex 6.47633 -10.8802 5
    endloop
  endfacet
  facet normal -0.400103 -0.91647 -0
    outer loop
      vertex 6.4958 -10.8887 5
      vertex 6.47633 -10.8802 -5
      vertex 6.4958 -10.8887 -5
    endloop
  endfacet
  facet normal -0.268372 0.963315 0
    outer loop
      vertex 6.33631 -13.1694 -5
      vertex 6.31585 -13.1751 5
      vertex 6.33631 -13.1694 5
    endloop
  endfacet
  facet normal -0.268372 0.963315 0
    outer loop
      vertex 6.31585 -13.1751 5
      vertex 6.33631 -13.1694 -5
      vertex 6.31585 -13.1751 -5
    endloop
  endfacet
  facet normal 0.989005 -0.14788 0
    outer loop
      vertex 4.79633 -11.8307 5
      vertex 4.79947 -11.8097 -5
      vertex 4.79947 -11.8097 5
    endloop
  endfacet
  facet normal 0.989005 -0.14788 0
    outer loop
      vertex 4.79947 -11.8097 -5
      vertex 4.79633 -11.8307 5
      vertex 4.79633 -11.8307 -5
    endloop
  endfacet
  facet normal 0.772066 -0.635542 0
    outer loop
      vertex 5.0556 -11.2344 5
      vertex 5.0691 -11.218 -5
      vertex 5.0691 -11.218 5
    endloop
  endfacet
  facet normal 0.772066 -0.635542 0
    outer loop
      vertex 5.0691 -11.218 -5
      vertex 5.0556 -11.2344 5
      vertex 5.0556 -11.2344 -5
    endloop
  endfacet
  facet normal 0.979849 0.199738 0
    outer loop
      vertex 4.81108 -12.2529 5
      vertex 4.80684 -12.2321 -5
      vertex 4.80684 -12.2321 5
    endloop
  endfacet
  facet normal 0.979849 0.199738 0
    outer loop
      vertex 4.80684 -12.2321 -5
      vertex 4.81108 -12.2529 5
      vertex 4.81108 -12.2529 -5
    endloop
  endfacet
  facet normal 0.319895 0.947453 -0
    outer loop
      vertex 5.62508 -13.157 -5
      vertex 5.60494 -13.1502 5
      vertex 5.62508 -13.157 5
    endloop
  endfacet
  facet normal 0.319895 0.947453 0
    outer loop
      vertex 5.60494 -13.1502 5
      vertex 5.62508 -13.157 -5
      vertex 5.60494 -13.1502 -5
    endloop
  endfacet
  facet normal 0.649628 0.760253 -0
    outer loop
      vertex 5.21905 -12.9319 -5
      vertex 5.2029 -12.9181 5
      vertex 5.21905 -12.9319 5
    endloop
  endfacet
  facet normal 0.649628 0.760253 0
    outer loop
      vertex 5.2029 -12.9181 5
      vertex 5.21905 -12.9319 -5
      vertex 5.2029 -12.9181 -5
    endloop
  endfacet
  facet normal -0.812743 0.582623 0
    outer loop
      vertex 6.98517 -12.715 -5
      vertex 6.9975 -12.6978 5
      vertex 6.9975 -12.6978 -5
    endloop
  endfacet
  facet normal -0.812743 0.582623 0
    outer loop
      vertex 6.9975 -12.6978 5
      vertex 6.98517 -12.715 -5
      vertex 6.98517 -12.715 5
    endloop
  endfacet
  facet normal 0.249736 -0.968314 0
    outer loop
      vertex 5.68615 -10.8249 -5
      vertex 5.7067 -10.8196 5
      vertex 5.68615 -10.8249 5
    endloop
  endfacet
  facet normal 0.249736 -0.968314 0
    outer loop
      vertex 5.7067 -10.8196 5
      vertex 5.68615 -10.8249 -5
      vertex 5.7067 -10.8196 -5
    endloop
  endfacet
  facet normal 0.0612346 0.998123 -0
    outer loop
      vertex 5.93733 -13.2148 -5
      vertex 5.91614 -13.2135 5
      vertex 5.93733 -13.2148 5
    endloop
  endfacet
  facet normal 0.0612346 0.998123 0
    outer loop
      vertex 5.91614 -13.2135 5
      vertex 5.93733 -13.2148 -5
      vertex 5.91614 -13.2135 -5
    endloop
  endfacet
  facet normal 0.202357 -0.979312 0
    outer loop
      vertex 5.74807 -10.8101 -5
      vertex 5.76888 -10.8058 5
      vertex 5.74807 -10.8101 5
    endloop
  endfacet
  facet normal 0.202357 -0.979312 0
    outer loop
      vertex 5.76888 -10.8058 5
      vertex 5.74807 -10.8101 -5
      vertex 5.76888 -10.8058 -5
    endloop
  endfacet
  facet normal -0.0612346 0.998123 0
    outer loop
      vertex 6.08586 -13.2135 -5
      vertex 6.06467 -13.2148 5
      vertex 6.08586 -13.2135 5
    endloop
  endfacet
  facet normal -0.0612346 0.998123 0
    outer loop
      vertex 6.06467 -13.2148 5
      vertex 6.08586 -13.2135 -5
      vertex 6.06467 -13.2148 -5
    endloop
  endfacet
  facet normal 0.551433 -0.834219 0
    outer loop
      vertex 5.32074 -10.9915 -5
      vertex 5.33844 -10.9798 5
      vertex 5.32074 -10.9915 5
    endloop
  endfacet
  facet normal 0.551433 -0.834219 0
    outer loop
      vertex 5.33844 -10.9798 5
      vertex 5.32074 -10.9915 -5
      vertex 5.33844 -10.9798 -5
    endloop
  endfacet
  facet normal -0.794438 -0.607345 0
    outer loop
      vertex 6.97254 -11.2679 -5
      vertex 6.95962 -11.251 5
      vertex 6.95962 -11.251 -5
    endloop
  endfacet
  facet normal -0.794438 -0.607345 0
    outer loop
      vertex 6.95962 -11.251 5
      vertex 6.97254 -11.2679 -5
      vertex 6.97254 -11.2679 5
    endloop
  endfacet
  facet normal 0.870694 0.491825 0
    outer loop
      vertex 4.94747 -12.6083 5
      vertex 4.93702 -12.5898 -5
      vertex 4.93702 -12.5898 5
    endloop
  endfacet
  facet normal 0.870694 0.491825 0
    outer loop
      vertex 4.93702 -12.5898 -5
      vertex 4.94747 -12.6083 5
      vertex 4.94747 -12.6083 -5
    endloop
  endfacet
  facet normal -0.942528 -0.334126 0
    outer loop
      vertex 7.15123 -11.6039 -5
      vertex 7.14414 -11.5839 5
      vertex 7.14414 -11.5839 -5
    endloop
  endfacet
  facet normal -0.942528 -0.334126 0
    outer loop
      vertex 7.14414 -11.5839 5
      vertex 7.15123 -11.6039 -5
      vertex 7.15123 -11.6039 5
    endloop
  endfacet
  facet normal -0.917212 0.398399 0
    outer loop
      vertex 7.11233 -12.4948 -5
      vertex 7.1208 -12.4753 5
      vertex 7.1208 -12.4753 -5
    endloop
  endfacet
  facet normal -0.917212 0.398399 0
    outer loop
      vertex 7.1208 -12.4753 5
      vertex 7.11233 -12.4948 -5
      vertex 7.11233 -12.4948 5
    endloop
  endfacet
  facet normal 0.999039 0.0438258 0
    outer loop
      vertex 4.78616 -12.0637 5
      vertex 4.78523 -12.0425 -5
      vertex 4.78523 -12.0425 5
    endloop
  endfacet
  facet normal 0.999039 0.0438258 0
    outer loop
      vertex 4.78523 -12.0425 -5
      vertex 4.78616 -12.0637 5
      vertex 4.78616 -12.0637 -5
    endloop
  endfacet
  facet normal 0.99692 -0.0784306 0
    outer loop
      vertex 4.78746 -11.9151 5
      vertex 4.78912 -11.894 -5
      vertex 4.78912 -11.894 5
    endloop
  endfacet
  facet normal 0.99692 -0.0784306 0
    outer loop
      vertex 4.78912 -11.894 -5
      vertex 4.78746 -11.9151 5
      vertex 4.78746 -11.9151 -5
    endloop
  endfacet
  facet normal 0.999667 0.025813 0
    outer loop
      vertex 4.78523 -12.0425 5
      vertex 4.78468 -12.0212 -5
      vertex 4.78468 -12.0212 5
    endloop
  endfacet
  facet normal 0.999667 0.025813 0
    outer loop
      vertex 4.78468 -12.0212 -5
      vertex 4.78523 -12.0425 5
      vertex 4.78523 -12.0425 -5
    endloop
  endfacet
  facet normal 0.113068 -0.993587 0
    outer loop
      vertex 5.85275 -10.7926 -5
      vertex 5.87384 -10.7902 5
      vertex 5.85275 -10.7926 5
    endloop
  endfacet
  facet normal 0.113068 -0.993587 0
    outer loop
      vertex 5.87384 -10.7902 5
      vertex 5.85275 -10.7926 -5
      vertex 5.87384 -10.7902 -5
    endloop
  endfacet
  facet normal -0.995402 -0.095784 0
    outer loop
      vertex 7.21288 -11.894 -5
      vertex 7.21084 -11.8728 5
      vertex 7.21084 -11.8728 -5
    endloop
  endfacet
  facet normal -0.995402 -0.095784 0
    outer loop
      vertex 7.21084 -11.8728 5
      vertex 7.21288 -11.894 -5
      vertex 7.21288 -11.894 5
    endloop
  endfacet
  facet normal -0.0612346 -0.998123 0
    outer loop
      vertex 6.06467 -10.7852 -5
      vertex 6.08586 -10.7865 5
      vertex 6.06467 -10.7852 5
    endloop
  endfacet
  facet normal -0.0612346 -0.998123 -0
    outer loop
      vertex 6.08586 -10.7865 5
      vertex 6.06467 -10.7852 -5
      vertex 6.08586 -10.7865 -5
    endloop
  endfacet
  facet normal 0.367327 -0.930092 0
    outer loop
      vertex 5.54529 -10.8721 -5
      vertex 5.56504 -10.8643 5
      vertex 5.54529 -10.8721 5
    endloop
  endfacet
  facet normal 0.367327 -0.930092 0
    outer loop
      vertex 5.56504 -10.8643 5
      vertex 5.54529 -10.8721 -5
      vertex 5.56504 -10.8643 -5
    endloop
  endfacet
  facet normal 0.282676 -0.959215 0
    outer loop
      vertex 5.64533 -10.8366 -5
      vertex 5.66569 -10.8306 5
      vertex 5.64533 -10.8366 5
    endloop
  endfacet
  facet normal 0.282676 -0.959215 0
    outer loop
      vertex 5.66569 -10.8306 5
      vertex 5.64533 -10.8366 -5
      vertex 5.66569 -10.8306 -5
    endloop
  endfacet
  facet normal -0.429018 0.903296 0
    outer loop
      vertex 6.53428 -13.0934 -5
      vertex 6.51512 -13.1025 5
      vertex 6.53428 -13.0934 5
    endloop
  endfacet
  facet normal -0.429018 0.903296 0
    outer loop
      vertex 6.51512 -13.1025 5
      vertex 6.53428 -13.0934 -5
      vertex 6.51512 -13.1025 -5
    endloop
  endfacet
  facet normal 0.812743 0.582623 0
    outer loop
      vertex 5.01683 -12.715 5
      vertex 5.0045 -12.6978 -5
      vertex 5.0045 -12.6978 5
    endloop
  endfacet
  facet normal 0.812743 0.582623 0
    outer loop
      vertex 5.0045 -12.6978 -5
      vertex 5.01683 -12.715 5
      vertex 5.01683 -12.715 -5
    endloop
  endfacet
  facet normal -0.0753991 0.997153 0
    outer loop
      vertex 6.10702 -13.2119 -5
      vertex 6.08586 -13.2135 5
      vertex 6.10702 -13.2119 5
    endloop
  endfacet
  facet normal -0.0753991 0.997153 0
    outer loop
      vertex 6.08586 -13.2135 5
      vertex 6.10702 -13.2119 -5
      vertex 6.08586 -13.2135 -5
    endloop
  endfacet
  facet normal 0.164857 -0.986317 0
    outer loop
      vertex 5.78976 -10.802 -5
      vertex 5.8107 -10.7985 5
      vertex 5.78976 -10.802 5
    endloop
  endfacet
  facet normal 0.164857 -0.986317 0
    outer loop
      vertex 5.8107 -10.7985 5
      vertex 5.78976 -10.802 -5
      vertex 5.8107 -10.7985 -5
    endloop
  endfacet
  facet normal -0.986189 0.165623 0
    outer loop
      vertex 7.19902 -12.2112 -5
      vertex 7.20253 -12.1903 5
      vertex 7.20253 -12.1903 -5
    endloop
  endfacet
  facet normal -0.986189 0.165623 0
    outer loop
      vertex 7.20253 -12.1903 5
      vertex 7.19902 -12.2112 -5
      vertex 7.19902 -12.2112 5
    endloop
  endfacet
  facet normal 0.983369 -0.181617 0
    outer loop
      vertex 4.80298 -11.7888 5
      vertex 4.80684 -11.7679 -5
      vertex 4.80684 -11.7679 5
    endloop
  endfacet
  facet normal 0.983369 -0.181617 0
    outer loop
      vertex 4.80684 -11.7679 -5
      vertex 4.80298 -11.7888 5
      vertex 4.80298 -11.7888 -5
    endloop
  endfacet
  facet normal -0.738363 0.674403 0
    outer loop
      vertex 6.8907 -12.8297 -5
      vertex 6.90504 -12.814 5
      vertex 6.90504 -12.814 -5
    endloop
  endfacet
  facet normal -0.738363 0.674403 0
    outer loop
      vertex 6.90504 -12.814 5
      vertex 6.8907 -12.8297 -5
      vertex 6.8907 -12.8297 5
    endloop
  endfacet
  facet normal 0.400103 -0.91647 0
    outer loop
      vertex 5.5062 -10.8887 -5
      vertex 5.52567 -10.8802 5
      vertex 5.5062 -10.8887 5
    endloop
  endfacet
  facet normal 0.400103 -0.91647 0
    outer loop
      vertex 5.52567 -10.8802 5
      vertex 5.5062 -10.8887 -5
      vertex 5.52567 -10.8802 -5
    endloop
  endfacet
  facet normal 0.852676 -0.522441 0
    outer loop
      vertex 4.95825 -11.3735 5
      vertex 4.96934 -11.3554 -5
      vertex 4.96934 -11.3554 5
    endloop
  endfacet
  facet normal 0.852676 -0.522441 0
    outer loop
      vertex 4.96934 -11.3554 -5
      vertex 4.95825 -11.3735 5
      vertex 4.95825 -11.3735 -5
    endloop
  endfacet
  facet normal -0.663487 0.748188 0
    outer loop
      vertex 6.815 -12.904 -5
      vertex 6.7991 -12.9181 5
      vertex 6.815 -12.904 5
    endloop
  endfacet
  facet normal -0.663487 0.748188 0
    outer loop
      vertex 6.7991 -12.9181 5
      vertex 6.815 -12.904 -5
      vertex 6.7991 -12.9181 -5
    endloop
  endfacet
  facet normal -0.367327 0.930092 0
    outer loop
      vertex 6.45671 -13.1279 -5
      vertex 6.43696 -13.1357 5
      vertex 6.45671 -13.1279 5
    endloop
  endfacet
  facet normal -0.367327 0.930092 0
    outer loop
      vertex 6.43696 -13.1357 5
      vertex 6.45671 -13.1279 -5
      vertex 6.43696 -13.1357 -5
    endloop
  endfacet
  facet normal -0.958983 -0.283464 0
    outer loop
      vertex 7.17038 -11.6647 -5
      vertex 7.16435 -11.6443 5
      vertex 7.16435 -11.6443 -5
    endloop
  endfacet
  facet normal -0.958983 -0.283464 0
    outer loop
      vertex 7.16435 -11.6443 5
      vertex 7.17038 -11.6647 -5
      vertex 7.17038 -11.6647 5
    endloop
  endfacet
  facet normal -0.979849 -0.199738 0
    outer loop
      vertex 7.19516 -11.7679 -5
      vertex 7.19092 -11.7471 5
      vertex 7.19092 -11.7471 -5
    endloop
  endfacet
  facet normal -0.979849 -0.199738 0
    outer loop
      vertex 7.19092 -11.7471 5
      vertex 7.19516 -11.7679 -5
      vertex 7.19516 -11.7679 5
    endloop
  endfacet
  facet normal -0.902913 0.429824 0
    outer loop
      vertex 7.09439 -12.5333 -5
      vertex 7.10353 -12.5141 5
      vertex 7.10353 -12.5141 -5
    endloop
  endfacet
  facet normal -0.902913 0.429824 0
    outer loop
      vertex 7.10353 -12.5141 5
      vertex 7.09439 -12.5333 -5
      vertex 7.09439 -12.5333 5
    endloop
  endfacet
  facet normal 0.216731 -0.976231 0
    outer loop
      vertex 5.72735 -10.8147 -5
      vertex 5.74807 -10.8101 5
      vertex 5.72735 -10.8147 5
    endloop
  endfacet
  facet normal 0.216731 -0.976231 0
    outer loop
      vertex 5.74807 -10.8101 5
      vertex 5.72735 -10.8147 -5
      vertex 5.74807 -10.8101 -5
    endloop
  endfacet
  facet normal -0.993593 -0.113015 0
    outer loop
      vertex 7.21084 -11.8728 -5
      vertex 7.20844 -11.8517 5
      vertex 7.20844 -11.8517 -5
    endloop
  endfacet
  facet normal -0.993593 -0.113015 0
    outer loop
      vertex 7.20844 -11.8517 5
      vertex 7.21084 -11.8728 -5
      vertex 7.21084 -11.8728 5
    endloop
  endfacet
  facet normal 0.824069 0.566489 0
    outer loop
      vertex 5.0045 -12.6978 5
      vertex 4.99247 -12.6803 -5
      vertex 4.99247 -12.6803 5
    endloop
  endfacet
  facet normal 0.824069 0.566489 0
    outer loop
      vertex 4.99247 -12.6803 -5
      vertex 5.0045 -12.6978 5
      vertex 5.0045 -12.6978 -5
    endloop
  endfacet
  facet normal -0.0753991 -0.997153 0
    outer loop
      vertex 6.08586 -10.7865 -5
      vertex 6.10702 -10.7881 5
      vertex 6.08586 -10.7865 5
    endloop
  endfacet
  facet normal -0.0753991 -0.997153 -0
    outer loop
      vertex 6.10702 -10.7881 5
      vertex 6.08586 -10.7865 -5
      vertex 6.10702 -10.7881 -5
    endloop
  endfacet
  facet normal -0.565528 0.824729 0
    outer loop
      vertex 6.69876 -12.9965 -5
      vertex 6.68126 -13.0085 5
      vertex 6.69876 -12.9965 5
    endloop
  endfacet
  facet normal -0.565528 0.824729 0
    outer loop
      vertex 6.68126 -13.0085 5
      vertex 6.69876 -12.9965 -5
      vertex 6.68126 -13.0085 -5
    endloop
  endfacet
  facet normal 0.687771 0.725928 -0
    outer loop
      vertex 5.17135 -12.8897 -5
      vertex 5.15594 -12.8751 5
      vertex 5.17135 -12.8897 5
    endloop
  endfacet
  facet normal 0.687771 0.725928 0
    outer loop
      vertex 5.15594 -12.8751 5
      vertex 5.17135 -12.8897 -5
      vertex 5.15594 -12.8751 -5
    endloop
  endfacet
  facet normal -0.649628 -0.760253 0
    outer loop
      vertex 6.78295 -11.0681 -5
      vertex 6.7991 -11.0819 5
      vertex 6.78295 -11.0681 5
    endloop
  endfacet
  facet normal -0.649628 -0.760253 -0
    outer loop
      vertex 6.7991 -11.0819 5
      vertex 6.78295 -11.0681 -5
      vertex 6.7991 -11.0819 -5
    endloop
  endfacet
  facet normal 0.649628 -0.760253 0
    outer loop
      vertex 5.2029 -11.0819 -5
      vertex 5.21905 -11.0681 5
      vertex 5.2029 -11.0819 5
    endloop
  endfacet
  facet normal 0.649628 -0.760253 0
    outer loop
      vertex 5.21905 -11.0681 5
      vertex 5.2029 -11.0819 -5
      vertex 5.21905 -11.0681 -5
    endloop
  endfacet
  facet normal -0.447214 0.894427 0
    outer loop
      vertex 6.55328 -13.0839 -5
      vertex 6.53428 -13.0934 5
      vertex 6.55328 -13.0839 5
    endloop
  endfacet
  facet normal -0.447214 0.894427 0
    outer loop
      vertex 6.53428 -13.0934 5
      vertex 6.55328 -13.0839 -5
      vertex 6.53428 -13.0934 -5
    endloop
  endfacet
  facet normal -0.334396 0.942433 0
    outer loop
      vertex 6.41707 -13.1431 -5
      vertex 6.39706 -13.1502 5
      vertex 6.41707 -13.1431 5
    endloop
  endfacet
  facet normal -0.334396 0.942433 0
    outer loop
      vertex 6.39706 -13.1502 5
      vertex 6.41707 -13.1431 -5
      vertex 6.39706 -13.1502 -5
    endloop
  endfacet
  facet normal -0.948589 0.31651 0
    outer loop
      vertex 7.15123 -12.3961 -5
      vertex 7.15797 -12.3759 5
      vertex 7.15797 -12.3759 -5
    endloop
  endfacet
  facet normal -0.948589 0.31651 0
    outer loop
      vertex 7.15797 -12.3759 5
      vertex 7.15123 -12.3961 -5
      vertex 7.15123 -12.3961 5
    endloop
  endfacet
  facet normal -0.622163 0.782888 0
    outer loop
      vertex 6.76657 -12.9454 -5
      vertex 6.74996 -12.9586 5
      vertex 6.76657 -12.9454 5
    endloop
  endfacet
  facet normal -0.622163 0.782888 0
    outer loop
      vertex 6.74996 -12.9586 5
      vertex 6.76657 -12.9454 -5
      vertex 6.74996 -12.9586 -5
    endloop
  endfacet
  facet normal 0.948589 -0.31651 0
    outer loop
      vertex 4.84403 -11.6241 5
      vertex 4.85077 -11.6039 -5
      vertex 4.85077 -11.6039 5
    endloop
  endfacet
  facet normal 0.948589 -0.31651 0
    outer loop
      vertex 4.85077 -11.6039 -5
      vertex 4.84403 -11.6241 5
      vertex 4.84403 -11.6241 -5
    endloop
  endfacet
  facet normal 0.923856 0.38274 0
    outer loop
      vertex 4.8812 -12.4753 5
      vertex 4.87308 -12.4557 -5
      vertex 4.87308 -12.4557 5
    endloop
  endfacet
  facet normal 0.923856 0.38274 0
    outer loop
      vertex 4.87308 -12.4557 -5
      vertex 4.8812 -12.4753 5
      vertex 4.8812 -12.4753 -5
    endloop
  endfacet
  facet normal 0.0988512 0.995102 -0
    outer loop
      vertex 5.89498 -13.2119 -5
      vertex 5.87384 -13.2098 5
      vertex 5.89498 -13.2119 5
    endloop
  endfacet
  facet normal 0.0988512 0.995102 0
    outer loop
      vertex 5.87384 -13.2098 5
      vertex 5.89498 -13.2119 -5
      vertex 5.87384 -13.2098 -5
    endloop
  endfacet
  facet normal -0.494009 -0.869457 0
    outer loop
      vertex 6.59077 -10.936 -5
      vertex 6.60925 -10.9465 5
      vertex 6.59077 -10.936 5
    endloop
  endfacet
  facet normal -0.494009 -0.869457 -0
    outer loop
      vertex 6.60925 -10.9465 5
      vertex 6.59077 -10.936 -5
      vertex 6.60925 -10.9465 -5
    endloop
  endfacet
  facet normal -0.923856 0.38274 0
    outer loop
      vertex 7.1208 -12.4753 -5
      vertex 7.12892 -12.4557 5
      vertex 7.12892 -12.4557 -5
    endloop
  endfacet
  facet normal -0.923856 0.38274 0
    outer loop
      vertex 7.12892 -12.4557 5
      vertex 7.1208 -12.4753 -5
      vertex 7.1208 -12.4753 5
    endloop
  endfacet
  facet normal -0.894804 -0.44646 0
    outer loop
      vertex 7.09439 -11.4667 -5
      vertex 7.08491 -11.4477 5
      vertex 7.08491 -11.4477 -5
    endloop
  endfacet
  facet normal -0.894804 -0.44646 0
    outer loop
      vertex 7.08491 -11.4477 5
      vertex 7.09439 -11.4667 -5
      vertex 7.09439 -11.4667 5
    endloop
  endfacet
  facet normal -0.712277 0.701899 0
    outer loop
      vertex 6.8612 -12.8602 -5
      vertex 6.87608 -12.8451 5
      vertex 6.87608 -12.8451 -5
    endloop
  endfacet
  facet normal -0.712277 0.701899 0
    outer loop
      vertex 6.87608 -12.8451 5
      vertex 6.8612 -12.8602 -5
      vertex 6.8612 -12.8602 5
    endloop
  endfacet
  facet normal -0.400103 0.91647 0
    outer loop
      vertex 6.4958 -13.1113 -5
      vertex 6.47633 -13.1198 5
      vertex 6.4958 -13.1113 5
    endloop
  endfacet
  facet normal -0.400103 0.91647 0
    outer loop
      vertex 6.47633 -13.1198 5
      vertex 6.4958 -13.1113 -5
      vertex 6.47633 -13.1198 -5
    endloop
  endfacet
  facet normal 0.75949 0.650519 0
    outer loop
      vertex 5.08289 -12.7981 5
      vertex 5.0691 -12.782 -5
      vertex 5.0691 -12.782 5
    endloop
  endfacet
  facet normal 0.75949 0.650519 0
    outer loop
      vertex 5.0691 -12.782 -5
      vertex 5.08289 -12.7981 5
      vertex 5.08289 -12.7981 -5
    endloop
  endfacet
  facet normal 0.701435 -0.712733 0
    outer loop
      vertex 5.1408 -11.1398 -5
      vertex 5.15594 -11.1249 5
      vertex 5.1408 -11.1398 5
    endloop
  endfacet
  facet normal 0.701435 -0.712733 0
    outer loop
      vertex 5.15594 -11.1249 5
      vertex 5.1408 -11.1398 -5
      vertex 5.15594 -11.1249 -5
    endloop
  endfacet
  facet normal 0.870694 -0.491825 0
    outer loop
      vertex 4.93702 -11.4102 5
      vertex 4.94747 -11.3917 -5
      vertex 4.94747 -11.3917 5
    endloop
  endfacet
  facet normal 0.870694 -0.491825 0
    outer loop
      vertex 4.94747 -11.3917 -5
      vertex 4.93702 -11.4102 5
      vertex 4.93702 -11.4102 -5
    endloop
  endfacet
  facet normal 0.579899 -0.814688 0
    outer loop
      vertex 5.28596 -11.0158 -5
      vertex 5.30324 -11.0035 5
      vertex 5.28596 -11.0158 5
    endloop
  endfacet
  facet normal 0.579899 -0.814688 0
    outer loop
      vertex 5.30324 -11.0035 5
      vertex 5.28596 -11.0158 -5
      vertex 5.30324 -11.0035 -5
    endloop
  endfacet
  facet normal -0.976506 0.215489 0
    outer loop
      vertex 7.18633 -12.2737 -5
      vertex 7.19092 -12.2529 5
      vertex 7.19092 -12.2529 -5
    endloop
  endfacet
  facet normal -0.976506 0.215489 0
    outer loop
      vertex 7.19092 -12.2529 5
      vertex 7.18633 -12.2737 -5
      vertex 7.18633 -12.2737 5
    endloop
  endfacet
  facet normal 0.993593 -0.113015 0
    outer loop
      vertex 4.79116 -11.8728 5
      vertex 4.79356 -11.8517 -5
      vertex 4.79356 -11.8517 5
    endloop
  endfacet
  facet normal 0.993593 -0.113015 0
    outer loop
      vertex 4.79356 -11.8517 -5
      vertex 4.79116 -11.8728 5
      vertex 4.79116 -11.8728 -5
    endloop
  endfacet
  facet normal 0.979849 -0.199738 0
    outer loop
      vertex 4.80684 -11.7679 5
      vertex 4.81108 -11.7471 -5
      vertex 4.81108 -11.7471 5
    endloop
  endfacet
  facet normal 0.979849 -0.199738 0
    outer loop
      vertex 4.81108 -11.7471 -5
      vertex 4.80684 -11.7679 5
      vertex 4.80684 -11.7679 -5
    endloop
  endfacet
  facet normal -0.833786 -0.552088 0
    outer loop
      vertex 7.02125 -11.3374 -5
      vertex 7.00953 -11.3197 5
      vertex 7.00953 -11.3197 -5
    endloop
  endfacet
  facet normal -0.833786 -0.552088 0
    outer loop
      vertex 7.00953 -11.3197 5
      vertex 7.02125 -11.3374 -5
      vertex 7.02125 -11.3374 5
    endloop
  endfacet
  facet normal -0.687771 -0.725928 0
    outer loop
      vertex 6.83065 -11.1103 -5
      vertex 6.84606 -11.1249 5
      vertex 6.83065 -11.1103 5
    endloop
  endfacet
  facet normal -0.687771 -0.725928 -0
    outer loop
      vertex 6.84606 -11.1249 5
      vertex 6.83065 -11.1103 -5
      vertex 6.84606 -11.1249 -5
    endloop
  endfacet
  facet normal -0.989005 -0.14788 0
    outer loop
      vertex 7.20567 -11.8307 -5
      vertex 7.20253 -11.8097 5
      vertex 7.20253 -11.8097 -5
    endloop
  endfacet
  facet normal -0.989005 -0.14788 0
    outer loop
      vertex 7.20253 -11.8097 5
      vertex 7.20567 -11.8307 -5
      vertex 7.20567 -11.8307 5
    endloop
  endfacet
  facet normal -0.381603 0.924326 0
    outer loop
      vertex 6.47633 -13.1198 -5
      vertex 6.45671 -13.1279 5
      vertex 6.47633 -13.1198 5
    endloop
  endfacet
  facet normal -0.381603 0.924326 0
    outer loop
      vertex 6.45671 -13.1279 5
      vertex 6.47633 -13.1198 -5
      vertex 6.45671 -13.1279 -5
    endloop
  endfacet
  facet normal -0.953568 0.301177 0
    outer loop
      vertex 7.15797 -12.3759 -5
      vertex 7.16435 -12.3557 5
      vertex 7.16435 -12.3557 -5
    endloop
  endfacet
  facet normal -0.953568 0.301177 0
    outer loop
      vertex 7.16435 -12.3557 5
      vertex 7.15797 -12.3759 -5
      vertex 7.15797 -12.3759 5
    endloop
  endfacet
  facet normal 0.663487 -0.748188 0
    outer loop
      vertex 5.187 -11.096 -5
      vertex 5.2029 -11.0819 5
      vertex 5.187 -11.096 5
    endloop
  endfacet
  facet normal 0.663487 -0.748188 0
    outer loop
      vertex 5.2029 -11.0819 5
      vertex 5.187 -11.096 -5
      vertex 5.2029 -11.0819 -5
    endloop
  endfacet
  facet normal -0.99692 -0.0784306 0
    outer loop
      vertex 7.21454 -11.9151 -5
      vertex 7.21288 -11.894 5
      vertex 7.21288 -11.894 -5
    endloop
  endfacet
  facet normal -0.99692 -0.0784306 0
    outer loop
      vertex 7.21288 -11.894 5
      vertex 7.21454 -11.9151 -5
      vertex 7.21454 -11.9151 5
    endloop
  endfacet
  facet normal -0.0235561 0.999723 0
    outer loop
      vertex 6.04345 -13.2158 -5
      vertex 6.02223 -13.2163 5
      vertex 6.04345 -13.2158 5
    endloop
  endfacet
  facet normal -0.0235561 0.999723 0
    outer loop
      vertex 6.02223 -13.2163 5
      vertex 6.04345 -13.2158 -5
      vertex 6.02223 -13.2163 -5
    endloop
  endfacet
  facet normal -0.748889 0.662696 0
    outer loop
      vertex 6.90504 -12.814 -5
      vertex 6.91911 -12.7981 5
      vertex 6.91911 -12.7981 -5
    endloop
  endfacet
  facet normal -0.748889 0.662696 0
    outer loop
      vertex 6.91911 -12.7981 5
      vertex 6.90504 -12.814 -5
      vertex 6.90504 -12.814 5
    endloop
  endfacet
  facet normal 0.712277 0.701899 0
    outer loop
      vertex 5.1408 -12.8602 5
      vertex 5.12592 -12.8451 -5
      vertex 5.12592 -12.8451 5
    endloop
  endfacet
  facet normal 0.712277 0.701899 0
    outer loop
      vertex 5.12592 -12.8451 -5
      vertex 5.1408 -12.8602 5
      vertex 5.1408 -12.8602 -5
    endloop
  endfacet
  facet normal 0.429018 -0.903296 0
    outer loop
      vertex 5.46772 -10.9066 -5
      vertex 5.48688 -10.8975 5
      vertex 5.46772 -10.9066 5
    endloop
  endfacet
  facet normal 0.429018 -0.903296 0
    outer loop
      vertex 5.48688 -10.8975 5
      vertex 5.46772 -10.9066 -5
      vertex 5.48688 -10.8975 -5
    endloop
  endfacet
  facet normal 0.0753991 0.997153 -0
    outer loop
      vertex 5.91614 -13.2135 -5
      vertex 5.89498 -13.2119 5
      vertex 5.91614 -13.2135 5
    endloop
  endfacet
  facet normal 0.0753991 0.997153 0
    outer loop
      vertex 5.89498 -13.2119 5
      vertex 5.91614 -13.2135 -5
      vertex 5.89498 -13.2119 -5
    endloop
  endfacet
  facet normal -0.917212 -0.398399 0
    outer loop
      vertex 7.1208 -11.5247 -5
      vertex 7.11233 -11.5052 5
      vertex 7.11233 -11.5052 -5
    endloop
  endfacet
  facet normal -0.917212 -0.398399 0
    outer loop
      vertex 7.11233 -11.5052 5
      vertex 7.1208 -11.5247 -5
      vertex 7.1208 -11.5247 5
    endloop
  endfacet
  facet normal -0.958983 0.283464 0
    outer loop
      vertex 7.16435 -12.3557 -5
      vertex 7.17038 -12.3353 5
      vertex 7.17038 -12.3353 -5
    endloop
  endfacet
  facet normal -0.958983 0.283464 0
    outer loop
      vertex 7.17038 -12.3353 5
      vertex 7.16435 -12.3557 -5
      vertex 7.16435 -12.3557 5
    endloop
  endfacet
  facet normal 0.179051 -0.98384 0
    outer loop
      vertex 5.76888 -10.8058 -5
      vertex 5.78976 -10.802 5
      vertex 5.76888 -10.8058 5
    endloop
  endfacet
  facet normal 0.179051 -0.98384 0
    outer loop
      vertex 5.78976 -10.802 5
      vertex 5.76888 -10.8058 -5
      vertex 5.78976 -10.802 -5
    endloop
  endfacet
  facet normal -0.701435 0.712733 0
    outer loop
      vertex 6.8612 -12.8602 -5
      vertex 6.84606 -12.8751 5
      vertex 6.8612 -12.8602 5
    endloop
  endfacet
  facet normal -0.701435 0.712733 0
    outer loop
      vertex 6.84606 -12.8751 5
      vertex 6.8612 -12.8602 -5
      vertex 6.84606 -12.8751 -5
    endloop
  endfacet
  facet normal 0.47601 0.87944 -0
    outer loop
      vertex 5.42989 -13.0741 -5
      vertex 5.41123 -13.064 5
      vertex 5.42989 -13.0741 5
    endloop
  endfacet
  facet normal 0.47601 0.87944 0
    outer loop
      vertex 5.41123 -13.064 5
      vertex 5.42989 -13.0741 -5
      vertex 5.41123 -13.064 -5
    endloop
  endfacet
  facet normal -0.414513 -0.910044 0
    outer loop
      vertex 6.4958 -10.8887 -5
      vertex 6.51512 -10.8975 5
      vertex 6.4958 -10.8887 5
    endloop
  endfacet
  facet normal -0.414513 -0.910044 -0
    outer loop
      vertex 6.51512 -10.8975 5
      vertex 6.4958 -10.8887 -5
      vertex 6.51512 -10.8975 -5
    endloop
  endfacet
  facet normal 0.879276 0.476313 0
    outer loop
      vertex 4.93702 -12.5898 5
      vertex 4.92689 -12.5711 -5
      vertex 4.92689 -12.5711 5
    endloop
  endfacet
  facet normal 0.879276 0.476313 0
    outer loop
      vertex 4.92689 -12.5711 -5
      vertex 4.93702 -12.5898 5
      vertex 4.93702 -12.5898 -5
    endloop
  endfacet
  facet normal 0.725235 -0.688502 0
    outer loop
      vertex 5.1113 -11.1703 5
      vertex 5.12592 -11.1549 -5
      vertex 5.12592 -11.1549 5
    endloop
  endfacet
  facet normal 0.725235 -0.688502 0
    outer loop
      vertex 5.12592 -11.1549 -5
      vertex 5.1113 -11.1703 5
      vertex 5.1113 -11.1703 -5
    endloop
  endfacet
  facet normal 0.963477 -0.26779 0
    outer loop
      vertex 4.82595 -11.6851 5
      vertex 4.83162 -11.6647 -5
      vertex 4.83162 -11.6647 5
    endloop
  endfacet
  facet normal 0.963477 -0.26779 0
    outer loop
      vertex 4.83162 -11.6647 -5
      vertex 4.82595 -11.6851 5
      vertex 4.82595 -11.6851 -5
    endloop
  endfacet
  facet normal 0.909881 -0.414868 0
    outer loop
      vertex 4.88967 -11.5052 5
      vertex 4.89847 -11.4859 -5
      vertex 4.89847 -11.4859 5
    endloop
  endfacet
  facet normal 0.909881 -0.414868 0
    outer loop
      vertex 4.89847 -11.4859 -5
      vertex 4.88967 -11.5052 5
      vertex 4.88967 -11.5052 -5
    endloop
  endfacet
  facet normal -0.494009 0.869457 0
    outer loop
      vertex 6.60925 -13.0535 -5
      vertex 6.59077 -13.064 5
      vertex 6.60925 -13.0535 5
    endloop
  endfacet
  facet normal -0.494009 0.869457 0
    outer loop
      vertex 6.59077 -13.064 5
      vertex 6.60925 -13.0535 -5
      vertex 6.59077 -13.064 -5
    endloop
  endfacet
  facet normal -0.334396 -0.942433 0
    outer loop
      vertex 6.39706 -10.8498 -5
      vertex 6.41707 -10.8569 5
      vertex 6.39706 -10.8498 5
    endloop
  endfacet
  facet normal -0.334396 -0.942433 -0
    outer loop
      vertex 6.41707 -10.8569 5
      vertex 6.39706 -10.8498 -5
      vertex 6.41707 -10.8569 -5
    endloop
  endfacet
  facet normal -0.551433 -0.834219 0
    outer loop
      vertex 6.66356 -10.9798 -5
      vertex 6.68126 -10.9915 5
      vertex 6.66356 -10.9798 5
    endloop
  endfacet
  facet normal -0.551433 -0.834219 -0
    outer loop
      vertex 6.68126 -10.9915 5
      vertex 6.66356 -10.9798 -5
      vertex 6.68126 -10.9915 -5
    endloop
  endfacet
  facet normal -0.596912 0.802307 0
    outer loop
      vertex 6.73311 -12.9715 -5
      vertex 6.71604 -12.9842 5
      vertex 6.73311 -12.9715 5
    endloop
  endfacet
  facet normal -0.596912 0.802307 0
    outer loop
      vertex 6.71604 -12.9842 5
      vertex 6.73311 -12.9715 -5
      vertex 6.71604 -12.9842 -5
    endloop
  endfacet
  facet normal -0.993593 0.113015 0
    outer loop
      vertex 7.20844 -12.1483 -5
      vertex 7.21084 -12.1272 5
      vertex 7.21084 -12.1272 -5
    endloop
  endfacet
  facet normal -0.993593 0.113015 0
    outer loop
      vertex 7.21084 -12.1272 5
      vertex 7.20844 -12.1483 -5
      vertex 7.20844 -12.1483 5
    endloop
  endfacet
  facet normal 0.319895 -0.947453 0
    outer loop
      vertex 5.60494 -10.8498 -5
      vertex 5.62508 -10.843 5
      vertex 5.60494 -10.8498 5
    endloop
  endfacet
  facet normal 0.319895 -0.947453 0
    outer loop
      vertex 5.62508 -10.843 5
      vertex 5.60494 -10.8498 -5
      vertex 5.62508 -10.843 -5
    endloop
  endfacet
  facet normal 0.99996 0.0089619 0
    outer loop
      vertex 4.78468 -12.0212 5
      vertex 4.78449 -12 -5
      vertex 4.78449 -12 5
    endloop
  endfacet
  facet normal 0.99996 0.0089619 0
    outer loop
      vertex 4.78449 -12 -5
      vertex 4.78468 -12.0212 5
      vertex 4.78468 -12.0212 -5
    endloop
  endfacet
  facet normal -0.607887 -0.794023 0
    outer loop
      vertex 6.73311 -11.0285 -5
      vertex 6.74996 -11.0414 5
      vertex 6.73311 -11.0285 5
    endloop
  endfacet
  facet normal -0.607887 -0.794023 -0
    outer loop
      vertex 6.74996 -11.0414 5
      vertex 6.73311 -11.0285 -5
      vertex 6.74996 -11.0414 -5
    endloop
  endfacet
  facet normal -0.461664 0.887055 0
    outer loop
      vertex 6.57211 -13.0741 -5
      vertex 6.55328 -13.0839 5
      vertex 6.57211 -13.0741 5
    endloop
  endfacet
  facet normal -0.461664 0.887055 0
    outer loop
      vertex 6.55328 -13.0839 5
      vertex 6.57211 -13.0741 -5
      vertex 6.55328 -13.0839 -5
    endloop
  endfacet
  facet normal 0.687771 -0.725928 0
    outer loop
      vertex 5.15594 -11.1249 -5
      vertex 5.17135 -11.1103 5
      vertex 5.15594 -11.1249 5
    endloop
  endfacet
  facet normal 0.687771 -0.725928 0
    outer loop
      vertex 5.17135 -11.1103 5
      vertex 5.15594 -11.1249 -5
      vertex 5.17135 -11.1103 -5
    endloop
  endfacet
  facet normal -0.687771 0.725928 0
    outer loop
      vertex 6.84606 -12.8751 -5
      vertex 6.83065 -12.8897 5
      vertex 6.84606 -12.8751 5
    endloop
  endfacet
  facet normal -0.687771 0.725928 0
    outer loop
      vertex 6.83065 -12.8897 5
      vertex 6.84606 -12.8751 -5
      vertex 6.83065 -12.8897 -5
    endloop
  endfacet
  facet normal 0.540306 0.841468 -0
    outer loop
      vertex 5.35635 -13.0317 -5
      vertex 5.33844 -13.0202 5
      vertex 5.35635 -13.0317 5
    endloop
  endfacet
  facet normal 0.540306 0.841468 0
    outer loop
      vertex 5.33844 -13.0202 5
      vertex 5.35635 -13.0317 -5
      vertex 5.33844 -13.0202 -5
    endloop
  endfacet
  facet normal 0.976506 0.215489 0
    outer loop
      vertex 4.81567 -12.2737 5
      vertex 4.81108 -12.2529 -5
      vertex 4.81108 -12.2529 5
    endloop
  endfacet
  facet normal 0.976506 0.215489 0
    outer loop
      vertex 4.81108 -12.2529 -5
      vertex 4.81567 -12.2737 5
      vertex 4.81567 -12.2737 -5
    endloop
  endfacet
  facet normal 0.701435 0.712733 -0
    outer loop
      vertex 5.15594 -12.8751 -5
      vertex 5.1408 -12.8602 5
      vertex 5.15594 -12.8751 5
    endloop
  endfacet
  facet normal 0.701435 0.712733 0
    outer loop
      vertex 5.1408 -12.8602 5
      vertex 5.15594 -12.8751 -5
      vertex 5.1408 -12.8602 -5
    endloop
  endfacet
  facet normal -0.0470731 -0.998891 0
    outer loop
      vertex 6.04345 -10.7842 -5
      vertex 6.06467 -10.7852 5
      vertex 6.04345 -10.7842 5
    endloop
  endfacet
  facet normal -0.0470731 -0.998891 -0
    outer loop
      vertex 6.06467 -10.7852 5
      vertex 6.04345 -10.7842 -5
      vertex 6.06467 -10.7852 -5
    endloop
  endfacet
  facet normal -0.929934 0.367725 0
    outer loop
      vertex 7.12892 -12.4557 -5
      vertex 7.13671 -12.436 5
      vertex 7.13671 -12.436 -5
    endloop
  endfacet
  facet normal -0.929934 0.367725 0
    outer loop
      vertex 7.13671 -12.436 5
      vertex 7.12892 -12.4557 -5
      vertex 7.12892 -12.4557 5
    endloop
  endfacet
  facet normal 0.127224 -0.991874 0
    outer loop
      vertex 5.8317 -10.7953 -5
      vertex 5.85275 -10.7926 5
      vertex 5.8317 -10.7953 5
    endloop
  endfacet
  facet normal 0.127224 -0.991874 0
    outer loop
      vertex 5.85275 -10.7926 5
      vertex 5.8317 -10.7953 -5
      vertex 5.85275 -10.7926 -5
    endloop
  endfacet
  facet normal 0.983369 0.181617 0
    outer loop
      vertex 4.80684 -12.2321 5
      vertex 4.80298 -12.2112 -5
      vertex 4.80298 -12.2112 5
    endloop
  endfacet
  facet normal 0.983369 0.181617 0
    outer loop
      vertex 4.80298 -12.2112 -5
      vertex 4.80684 -12.2321 5
      vertex 4.80684 -12.2321 -5
    endloop
  endfacet
  facet normal 0.748889 0.662696 0
    outer loop
      vertex 5.09696 -12.814 5
      vertex 5.08289 -12.7981 -5
      vertex 5.08289 -12.7981 5
    endloop
  endfacet
  facet normal 0.748889 0.662696 0
    outer loop
      vertex 5.08289 -12.7981 -5
      vertex 5.09696 -12.814 5
      vertex 5.09696 -12.814 -5
    endloop
  endfacet
  facet normal -0.99906 0.0433554 0
    outer loop
      vertex 7.21584 -12.0637 -5
      vertex 7.21676 -12.0425 5
      vertex 7.21676 -12.0425 -5
    endloop
  endfacet
  facet normal -0.99906 0.0433554 0
    outer loop
      vertex 7.21676 -12.0425 5
      vertex 7.21584 -12.0637 -5
      vertex 7.21584 -12.0637 5
    endloop
  endfacet
  facet normal -0.447214 -0.894427 0
    outer loop
      vertex 6.53428 -10.9066 -5
      vertex 6.55328 -10.9161 5
      vertex 6.53428 -10.9066 5
    endloop
  endfacet
  facet normal -0.447214 -0.894427 -0
    outer loop
      vertex 6.55328 -10.9161 5
      vertex 6.53428 -10.9066 -5
      vertex 6.55328 -10.9161 -5
    endloop
  endfacet
  facet normal -0.870493 -0.492181 0
    outer loop
      vertex 7.06498 -11.4102 -5
      vertex 7.05452 -11.3917 5
      vertex 7.05452 -11.3917 -5
    endloop
  endfacet
  facet normal -0.870493 -0.492181 0
    outer loop
      vertex 7.05452 -11.3917 5
      vertex 7.06498 -11.4102 -5
      vertex 7.06498 -11.4102 5
    endloop
  endfacet
  facet normal -0.414513 0.910044 0
    outer loop
      vertex 6.51512 -13.1025 -5
      vertex 6.4958 -13.1113 5
      vertex 6.51512 -13.1025 5
    endloop
  endfacet
  facet normal -0.414513 0.910044 0
    outer loop
      vertex 6.4958 -13.1113 5
      vertex 6.51512 -13.1025 -5
      vertex 6.4958 -13.1113 -5
    endloop
  endfacet
  facet normal 0.948589 0.31651 0
    outer loop
      vertex 4.85077 -12.3961 5
      vertex 4.84403 -12.3759 -5
      vertex 4.84403 -12.3759 5
    endloop
  endfacet
  facet normal 0.948589 0.31651 0
    outer loop
      vertex 4.84403 -12.3759 -5
      vertex 4.85077 -12.3961 5
      vertex 4.85077 -12.3961 -5
    endloop
  endfacet
  facet normal -0.986189 -0.165623 0
    outer loop
      vertex 7.20253 -11.8097 -5
      vertex 7.19902 -11.7888 5
      vertex 7.19902 -11.7888 -5
    endloop
  endfacet
  facet normal -0.986189 -0.165623 0
    outer loop
      vertex 7.19902 -11.7888 5
      vertex 7.20253 -11.8097 -5
      vertex 7.20253 -11.8097 5
    endloop
  endfacet
  facet normal 0.936831 -0.349782 0
    outer loop
      vertex 4.85786 -11.5839 5
      vertex 4.86529 -11.564 -5
      vertex 4.86529 -11.564 5
    endloop
  endfacet
  facet normal 0.936831 -0.349782 0
    outer loop
      vertex 4.86529 -11.564 -5
      vertex 4.85786 -11.5839 5
      vertex 4.85786 -11.5839 -5
    endloop
  endfacet
  facet normal 0.993593 0.113015 0
    outer loop
      vertex 4.79356 -12.1483 5
      vertex 4.79116 -12.1272 -5
      vertex 4.79116 -12.1272 5
    endloop
  endfacet
  facet normal 0.993593 0.113015 0
    outer loop
      vertex 4.79116 -12.1272 -5
      vertex 4.79356 -12.1483 5
      vertex 4.79356 -12.1483 -5
    endloop
  endfacet
  facet normal 0.622163 0.782888 -0
    outer loop
      vertex 5.25204 -12.9586 -5
      vertex 5.23543 -12.9454 5
      vertex 5.25204 -12.9586 5
    endloop
  endfacet
  facet normal 0.622163 0.782888 0
    outer loop
      vertex 5.23543 -12.9454 5
      vertex 5.25204 -12.9586 -5
      vertex 5.23543 -12.9454 -5
    endloop
  endfacet
  facet normal 0.712277 -0.701899 0
    outer loop
      vertex 5.12592 -11.1549 5
      vertex 5.1408 -11.1398 -5
      vertex 5.1408 -11.1398 5
    endloop
  endfacet
  facet normal 0.712277 -0.701899 0
    outer loop
      vertex 5.1408 -11.1398 -5
      vertex 5.12592 -11.1549 5
      vertex 5.12592 -11.1549 -5
    endloop
  endfacet
  facet normal 0.804381 -0.594113 0
    outer loop
      vertex 5.01683 -11.285 5
      vertex 5.02946 -11.2679 -5
      vertex 5.02946 -11.2679 5
    endloop
  endfacet
  facet normal 0.804381 -0.594113 0
    outer loop
      vertex 5.02946 -11.2679 -5
      vertex 5.01683 -11.285 5
      vertex 5.01683 -11.285 -5
    endloop
  endfacet
  facet normal -0.979849 0.199738 0
    outer loop
      vertex 7.19092 -12.2529 -5
      vertex 7.19516 -12.2321 5
      vertex 7.19516 -12.2321 -5
    endloop
  endfacet
  facet normal -0.979849 0.199738 0
    outer loop
      vertex 7.19516 -12.2321 5
      vertex 7.19092 -12.2529 -5
      vertex 7.19092 -12.2529 5
    endloop
  endfacet
  facet normal 0.953568 0.301177 0
    outer loop
      vertex 4.84403 -12.3759 5
      vertex 4.83765 -12.3557 -5
      vertex 4.83765 -12.3557 5
    endloop
  endfacet
  facet normal 0.953568 0.301177 0
    outer loop
      vertex 4.83765 -12.3557 -5
      vertex 4.84403 -12.3759 5
      vertex 4.84403 -12.3759 -5
    endloop
  endfacet
  facet normal 0.844607 0.535387 0
    outer loop
      vertex 4.98075 -12.6626 5
      vertex 4.96934 -12.6446 -5
      vertex 4.96934 -12.6446 5
    endloop
  endfacet
  facet normal 0.844607 0.535387 0
    outer loop
      vertex 4.96934 -12.6446 -5
      vertex 4.98075 -12.6626 5
      vertex 4.98075 -12.6626 -5
    endloop
  endfacet
  facet normal 0.519348 -0.854563 0
    outer loop
      vertex 5.35635 -10.9683 -5
      vertex 5.37445 -10.9573 5
      vertex 5.35635 -10.9683 5
    endloop
  endfacet
  facet normal 0.519348 -0.854563 0
    outer loop
      vertex 5.37445 -10.9573 5
      vertex 5.35635 -10.9683 -5
      vertex 5.37445 -10.9573 -5
    endloop
  endfacet
  facet normal 0.494009 0.869457 -0
    outer loop
      vertex 5.41123 -13.064 -5
      vertex 5.39275 -13.0535 5
      vertex 5.41123 -13.064 5
    endloop
  endfacet
  facet normal 0.494009 0.869457 0
    outer loop
      vertex 5.39275 -13.0535 5
      vertex 5.41123 -13.064 -5
      vertex 5.39275 -13.0535 -5
    endloop
  endfacet
  facet normal 0.674549 -0.73823 0
    outer loop
      vertex 5.17135 -11.1103 -5
      vertex 5.187 -11.096 5
      vertex 5.17135 -11.1103 5
    endloop
  endfacet
  facet normal 0.674549 -0.73823 0
    outer loop
      vertex 5.187 -11.096 5
      vertex 5.17135 -11.1103 -5
      vertex 5.187 -11.096 -5
    endloop
  endfacet
  facet normal 0.636004 -0.771685 0
    outer loop
      vertex 5.21905 -11.0681 -5
      vertex 5.23543 -11.0546 5
      vertex 5.21905 -11.0681 5
    endloop
  endfacet
  facet normal 0.636004 -0.771685 0
    outer loop
      vertex 5.23543 -11.0546 5
      vertex 5.21905 -11.0681 -5
      vertex 5.23543 -11.0546 -5
    endloop
  endfacet
  facet normal -0.860606 -0.509271 0
    outer loop
      vertex 7.05452 -11.3917 -5
      vertex 7.04375 -11.3735 5
      vertex 7.04375 -11.3735 -5
    endloop
  endfacet
  facet normal -0.860606 -0.509271 0
    outer loop
      vertex 7.04375 -11.3735 5
      vertex 7.05452 -11.3917 -5
      vertex 7.05452 -11.3917 5
    endloop
  endfacet
  facet normal -0.879276 -0.476313 0
    outer loop
      vertex 7.07511 -11.4289 -5
      vertex 7.06498 -11.4102 5
      vertex 7.06498 -11.4102 -5
    endloop
  endfacet
  facet normal -0.879276 -0.476313 0
    outer loop
      vertex 7.06498 -11.4102 5
      vertex 7.07511 -11.4289 -5
      vertex 7.07511 -11.4289 5
    endloop
  endfacet
  facet normal 0.99996 -0.0089619 0
    outer loop
      vertex 4.78449 -12 5
      vertex 4.78468 -11.9788 -5
      vertex 4.78468 -11.9788 5
    endloop
  endfacet
  facet normal 0.99996 -0.0089619 0
    outer loop
      vertex 4.78468 -11.9788 -5
      vertex 4.78449 -12 5
      vertex 4.78449 -12 -5
    endloop
  endfacet
  facet normal -0.844607 0.535387 0
    outer loop
      vertex 7.02125 -12.6626 -5
      vertex 7.03266 -12.6446 5
      vertex 7.03266 -12.6446 -5
    endloop
  endfacet
  facet normal -0.844607 0.535387 0
    outer loop
      vertex 7.03266 -12.6446 5
      vertex 7.02125 -12.6626 -5
      vertex 7.02125 -12.6626 5
    endloop
  endfacet
  facet normal -0.968233 0.250049 0
    outer loop
      vertex 7.17605 -12.3149 -5
      vertex 7.18137 -12.2943 5
      vertex 7.18137 -12.2943 -5
    endloop
  endfacet
  facet normal -0.968233 0.250049 0
    outer loop
      vertex 7.18137 -12.2943 5
      vertex 7.17605 -12.3149 -5
      vertex 7.17605 -12.3149 5
    endloop
  endfacet
  facet normal -0.508254 0.861207 0
    outer loop
      vertex 6.62755 -13.0427 -5
      vertex 6.60925 -13.0535 5
      vertex 6.62755 -13.0427 5
    endloop
  endfacet
  facet normal -0.508254 0.861207 0
    outer loop
      vertex 6.60925 -13.0535 5
      vertex 6.62755 -13.0427 -5
      vertex 6.60925 -13.0535 -5
    endloop
  endfacet
  facet normal -0.636004 -0.771685 0
    outer loop
      vertex 6.76657 -11.0546 -5
      vertex 6.78295 -11.0681 5
      vertex 6.76657 -11.0546 5
    endloop
  endfacet
  facet normal -0.636004 -0.771685 -0
    outer loop
      vertex 6.78295 -11.0681 5
      vertex 6.76657 -11.0546 -5
      vertex 6.78295 -11.0681 -5
    endloop
  endfacet
  facet normal 0.738363 -0.674403 0
    outer loop
      vertex 5.09696 -11.186 5
      vertex 5.1113 -11.1703 -5
      vertex 5.1113 -11.1703 5
    endloop
  endfacet
  facet normal 0.738363 -0.674403 0
    outer loop
      vertex 5.1113 -11.1703 -5
      vertex 5.09696 -11.186 5
      vertex 5.09696 -11.186 -5
    endloop
  endfacet
  facet normal 0.812743 -0.582623 0
    outer loop
      vertex 5.0045 -11.3022 5
      vertex 5.01683 -11.285 -5
      vertex 5.01683 -11.285 5
    endloop
  endfacet
  facet normal 0.812743 -0.582623 0
    outer loop
      vertex 5.01683 -11.285 -5
      vertex 5.0045 -11.3022 5
      vertex 5.0045 -11.3022 -5
    endloop
  endfacet
  facet normal -0.551433 0.834219 0
    outer loop
      vertex 6.68126 -13.0085 -5
      vertex 6.66356 -13.0202 5
      vertex 6.68126 -13.0085 5
    endloop
  endfacet
  facet normal -0.551433 0.834219 0
    outer loop
      vertex 6.66356 -13.0202 5
      vertex 6.68126 -13.0085 -5
      vertex 6.66356 -13.0202 -5
    endloop
  endfacet
  facet normal 0.164857 0.986317 -0
    outer loop
      vertex 5.8107 -13.2015 -5
      vertex 5.78976 -13.198 5
      vertex 5.8107 -13.2015 5
    endloop
  endfacet
  facet normal 0.164857 0.986317 0
    outer loop
      vertex 5.78976 -13.198 5
      vertex 5.8107 -13.2015 -5
      vertex 5.78976 -13.198 -5
    endloop
  endfacet
  facet normal 0.958983 -0.283464 0
    outer loop
      vertex 4.83162 -11.6647 5
      vertex 4.83765 -11.6443 -5
      vertex 4.83765 -11.6443 5
    endloop
  endfacet
  facet normal 0.958983 -0.283464 0
    outer loop
      vertex 4.83765 -11.6443 -5
      vertex 4.83162 -11.6647 5
      vertex 4.83162 -11.6647 -5
    endloop
  endfacet
  facet normal -0.879276 0.476313 0
    outer loop
      vertex 7.06498 -12.5898 -5
      vertex 7.07511 -12.5711 5
      vertex 7.07511 -12.5711 -5
    endloop
  endfacet
  facet normal -0.879276 0.476313 0
    outer loop
      vertex 7.07511 -12.5711 5
      vertex 7.06498 -12.5898 -5
      vertex 7.06498 -12.5898 5
    endloop
  endfacet
  facet normal 0.494009 -0.869457 0
    outer loop
      vertex 5.39275 -10.9465 -5
      vertex 5.41123 -10.936 5
      vertex 5.39275 -10.9465 5
    endloop
  endfacet
  facet normal 0.494009 -0.869457 0
    outer loop
      vertex 5.41123 -10.936 5
      vertex 5.39275 -10.9465 -5
      vertex 5.41123 -10.936 -5
    endloop
  endfacet
  facet normal 0.782246 -0.62297 0
    outer loop
      vertex 5.04238 -11.251 5
      vertex 5.0556 -11.2344 -5
      vertex 5.0556 -11.2344 5
    endloop
  endfacet
  facet normal 0.782246 -0.62297 0
    outer loop
      vertex 5.0556 -11.2344 -5
      vertex 5.04238 -11.251 5
      vertex 5.04238 -11.251 -5
    endloop
  endfacet
  facet normal 0.447214 -0.894427 0
    outer loop
      vertex 5.44872 -10.9161 -5
      vertex 5.46772 -10.9066 5
      vertex 5.44872 -10.9161 5
    endloop
  endfacet
  facet normal 0.447214 -0.894427 0
    outer loop
      vertex 5.46772 -10.9066 5
      vertex 5.44872 -10.9161 -5
      vertex 5.46772 -10.9066 -5
    endloop
  endfacet
  facet normal 0.551433 0.834219 -0
    outer loop
      vertex 5.33844 -13.0202 -5
      vertex 5.32074 -13.0085 5
      vertex 5.33844 -13.0202 5
    endloop
  endfacet
  facet normal 0.551433 0.834219 0
    outer loop
      vertex 5.32074 -13.0085 5
      vertex 5.33844 -13.0202 -5
      vertex 5.32074 -13.0085 -5
    endloop
  endfacet
  facet normal -0.319895 0.947453 0
    outer loop
      vertex 6.39706 -13.1502 -5
      vertex 6.37692 -13.157 5
      vertex 6.39706 -13.1502 5
    endloop
  endfacet
  facet normal -0.319895 0.947453 0
    outer loop
      vertex 6.37692 -13.157 5
      vertex 6.39706 -13.1502 -5
      vertex 6.37692 -13.157 -5
    endloop
  endfacet
  facet normal -0.179051 -0.98384 0
    outer loop
      vertex 6.21224 -10.802 -5
      vertex 6.23312 -10.8058 5
      vertex 6.21224 -10.802 5
    endloop
  endfacet
  facet normal -0.179051 -0.98384 -0
    outer loop
      vertex 6.23312 -10.8058 5
      vertex 6.21224 -10.802 -5
      vertex 6.23312 -10.8058 -5
    endloop
  endfacet
  facet normal 0.636004 0.771685 -0
    outer loop
      vertex 5.23543 -12.9454 -5
      vertex 5.21905 -12.9319 5
      vertex 5.23543 -12.9454 5
    endloop
  endfacet
  facet normal 0.636004 0.771685 0
    outer loop
      vertex 5.21905 -12.9319 5
      vertex 5.23543 -12.9454 -5
      vertex 5.21905 -12.9319 -5
    endloop
  endfacet
  facet normal 0.348695 0.937236 -0
    outer loop
      vertex 5.58493 -13.1431 -5
      vertex 5.56504 -13.1357 5
      vertex 5.58493 -13.1431 5
    endloop
  endfacet
  facet normal 0.348695 0.937236 0
    outer loop
      vertex 5.56504 -13.1357 5
      vertex 5.58493 -13.1431 -5
      vertex 5.56504 -13.1357 -5
    endloop
  endfacet
  facet normal -0.674549 -0.73823 0
    outer loop
      vertex 6.815 -11.096 -5
      vertex 6.83065 -11.1103 5
      vertex 6.815 -11.096 5
    endloop
  endfacet
  facet normal -0.674549 -0.73823 -0
    outer loop
      vertex 6.83065 -11.1103 5
      vertex 6.815 -11.096 -5
      vertex 6.83065 -11.1103 -5
    endloop
  endfacet
  facet normal 0.824069 -0.566489 0
    outer loop
      vertex 4.99247 -11.3197 5
      vertex 5.0045 -11.3022 -5
      vertex 5.0045 -11.3022 5
    endloop
  endfacet
  facet normal 0.824069 -0.566489 0
    outer loop
      vertex 5.0045 -11.3022 -5
      vertex 4.99247 -11.3197 5
      vertex 4.99247 -11.3197 -5
    endloop
  endfacet
  facet normal -0.860606 0.509271 0
    outer loop
      vertex 7.04375 -12.6265 -5
      vertex 7.05452 -12.6083 5
      vertex 7.05452 -12.6083 -5
    endloop
  endfacet
  facet normal -0.860606 0.509271 0
    outer loop
      vertex 7.05452 -12.6083 5
      vertex 7.04375 -12.6265 -5
      vertex 7.04375 -12.6265 5
    endloop
  endfacet
  facet normal -0.738363 -0.674403 0
    outer loop
      vertex 6.90504 -11.186 -5
      vertex 6.8907 -11.1703 5
      vertex 6.8907 -11.1703 -5
    endloop
  endfacet
  facet normal -0.738363 -0.674403 0
    outer loop
      vertex 6.8907 -11.1703 5
      vertex 6.90504 -11.186 -5
      vertex 6.90504 -11.186 5
    endloop
  endfacet
  facet normal -0.748889 -0.662696 0
    outer loop
      vertex 6.91911 -11.2019 -5
      vertex 6.90504 -11.186 5
      vertex 6.90504 -11.186 -5
    endloop
  endfacet
  facet normal -0.748889 -0.662696 0
    outer loop
      vertex 6.90504 -11.186 5
      vertex 6.91911 -11.2019 -5
      vertex 6.91911 -11.2019 5
    endloop
  endfacet
  facet normal -0.989005 0.14788 0
    outer loop
      vertex 7.20253 -12.1903 -5
      vertex 7.20567 -12.1693 5
      vertex 7.20567 -12.1693 -5
    endloop
  endfacet
  facet normal -0.989005 0.14788 0
    outer loop
      vertex 7.20567 -12.1693 5
      vertex 7.20253 -12.1903 -5
      vertex 7.20253 -12.1903 5
    endloop
  endfacet
  facet normal -0.429018 -0.903296 0
    outer loop
      vertex 6.51512 -10.8975 -5
      vertex 6.53428 -10.9066 5
      vertex 6.51512 -10.8975 5
    endloop
  endfacet
  facet normal -0.429018 -0.903296 -0
    outer loop
      vertex 6.53428 -10.9066 5
      vertex 6.51512 -10.8975 -5
      vertex 6.53428 -10.9066 -5
    endloop
  endfacet
  facet normal 0.929934 -0.367725 0
    outer loop
      vertex 4.86529 -11.564 5
      vertex 4.87308 -11.5443 -5
      vertex 4.87308 -11.5443 5
    endloop
  endfacet
  facet normal 0.929934 -0.367725 0
    outer loop
      vertex 4.87308 -11.5443 -5
      vertex 4.86529 -11.564 5
      vertex 4.86529 -11.564 -5
    endloop
  endfacet
  facet normal 0.995402 -0.095784 0
    outer loop
      vertex 4.78912 -11.894 5
      vertex 4.79116 -11.8728 -5
      vertex 4.79116 -11.8728 5
    endloop
  endfacet
  facet normal 0.995402 -0.095784 0
    outer loop
      vertex 4.79116 -11.8728 -5
      vertex 4.78912 -11.894 5
      vertex 4.78912 -11.894 -5
    endloop
  endfacet
  facet normal 0.0988512 -0.995102 0
    outer loop
      vertex 5.87384 -10.7902 -5
      vertex 5.89498 -10.7881 5
      vertex 5.87384 -10.7902 5
    endloop
  endfacet
  facet normal 0.0988512 -0.995102 0
    outer loop
      vertex 5.89498 -10.7881 5
      vertex 5.87384 -10.7902 -5
      vertex 5.89498 -10.7881 -5
    endloop
  endfacet
  facet normal -0.963477 0.26779 0
    outer loop
      vertex 7.17038 -12.3353 -5
      vertex 7.17605 -12.3149 5
      vertex 7.17605 -12.3149 -5
    endloop
  endfacet
  facet normal -0.963477 0.26779 0
    outer loop
      vertex 7.17605 -12.3149 5
      vertex 7.17038 -12.3353 -5
      vertex 7.17038 -12.3353 5
    endloop
  endfacet
  facet normal 0.400103 0.91647 -0
    outer loop
      vertex 5.52567 -13.1198 -5
      vertex 5.5062 -13.1113 5
      vertex 5.52567 -13.1198 5
    endloop
  endfacet
  facet normal 0.400103 0.91647 0
    outer loop
      vertex 5.5062 -13.1113 5
      vertex 5.52567 -13.1198 -5
      vertex 5.5062 -13.1113 -5
    endloop
  endfacet
  facet normal -0.976506 -0.215489 0
    outer loop
      vertex 7.19092 -11.7471 -5
      vertex 7.18633 -11.7263 5
      vertex 7.18633 -11.7263 -5
    endloop
  endfacet
  facet normal -0.976506 -0.215489 0
    outer loop
      vertex 7.18633 -11.7263 5
      vertex 7.19092 -11.7471 -5
      vertex 7.19092 -11.7471 5
    endloop
  endfacet
  facet normal -0.249736 0.968314 0
    outer loop
      vertex 6.31585 -13.1751 -5
      vertex 6.2953 -13.1804 5
      vertex 6.31585 -13.1751 5
    endloop
  endfacet
  facet normal -0.249736 0.968314 0
    outer loop
      vertex 6.2953 -13.1804 5
      vertex 6.31585 -13.1751 -5
      vertex 6.2953 -13.1804 -5
    endloop
  endfacet
  facet normal 0.852676 0.522441 0
    outer loop
      vertex 4.96934 -12.6446 5
      vertex 4.95825 -12.6265 -5
      vertex 4.95825 -12.6265 5
    endloop
  endfacet
  facet normal 0.852676 0.522441 0
    outer loop
      vertex 4.95825 -12.6265 -5
      vertex 4.96934 -12.6446 5
      vertex 4.96934 -12.6446 -5
    endloop
  endfacet
  facet normal -0.367327 -0.930092 0
    outer loop
      vertex 6.43696 -10.8643 -5
      vertex 6.45671 -10.8721 5
      vertex 6.43696 -10.8643 5
    endloop
  endfacet
  facet normal -0.367327 -0.930092 -0
    outer loop
      vertex 6.45671 -10.8721 5
      vertex 6.43696 -10.8643 -5
      vertex 6.45671 -10.8721 -5
    endloop
  endfacet
  facet normal -0.894804 0.44646 0
    outer loop
      vertex 7.08491 -12.5523 -5
      vertex 7.09439 -12.5333 5
      vertex 7.09439 -12.5333 -5
    endloop
  endfacet
  facet normal -0.894804 0.44646 0
    outer loop
      vertex 7.09439 -12.5333 5
      vertex 7.08491 -12.5523 -5
      vertex 7.08491 -12.5523 5
    endloop
  endfacet
  facet normal 0.986189 -0.165623 0
    outer loop
      vertex 4.79947 -11.8097 5
      vertex 4.80298 -11.7888 -5
      vertex 4.80298 -11.7888 5
    endloop
  endfacet
  facet normal 0.986189 -0.165623 0
    outer loop
      vertex 4.80298 -11.7888 -5
      vertex 4.79947 -11.8097 5
      vertex 4.79947 -11.8097 -5
    endloop
  endfacet
  facet normal -0.348695 -0.937236 0
    outer loop
      vertex 6.41707 -10.8569 -5
      vertex 6.43696 -10.8643 5
      vertex 6.41707 -10.8569 5
    endloop
  endfacet
  facet normal -0.348695 -0.937236 -0
    outer loop
      vertex 6.43696 -10.8643 5
      vertex 6.41707 -10.8569 -5
      vertex 6.43696 -10.8643 -5
    endloop
  endfacet
  facet normal -0.963477 -0.26779 0
    outer loop
      vertex 7.17605 -11.6851 -5
      vertex 7.17038 -11.6647 5
      vertex 7.17038 -11.6647 -5
    endloop
  endfacet
  facet normal -0.963477 -0.26779 0
    outer loop
      vertex 7.17038 -11.6647 5
      vertex 7.17605 -11.6851 -5
      vertex 7.17605 -11.6851 5
    endloop
  endfacet
  facet normal -0.923856 -0.38274 0
    outer loop
      vertex 7.12892 -11.5443 -5
      vertex 7.1208 -11.5247 5
      vertex 7.1208 -11.5247 -5
    endloop
  endfacet
  facet normal -0.923856 -0.38274 0
    outer loop
      vertex 7.1208 -11.5247 5
      vertex 7.12892 -11.5443 -5
      vertex 7.12892 -11.5443 5
    endloop
  endfacet
  facet normal 0.113068 0.993587 -0
    outer loop
      vertex 5.87384 -13.2098 -5
      vertex 5.85275 -13.2074 5
      vertex 5.87384 -13.2098 5
    endloop
  endfacet
  facet normal 0.113068 0.993587 0
    outer loop
      vertex 5.85275 -13.2074 5
      vertex 5.87384 -13.2098 -5
      vertex 5.85275 -13.2074 -5
    endloop
  endfacet
  facet normal -0.00942021 -0.999956 0
    outer loop
      vertex 6.001 -10.7835 -5
      vertex 6.02223 -10.7837 5
      vertex 6.001 -10.7835 5
    endloop
  endfacet
  facet normal -0.00942021 -0.999956 -0
    outer loop
      vertex 6.02223 -10.7837 5
      vertex 6.001 -10.7835 -5
      vertex 6.02223 -10.7837 -5
    endloop
  endfacet
  facet normal 0.998125 0.0612058 0
    outer loop
      vertex 4.78746 -12.0849 5
      vertex 4.78616 -12.0637 -5
      vertex 4.78616 -12.0637 5
    endloop
  endfacet
  facet normal 0.998125 0.0612058 0
    outer loop
      vertex 4.78616 -12.0637 -5
      vertex 4.78746 -12.0849 5
      vertex 4.78746 -12.0849 -5
    endloop
  endfacet
  facet normal -0.47601 -0.87944 0
    outer loop
      vertex 6.57211 -10.9259 -5
      vertex 6.59077 -10.936 5
      vertex 6.57211 -10.9259 5
    endloop
  endfacet
  facet normal -0.47601 -0.87944 -0
    outer loop
      vertex 6.59077 -10.936 5
      vertex 6.57211 -10.9259 -5
      vertex 6.59077 -10.936 -5
    endloop
  endfacet
  facet normal 0.461664 -0.887055 0
    outer loop
      vertex 5.42989 -10.9259 -5
      vertex 5.44872 -10.9161 5
      vertex 5.42989 -10.9259 5
    endloop
  endfacet
  facet normal 0.461664 -0.887055 0
    outer loop
      vertex 5.44872 -10.9161 5
      vertex 5.42989 -10.9259 -5
      vertex 5.44872 -10.9161 -5
    endloop
  endfacet
  facet normal 0.202357 0.979312 -0
    outer loop
      vertex 5.76888 -13.1942 -5
      vertex 5.74807 -13.1899 5
      vertex 5.76888 -13.1942 5
    endloop
  endfacet
  facet normal 0.202357 0.979312 0
    outer loop
      vertex 5.74807 -13.1899 5
      vertex 5.76888 -13.1942 -5
      vertex 5.74807 -13.1899 -5
    endloop
  endfacet
  facet normal 0.998125 -0.0612058 0
    outer loop
      vertex 4.78616 -11.9363 5
      vertex 4.78746 -11.9151 -5
      vertex 4.78746 -11.9151 5
    endloop
  endfacet
  facet normal 0.998125 -0.0612058 0
    outer loop
      vertex 4.78746 -11.9151 -5
      vertex 4.78616 -11.9363 5
      vertex 4.78616 -11.9363 -5
    endloop
  endfacet
  facet normal 0.367327 0.930092 -0
    outer loop
      vertex 5.56504 -13.1357 -5
      vertex 5.54529 -13.1279 5
      vertex 5.56504 -13.1357 5
    endloop
  endfacet
  facet normal 0.367327 0.930092 0
    outer loop
      vertex 5.54529 -13.1279 5
      vertex 5.56504 -13.1357 -5
      vertex 5.54529 -13.1279 -5
    endloop
  endfacet
  facet normal 0.902913 0.429824 0
    outer loop
      vertex 4.90761 -12.5333 5
      vertex 4.89847 -12.5141 -5
      vertex 4.89847 -12.5141 5
    endloop
  endfacet
  facet normal 0.902913 0.429824 0
    outer loop
      vertex 4.89847 -12.5141 -5
      vertex 4.90761 -12.5333 5
      vertex 4.90761 -12.5333 -5
    endloop
  endfacet
  facet normal 0.508254 -0.861207 0
    outer loop
      vertex 5.37445 -10.9573 -5
      vertex 5.39275 -10.9465 5
      vertex 5.37445 -10.9573 5
    endloop
  endfacet
  facet normal 0.508254 -0.861207 0
    outer loop
      vertex 5.39275 -10.9465 5
      vertex 5.37445 -10.9573 -5
      vertex 5.39275 -10.9465 -5
    endloop
  endfacet
  facet normal -0.596912 -0.802307 0
    outer loop
      vertex 6.71604 -11.0158 -5
      vertex 6.73311 -11.0285 5
      vertex 6.71604 -11.0158 5
    endloop
  endfacet
  facet normal -0.596912 -0.802307 -0
    outer loop
      vertex 6.73311 -11.0285 5
      vertex 6.71604 -11.0158 -5
      vertex 6.73311 -11.0285 -5
    endloop
  endfacet
  facet normal 0.519348 0.854563 -0
    outer loop
      vertex 5.37445 -13.0427 -5
      vertex 5.35635 -13.0317 5
      vertex 5.37445 -13.0427 5
    endloop
  endfacet
  facet normal 0.519348 0.854563 0
    outer loop
      vertex 5.35635 -13.0317 5
      vertex 5.37445 -13.0427 -5
      vertex 5.35635 -13.0317 -5
    endloop
  endfacet
  facet normal 0.429018 0.903296 -0
    outer loop
      vertex 5.48688 -13.1025 -5
      vertex 5.46772 -13.0934 5
      vertex 5.48688 -13.1025 5
    endloop
  endfacet
  facet normal 0.429018 0.903296 0
    outer loop
      vertex 5.46772 -13.0934 5
      vertex 5.48688 -13.1025 -5
      vertex 5.46772 -13.0934 -5
    endloop
  endfacet
  facet normal 0.917212 0.398399 0
    outer loop
      vertex 4.88967 -12.4948 5
      vertex 4.8812 -12.4753 -5
      vertex 4.8812 -12.4753 5
    endloop
  endfacet
  facet normal 0.917212 0.398399 0
    outer loop
      vertex 4.8812 -12.4753 -5
      vertex 4.88967 -12.4948 5
      vertex 4.88967 -12.4948 -5
    endloop
  endfacet
  facet normal 0.804381 0.594113 0
    outer loop
      vertex 5.02946 -12.7321 5
      vertex 5.01683 -12.715 -5
      vertex 5.01683 -12.715 5
    endloop
  endfacet
  facet normal 0.804381 0.594113 0
    outer loop
      vertex 5.01683 -12.715 -5
      vertex 5.02946 -12.7321 5
      vertex 5.02946 -12.7321 -5
    endloop
  endfacet
  facet normal -0.216731 -0.976231 0
    outer loop
      vertex 6.25393 -10.8101 -5
      vertex 6.27465 -10.8147 5
      vertex 6.25393 -10.8101 5
    endloop
  endfacet
  facet normal -0.216731 -0.976231 -0
    outer loop
      vertex 6.27465 -10.8147 5
      vertex 6.25393 -10.8101 -5
      vertex 6.27465 -10.8147 -5
    endloop
  endfacet
  facet normal 0.540306 -0.841468 0
    outer loop
      vertex 5.33844 -10.9798 -5
      vertex 5.35635 -10.9683 5
      vertex 5.33844 -10.9798 5
    endloop
  endfacet
  facet normal 0.540306 -0.841468 0
    outer loop
      vertex 5.35635 -10.9683 5
      vertex 5.33844 -10.9798 -5
      vertex 5.35635 -10.9683 -5
    endloop
  endfacet
  facet normal -0.202357 0.979312 0
    outer loop
      vertex 6.25393 -13.1899 -5
      vertex 6.23312 -13.1942 5
      vertex 6.25393 -13.1899 5
    endloop
  endfacet
  facet normal -0.202357 0.979312 0
    outer loop
      vertex 6.23312 -13.1942 5
      vertex 6.25393 -13.1899 -5
      vertex 6.23312 -13.1942 -5
    endloop
  endfacet
  facet normal -0.607887 0.794023 0
    outer loop
      vertex 6.74996 -12.9586 -5
      vertex 6.73311 -12.9715 5
      vertex 6.74996 -12.9586 5
    endloop
  endfacet
  facet normal -0.607887 0.794023 0
    outer loop
      vertex 6.73311 -12.9715 5
      vertex 6.74996 -12.9586 -5
      vertex 6.73311 -12.9715 -5
    endloop
  endfacet
  facet normal -0.282676 -0.959215 0
    outer loop
      vertex 6.33631 -10.8306 -5
      vertex 6.35667 -10.8366 5
      vertex 6.33631 -10.8306 5
    endloop
  endfacet
  facet normal -0.282676 -0.959215 -0
    outer loop
      vertex 6.35667 -10.8366 5
      vertex 6.33631 -10.8306 -5
      vertex 6.35667 -10.8366 -5
    endloop
  endfacet
  facet normal 0.772066 0.635542 0
    outer loop
      vertex 5.0691 -12.782 5
      vertex 5.0556 -12.7656 -5
      vertex 5.0556 -12.7656 5
    endloop
  endfacet
  facet normal 0.772066 0.635542 0
    outer loop
      vertex 5.0556 -12.7656 -5
      vertex 5.0691 -12.782 5
      vertex 5.0691 -12.782 -5
    endloop
  endfacet
  facet normal 0.565528 0.824729 -0
    outer loop
      vertex 5.32074 -13.0085 -5
      vertex 5.30324 -12.9965 5
      vertex 5.32074 -13.0085 5
    endloop
  endfacet
  facet normal 0.565528 0.824729 0
    outer loop
      vertex 5.30324 -12.9965 5
      vertex 5.32074 -13.0085 -5
      vertex 5.30324 -12.9965 -5
    endloop
  endfacet
  facet normal -0.870493 0.492181 0
    outer loop
      vertex 7.05452 -12.6083 -5
      vertex 7.06498 -12.5898 5
      vertex 7.06498 -12.5898 -5
    endloop
  endfacet
  facet normal -0.870493 0.492181 0
    outer loop
      vertex 7.06498 -12.5898 5
      vertex 7.05452 -12.6083 -5
      vertex 7.05452 -12.6083 5
    endloop
  endfacet
  facet normal -0.202357 -0.979312 0
    outer loop
      vertex 6.23312 -10.8058 -5
      vertex 6.25393 -10.8101 5
      vertex 6.23312 -10.8058 5
    endloop
  endfacet
  facet normal -0.202357 -0.979312 -0
    outer loop
      vertex 6.25393 -10.8101 5
      vertex 6.23312 -10.8058 -5
      vertex 6.25393 -10.8101 -5
    endloop
  endfacet
  facet normal -0.999655 0.026282 0
    outer loop
      vertex 7.21676 -12.0425 -5
      vertex 7.21732 -12.0212 5
      vertex 7.21732 -12.0212 -5
    endloop
  endfacet
  facet normal -0.999655 0.026282 0
    outer loop
      vertex 7.21732 -12.0212 5
      vertex 7.21676 -12.0425 -5
      vertex 7.21676 -12.0425 5
    endloop
  endfacet
  facet normal -0.00942021 0.999956 0
    outer loop
      vertex 6.02223 -13.2163 -5
      vertex 6.001 -13.2165 5
      vertex 6.02223 -13.2163 5
    endloop
  endfacet
  facet normal -0.00942021 0.999956 0
    outer loop
      vertex 6.001 -13.2165 5
      vertex 6.02223 -13.2163 -5
      vertex 6.001 -13.2165 -5
    endloop
  endfacet
  facet normal 0.972216 0.234087 0
    outer loop
      vertex 4.82063 -12.2943 5
      vertex 4.81567 -12.2737 -5
      vertex 4.81567 -12.2737 5
    endloop
  endfacet
  facet normal 0.972216 0.234087 0
    outer loop
      vertex 4.81567 -12.2737 -5
      vertex 4.82063 -12.2943 5
      vertex 4.82063 -12.2943 -5
    endloop
  endfacet
  facet normal -0.649628 0.760253 0
    outer loop
      vertex 6.7991 -12.9181 -5
      vertex 6.78295 -12.9319 5
      vertex 6.7991 -12.9181 5
    endloop
  endfacet
  facet normal -0.649628 0.760253 0
    outer loop
      vertex 6.78295 -12.9319 5
      vertex 6.7991 -12.9181 -5
      vertex 6.78295 -12.9319 -5
    endloop
  endfacet
  facet normal 0.596912 -0.802307 0
    outer loop
      vertex 5.26889 -11.0285 -5
      vertex 5.28596 -11.0158 5
      vertex 5.26889 -11.0285 5
    endloop
  endfacet
  facet normal 0.596912 -0.802307 0
    outer loop
      vertex 5.28596 -11.0158 5
      vertex 5.26889 -11.0285 -5
      vertex 5.28596 -11.0158 -5
    endloop
  endfacet
  facet normal -0.852676 -0.522441 0
    outer loop
      vertex 7.04375 -11.3735 -5
      vertex 7.03266 -11.3554 5
      vertex 7.03266 -11.3554 -5
    endloop
  endfacet
  facet normal -0.852676 -0.522441 0
    outer loop
      vertex 7.03266 -11.3554 5
      vertex 7.04375 -11.3735 -5
      vertex 7.04375 -11.3735 5
    endloop
  endfacet
  facet normal -0.565528 -0.824729 0
    outer loop
      vertex 6.68126 -10.9915 -5
      vertex 6.69876 -11.0035 5
      vertex 6.68126 -10.9915 5
    endloop
  endfacet
  facet normal -0.565528 -0.824729 -0
    outer loop
      vertex 6.69876 -11.0035 5
      vertex 6.68126 -10.9915 -5
      vertex 6.69876 -11.0035 -5
    endloop
  endfacet
  facet normal -0.230877 -0.972983 0
    outer loop
      vertex 6.27465 -10.8147 -5
      vertex 6.2953 -10.8196 5
      vertex 6.27465 -10.8147 5
    endloop
  endfacet
  facet normal -0.230877 -0.972983 -0
    outer loop
      vertex 6.2953 -10.8196 5
      vertex 6.27465 -10.8147 -5
      vertex 6.2953 -10.8196 -5
    endloop
  endfacet
  facet normal 0.0470731 -0.998891 0
    outer loop
      vertex 5.93733 -10.7852 -5
      vertex 5.95855 -10.7842 5
      vertex 5.93733 -10.7852 5
    endloop
  endfacet
  facet normal 0.0470731 -0.998891 0
    outer loop
      vertex 5.95855 -10.7842 5
      vertex 5.93733 -10.7852 -5
      vertex 5.95855 -10.7842 -5
    endloop
  endfacet
  facet normal 0.00942021 -0.999956 0
    outer loop
      vertex 5.97977 -10.7837 -5
      vertex 6.001 -10.7835 5
      vertex 5.97977 -10.7837 5
    endloop
  endfacet
  facet normal 0.00942021 -0.999956 0
    outer loop
      vertex 6.001 -10.7835 5
      vertex 5.97977 -10.7837 -5
      vertex 6.001 -10.7835 -5
    endloop
  endfacet
  facet normal -0.886753 0.462244 0
    outer loop
      vertex 7.07511 -12.5711 -5
      vertex 7.08491 -12.5523 5
      vertex 7.08491 -12.5523 -5
    endloop
  endfacet
  facet normal -0.886753 0.462244 0
    outer loop
      vertex 7.08491 -12.5523 5
      vertex 7.07511 -12.5711 -5
      vertex 7.07511 -12.5711 5
    endloop
  endfacet
  facet normal -0.991412 0.130772 0
    outer loop
      vertex 7.20567 -12.1693 -5
      vertex 7.20844 -12.1483 5
      vertex 7.20844 -12.1483 -5
    endloop
  endfacet
  facet normal -0.991412 0.130772 0
    outer loop
      vertex 7.20844 -12.1483 5
      vertex 7.20567 -12.1693 -5
      vertex 7.20567 -12.1693 5
    endloop
  endfacet
  facet normal 0.0235561 0.999723 -0
    outer loop
      vertex 5.97977 -13.2163 -5
      vertex 5.95855 -13.2158 5
      vertex 5.97977 -13.2163 5
    endloop
  endfacet
  facet normal 0.0235561 0.999723 0
    outer loop
      vertex 5.95855 -13.2158 5
      vertex 5.97977 -13.2163 -5
      vertex 5.95855 -13.2158 -5
    endloop
  endfacet
  facet normal -0.230877 0.972983 0
    outer loop
      vertex 6.2953 -13.1804 -5
      vertex 6.27465 -13.1853 5
      vertex 6.2953 -13.1804 5
    endloop
  endfacet
  facet normal -0.230877 0.972983 0
    outer loop
      vertex 6.27465 -13.1853 5
      vertex 6.2953 -13.1804 -5
      vertex 6.27465 -13.1853 -5
    endloop
  endfacet
  facet normal 0.995402 0.095784 0
    outer loop
      vertex 4.79116 -12.1272 5
      vertex 4.78912 -12.106 -5
      vertex 4.78912 -12.106 5
    endloop
  endfacet
  facet normal 0.995402 0.095784 0
    outer loop
      vertex 4.78912 -12.106 -5
      vertex 4.79116 -12.1272 5
      vertex 4.79116 -12.1272 -5
    endloop
  endfacet
  facet normal 0.902913 -0.429824 0
    outer loop
      vertex 4.89847 -11.4859 5
      vertex 4.90761 -11.4667 -5
      vertex 4.90761 -11.4667 5
    endloop
  endfacet
  facet normal 0.902913 -0.429824 0
    outer loop
      vertex 4.90761 -11.4667 -5
      vertex 4.89847 -11.4859 5
      vertex 4.89847 -11.4859 -5
    endloop
  endfacet
  facet normal 0.00942021 0.999956 -0
    outer loop
      vertex 6.001 -13.2165 -5
      vertex 5.97977 -13.2163 5
      vertex 6.001 -13.2165 5
    endloop
  endfacet
  facet normal 0.00942021 0.999956 0
    outer loop
      vertex 5.97977 -13.2163 5
      vertex 6.001 -13.2165 -5
      vertex 5.97977 -13.2163 -5
    endloop
  endfacet
  facet normal 0.607887 0.794023 -0
    outer loop
      vertex 5.26889 -12.9715 -5
      vertex 5.25204 -12.9586 5
      vertex 5.26889 -12.9715 5
    endloop
  endfacet
  facet normal 0.607887 0.794023 0
    outer loop
      vertex 5.25204 -12.9586 5
      vertex 5.26889 -12.9715 -5
      vertex 5.25204 -12.9586 -5
    endloop
  endfacet
  facet normal 0.179051 0.98384 -0
    outer loop
      vertex 5.78976 -13.198 -5
      vertex 5.76888 -13.1942 5
      vertex 5.78976 -13.198 5
    endloop
  endfacet
  facet normal 0.179051 0.98384 0
    outer loop
      vertex 5.76888 -13.1942 5
      vertex 5.78976 -13.198 -5
      vertex 5.76888 -13.1942 -5
    endloop
  endfacet
  facet normal -0.216731 0.976231 0
    outer loop
      vertex 6.27465 -13.1853 -5
      vertex 6.25393 -13.1899 5
      vertex 6.27465 -13.1853 5
    endloop
  endfacet
  facet normal -0.216731 0.976231 0
    outer loop
      vertex 6.25393 -13.1899 5
      vertex 6.27465 -13.1853 -5
      vertex 6.25393 -13.1899 -5
    endloop
  endfacet
  facet normal -0.995402 0.095784 0
    outer loop
      vertex 7.21084 -12.1272 -5
      vertex 7.21288 -12.106 5
      vertex 7.21288 -12.106 -5
    endloop
  endfacet
  facet normal -0.995402 0.095784 0
    outer loop
      vertex 7.21288 -12.106 5
      vertex 7.21084 -12.1272 -5
      vertex 7.21084 -12.1272 5
    endloop
  endfacet
  facet normal -0.909881 0.414868 0
    outer loop
      vertex 7.10353 -12.5141 -5
      vertex 7.11233 -12.4948 5
      vertex 7.11233 -12.4948 -5
    endloop
  endfacet
  facet normal -0.909881 0.414868 0
    outer loop
      vertex 7.11233 -12.4948 5
      vertex 7.10353 -12.5141 -5
      vertex 7.10353 -12.5141 5
    endloop
  endfacet
  facet normal 0.929934 0.367725 0
    outer loop
      vertex 4.87308 -12.4557 5
      vertex 4.86529 -12.436 -5
      vertex 4.86529 -12.436 5
    endloop
  endfacet
  facet normal 0.929934 0.367725 0
    outer loop
      vertex 4.86529 -12.436 -5
      vertex 4.87308 -12.4557 5
      vertex 4.87308 -12.4557 -5
    endloop
  endfacet
  facet normal 0.150642 0.988588 -0
    outer loop
      vertex 5.8317 -13.2047 -5
      vertex 5.8107 -13.2015 5
      vertex 5.8317 -13.2047 5
    endloop
  endfacet
  facet normal 0.150642 0.988588 0
    outer loop
      vertex 5.8107 -13.2015 5
      vertex 5.8317 -13.2047 -5
      vertex 5.8107 -13.2015 -5
    endloop
  endfacet
  facet normal 0.607887 -0.794023 0
    outer loop
      vertex 5.25204 -11.0414 -5
      vertex 5.26889 -11.0285 5
      vertex 5.25204 -11.0414 5
    endloop
  endfacet
  facet normal 0.607887 -0.794023 0
    outer loop
      vertex 5.26889 -11.0285 5
      vertex 5.25204 -11.0414 -5
      vertex 5.26889 -11.0285 -5
    endloop
  endfacet
  facet normal -0.579899 0.814688 0
    outer loop
      vertex 6.71604 -12.9842 -5
      vertex 6.69876 -12.9965 5
      vertex 6.71604 -12.9842 5
    endloop
  endfacet
  facet normal -0.579899 0.814688 0
    outer loop
      vertex 6.69876 -12.9965 5
      vertex 6.71604 -12.9842 -5
      vertex 6.69876 -12.9965 -5
    endloop
  endfacet
  facet normal -0.47601 0.87944 0
    outer loop
      vertex 6.59077 -13.064 -5
      vertex 6.57211 -13.0741 5
      vertex 6.59077 -13.064 5
    endloop
  endfacet
  facet normal -0.47601 0.87944 0
    outer loop
      vertex 6.57211 -13.0741 5
      vertex 6.59077 -13.064 -5
      vertex 6.57211 -13.0741 -5
    endloop
  endfacet
  facet normal -0.942528 0.334126 0
    outer loop
      vertex 7.14414 -12.4161 -5
      vertex 7.15123 -12.3961 5
      vertex 7.15123 -12.3961 -5
    endloop
  endfacet
  facet normal -0.942528 0.334126 0
    outer loop
      vertex 7.15123 -12.3961 5
      vertex 7.14414 -12.4161 -5
      vertex 7.14414 -12.4161 5
    endloop
  endfacet
  facet normal -0.150642 0.988588 0
    outer loop
      vertex 6.1913 -13.2015 -5
      vertex 6.1703 -13.2047 5
      vertex 6.1913 -13.2015 5
    endloop
  endfacet
  facet normal -0.150642 0.988588 0
    outer loop
      vertex 6.1703 -13.2047 5
      vertex 6.1913 -13.2015 -5
      vertex 6.1703 -13.2047 -5
    endloop
  endfacet
  facet normal -0.519348 0.854563 0
    outer loop
      vertex 6.64565 -13.0317 -5
      vertex 6.62755 -13.0427 5
      vertex 6.64565 -13.0317 5
    endloop
  endfacet
  facet normal -0.519348 0.854563 0
    outer loop
      vertex 6.62755 -13.0427 5
      vertex 6.64565 -13.0317 -5
      vertex 6.62755 -13.0427 -5
    endloop
  endfacet
  facet normal 0.461664 0.887055 -0
    outer loop
      vertex 5.44872 -13.0839 -5
      vertex 5.42989 -13.0741 5
      vertex 5.44872 -13.0839 5
    endloop
  endfacet
  facet normal 0.461664 0.887055 0
    outer loop
      vertex 5.42989 -13.0741 5
      vertex 5.44872 -13.0839 -5
      vertex 5.42989 -13.0741 -5
    endloop
  endfacet
  facet normal -0.701435 -0.712733 0
    outer loop
      vertex 6.84606 -11.1249 -5
      vertex 6.8612 -11.1398 5
      vertex 6.84606 -11.1249 5
    endloop
  endfacet
  facet normal -0.701435 -0.712733 -0
    outer loop
      vertex 6.8612 -11.1398 5
      vertex 6.84606 -11.1249 -5
      vertex 6.8612 -11.1398 -5
    endloop
  endfacet
  facet normal 0.986189 0.165623 0
    outer loop
      vertex 4.80298 -12.2112 5
      vertex 4.79947 -12.1903 -5
      vertex 4.79947 -12.1903 5
    endloop
  endfacet
  facet normal 0.986189 0.165623 0
    outer loop
      vertex 4.79947 -12.1903 -5
      vertex 4.80298 -12.2112 5
      vertex 4.80298 -12.2112 -5
    endloop
  endfacet
  facet normal -0.75949 0.650519 0
    outer loop
      vertex 6.91911 -12.7981 -5
      vertex 6.9329 -12.782 5
      vertex 6.9329 -12.782 -5
    endloop
  endfacet
  facet normal -0.75949 0.650519 0
    outer loop
      vertex 6.9329 -12.782 5
      vertex 6.91911 -12.7981 -5
      vertex 6.91911 -12.7981 5
    endloop
  endfacet
  facet normal 0.782246 0.62297 0
    outer loop
      vertex 5.0556 -12.7656 5
      vertex 5.04238 -12.749 -5
      vertex 5.04238 -12.749 5
    endloop
  endfacet
  facet normal 0.782246 0.62297 0
    outer loop
      vertex 5.04238 -12.749 -5
      vertex 5.0556 -12.7656 5
      vertex 5.0556 -12.7656 -5
    endloop
  endfacet
  facet normal -0.301357 0.953511 0
    outer loop
      vertex 6.37692 -13.157 -5
      vertex 6.35667 -13.1634 5
      vertex 6.37692 -13.157 5
    endloop
  endfacet
  facet normal -0.301357 0.953511 0
    outer loop
      vertex 6.35667 -13.1634 5
      vertex 6.37692 -13.157 -5
      vertex 6.35667 -13.1634 -5
    endloop
  endfacet
  facet normal -0.282676 0.959215 0
    outer loop
      vertex 6.35667 -13.1634 -5
      vertex 6.33631 -13.1694 5
      vertex 6.35667 -13.1634 5
    endloop
  endfacet
  facet normal -0.282676 0.959215 0
    outer loop
      vertex 6.33631 -13.1694 5
      vertex 6.35667 -13.1634 -5
      vertex 6.33631 -13.1694 -5
    endloop
  endfacet
  facet normal 0.991412 0.130772 0
    outer loop
      vertex 4.79633 -12.1693 5
      vertex 4.79356 -12.1483 -5
      vertex 4.79356 -12.1483 5
    endloop
  endfacet
  facet normal 0.991412 0.130772 0
    outer loop
      vertex 4.79356 -12.1483 -5
      vertex 4.79633 -12.1693 5
      vertex 4.79633 -12.1693 -5
    endloop
  endfacet
  facet normal -0.508254 -0.861207 0
    outer loop
      vertex 6.60925 -10.9465 -5
      vertex 6.62755 -10.9573 5
      vertex 6.60925 -10.9465 5
    endloop
  endfacet
  facet normal -0.508254 -0.861207 -0
    outer loop
      vertex 6.62755 -10.9573 5
      vertex 6.60925 -10.9465 -5
      vertex 6.62755 -10.9573 -5
    endloop
  endfacet
  facet normal 0.833786 -0.552088 0
    outer loop
      vertex 4.98075 -11.3374 5
      vertex 4.99247 -11.3197 -5
      vertex 4.99247 -11.3197 5
    endloop
  endfacet
  facet normal 0.833786 -0.552088 0
    outer loop
      vertex 4.99247 -11.3197 -5
      vertex 4.98075 -11.3374 5
      vertex 4.98075 -11.3374 -5
    endloop
  endfacet
  facet normal -0.127224 -0.991874 0
    outer loop
      vertex 6.14925 -10.7926 -5
      vertex 6.1703 -10.7953 5
      vertex 6.14925 -10.7926 5
    endloop
  endfacet
  facet normal -0.127224 -0.991874 -0
    outer loop
      vertex 6.1703 -10.7953 5
      vertex 6.14925 -10.7926 -5
      vertex 6.1703 -10.7953 -5
    endloop
  endfacet
  facet normal -0.833786 0.552088 0
    outer loop
      vertex 7.00953 -12.6803 -5
      vertex 7.02125 -12.6626 5
      vertex 7.02125 -12.6626 -5
    endloop
  endfacet
  facet normal -0.833786 0.552088 0
    outer loop
      vertex 7.02125 -12.6626 5
      vertex 7.00953 -12.6803 -5
      vertex 7.00953 -12.6803 5
    endloop
  endfacet
  facet normal -0.150642 -0.988588 0
    outer loop
      vertex 6.1703 -10.7953 -5
      vertex 6.1913 -10.7985 5
      vertex 6.1703 -10.7953 5
    endloop
  endfacet
  facet normal -0.150642 -0.988588 -0
    outer loop
      vertex 6.1913 -10.7985 5
      vertex 6.1703 -10.7953 -5
      vertex 6.1913 -10.7985 -5
    endloop
  endfacet
  facet normal 0.579899 0.814688 -0
    outer loop
      vertex 5.30324 -12.9965 -5
      vertex 5.28596 -12.9842 5
      vertex 5.30324 -12.9965 5
    endloop
  endfacet
  facet normal 0.579899 0.814688 0
    outer loop
      vertex 5.28596 -12.9842 5
      vertex 5.30324 -12.9965 -5
      vertex 5.28596 -12.9842 -5
    endloop
  endfacet
  facet normal -0.712277 -0.701899 0
    outer loop
      vertex 6.87608 -11.1549 -5
      vertex 6.8612 -11.1398 5
      vertex 6.8612 -11.1398 -5
    endloop
  endfacet
  facet normal -0.712277 -0.701899 0
    outer loop
      vertex 6.8612 -11.1398 5
      vertex 6.87608 -11.1549 -5
      vertex 6.87608 -11.1549 5
    endloop
  endfacet
  facet normal 0.860399 0.509621 0
    outer loop
      vertex 4.95825 -12.6265 5
      vertex 4.94747 -12.6083 -5
      vertex 4.94747 -12.6083 5
    endloop
  endfacet
  facet normal 0.860399 0.509621 0
    outer loop
      vertex 4.94747 -12.6083 -5
      vertex 4.95825 -12.6265 5
      vertex 4.95825 -12.6265 -5
    endloop
  endfacet
  facet normal 0.381603 0.924326 -0
    outer loop
      vertex 5.54529 -13.1279 -5
      vertex 5.52567 -13.1198 5
      vertex 5.54529 -13.1279 5
    endloop
  endfacet
  facet normal 0.381603 0.924326 0
    outer loop
      vertex 5.52567 -13.1198 5
      vertex 5.54529 -13.1279 -5
      vertex 5.52567 -13.1198 -5
    endloop
  endfacet
  facet normal -0.772066 -0.635542 0
    outer loop
      vertex 6.9464 -11.2344 -5
      vertex 6.9329 -11.218 5
      vertex 6.9329 -11.218 -5
    endloop
  endfacet
  facet normal -0.772066 -0.635542 0
    outer loop
      vertex 6.9329 -11.218 5
      vertex 6.9464 -11.2344 -5
      vertex 6.9464 -11.2344 5
    endloop
  endfacet
  facet normal 0.886753 -0.462244 0
    outer loop
      vertex 4.91709 -11.4477 5
      vertex 4.92689 -11.4289 -5
      vertex 4.92689 -11.4289 5
    endloop
  endfacet
  facet normal 0.886753 -0.462244 0
    outer loop
      vertex 4.92689 -11.4289 -5
      vertex 4.91709 -11.4477 5
      vertex 4.91709 -11.4477 -5
    endloop
  endfacet
  facet normal -0.936831 -0.349782 0
    outer loop
      vertex 7.14414 -11.5839 -5
      vertex 7.13671 -11.564 5
      vertex 7.13671 -11.564 -5
    endloop
  endfacet
  facet normal -0.936831 -0.349782 0
    outer loop
      vertex 7.13671 -11.564 5
      vertex 7.14414 -11.5839 -5
      vertex 7.14414 -11.5839 5
    endloop
  endfacet
  facet normal 0.622163 -0.782888 0
    outer loop
      vertex 5.23543 -11.0546 -5
      vertex 5.25204 -11.0414 5
      vertex 5.23543 -11.0546 5
    endloop
  endfacet
  facet normal 0.622163 -0.782888 0
    outer loop
      vertex 5.25204 -11.0414 5
      vertex 5.23543 -11.0546 -5
      vertex 5.25204 -11.0414 -5
    endloop
  endfacet
  facet normal 0.230877 0.972983 -0
    outer loop
      vertex 5.72735 -13.1853 -5
      vertex 5.7067 -13.1804 5
      vertex 5.72735 -13.1853 5
    endloop
  endfacet
  facet normal 0.230877 0.972983 0
    outer loop
      vertex 5.7067 -13.1804 5
      vertex 5.72735 -13.1853 -5
      vertex 5.7067 -13.1804 -5
    endloop
  endfacet
  facet normal 0.989005 0.14788 0
    outer loop
      vertex 4.79947 -12.1903 5
      vertex 4.79633 -12.1693 -5
      vertex 4.79633 -12.1693 5
    endloop
  endfacet
  facet normal 0.989005 0.14788 0
    outer loop
      vertex 4.79633 -12.1693 -5
      vertex 4.79947 -12.1903 5
      vertex 4.79947 -12.1903 -5
    endloop
  endfacet
  facet normal 0.748889 -0.662696 0
    outer loop
      vertex 5.08289 -11.2019 5
      vertex 5.09696 -11.186 -5
      vertex 5.09696 -11.186 5
    endloop
  endfacet
  facet normal 0.748889 -0.662696 0
    outer loop
      vertex 5.09696 -11.186 -5
      vertex 5.08289 -11.2019 5
      vertex 5.08289 -11.2019 -5
    endloop
  endfacet
  facet normal 0.923856 -0.38274 0
    outer loop
      vertex 4.87308 -11.5443 5
      vertex 4.8812 -11.5247 -5
      vertex 4.8812 -11.5247 5
    endloop
  endfacet
  facet normal 0.923856 -0.38274 0
    outer loop
      vertex 4.8812 -11.5247 -5
      vertex 4.87308 -11.5443 5
      vertex 4.87308 -11.5443 -5
    endloop
  endfacet
  facet normal 0.414513 0.910044 -0
    outer loop
      vertex 5.5062 -13.1113 -5
      vertex 5.48688 -13.1025 5
      vertex 5.5062 -13.1113 5
    endloop
  endfacet
  facet normal 0.414513 0.910044 0
    outer loop
      vertex 5.48688 -13.1025 5
      vertex 5.5062 -13.1113 -5
      vertex 5.48688 -13.1025 -5
    endloop
  endfacet
  facet normal 0.725235 0.688502 0
    outer loop
      vertex 5.12592 -12.8451 5
      vertex 5.1113 -12.8297 -5
      vertex 5.1113 -12.8297 5
    endloop
  endfacet
  facet normal 0.725235 0.688502 0
    outer loop
      vertex 5.1113 -12.8297 -5
      vertex 5.12592 -12.8451 5
      vertex 5.12592 -12.8451 -5
    endloop
  endfacet
  facet normal -0.519348 -0.854563 0
    outer loop
      vertex 6.62755 -10.9573 -5
      vertex 6.64565 -10.9683 5
      vertex 6.62755 -10.9573 5
    endloop
  endfacet
  facet normal -0.519348 -0.854563 -0
    outer loop
      vertex 6.64565 -10.9683 5
      vertex 6.62755 -10.9573 -5
      vertex 6.64565 -10.9683 -5
    endloop
  endfacet
  facet normal 0.738363 0.674403 0
    outer loop
      vertex 5.1113 -12.8297 5
      vertex 5.09696 -12.814 -5
      vertex 5.09696 -12.814 5
    endloop
  endfacet
  facet normal 0.738363 0.674403 0
    outer loop
      vertex 5.09696 -12.814 -5
      vertex 5.1113 -12.8297 5
      vertex 5.1113 -12.8297 -5
    endloop
  endfacet
  facet normal 0.268372 -0.963315 0
    outer loop
      vertex 5.66569 -10.8306 -5
      vertex 5.68615 -10.8249 5
      vertex 5.66569 -10.8306 5
    endloop
  endfacet
  facet normal 0.268372 -0.963315 0
    outer loop
      vertex 5.68615 -10.8249 5
      vertex 5.66569 -10.8306 -5
      vertex 5.68615 -10.8249 -5
    endloop
  endfacet
  facet normal -0.804381 -0.594113 0
    outer loop
      vertex 6.98517 -11.285 -5
      vertex 6.97254 -11.2679 5
      vertex 6.97254 -11.2679 -5
    endloop
  endfacet
  facet normal -0.804381 -0.594113 0
    outer loop
      vertex 6.97254 -11.2679 5
      vertex 6.98517 -11.285 -5
      vertex 6.98517 -11.285 5
    endloop
  endfacet
  facet normal -0.824069 0.566489 0
    outer loop
      vertex 6.9975 -12.6978 -5
      vertex 7.00953 -12.6803 5
      vertex 7.00953 -12.6803 -5
    endloop
  endfacet
  facet normal -0.824069 0.566489 0
    outer loop
      vertex 7.00953 -12.6803 5
      vertex 6.9975 -12.6978 -5
      vertex 6.9975 -12.6978 5
    endloop
  endfacet
  facet normal 0.958983 0.283464 0
    outer loop
      vertex 4.83765 -12.3557 5
      vertex 4.83162 -12.3353 -5
      vertex 4.83162 -12.3353 5
    endloop
  endfacet
  facet normal 0.958983 0.283464 0
    outer loop
      vertex 4.83162 -12.3353 -5
      vertex 4.83765 -12.3557 5
      vertex 4.83765 -12.3557 -5
    endloop
  endfacet
  facet normal 0.963477 0.26779 0
    outer loop
      vertex 4.83162 -12.3353 5
      vertex 4.82595 -12.3149 -5
      vertex 4.82595 -12.3149 5
    endloop
  endfacet
  facet normal 0.963477 0.26779 0
    outer loop
      vertex 4.82595 -12.3149 -5
      vertex 4.83162 -12.3353 5
      vertex 4.83162 -12.3353 -5
    endloop
  endfacet
  facet normal 0.942528 -0.334126 0
    outer loop
      vertex 4.85077 -11.6039 5
      vertex 4.85786 -11.5839 -5
      vertex 4.85786 -11.5839 5
    endloop
  endfacet
  facet normal 0.942528 -0.334126 0
    outer loop
      vertex 4.85786 -11.5839 -5
      vertex 4.85077 -11.6039 5
      vertex 4.85077 -11.6039 -5
    endloop
  endfacet
  facet normal 0.942528 0.334126 0
    outer loop
      vertex 4.85786 -12.4161 5
      vertex 4.85077 -12.3961 -5
      vertex 4.85077 -12.3961 5
    endloop
  endfacet
  facet normal 0.942528 0.334126 0
    outer loop
      vertex 4.85077 -12.3961 -5
      vertex 4.85786 -12.4161 5
      vertex 4.85786 -12.4161 -5
    endloop
  endfacet
  facet normal -0.164857 -0.986317 0
    outer loop
      vertex 6.1913 -10.7985 -5
      vertex 6.21224 -10.802 5
      vertex 6.1913 -10.7985 5
    endloop
  endfacet
  facet normal -0.164857 -0.986317 -0
    outer loop
      vertex 6.21224 -10.802 5
      vertex 6.1913 -10.7985 -5
      vertex 6.21224 -10.802 -5
    endloop
  endfacet
  facet normal -0.948589 -0.31651 0
    outer loop
      vertex 7.15797 -11.6241 -5
      vertex 7.15123 -11.6039 5
      vertex 7.15123 -11.6039 -5
    endloop
  endfacet
  facet normal -0.948589 -0.31651 0
    outer loop
      vertex 7.15123 -11.6039 5
      vertex 7.15797 -11.6241 -5
      vertex 7.15797 -11.6241 5
    endloop
  endfacet
  facet normal 0.249736 0.968314 -0
    outer loop
      vertex 5.7067 -13.1804 -5
      vertex 5.68615 -13.1751 5
      vertex 5.7067 -13.1804 5
    endloop
  endfacet
  facet normal 0.249736 0.968314 0
    outer loop
      vertex 5.68615 -13.1751 5
      vertex 5.7067 -13.1804 -5
      vertex 5.68615 -13.1751 -5
    endloop
  endfacet
  facet normal 0.991412 -0.130772 0
    outer loop
      vertex 4.79356 -11.8517 5
      vertex 4.79633 -11.8307 -5
      vertex 4.79633 -11.8307 5
    endloop
  endfacet
  facet normal 0.991412 -0.130772 0
    outer loop
      vertex 4.79633 -11.8307 -5
      vertex 4.79356 -11.8517 5
      vertex 4.79356 -11.8517 -5
    endloop
  endfacet
  facet normal 0.999039 -0.0438258 0
    outer loop
      vertex 4.78523 -11.9575 5
      vertex 4.78616 -11.9363 -5
      vertex 4.78616 -11.9363 5
    endloop
  endfacet
  facet normal 0.999039 -0.0438258 0
    outer loop
      vertex 4.78616 -11.9363 -5
      vertex 4.78523 -11.9575 5
      vertex 4.78523 -11.9575 -5
    endloop
  endfacet
  facet normal -0.249736 -0.968314 0
    outer loop
      vertex 6.2953 -10.8196 -5
      vertex 6.31585 -10.8249 5
      vertex 6.2953 -10.8196 5
    endloop
  endfacet
  facet normal -0.249736 -0.968314 -0
    outer loop
      vertex 6.31585 -10.8249 5
      vertex 6.2953 -10.8196 -5
      vertex 6.31585 -10.8249 -5
    endloop
  endfacet
  facet normal 0.47601 -0.87944 0
    outer loop
      vertex 5.41123 -10.936 -5
      vertex 5.42989 -10.9259 5
      vertex 5.41123 -10.936 5
    endloop
  endfacet
  facet normal 0.47601 -0.87944 0
    outer loop
      vertex 5.42989 -10.9259 5
      vertex 5.41123 -10.936 -5
      vertex 5.42989 -10.9259 -5
    endloop
  endfacet
  facet normal 0.909881 0.414868 0
    outer loop
      vertex 4.89847 -12.5141 5
      vertex 4.88967 -12.4948 -5
      vertex 4.88967 -12.4948 5
    endloop
  endfacet
  facet normal 0.909881 0.414868 0
    outer loop
      vertex 4.88967 -12.4948 -5
      vertex 4.89847 -12.5141 5
      vertex 4.89847 -12.5141 -5
    endloop
  endfacet
  facet normal 0.844607 -0.535387 0
    outer loop
      vertex 4.96934 -11.3554 5
      vertex 4.98075 -11.3374 -5
      vertex 4.98075 -11.3374 5
    endloop
  endfacet
  facet normal 0.844607 -0.535387 0
    outer loop
      vertex 4.98075 -11.3374 -5
      vertex 4.96934 -11.3554 5
      vertex 4.96934 -11.3554 -5
    endloop
  endfacet
  facet normal -0.113068 -0.993587 0
    outer loop
      vertex 6.12816 -10.7902 -5
      vertex 6.14925 -10.7926 5
      vertex 6.12816 -10.7902 5
    endloop
  endfacet
  facet normal -0.113068 -0.993587 -0
    outer loop
      vertex 6.14925 -10.7926 5
      vertex 6.12816 -10.7902 -5
      vertex 6.14925 -10.7926 -5
    endloop
  endfacet
  facet normal 0.447214 0.894427 -0
    outer loop
      vertex 5.46772 -13.0934 -5
      vertex 5.44872 -13.0839 5
      vertex 5.46772 -13.0934 5
    endloop
  endfacet
  facet normal 0.447214 0.894427 0
    outer loop
      vertex 5.44872 -13.0839 5
      vertex 5.46772 -13.0934 -5
      vertex 5.44872 -13.0839 -5
    endloop
  endfacet
  facet normal 0.150642 -0.988588 0
    outer loop
      vertex 5.8107 -10.7985 -5
      vertex 5.8317 -10.7953 5
      vertex 5.8107 -10.7985 5
    endloop
  endfacet
  facet normal 0.150642 -0.988588 0
    outer loop
      vertex 5.8317 -10.7953 5
      vertex 5.8107 -10.7985 -5
      vertex 5.8317 -10.7953 -5
    endloop
  endfacet
  facet normal 0.334396 0.942433 -0
    outer loop
      vertex 5.60494 -13.1502 -5
      vertex 5.58493 -13.1431 5
      vertex 5.60494 -13.1502 5
    endloop
  endfacet
  facet normal 0.334396 0.942433 0
    outer loop
      vertex 5.58493 -13.1431 5
      vertex 5.60494 -13.1502 -5
      vertex 5.58493 -13.1431 -5
    endloop
  endfacet
  facet normal -0.75949 -0.650519 0
    outer loop
      vertex 6.9329 -11.218 -5
      vertex 6.91911 -11.2019 5
      vertex 6.91911 -11.2019 -5
    endloop
  endfacet
  facet normal -0.75949 -0.650519 0
    outer loop
      vertex 6.91911 -11.2019 5
      vertex 6.9329 -11.218 -5
      vertex 6.9329 -11.218 5
    endloop
  endfacet
  facet normal -0.113068 0.993587 0
    outer loop
      vertex 6.14925 -13.2074 -5
      vertex 6.12816 -13.2098 5
      vertex 6.14925 -13.2074 5
    endloop
  endfacet
  facet normal -0.113068 0.993587 0
    outer loop
      vertex 6.12816 -13.2098 5
      vertex 6.14925 -13.2074 -5
      vertex 6.12816 -13.2098 -5
    endloop
  endfacet
  facet normal 0.301357 0.953511 -0
    outer loop
      vertex 5.64533 -13.1634 -5
      vertex 5.62508 -13.157 5
      vertex 5.64533 -13.1634 5
    endloop
  endfacet
  facet normal 0.301357 0.953511 0
    outer loop
      vertex 5.62508 -13.157 5
      vertex 5.64533 -13.1634 -5
      vertex 5.62508 -13.157 -5
    endloop
  endfacet
  facet normal 0.886753 0.462244 0
    outer loop
      vertex 4.92689 -12.5711 5
      vertex 4.91709 -12.5523 -5
      vertex 4.91709 -12.5523 5
    endloop
  endfacet
  facet normal 0.886753 0.462244 0
    outer loop
      vertex 4.91709 -12.5523 -5
      vertex 4.92689 -12.5711 5
      vertex 4.92689 -12.5711 -5
    endloop
  endfacet
  facet normal 0.894804 0.44646 0
    outer loop
      vertex 4.91709 -12.5523 5
      vertex 4.90761 -12.5333 -5
      vertex 4.90761 -12.5333 5
    endloop
  endfacet
  facet normal 0.894804 0.44646 0
    outer loop
      vertex 4.90761 -12.5333 -5
      vertex 4.91709 -12.5523 5
      vertex 4.91709 -12.5523 -5
    endloop
  endfacet
  facet normal -0.127224 0.991874 0
    outer loop
      vertex 6.1703 -13.2047 -5
      vertex 6.14925 -13.2074 5
      vertex 6.1703 -13.2047 5
    endloop
  endfacet
  facet normal -0.127224 0.991874 0
    outer loop
      vertex 6.14925 -13.2074 5
      vertex 6.1703 -13.2047 -5
      vertex 6.14925 -13.2074 -5
    endloop
  endfacet
  facet normal 0.794438 0.607345 0
    outer loop
      vertex 5.04238 -12.749 5
      vertex 5.02946 -12.7321 -5
      vertex 5.02946 -12.7321 5
    endloop
  endfacet
  facet normal 0.794438 0.607345 0
    outer loop
      vertex 5.02946 -12.7321 -5
      vertex 5.04238 -12.749 5
      vertex 5.04238 -12.749 -5
    endloop
  endfacet
  facet normal 0.127224 0.991874 -0
    outer loop
      vertex 5.85275 -13.2074 -5
      vertex 5.8317 -13.2047 5
      vertex 5.85275 -13.2074 5
    endloop
  endfacet
  facet normal 0.127224 0.991874 0
    outer loop
      vertex 5.8317 -13.2047 5
      vertex 5.85275 -13.2074 -5
      vertex 5.8317 -13.2047 -5
    endloop
  endfacet
  facet normal -0.772066 0.635542 0
    outer loop
      vertex 6.9329 -12.782 -5
      vertex 6.9464 -12.7656 5
      vertex 6.9464 -12.7656 -5
    endloop
  endfacet
  facet normal -0.772066 0.635542 0
    outer loop
      vertex 6.9464 -12.7656 5
      vertex 6.9329 -12.782 -5
      vertex 6.9329 -12.782 5
    endloop
  endfacet
  facet normal -0.319895 -0.947453 0
    outer loop
      vertex 6.37692 -10.843 -5
      vertex 6.39706 -10.8498 5
      vertex 6.37692 -10.843 5
    endloop
  endfacet
  facet normal -0.319895 -0.947453 -0
    outer loop
      vertex 6.39706 -10.8498 5
      vertex 6.37692 -10.843 -5
      vertex 6.39706 -10.8498 -5
    endloop
  endfacet
  facet normal -0.972216 0.234087 0
    outer loop
      vertex 7.18137 -12.2943 -5
      vertex 7.18633 -12.2737 5
      vertex 7.18633 -12.2737 -5
    endloop
  endfacet
  facet normal -0.972216 0.234087 0
    outer loop
      vertex 7.18633 -12.2737 5
      vertex 7.18137 -12.2943 -5
      vertex 7.18137 -12.2943 5
    endloop
  endfacet
  facet normal 0.894804 -0.44646 0
    outer loop
      vertex 4.90761 -11.4667 5
      vertex 4.91709 -11.4477 -5
      vertex 4.91709 -11.4477 5
    endloop
  endfacet
  facet normal 0.894804 -0.44646 0
    outer loop
      vertex 4.91709 -11.4477 -5
      vertex 4.90761 -11.4667 5
      vertex 4.90761 -11.4667 -5
    endloop
  endfacet
  facet normal 0.508254 0.861207 -0
    outer loop
      vertex 5.39275 -13.0535 -5
      vertex 5.37445 -13.0427 5
      vertex 5.39275 -13.0535 5
    endloop
  endfacet
  facet normal 0.508254 0.861207 0
    outer loop
      vertex 5.37445 -13.0427 5
      vertex 5.39275 -13.0535 -5
      vertex 5.37445 -13.0427 -5
    endloop
  endfacet
  facet normal -0.804381 0.594113 0
    outer loop
      vertex 6.97254 -12.7321 -5
      vertex 6.98517 -12.715 5
      vertex 6.98517 -12.715 -5
    endloop
  endfacet
  facet normal -0.804381 0.594113 0
    outer loop
      vertex 6.98517 -12.715 5
      vertex 6.97254 -12.7321 -5
      vertex 6.97254 -12.7321 5
    endloop
  endfacet
  facet normal 0.794438 -0.607345 0
    outer loop
      vertex 5.02946 -11.2679 5
      vertex 5.04238 -11.251 -5
      vertex 5.04238 -11.251 5
    endloop
  endfacet
  facet normal 0.794438 -0.607345 0
    outer loop
      vertex 5.04238 -11.251 -5
      vertex 5.02946 -11.2679 5
      vertex 5.02946 -11.2679 -5
    endloop
  endfacet
  facet normal 0.230877 -0.972983 0
    outer loop
      vertex 5.7067 -10.8196 -5
      vertex 5.72735 -10.8147 5
      vertex 5.7067 -10.8196 5
    endloop
  endfacet
  facet normal 0.230877 -0.972983 0
    outer loop
      vertex 5.72735 -10.8147 5
      vertex 5.7067 -10.8196 -5
      vertex 5.72735 -10.8147 -5
    endloop
  endfacet
  facet normal 0.282676 0.959215 -0
    outer loop
      vertex 5.66569 -13.1694 -5
      vertex 5.64533 -13.1634 5
      vertex 5.66569 -13.1694 5
    endloop
  endfacet
  facet normal 0.282676 0.959215 0
    outer loop
      vertex 5.64533 -13.1634 5
      vertex 5.66569 -13.1694 -5
      vertex 5.64533 -13.1634 -5
    endloop
  endfacet
  facet normal -0.540306 0.841468 0
    outer loop
      vertex 6.66356 -13.0202 -5
      vertex 6.64565 -13.0317 5
      vertex 6.66356 -13.0202 5
    endloop
  endfacet
  facet normal -0.540306 0.841468 0
    outer loop
      vertex 6.64565 -13.0317 5
      vertex 6.66356 -13.0202 -5
      vertex 6.64565 -13.0317 -5
    endloop
  endfacet
  facet normal -0.461664 -0.887055 0
    outer loop
      vertex 6.55328 -10.9161 -5
      vertex 6.57211 -10.9259 5
      vertex 6.55328 -10.9161 5
    endloop
  endfacet
  facet normal -0.461664 -0.887055 -0
    outer loop
      vertex 6.57211 -10.9259 5
      vertex 6.55328 -10.9161 -5
      vertex 6.57211 -10.9259 -5
    endloop
  endfacet
  facet normal 0.972216 -0.234087 0
    outer loop
      vertex 4.81567 -11.7263 5
      vertex 4.82063 -11.7057 -5
      vertex 4.82063 -11.7057 5
    endloop
  endfacet
  facet normal 0.972216 -0.234087 0
    outer loop
      vertex 4.82063 -11.7057 -5
      vertex 4.81567 -11.7263 5
      vertex 4.81567 -11.7263 -5
    endloop
  endfacet
  facet normal 0.0470731 0.998891 -0
    outer loop
      vertex 5.95855 -13.2158 -5
      vertex 5.93733 -13.2148 5
      vertex 5.95855 -13.2158 5
    endloop
  endfacet
  facet normal 0.0470731 0.998891 0
    outer loop
      vertex 5.93733 -13.2148 5
      vertex 5.95855 -13.2158 -5
      vertex 5.93733 -13.2148 -5
    endloop
  endfacet
  facet normal 0.968233 0.250049 0
    outer loop
      vertex 4.82595 -12.3149 5
      vertex 4.82063 -12.2943 -5
      vertex 4.82063 -12.2943 5
    endloop
  endfacet
  facet normal 0.968233 0.250049 0
    outer loop
      vertex 4.82063 -12.2943 -5
      vertex 4.82595 -12.3149 5
      vertex 4.82595 -12.3149 -5
    endloop
  endfacet
  facet normal 0.334396 -0.942433 0
    outer loop
      vertex 5.58493 -10.8569 -5
      vertex 5.60494 -10.8498 5
      vertex 5.58493 -10.8569 5
    endloop
  endfacet
  facet normal 0.334396 -0.942433 0
    outer loop
      vertex 5.60494 -10.8498 5
      vertex 5.58493 -10.8569 -5
      vertex 5.60494 -10.8498 -5
    endloop
  endfacet
  facet normal 0.596912 0.802307 -0
    outer loop
      vertex 5.28596 -12.9842 -5
      vertex 5.26889 -12.9715 5
      vertex 5.28596 -12.9842 5
    endloop
  endfacet
  facet normal 0.596912 0.802307 0
    outer loop
      vertex 5.26889 -12.9715 5
      vertex 5.28596 -12.9842 -5
      vertex 5.26889 -12.9715 -5
    endloop
  endfacet
  facet normal 0.663487 0.748188 -0
    outer loop
      vertex 5.2029 -12.9181 -5
      vertex 5.187 -12.904 5
      vertex 5.2029 -12.9181 5
    endloop
  endfacet
  facet normal 0.663487 0.748188 0
    outer loop
      vertex 5.187 -12.904 5
      vertex 5.2029 -12.9181 -5
      vertex 5.187 -12.904 -5
    endloop
  endfacet
  facet normal -0.782246 -0.62297 0
    outer loop
      vertex 6.95962 -11.251 -5
      vertex 6.9464 -11.2344 5
      vertex 6.9464 -11.2344 -5
    endloop
  endfacet
  facet normal -0.782246 -0.62297 0
    outer loop
      vertex 6.9464 -11.2344 5
      vertex 6.95962 -11.251 -5
      vertex 6.95962 -11.251 5
    endloop
  endfacet
  facet normal 0.216731 0.976231 -0
    outer loop
      vertex 5.74807 -13.1899 -5
      vertex 5.72735 -13.1853 5
      vertex 5.74807 -13.1899 5
    endloop
  endfacet
  facet normal 0.216731 0.976231 0
    outer loop
      vertex 5.72735 -13.1853 5
      vertex 5.74807 -13.1899 -5
      vertex 5.72735 -13.1853 -5
    endloop
  endfacet
  facet normal -0.268372 -0.963315 0
    outer loop
      vertex 6.31585 -10.8249 -5
      vertex 6.33631 -10.8306 5
      vertex 6.31585 -10.8249 5
    endloop
  endfacet
  facet normal -0.268372 -0.963315 -0
    outer loop
      vertex 6.33631 -10.8306 5
      vertex 6.31585 -10.8249 -5
      vertex 6.33631 -10.8306 -5
    endloop
  endfacet
  facet normal -0.999655 -0.026282 0
    outer loop
      vertex 7.21732 12.0232 -5
      vertex 7.21676 12.0445 5
      vertex 7.21676 12.0445 -5
    endloop
  endfacet
  facet normal -0.999655 -0.026282 0
    outer loop
      vertex 7.21676 12.0445 5
      vertex 7.21732 12.0232 -5
      vertex 7.21732 12.0232 5
    endloop
  endfacet
  facet normal -0.99996 -0.0089619 0
    outer loop
      vertex 7.21751 12.002 -5
      vertex 7.21732 12.0232 5
      vertex 7.21732 12.0232 -5
    endloop
  endfacet
  facet normal -0.99996 -0.0089619 0
    outer loop
      vertex 7.21732 12.0232 5
      vertex 7.21751 12.002 -5
      vertex 7.21751 12.002 5
    endloop
  endfacet
  facet normal -0.99906 -0.0433554 0
    outer loop
      vertex 7.21676 12.0445 -5
      vertex 7.21584 12.0657 5
      vertex 7.21584 12.0657 -5
    endloop
  endfacet
  facet normal -0.99906 -0.0433554 0
    outer loop
      vertex 7.21584 12.0657 5
      vertex 7.21676 12.0445 -5
      vertex 7.21676 12.0445 5
    endloop
  endfacet
  facet normal -0.540306 -0.841468 0
    outer loop
      vertex 6.64565 13.0337 -5
      vertex 6.66356 13.0222 5
      vertex 6.64565 13.0337 5
    endloop
  endfacet
  facet normal -0.540306 -0.841468 -0
    outer loop
      vertex 6.66356 13.0222 5
      vertex 6.64565 13.0337 -5
      vertex 6.66356 13.0222 -5
    endloop
  endfacet
  facet normal -0.164857 0.986317 0
    outer loop
      vertex 6.21224 10.804 -5
      vertex 6.1913 10.8005 5
      vertex 6.21224 10.804 5
    endloop
  endfacet
  facet normal -0.164857 0.986317 0
    outer loop
      vertex 6.1913 10.8005 5
      vertex 6.21224 10.804 -5
      vertex 6.1913 10.8005 -5
    endloop
  endfacet
  facet normal -0.381603 -0.924326 0
    outer loop
      vertex 6.45671 13.1299 -5
      vertex 6.47633 13.1218 5
      vertex 6.45671 13.1299 5
    endloop
  endfacet
  facet normal -0.381603 -0.924326 -0
    outer loop
      vertex 6.47633 13.1218 5
      vertex 6.45671 13.1299 -5
      vertex 6.47633 13.1218 -5
    endloop
  endfacet
  facet normal 0.936831 0.349782 0
    outer loop
      vertex 4.86529 11.566 5
      vertex 4.85786 11.5859 -5
      vertex 4.85786 11.5859 5
    endloop
  endfacet
  facet normal 0.936831 0.349782 0
    outer loop
      vertex 4.85786 11.5859 -5
      vertex 4.86529 11.566 5
      vertex 4.86529 11.566 -5
    endloop
  endfacet
  facet normal -0.998125 -0.0612058 0
    outer loop
      vertex 7.21584 12.0657 -5
      vertex 7.21454 12.0869 5
      vertex 7.21454 12.0869 -5
    endloop
  endfacet
  facet normal -0.998125 -0.0612058 0
    outer loop
      vertex 7.21454 12.0869 5
      vertex 7.21584 12.0657 -5
      vertex 7.21584 12.0657 5
    endloop
  endfacet
  facet normal -0.983369 -0.181617 0
    outer loop
      vertex 7.19902 12.2132 -5
      vertex 7.19516 12.2341 5
      vertex 7.19516 12.2341 -5
    endloop
  endfacet
  facet normal -0.983369 -0.181617 0
    outer loop
      vertex 7.19516 12.2341 5
      vertex 7.19902 12.2132 -5
      vertex 7.19902 12.2132 5
    endloop
  endfacet
  facet normal 0.0753991 -0.997153 0
    outer loop
      vertex 5.89498 13.2139 -5
      vertex 5.91614 13.2155 5
      vertex 5.89498 13.2139 5
    endloop
  endfacet
  facet normal 0.0753991 -0.997153 0
    outer loop
      vertex 5.91614 13.2155 5
      vertex 5.89498 13.2139 -5
      vertex 5.91614 13.2155 -5
    endloop
  endfacet
  facet normal -0.348695 0.937236 0
    outer loop
      vertex 6.43696 10.8663 -5
      vertex 6.41707 10.8589 5
      vertex 6.43696 10.8663 5
    endloop
  endfacet
  facet normal -0.348695 0.937236 0
    outer loop
      vertex 6.41707 10.8589 5
      vertex 6.43696 10.8663 -5
      vertex 6.41707 10.8589 -5
    endloop
  endfacet
  facet normal -0.0988512 -0.995102 0
    outer loop
      vertex 6.10702 13.2139 -5
      vertex 6.12816 13.2118 5
      vertex 6.10702 13.2139 5
    endloop
  endfacet
  facet normal -0.0988512 -0.995102 -0
    outer loop
      vertex 6.12816 13.2118 5
      vertex 6.10702 13.2139 -5
      vertex 6.12816 13.2118 -5
    endloop
  endfacet
  facet normal -0.983369 0.181617 0
    outer loop
      vertex 7.19516 11.7699 -5
      vertex 7.19902 11.7908 5
      vertex 7.19902 11.7908 -5
    endloop
  endfacet
  facet normal -0.983369 0.181617 0
    outer loop
      vertex 7.19902 11.7908 5
      vertex 7.19516 11.7699 -5
      vertex 7.19516 11.7699 5
    endloop
  endfacet
  facet normal -0.674549 0.73823 0
    outer loop
      vertex 6.83065 11.1123 -5
      vertex 6.815 11.098 5
      vertex 6.83065 11.1123 5
    endloop
  endfacet
  facet normal -0.674549 0.73823 0
    outer loop
      vertex 6.815 11.098 5
      vertex 6.83065 11.1123 -5
      vertex 6.815 11.098 -5
    endloop
  endfacet
  facet normal 0.565528 -0.824729 0
    outer loop
      vertex 5.30324 12.9985 -5
      vertex 5.32074 13.0105 5
      vertex 5.30324 12.9985 5
    endloop
  endfacet
  facet normal 0.565528 -0.824729 0
    outer loop
      vertex 5.32074 13.0105 5
      vertex 5.30324 12.9985 -5
      vertex 5.32074 13.0105 -5
    endloop
  endfacet
  facet normal 0.953568 -0.301177 0
    outer loop
      vertex 4.83765 12.3577 5
      vertex 4.84403 12.3779 -5
      vertex 4.84403 12.3779 5
    endloop
  endfacet
  facet normal 0.953568 -0.301177 0
    outer loop
      vertex 4.84403 12.3779 -5
      vertex 4.83765 12.3577 5
      vertex 4.83765 12.3577 -5
    endloop
  endfacet
  facet normal -0.812743 -0.582623 0
    outer loop
      vertex 6.9975 12.6998 -5
      vertex 6.98517 12.717 5
      vertex 6.98517 12.717 -5
    endloop
  endfacet
  facet normal -0.812743 -0.582623 0
    outer loop
      vertex 6.98517 12.717 5
      vertex 6.9975 12.6998 -5
      vertex 6.9975 12.6998 5
    endloop
  endfacet
  facet normal 0.75949 -0.650519 0
    outer loop
      vertex 5.0691 12.784 5
      vertex 5.08289 12.8001 -5
      vertex 5.08289 12.8001 5
    endloop
  endfacet
  facet normal 0.75949 -0.650519 0
    outer loop
      vertex 5.08289 12.8001 -5
      vertex 5.0691 12.784 5
      vertex 5.0691 12.784 -5
    endloop
  endfacet
  facet normal -0.953568 -0.301177 0
    outer loop
      vertex 7.16435 12.3577 -5
      vertex 7.15797 12.3779 5
      vertex 7.15797 12.3779 -5
    endloop
  endfacet
  facet normal -0.953568 -0.301177 0
    outer loop
      vertex 7.15797 12.3779 5
      vertex 7.16435 12.3577 -5
      vertex 7.16435 12.3577 5
    endloop
  endfacet
  facet normal -0.725235 -0.688502 0
    outer loop
      vertex 6.8907 12.8317 -5
      vertex 6.87608 12.8471 5
      vertex 6.87608 12.8471 -5
    endloop
  endfacet
  facet normal -0.725235 -0.688502 0
    outer loop
      vertex 6.87608 12.8471 5
      vertex 6.8907 12.8317 -5
      vertex 6.8907 12.8317 5
    endloop
  endfacet
  facet normal -0.622163 -0.782888 0
    outer loop
      vertex 6.74996 12.9606 -5
      vertex 6.76657 12.9474 5
      vertex 6.74996 12.9606 5
    endloop
  endfacet
  facet normal -0.622163 -0.782888 -0
    outer loop
      vertex 6.76657 12.9474 5
      vertex 6.74996 12.9606 -5
      vertex 6.76657 12.9474 -5
    endloop
  endfacet
  facet normal -0.579899 -0.814688 0
    outer loop
      vertex 6.69876 12.9985 -5
      vertex 6.71604 12.9862 5
      vertex 6.69876 12.9985 5
    endloop
  endfacet
  facet normal -0.579899 -0.814688 -0
    outer loop
      vertex 6.71604 12.9862 5
      vertex 6.69876 12.9985 -5
      vertex 6.71604 12.9862 -5
    endloop
  endfacet
  facet normal -0.886753 -0.462244 0
    outer loop
      vertex 7.08491 12.5543 -5
      vertex 7.07511 12.5731 5
      vertex 7.07511 12.5731 -5
    endloop
  endfacet
  facet normal -0.886753 -0.462244 0
    outer loop
      vertex 7.07511 12.5731 5
      vertex 7.08491 12.5543 -5
      vertex 7.08491 12.5543 5
    endloop
  endfacet
  facet normal 0.297067 -0.954857 0
    outer loop
      vertex 5.62508 13.159 -5
      vertex 5.64533 13.1653 5
      vertex 5.62508 13.159 5
    endloop
  endfacet
  facet normal 0.297067 -0.954857 0
    outer loop
      vertex 5.64533 13.1653 5
      vertex 5.62508 13.159 -5
      vertex 5.64533 13.1653 -5
    endloop
  endfacet
  facet normal -0.782246 0.62297 0
    outer loop
      vertex 6.9464 11.2364 -5
      vertex 6.95962 11.253 5
      vertex 6.95962 11.253 -5
    endloop
  endfacet
  facet normal -0.782246 0.62297 0
    outer loop
      vertex 6.95962 11.253 5
      vertex 6.9464 11.2364 -5
      vertex 6.9464 11.2364 5
    endloop
  endfacet
  facet normal -0.663487 -0.748188 0
    outer loop
      vertex 6.7991 12.9201 -5
      vertex 6.815 12.906 5
      vertex 6.7991 12.9201 5
    endloop
  endfacet
  facet normal -0.663487 -0.748188 -0
    outer loop
      vertex 6.815 12.906 5
      vertex 6.7991 12.9201 -5
      vertex 6.815 12.906 -5
    endloop
  endfacet
  facet normal -0.972216 -0.234087 0
    outer loop
      vertex 7.18633 12.2757 -5
      vertex 7.18137 12.2963 5
      vertex 7.18137 12.2963 -5
    endloop
  endfacet
  facet normal -0.972216 -0.234087 0
    outer loop
      vertex 7.18137 12.2963 5
      vertex 7.18633 12.2757 -5
      vertex 7.18633 12.2757 5
    endloop
  endfacet
  facet normal -0.998125 0.0612058 0
    outer loop
      vertex 7.21454 11.9171 -5
      vertex 7.21584 11.9383 5
      vertex 7.21584 11.9383 -5
    endloop
  endfacet
  facet normal -0.998125 0.0612058 0
    outer loop
      vertex 7.21584 11.9383 5
      vertex 7.21454 11.9171 -5
      vertex 7.21454 11.9171 5
    endloop
  endfacet
  facet normal -0.636004 0.771685 0
    outer loop
      vertex 6.78295 11.0701 -5
      vertex 6.76657 11.0566 5
      vertex 6.78295 11.0701 5
    endloop
  endfacet
  facet normal -0.636004 0.771685 0
    outer loop
      vertex 6.76657 11.0566 5
      vertex 6.78295 11.0701 -5
      vertex 6.76657 11.0566 -5
    endloop
  endfacet
  facet normal -0.0235561 -0.999723 0
    outer loop
      vertex 6.02223 13.2183 -5
      vertex 6.04345 13.2178 5
      vertex 6.02223 13.2183 5
    endloop
  endfacet
  facet normal -0.0235561 -0.999723 -0
    outer loop
      vertex 6.04345 13.2178 5
      vertex 6.02223 13.2183 -5
      vertex 6.04345 13.2178 -5
    endloop
  endfacet
  facet normal -0.824069 -0.566489 0
    outer loop
      vertex 7.00953 12.6823 -5
      vertex 6.9975 12.6998 5
      vertex 6.9975 12.6998 -5
    endloop
  endfacet
  facet normal -0.824069 -0.566489 0
    outer loop
      vertex 6.9975 12.6998 5
      vertex 7.00953 12.6823 -5
      vertex 7.00953 12.6823 5
    endloop
  endfacet
  facet normal -0.0988512 0.995102 0
    outer loop
      vertex 6.12816 10.7922 -5
      vertex 6.10702 10.7901 5
      vertex 6.12816 10.7922 5
    endloop
  endfacet
  facet normal -0.0988512 0.995102 0
    outer loop
      vertex 6.10702 10.7901 5
      vertex 6.12816 10.7922 -5
      vertex 6.10702 10.7901 -5
    endloop
  endfacet
  facet normal -0.968233 -0.250049 0
    outer loop
      vertex 7.18137 12.2963 -5
      vertex 7.17605 12.3169 5
      vertex 7.17605 12.3169 -5
    endloop
  endfacet
  facet normal -0.968233 -0.250049 0
    outer loop
      vertex 7.17605 12.3169 5
      vertex 7.18137 12.2963 -5
      vertex 7.18137 12.2963 5
    endloop
  endfacet
  facet normal -0.725235 0.688502 0
    outer loop
      vertex 6.87608 11.1569 -5
      vertex 6.8907 11.1723 5
      vertex 6.8907 11.1723 -5
    endloop
  endfacet
  facet normal -0.725235 0.688502 0
    outer loop
      vertex 6.8907 11.1723 5
      vertex 6.87608 11.1569 -5
      vertex 6.87608 11.1569 5
    endloop
  endfacet
  facet normal 0.968233 -0.250049 0
    outer loop
      vertex 4.82063 12.2963 5
      vertex 4.82595 12.3169 -5
      vertex 4.82595 12.3169 5
    endloop
  endfacet
  facet normal 0.968233 -0.250049 0
    outer loop
      vertex 4.82595 12.3169 -5
      vertex 4.82063 12.2963 5
      vertex 4.82063 12.2963 -5
    endloop
  endfacet
  facet normal -0.99996 0.0089619 0
    outer loop
      vertex 7.21732 11.9808 -5
      vertex 7.21751 12.002 5
      vertex 7.21751 12.002 -5
    endloop
  endfacet
  facet normal -0.99996 0.0089619 0
    outer loop
      vertex 7.21751 12.002 5
      vertex 7.21732 11.9808 -5
      vertex 7.21732 11.9808 5
    endloop
  endfacet
  facet normal -0.794438 0.607345 0
    outer loop
      vertex 6.95962 11.253 -5
      vertex 6.97254 11.2699 5
      vertex 6.97254 11.2699 -5
    endloop
  endfacet
  facet normal -0.794438 0.607345 0
    outer loop
      vertex 6.97254 11.2699 5
      vertex 6.95962 11.253 -5
      vertex 6.95962 11.253 5
    endloop
  endfacet
  facet normal 0.860399 -0.509621 0
    outer loop
      vertex 4.94747 12.6103 5
      vertex 4.95825 12.6285 -5
      vertex 4.95825 12.6285 5
    endloop
  endfacet
  facet normal 0.860399 -0.509621 0
    outer loop
      vertex 4.95825 12.6285 -5
      vertex 4.94747 12.6103 5
      vertex 4.94747 12.6103 -5
    endloop
  endfacet
  facet normal 0.833786 0.552088 0
    outer loop
      vertex 4.99247 11.3217 5
      vertex 4.98075 11.3394 -5
      vertex 4.98075 11.3394 5
    endloop
  endfacet
  facet normal 0.833786 0.552088 0
    outer loop
      vertex 4.98075 11.3394 -5
      vertex 4.99247 11.3217 5
      vertex 4.99247 11.3217 -5
    endloop
  endfacet
  facet normal -0.909881 -0.414868 0
    outer loop
      vertex 7.11233 12.4968 -5
      vertex 7.10353 12.5161 5
      vertex 7.10353 12.5161 -5
    endloop
  endfacet
  facet normal -0.909881 -0.414868 0
    outer loop
      vertex 7.10353 12.5161 5
      vertex 7.11233 12.4968 -5
      vertex 7.11233 12.4968 5
    endloop
  endfacet
  facet normal 0.0235561 -0.999723 0
    outer loop
      vertex 5.95855 13.2178 -5
      vertex 5.97977 13.2183 5
      vertex 5.95855 13.2178 5
    endloop
  endfacet
  facet normal 0.0235561 -0.999723 0
    outer loop
      vertex 5.97977 13.2183 5
      vertex 5.95855 13.2178 -5
      vertex 5.97977 13.2183 -5
    endloop
  endfacet
  facet normal -0.179051 0.98384 0
    outer loop
      vertex 6.23312 10.8078 -5
      vertex 6.21224 10.804 5
      vertex 6.23312 10.8078 5
    endloop
  endfacet
  facet normal -0.179051 0.98384 0
    outer loop
      vertex 6.21224 10.804 5
      vertex 6.23312 10.8078 -5
      vertex 6.21224 10.804 -5
    endloop
  endfacet
  facet normal -0.936831 0.349782 0
    outer loop
      vertex 7.13671 11.566 -5
      vertex 7.14414 11.5859 5
      vertex 7.14414 11.5859 -5
    endloop
  endfacet
  facet normal -0.936831 0.349782 0
    outer loop
      vertex 7.14414 11.5859 5
      vertex 7.13671 11.566 -5
      vertex 7.13671 11.566 5
    endloop
  endfacet
  facet normal 0.381603 -0.924326 0
    outer loop
      vertex 5.52567 13.1218 -5
      vertex 5.54529 13.1299 5
      vertex 5.52567 13.1218 5
    endloop
  endfacet
  facet normal 0.381603 -0.924326 0
    outer loop
      vertex 5.54529 13.1299 5
      vertex 5.52567 13.1218 -5
      vertex 5.54529 13.1299 -5
    endloop
  endfacet
  facet normal -0.844607 -0.535387 0
    outer loop
      vertex 7.03266 12.6466 -5
      vertex 7.02125 12.6646 5
      vertex 7.02125 12.6646 -5
    endloop
  endfacet
  facet normal -0.844607 -0.535387 0
    outer loop
      vertex 7.02125 12.6646 5
      vertex 7.03266 12.6466 -5
      vertex 7.03266 12.6466 5
    endloop
  endfacet
  facet normal -0.99692 0.0784306 0
    outer loop
      vertex 7.21288 11.896 -5
      vertex 7.21454 11.9171 5
      vertex 7.21454 11.9171 -5
    endloop
  endfacet
  facet normal -0.99692 0.0784306 0
    outer loop
      vertex 7.21454 11.9171 5
      vertex 7.21288 11.896 -5
      vertex 7.21288 11.896 5
    endloop
  endfacet
  facet normal -0.929934 -0.367725 0
    outer loop
      vertex 7.13671 12.438 -5
      vertex 7.12892 12.4577 5
      vertex 7.12892 12.4577 -5
    endloop
  endfacet
  facet normal -0.929934 -0.367725 0
    outer loop
      vertex 7.12892 12.4577 5
      vertex 7.13671 12.438 -5
      vertex 7.13671 12.438 5
    endloop
  endfacet
  facet normal 0.348695 -0.937236 0
    outer loop
      vertex 5.56504 13.1377 -5
      vertex 5.58493 13.1451 5
      vertex 5.56504 13.1377 5
    endloop
  endfacet
  facet normal 0.348695 -0.937236 0
    outer loop
      vertex 5.58493 13.1451 5
      vertex 5.56504 13.1377 -5
      vertex 5.58493 13.1451 -5
    endloop
  endfacet
  facet normal -0.852676 0.522441 0
    outer loop
      vertex 7.03266 11.3574 -5
      vertex 7.04375 11.3755 5
      vertex 7.04375 11.3755 -5
    endloop
  endfacet
  facet normal -0.852676 0.522441 0
    outer loop
      vertex 7.04375 11.3755 5
      vertex 7.03266 11.3574 -5
      vertex 7.03266 11.3574 5
    endloop
  endfacet
  facet normal -0.991412 -0.130772 0
    outer loop
      vertex 7.20844 12.1503 -5
      vertex 7.20567 12.1713 5
      vertex 7.20567 12.1713 -5
    endloop
  endfacet
  facet normal -0.991412 -0.130772 0
    outer loop
      vertex 7.20567 12.1713 5
      vertex 7.20844 12.1503 -5
      vertex 7.20844 12.1503 5
    endloop
  endfacet
  facet normal 0.879276 -0.476313 0
    outer loop
      vertex 4.92689 12.5731 5
      vertex 4.93702 12.5918 -5
      vertex 4.93702 12.5918 5
    endloop
  endfacet
  facet normal 0.879276 -0.476313 0
    outer loop
      vertex 4.93702 12.5918 -5
      vertex 4.92689 12.5731 5
      vertex 4.92689 12.5731 -5
    endloop
  endfacet
  facet normal 0.674549 0.73823 -0
    outer loop
      vertex 5.187 11.098 -5
      vertex 5.17135 11.1123 5
      vertex 5.187 11.098 5
    endloop
  endfacet
  facet normal 0.674549 0.73823 0
    outer loop
      vertex 5.17135 11.1123 5
      vertex 5.187 11.098 -5
      vertex 5.17135 11.1123 -5
    endloop
  endfacet
  facet normal 0.99692 0.0784306 0
    outer loop
      vertex 4.78912 11.896 5
      vertex 4.78746 11.9171 -5
      vertex 4.78746 11.9171 5
    endloop
  endfacet
  facet normal 0.99692 0.0784306 0
    outer loop
      vertex 4.78746 11.9171 -5
      vertex 4.78912 11.896 5
      vertex 4.78912 11.896 -5
    endloop
  endfacet
  facet normal 0.999667 -0.025813 0
    outer loop
      vertex 4.78468 12.0232 5
      vertex 4.78523 12.0445 -5
      vertex 4.78523 12.0445 5
    endloop
  endfacet
  facet normal 0.999667 -0.025813 0
    outer loop
      vertex 4.78523 12.0445 -5
      vertex 4.78468 12.0232 5
      vertex 4.78468 12.0232 -5
    endloop
  endfacet
  facet normal -0.297067 -0.954857 0
    outer loop
      vertex 6.35667 13.1653 -5
      vertex 6.37692 13.159 5
      vertex 6.35667 13.1653 5
    endloop
  endfacet
  facet normal -0.297067 -0.954857 -0
    outer loop
      vertex 6.37692 13.159 5
      vertex 6.35667 13.1653 -5
      vertex 6.37692 13.159 -5
    endloop
  endfacet
  facet normal -0.0470731 0.998891 0
    outer loop
      vertex 6.06467 10.7872 -5
      vertex 6.04345 10.7862 5
      vertex 6.06467 10.7872 5
    endloop
  endfacet
  facet normal -0.0470731 0.998891 0
    outer loop
      vertex 6.04345 10.7862 5
      vertex 6.06467 10.7872 -5
      vertex 6.04345 10.7862 -5
    endloop
  endfacet
  facet normal 0.414513 -0.910044 0
    outer loop
      vertex 5.48688 13.1045 -5
      vertex 5.5062 13.1133 5
      vertex 5.48688 13.1045 5
    endloop
  endfacet
  facet normal 0.414513 -0.910044 0
    outer loop
      vertex 5.5062 13.1133 5
      vertex 5.48688 13.1045 -5
      vertex 5.5062 13.1133 -5
    endloop
  endfacet
  facet normal 0.0612346 -0.998123 0
    outer loop
      vertex 5.91614 13.2155 -5
      vertex 5.93733 13.2168 5
      vertex 5.91614 13.2155 5
    endloop
  endfacet
  facet normal 0.0612346 -0.998123 0
    outer loop
      vertex 5.93733 13.2168 5
      vertex 5.91614 13.2155 -5
      vertex 5.93733 13.2168 -5
    endloop
  endfacet
  facet normal 0.917212 -0.398399 0
    outer loop
      vertex 4.8812 12.4773 5
      vertex 4.88967 12.4968 -5
      vertex 4.88967 12.4968 5
    endloop
  endfacet
  facet normal 0.917212 -0.398399 0
    outer loop
      vertex 4.88967 12.4968 -5
      vertex 4.8812 12.4773 5
      vertex 4.8812 12.4773 -5
    endloop
  endfacet
  facet normal 0.268372 0.963315 -0
    outer loop
      vertex 5.68615 10.8269 -5
      vertex 5.66569 10.8326 5
      vertex 5.68615 10.8269 5
    endloop
  endfacet
  facet normal 0.268372 0.963315 0
    outer loop
      vertex 5.66569 10.8326 5
      vertex 5.68615 10.8269 -5
      vertex 5.66569 10.8326 -5
    endloop
  endfacet
  facet normal 0.976506 -0.215489 0
    outer loop
      vertex 4.81108 12.2549 5
      vertex 4.81567 12.2757 -5
      vertex 4.81567 12.2757 5
    endloop
  endfacet
  facet normal 0.976506 -0.215489 0
    outer loop
      vertex 4.81567 12.2757 -5
      vertex 4.81108 12.2549 5
      vertex 4.81108 12.2549 -5
    endloop
  endfacet
  facet normal -0.902913 -0.429824 0
    outer loop
      vertex 7.10353 12.5161 -5
      vertex 7.09439 12.5353 5
      vertex 7.09439 12.5353 -5
    endloop
  endfacet
  facet normal -0.902913 -0.429824 0
    outer loop
      vertex 7.09439 12.5353 5
      vertex 7.10353 12.5161 -5
      vertex 7.10353 12.5161 5
    endloop
  endfacet
  facet normal -0.400103 -0.91647 0
    outer loop
      vertex 6.47633 13.1218 -5
      vertex 6.4958 13.1133 5
      vertex 6.47633 13.1218 5
    endloop
  endfacet
  facet normal -0.400103 -0.91647 -0
    outer loop
      vertex 6.4958 13.1133 5
      vertex 6.47633 13.1218 -5
      vertex 6.4958 13.1133 -5
    endloop
  endfacet
  facet normal -0.268372 0.963315 0
    outer loop
      vertex 6.33631 10.8326 -5
      vertex 6.31585 10.8269 5
      vertex 6.33631 10.8326 5
    endloop
  endfacet
  facet normal -0.268372 0.963315 0
    outer loop
      vertex 6.31585 10.8269 5
      vertex 6.33631 10.8326 -5
      vertex 6.31585 10.8269 -5
    endloop
  endfacet
  facet normal 0.989005 -0.14788 0
    outer loop
      vertex 4.79633 12.1713 5
      vertex 4.79947 12.1923 -5
      vertex 4.79947 12.1923 5
    endloop
  endfacet
  facet normal 0.989005 -0.14788 0
    outer loop
      vertex 4.79947 12.1923 -5
      vertex 4.79633 12.1713 5
      vertex 4.79633 12.1713 -5
    endloop
  endfacet
  facet normal 0.772066 -0.635542 0
    outer loop
      vertex 5.0556 12.7676 5
      vertex 5.0691 12.784 -5
      vertex 5.0691 12.784 5
    endloop
  endfacet
  facet normal 0.772066 -0.635542 0
    outer loop
      vertex 5.0691 12.784 -5
      vertex 5.0556 12.7676 5
      vertex 5.0556 12.7676 -5
    endloop
  endfacet
  facet normal 0.979849 0.199738 0
    outer loop
      vertex 4.81108 11.7491 5
      vertex 4.80684 11.7699 -5
      vertex 4.80684 11.7699 5
    endloop
  endfacet
  facet normal 0.979849 0.199738 0
    outer loop
      vertex 4.80684 11.7699 -5
      vertex 4.81108 11.7491 5
      vertex 4.81108 11.7491 -5
    endloop
  endfacet
  facet normal 0.319895 0.947453 -0
    outer loop
      vertex 5.62508 10.845 -5
      vertex 5.60494 10.8518 5
      vertex 5.62508 10.845 5
    endloop
  endfacet
  facet normal 0.319895 0.947453 0
    outer loop
      vertex 5.60494 10.8518 5
      vertex 5.62508 10.845 -5
      vertex 5.60494 10.8518 -5
    endloop
  endfacet
  facet normal 0.649628 0.760253 -0
    outer loop
      vertex 5.21905 11.0701 -5
      vertex 5.2029 11.0839 5
      vertex 5.21905 11.0701 5
    endloop
  endfacet
  facet normal 0.649628 0.760253 0
    outer loop
      vertex 5.2029 11.0839 5
      vertex 5.21905 11.0701 -5
      vertex 5.2029 11.0839 -5
    endloop
  endfacet
  facet normal -0.812743 0.582623 0
    outer loop
      vertex 6.98517 11.287 -5
      vertex 6.9975 11.3042 5
      vertex 6.9975 11.3042 -5
    endloop
  endfacet
  facet normal -0.812743 0.582623 0
    outer loop
      vertex 6.9975 11.3042 5
      vertex 6.98517 11.287 -5
      vertex 6.98517 11.287 5
    endloop
  endfacet
  facet normal 0.249736 -0.968314 0
    outer loop
      vertex 5.68615 13.1771 -5
      vertex 5.7067 13.1824 5
      vertex 5.68615 13.1771 5
    endloop
  endfacet
  facet normal 0.249736 -0.968314 0
    outer loop
      vertex 5.7067 13.1824 5
      vertex 5.68615 13.1771 -5
      vertex 5.7067 13.1824 -5
    endloop
  endfacet
  facet normal 0.0612346 0.998123 -0
    outer loop
      vertex 5.93733 10.7872 -5
      vertex 5.91614 10.7885 5
      vertex 5.93733 10.7872 5
    endloop
  endfacet
  facet normal 0.0612346 0.998123 0
    outer loop
      vertex 5.91614 10.7885 5
      vertex 5.93733 10.7872 -5
      vertex 5.91614 10.7885 -5
    endloop
  endfacet
  facet normal 0.202357 -0.979312 0
    outer loop
      vertex 5.74807 13.1919 -5
      vertex 5.76888 13.1962 5
      vertex 5.74807 13.1919 5
    endloop
  endfacet
  facet normal 0.202357 -0.979312 0
    outer loop
      vertex 5.76888 13.1962 5
      vertex 5.74807 13.1919 -5
      vertex 5.76888 13.1962 -5
    endloop
  endfacet
  facet normal -0.0612346 0.998123 0
    outer loop
      vertex 6.08586 10.7885 -5
      vertex 6.06467 10.7872 5
      vertex 6.08586 10.7885 5
    endloop
  endfacet
  facet normal -0.0612346 0.998123 0
    outer loop
      vertex 6.06467 10.7872 5
      vertex 6.08586 10.7885 -5
      vertex 6.06467 10.7872 -5
    endloop
  endfacet
  facet normal 0.551433 -0.834219 0
    outer loop
      vertex 5.32074 13.0105 -5
      vertex 5.33844 13.0222 5
      vertex 5.32074 13.0105 5
    endloop
  endfacet
  facet normal 0.551433 -0.834219 0
    outer loop
      vertex 5.33844 13.0222 5
      vertex 5.32074 13.0105 -5
      vertex 5.33844 13.0222 -5
    endloop
  endfacet
  facet normal -0.794438 -0.607345 0
    outer loop
      vertex 6.97254 12.7341 -5
      vertex 6.95962 12.751 5
      vertex 6.95962 12.751 -5
    endloop
  endfacet
  facet normal -0.794438 -0.607345 0
    outer loop
      vertex 6.95962 12.751 5
      vertex 6.97254 12.7341 -5
      vertex 6.97254 12.7341 5
    endloop
  endfacet
  facet normal 0.870694 0.491825 0
    outer loop
      vertex 4.94747 11.3937 5
      vertex 4.93702 11.4122 -5
      vertex 4.93702 11.4122 5
    endloop
  endfacet
  facet normal 0.870694 0.491825 0
    outer loop
      vertex 4.93702 11.4122 -5
      vertex 4.94747 11.3937 5
      vertex 4.94747 11.3937 -5
    endloop
  endfacet
  facet normal -0.942528 -0.334126 0
    outer loop
      vertex 7.15123 12.3981 -5
      vertex 7.14414 12.4181 5
      vertex 7.14414 12.4181 -5
    endloop
  endfacet
  facet normal -0.942528 -0.334126 0
    outer loop
      vertex 7.14414 12.4181 5
      vertex 7.15123 12.3981 -5
      vertex 7.15123 12.3981 5
    endloop
  endfacet
  facet normal -0.917212 0.398399 0
    outer loop
      vertex 7.11233 11.5072 -5
      vertex 7.1208 11.5267 5
      vertex 7.1208 11.5267 -5
    endloop
  endfacet
  facet normal -0.917212 0.398399 0
    outer loop
      vertex 7.1208 11.5267 5
      vertex 7.11233 11.5072 -5
      vertex 7.11233 11.5072 5
    endloop
  endfacet
  facet normal 0.999039 0.0438258 0
    outer loop
      vertex 4.78616 11.9383 5
      vertex 4.78523 11.9595 -5
      vertex 4.78523 11.9595 5
    endloop
  endfacet
  facet normal 0.999039 0.0438258 0
    outer loop
      vertex 4.78523 11.9595 -5
      vertex 4.78616 11.9383 5
      vertex 4.78616 11.9383 -5
    endloop
  endfacet
  facet normal 0.99692 -0.0784306 0
    outer loop
      vertex 4.78746 12.0869 5
      vertex 4.78912 12.108 -5
      vertex 4.78912 12.108 5
    endloop
  endfacet
  facet normal 0.99692 -0.0784306 0
    outer loop
      vertex 4.78912 12.108 -5
      vertex 4.78746 12.0869 5
      vertex 4.78746 12.0869 -5
    endloop
  endfacet
  facet normal 0.999667 0.025813 0
    outer loop
      vertex 4.78523 11.9595 5
      vertex 4.78468 11.9808 -5
      vertex 4.78468 11.9808 5
    endloop
  endfacet
  facet normal 0.999667 0.025813 0
    outer loop
      vertex 4.78468 11.9808 -5
      vertex 4.78523 11.9595 5
      vertex 4.78523 11.9595 -5
    endloop
  endfacet
  facet normal 0.113068 -0.993587 0
    outer loop
      vertex 5.85275 13.2094 -5
      vertex 5.87384 13.2118 5
      vertex 5.85275 13.2094 5
    endloop
  endfacet
  facet normal 0.113068 -0.993587 0
    outer loop
      vertex 5.87384 13.2118 5
      vertex 5.85275 13.2094 -5
      vertex 5.87384 13.2118 -5
    endloop
  endfacet
  facet normal -0.995402 -0.095784 0
    outer loop
      vertex 7.21288 12.108 -5
      vertex 7.21084 12.1292 5
      vertex 7.21084 12.1292 -5
    endloop
  endfacet
  facet normal -0.995402 -0.095784 0
    outer loop
      vertex 7.21084 12.1292 5
      vertex 7.21288 12.108 -5
      vertex 7.21288 12.108 5
    endloop
  endfacet
  facet normal -0.0612346 -0.998123 0
    outer loop
      vertex 6.06467 13.2168 -5
      vertex 6.08586 13.2155 5
      vertex 6.06467 13.2168 5
    endloop
  endfacet
  facet normal -0.0612346 -0.998123 -0
    outer loop
      vertex 6.08586 13.2155 5
      vertex 6.06467 13.2168 -5
      vertex 6.08586 13.2155 -5
    endloop
  endfacet
  facet normal 0.367327 -0.930092 0
    outer loop
      vertex 5.54529 13.1299 -5
      vertex 5.56504 13.1377 5
      vertex 5.54529 13.1299 5
    endloop
  endfacet
  facet normal 0.367327 -0.930092 0
    outer loop
      vertex 5.56504 13.1377 5
      vertex 5.54529 13.1299 -5
      vertex 5.56504 13.1377 -5
    endloop
  endfacet
  facet normal 0.287003 -0.95793 0
    outer loop
      vertex 5.64533 13.1653 -5
      vertex 5.66569 13.1714 5
      vertex 5.64533 13.1653 5
    endloop
  endfacet
  facet normal 0.287003 -0.95793 0
    outer loop
      vertex 5.66569 13.1714 5
      vertex 5.64533 13.1653 -5
      vertex 5.66569 13.1714 -5
    endloop
  endfacet
  facet normal -0.429018 0.903296 0
    outer loop
      vertex 6.53428 10.9086 -5
      vertex 6.51512 10.8995 5
      vertex 6.53428 10.9086 5
    endloop
  endfacet
  facet normal -0.429018 0.903296 0
    outer loop
      vertex 6.51512 10.8995 5
      vertex 6.53428 10.9086 -5
      vertex 6.51512 10.8995 -5
    endloop
  endfacet
  facet normal 0.812743 0.582623 0
    outer loop
      vertex 5.01683 11.287 5
      vertex 5.0045 11.3042 -5
      vertex 5.0045 11.3042 5
    endloop
  endfacet
  facet normal 0.812743 0.582623 0
    outer loop
      vertex 5.0045 11.3042 -5
      vertex 5.01683 11.287 5
      vertex 5.01683 11.287 -5
    endloop
  endfacet
  facet normal -0.0753991 0.997153 0
    outer loop
      vertex 6.10702 10.7901 -5
      vertex 6.08586 10.7885 5
      vertex 6.10702 10.7901 5
    endloop
  endfacet
  facet normal -0.0753991 0.997153 0
    outer loop
      vertex 6.08586 10.7885 5
      vertex 6.10702 10.7901 -5
      vertex 6.08586 10.7885 -5
    endloop
  endfacet
  facet normal 0.164857 -0.986317 0
    outer loop
      vertex 5.78976 13.2 -5
      vertex 5.8107 13.2035 5
      vertex 5.78976 13.2 5
    endloop
  endfacet
  facet normal 0.164857 -0.986317 0
    outer loop
      vertex 5.8107 13.2035 5
      vertex 5.78976 13.2 -5
      vertex 5.8107 13.2035 -5
    endloop
  endfacet
  facet normal -0.986189 0.165623 0
    outer loop
      vertex 7.19902 11.7908 -5
      vertex 7.20253 11.8117 5
      vertex 7.20253 11.8117 -5
    endloop
  endfacet
  facet normal -0.986189 0.165623 0
    outer loop
      vertex 7.20253 11.8117 5
      vertex 7.19902 11.7908 -5
      vertex 7.19902 11.7908 5
    endloop
  endfacet
  facet normal 0.983369 -0.181617 0
    outer loop
      vertex 4.80298 12.2132 5
      vertex 4.80684 12.2341 -5
      vertex 4.80684 12.2341 5
    endloop
  endfacet
  facet normal 0.983369 -0.181617 0
    outer loop
      vertex 4.80684 12.2341 -5
      vertex 4.80298 12.2132 5
      vertex 4.80298 12.2132 -5
    endloop
  endfacet
  facet normal -0.738363 0.674403 0
    outer loop
      vertex 6.8907 11.1723 -5
      vertex 6.90504 11.188 5
      vertex 6.90504 11.188 -5
    endloop
  endfacet
  facet normal -0.738363 0.674403 0
    outer loop
      vertex 6.90504 11.188 5
      vertex 6.8907 11.1723 -5
      vertex 6.8907 11.1723 5
    endloop
  endfacet
  facet normal 0.400103 -0.91647 0
    outer loop
      vertex 5.5062 13.1133 -5
      vertex 5.52567 13.1218 5
      vertex 5.5062 13.1133 5
    endloop
  endfacet
  facet normal 0.400103 -0.91647 0
    outer loop
      vertex 5.52567 13.1218 5
      vertex 5.5062 13.1133 -5
      vertex 5.52567 13.1218 -5
    endloop
  endfacet
  facet normal 0.852676 -0.522441 0
    outer loop
      vertex 4.95825 12.6285 5
      vertex 4.96934 12.6466 -5
      vertex 4.96934 12.6466 5
    endloop
  endfacet
  facet normal 0.852676 -0.522441 0
    outer loop
      vertex 4.96934 12.6466 -5
      vertex 4.95825 12.6285 5
      vertex 4.95825 12.6285 -5
    endloop
  endfacet
  facet normal -0.663487 0.748188 0
    outer loop
      vertex 6.815 11.098 -5
      vertex 6.7991 11.0839 5
      vertex 6.815 11.098 5
    endloop
  endfacet
  facet normal -0.663487 0.748188 0
    outer loop
      vertex 6.7991 11.0839 5
      vertex 6.815 11.098 -5
      vertex 6.7991 11.0839 -5
    endloop
  endfacet
  facet normal -0.367327 0.930092 0
    outer loop
      vertex 6.45671 10.8741 -5
      vertex 6.43696 10.8663 5
      vertex 6.45671 10.8741 5
    endloop
  endfacet
  facet normal -0.367327 0.930092 0
    outer loop
      vertex 6.43696 10.8663 5
      vertex 6.45671 10.8741 -5
      vertex 6.43696 10.8663 -5
    endloop
  endfacet
  facet normal -0.958983 -0.283464 0
    outer loop
      vertex 7.17038 12.3373 -5
      vertex 7.16435 12.3577 5
      vertex 7.16435 12.3577 -5
    endloop
  endfacet
  facet normal -0.958983 -0.283464 0
    outer loop
      vertex 7.16435 12.3577 5
      vertex 7.17038 12.3373 -5
      vertex 7.17038 12.3373 5
    endloop
  endfacet
  facet normal -0.979849 -0.199738 0
    outer loop
      vertex 7.19516 12.2341 -5
      vertex 7.19092 12.2549 5
      vertex 7.19092 12.2549 -5
    endloop
  endfacet
  facet normal -0.979849 -0.199738 0
    outer loop
      vertex 7.19092 12.2549 5
      vertex 7.19516 12.2341 -5
      vertex 7.19516 12.2341 5
    endloop
  endfacet
  facet normal -0.902913 0.429824 0
    outer loop
      vertex 7.09439 11.4687 -5
      vertex 7.10353 11.4879 5
      vertex 7.10353 11.4879 -5
    endloop
  endfacet
  facet normal -0.902913 0.429824 0
    outer loop
      vertex 7.10353 11.4879 5
      vertex 7.09439 11.4687 -5
      vertex 7.09439 11.4687 5
    endloop
  endfacet
  facet normal 0.216731 -0.976231 0
    outer loop
      vertex 5.72735 13.1873 -5
      vertex 5.74807 13.1919 5
      vertex 5.72735 13.1873 5
    endloop
  endfacet
  facet normal 0.216731 -0.976231 0
    outer loop
      vertex 5.74807 13.1919 5
      vertex 5.72735 13.1873 -5
      vertex 5.74807 13.1919 -5
    endloop
  endfacet
  facet normal -0.993593 -0.113015 0
    outer loop
      vertex 7.21084 12.1292 -5
      vertex 7.20844 12.1503 5
      vertex 7.20844 12.1503 -5
    endloop
  endfacet
  facet normal -0.993593 -0.113015 0
    outer loop
      vertex 7.20844 12.1503 5
      vertex 7.21084 12.1292 -5
      vertex 7.21084 12.1292 5
    endloop
  endfacet
  facet normal 0.824069 0.566489 0
    outer loop
      vertex 5.0045 11.3042 5
      vertex 4.99247 11.3217 -5
      vertex 4.99247 11.3217 5
    endloop
  endfacet
  facet normal 0.824069 0.566489 0
    outer loop
      vertex 4.99247 11.3217 -5
      vertex 5.0045 11.3042 5
      vertex 5.0045 11.3042 -5
    endloop
  endfacet
  facet normal -0.0753991 -0.997153 0
    outer loop
      vertex 6.08586 13.2155 -5
      vertex 6.10702 13.2139 5
      vertex 6.08586 13.2155 5
    endloop
  endfacet
  facet normal -0.0753991 -0.997153 -0
    outer loop
      vertex 6.10702 13.2139 5
      vertex 6.08586 13.2155 -5
      vertex 6.10702 13.2139 -5
    endloop
  endfacet
  facet normal -0.565528 0.824729 0
    outer loop
      vertex 6.69876 11.0055 -5
      vertex 6.68126 10.9935 5
      vertex 6.69876 11.0055 5
    endloop
  endfacet
  facet normal -0.565528 0.824729 0
    outer loop
      vertex 6.68126 10.9935 5
      vertex 6.69876 11.0055 -5
      vertex 6.68126 10.9935 -5
    endloop
  endfacet
  facet normal 0.687771 0.725928 -0
    outer loop
      vertex 5.17135 11.1123 -5
      vertex 5.15594 11.1269 5
      vertex 5.17135 11.1123 5
    endloop
  endfacet
  facet normal 0.687771 0.725928 0
    outer loop
      vertex 5.15594 11.1269 5
      vertex 5.17135 11.1123 -5
      vertex 5.15594 11.1269 -5
    endloop
  endfacet
  facet normal -0.649628 -0.760253 0
    outer loop
      vertex 6.78295 12.9339 -5
      vertex 6.7991 12.9201 5
      vertex 6.78295 12.9339 5
    endloop
  endfacet
  facet normal -0.649628 -0.760253 -0
    outer loop
      vertex 6.7991 12.9201 5
      vertex 6.78295 12.9339 -5
      vertex 6.7991 12.9201 -5
    endloop
  endfacet
  facet normal 0.649628 -0.760253 0
    outer loop
      vertex 5.2029 12.9201 -5
      vertex 5.21905 12.9339 5
      vertex 5.2029 12.9201 5
    endloop
  endfacet
  facet normal 0.649628 -0.760253 0
    outer loop
      vertex 5.21905 12.9339 5
      vertex 5.2029 12.9201 -5
      vertex 5.21905 12.9339 -5
    endloop
  endfacet
  facet normal -0.447214 0.894427 0
    outer loop
      vertex 6.55328 10.9181 -5
      vertex 6.53428 10.9086 5
      vertex 6.55328 10.9181 5
    endloop
  endfacet
  facet normal -0.447214 0.894427 0
    outer loop
      vertex 6.53428 10.9086 5
      vertex 6.55328 10.9181 -5
      vertex 6.53428 10.9086 -5
    endloop
  endfacet
  facet normal -0.334396 0.942433 0
    outer loop
      vertex 6.41707 10.8589 -5
      vertex 6.39706 10.8518 5
      vertex 6.41707 10.8589 5
    endloop
  endfacet
  facet normal -0.334396 0.942433 0
    outer loop
      vertex 6.39706 10.8518 5
      vertex 6.41707 10.8589 -5
      vertex 6.39706 10.8518 -5
    endloop
  endfacet
  facet normal -0.948589 0.31651 0
    outer loop
      vertex 7.15123 11.6059 -5
      vertex 7.15797 11.6261 5
      vertex 7.15797 11.6261 -5
    endloop
  endfacet
  facet normal -0.948589 0.31651 0
    outer loop
      vertex 7.15797 11.6261 5
      vertex 7.15123 11.6059 -5
      vertex 7.15123 11.6059 5
    endloop
  endfacet
  facet normal -0.622163 0.782888 0
    outer loop
      vertex 6.76657 11.0566 -5
      vertex 6.74996 11.0434 5
      vertex 6.76657 11.0566 5
    endloop
  endfacet
  facet normal -0.622163 0.782888 0
    outer loop
      vertex 6.74996 11.0434 5
      vertex 6.76657 11.0566 -5
      vertex 6.74996 11.0434 -5
    endloop
  endfacet
  facet normal 0.948589 -0.31651 0
    outer loop
      vertex 4.84403 12.3779 5
      vertex 4.85077 12.3981 -5
      vertex 4.85077 12.3981 5
    endloop
  endfacet
  facet normal 0.948589 -0.31651 0
    outer loop
      vertex 4.85077 12.3981 -5
      vertex 4.84403 12.3779 5
      vertex 4.84403 12.3779 -5
    endloop
  endfacet
  facet normal 0.923856 0.38274 0
    outer loop
      vertex 4.8812 11.5267 5
      vertex 4.87308 11.5463 -5
      vertex 4.87308 11.5463 5
    endloop
  endfacet
  facet normal 0.923856 0.38274 0
    outer loop
      vertex 4.87308 11.5463 -5
      vertex 4.8812 11.5267 5
      vertex 4.8812 11.5267 -5
    endloop
  endfacet
  facet normal 0.0988512 0.995102 -0
    outer loop
      vertex 5.89498 10.7901 -5
      vertex 5.87384 10.7922 5
      vertex 5.89498 10.7901 5
    endloop
  endfacet
  facet normal 0.0988512 0.995102 0
    outer loop
      vertex 5.87384 10.7922 5
      vertex 5.89498 10.7901 -5
      vertex 5.87384 10.7922 -5
    endloop
  endfacet
  facet normal -0.494009 -0.869457 0
    outer loop
      vertex 6.59077 13.066 -5
      vertex 6.60925 13.0555 5
      vertex 6.59077 13.066 5
    endloop
  endfacet
  facet normal -0.494009 -0.869457 -0
    outer loop
      vertex 6.60925 13.0555 5
      vertex 6.59077 13.066 -5
      vertex 6.60925 13.0555 -5
    endloop
  endfacet
  facet normal -0.923856 0.38274 0
    outer loop
      vertex 7.1208 11.5267 -5
      vertex 7.12892 11.5463 5
      vertex 7.12892 11.5463 -5
    endloop
  endfacet
  facet normal -0.923856 0.38274 0
    outer loop
      vertex 7.12892 11.5463 5
      vertex 7.1208 11.5267 -5
      vertex 7.1208 11.5267 5
    endloop
  endfacet
  facet normal -0.894804 -0.44646 0
    outer loop
      vertex 7.09439 12.5353 -5
      vertex 7.08491 12.5543 5
      vertex 7.08491 12.5543 -5
    endloop
  endfacet
  facet normal -0.894804 -0.44646 0
    outer loop
      vertex 7.08491 12.5543 5
      vertex 7.09439 12.5353 -5
      vertex 7.09439 12.5353 5
    endloop
  endfacet
  facet normal -0.712277 0.701899 0
    outer loop
      vertex 6.8612 11.1418 -5
      vertex 6.87608 11.1569 5
      vertex 6.87608 11.1569 -5
    endloop
  endfacet
  facet normal -0.712277 0.701899 0
    outer loop
      vertex 6.87608 11.1569 5
      vertex 6.8612 11.1418 -5
      vertex 6.8612 11.1418 5
    endloop
  endfacet
  facet normal -0.400103 0.91647 0
    outer loop
      vertex 6.4958 10.8907 -5
      vertex 6.47633 10.8822 5
      vertex 6.4958 10.8907 5
    endloop
  endfacet
  facet normal -0.400103 0.91647 0
    outer loop
      vertex 6.47633 10.8822 5
      vertex 6.4958 10.8907 -5
      vertex 6.47633 10.8822 -5
    endloop
  endfacet
  facet normal 0.75949 0.650519 0
    outer loop
      vertex 5.08289 11.2039 5
      vertex 5.0691 11.22 -5
      vertex 5.0691 11.22 5
    endloop
  endfacet
  facet normal 0.75949 0.650519 0
    outer loop
      vertex 5.0691 11.22 -5
      vertex 5.08289 11.2039 5
      vertex 5.08289 11.2039 -5
    endloop
  endfacet
  facet normal 0.701435 -0.712733 0
    outer loop
      vertex 5.1408 12.8622 -5
      vertex 5.15594 12.8771 5
      vertex 5.1408 12.8622 5
    endloop
  endfacet
  facet normal 0.701435 -0.712733 0
    outer loop
      vertex 5.15594 12.8771 5
      vertex 5.1408 12.8622 -5
      vertex 5.15594 12.8771 -5
    endloop
  endfacet
  facet normal 0.870694 -0.491825 0
    outer loop
      vertex 4.93702 12.5918 5
      vertex 4.94747 12.6103 -5
      vertex 4.94747 12.6103 5
    endloop
  endfacet
  facet normal 0.870694 -0.491825 0
    outer loop
      vertex 4.94747 12.6103 -5
      vertex 4.93702 12.5918 5
      vertex 4.93702 12.5918 -5
    endloop
  endfacet
  facet normal 0.579899 -0.814688 0
    outer loop
      vertex 5.28596 12.9862 -5
      vertex 5.30324 12.9985 5
      vertex 5.28596 12.9862 5
    endloop
  endfacet
  facet normal 0.579899 -0.814688 0
    outer loop
      vertex 5.30324 12.9985 5
      vertex 5.28596 12.9862 -5
      vertex 5.30324 12.9985 -5
    endloop
  endfacet
  facet normal -0.976506 0.215489 0
    outer loop
      vertex 7.18633 11.7283 -5
      vertex 7.19092 11.7491 5
      vertex 7.19092 11.7491 -5
    endloop
  endfacet
  facet normal -0.976506 0.215489 0
    outer loop
      vertex 7.19092 11.7491 5
      vertex 7.18633 11.7283 -5
      vertex 7.18633 11.7283 5
    endloop
  endfacet
  facet normal 0.993593 -0.113015 0
    outer loop
      vertex 4.79116 12.1292 5
      vertex 4.79356 12.1503 -5
      vertex 4.79356 12.1503 5
    endloop
  endfacet
  facet normal 0.993593 -0.113015 0
    outer loop
      vertex 4.79356 12.1503 -5
      vertex 4.79116 12.1292 5
      vertex 4.79116 12.1292 -5
    endloop
  endfacet
  facet normal 0.979849 -0.199738 0
    outer loop
      vertex 4.80684 12.2341 5
      vertex 4.81108 12.2549 -5
      vertex 4.81108 12.2549 5
    endloop
  endfacet
  facet normal 0.979849 -0.199738 0
    outer loop
      vertex 4.81108 12.2549 -5
      vertex 4.80684 12.2341 5
      vertex 4.80684 12.2341 -5
    endloop
  endfacet
  facet normal -0.833786 -0.552088 0
    outer loop
      vertex 7.02125 12.6646 -5
      vertex 7.00953 12.6823 5
      vertex 7.00953 12.6823 -5
    endloop
  endfacet
  facet normal -0.833786 -0.552088 0
    outer loop
      vertex 7.00953 12.6823 5
      vertex 7.02125 12.6646 -5
      vertex 7.02125 12.6646 5
    endloop
  endfacet
  facet normal -0.687771 -0.725928 0
    outer loop
      vertex 6.83065 12.8917 -5
      vertex 6.84606 12.8771 5
      vertex 6.83065 12.8917 5
    endloop
  endfacet
  facet normal -0.687771 -0.725928 -0
    outer loop
      vertex 6.84606 12.8771 5
      vertex 6.83065 12.8917 -5
      vertex 6.84606 12.8771 -5
    endloop
  endfacet
  facet normal -0.989005 -0.14788 0
    outer loop
      vertex 7.20567 12.1713 -5
      vertex 7.20253 12.1923 5
      vertex 7.20253 12.1923 -5
    endloop
  endfacet
  facet normal -0.989005 -0.14788 0
    outer loop
      vertex 7.20253 12.1923 5
      vertex 7.20567 12.1713 -5
      vertex 7.20567 12.1713 5
    endloop
  endfacet
  facet normal -0.381603 0.924326 0
    outer loop
      vertex 6.47633 10.8822 -5
      vertex 6.45671 10.8741 5
      vertex 6.47633 10.8822 5
    endloop
  endfacet
  facet normal -0.381603 0.924326 0
    outer loop
      vertex 6.45671 10.8741 5
      vertex 6.47633 10.8822 -5
      vertex 6.45671 10.8741 -5
    endloop
  endfacet
  facet normal -0.953568 0.301177 0
    outer loop
      vertex 7.15797 11.6261 -5
      vertex 7.16435 11.6463 5
      vertex 7.16435 11.6463 -5
    endloop
  endfacet
  facet normal -0.953568 0.301177 0
    outer loop
      vertex 7.16435 11.6463 5
      vertex 7.15797 11.6261 -5
      vertex 7.15797 11.6261 5
    endloop
  endfacet
  facet normal 0.663487 -0.748188 0
    outer loop
      vertex 5.187 12.906 -5
      vertex 5.2029 12.9201 5
      vertex 5.187 12.906 5
    endloop
  endfacet
  facet normal 0.663487 -0.748188 0
    outer loop
      vertex 5.2029 12.9201 5
      vertex 5.187 12.906 -5
      vertex 5.2029 12.9201 -5
    endloop
  endfacet
  facet normal -0.99692 -0.0784306 0
    outer loop
      vertex 7.21454 12.0869 -5
      vertex 7.21288 12.108 5
      vertex 7.21288 12.108 -5
    endloop
  endfacet
  facet normal -0.99692 -0.0784306 0
    outer loop
      vertex 7.21288 12.108 5
      vertex 7.21454 12.0869 -5
      vertex 7.21454 12.0869 5
    endloop
  endfacet
  facet normal -0.0235561 0.999723 0
    outer loop
      vertex 6.04345 10.7862 -5
      vertex 6.02223 10.7857 5
      vertex 6.04345 10.7862 5
    endloop
  endfacet
  facet normal -0.0235561 0.999723 0
    outer loop
      vertex 6.02223 10.7857 5
      vertex 6.04345 10.7862 -5
      vertex 6.02223 10.7857 -5
    endloop
  endfacet
  facet normal -0.748889 0.662696 0
    outer loop
      vertex 6.90504 11.188 -5
      vertex 6.91911 11.2039 5
      vertex 6.91911 11.2039 -5
    endloop
  endfacet
  facet normal -0.748889 0.662696 0
    outer loop
      vertex 6.91911 11.2039 5
      vertex 6.90504 11.188 -5
      vertex 6.90504 11.188 5
    endloop
  endfacet
  facet normal 0.712277 0.701899 0
    outer loop
      vertex 5.1408 11.1418 5
      vertex 5.12592 11.1569 -5
      vertex 5.12592 11.1569 5
    endloop
  endfacet
  facet normal 0.712277 0.701899 0
    outer loop
      vertex 5.12592 11.1569 -5
      vertex 5.1408 11.1418 5
      vertex 5.1408 11.1418 -5
    endloop
  endfacet
  facet normal 0.429018 -0.903296 0
    outer loop
      vertex 5.46772 13.0954 -5
      vertex 5.48688 13.1045 5
      vertex 5.46772 13.0954 5
    endloop
  endfacet
  facet normal 0.429018 -0.903296 0
    outer loop
      vertex 5.48688 13.1045 5
      vertex 5.46772 13.0954 -5
      vertex 5.48688 13.1045 -5
    endloop
  endfacet
  facet normal 0.0753991 0.997153 -0
    outer loop
      vertex 5.91614 10.7885 -5
      vertex 5.89498 10.7901 5
      vertex 5.91614 10.7885 5
    endloop
  endfacet
  facet normal 0.0753991 0.997153 0
    outer loop
      vertex 5.89498 10.7901 5
      vertex 5.91614 10.7885 -5
      vertex 5.89498 10.7901 -5
    endloop
  endfacet
  facet normal -0.917212 -0.398399 0
    outer loop
      vertex 7.1208 12.4773 -5
      vertex 7.11233 12.4968 5
      vertex 7.11233 12.4968 -5
    endloop
  endfacet
  facet normal -0.917212 -0.398399 0
    outer loop
      vertex 7.11233 12.4968 5
      vertex 7.1208 12.4773 -5
      vertex 7.1208 12.4773 5
    endloop
  endfacet
  facet normal -0.958983 0.283464 0
    outer loop
      vertex 7.16435 11.6463 -5
      vertex 7.17038 11.6667 5
      vertex 7.17038 11.6667 -5
    endloop
  endfacet
  facet normal -0.958983 0.283464 0
    outer loop
      vertex 7.17038 11.6667 5
      vertex 7.16435 11.6463 -5
      vertex 7.16435 11.6463 5
    endloop
  endfacet
  facet normal 0.179051 -0.98384 0
    outer loop
      vertex 5.76888 13.1962 -5
      vertex 5.78976 13.2 5
      vertex 5.76888 13.1962 5
    endloop
  endfacet
  facet normal 0.179051 -0.98384 0
    outer loop
      vertex 5.78976 13.2 5
      vertex 5.76888 13.1962 -5
      vertex 5.78976 13.2 -5
    endloop
  endfacet
  facet normal -0.701435 0.712733 0
    outer loop
      vertex 6.8612 11.1418 -5
      vertex 6.84606 11.1269 5
      vertex 6.8612 11.1418 5
    endloop
  endfacet
  facet normal -0.701435 0.712733 0
    outer loop
      vertex 6.84606 11.1269 5
      vertex 6.8612 11.1418 -5
      vertex 6.84606 11.1269 -5
    endloop
  endfacet
  facet normal 0.47601 0.87944 -0
    outer loop
      vertex 5.42989 10.9279 -5
      vertex 5.41123 10.938 5
      vertex 5.42989 10.9279 5
    endloop
  endfacet
  facet normal 0.47601 0.87944 0
    outer loop
      vertex 5.41123 10.938 5
      vertex 5.42989 10.9279 -5
      vertex 5.41123 10.938 -5
    endloop
  endfacet
  facet normal -0.414513 -0.910044 0
    outer loop
      vertex 6.4958 13.1133 -5
      vertex 6.51512 13.1045 5
      vertex 6.4958 13.1133 5
    endloop
  endfacet
  facet normal -0.414513 -0.910044 -0
    outer loop
      vertex 6.51512 13.1045 5
      vertex 6.4958 13.1133 -5
      vertex 6.51512 13.1045 -5
    endloop
  endfacet
  facet normal 0.879276 0.476313 0
    outer loop
      vertex 4.93702 11.4122 5
      vertex 4.92689 11.4309 -5
      vertex 4.92689 11.4309 5
    endloop
  endfacet
  facet normal 0.879276 0.476313 0
    outer loop
      vertex 4.92689 11.4309 -5
      vertex 4.93702 11.4122 5
      vertex 4.93702 11.4122 -5
    endloop
  endfacet
  facet normal 0.725235 -0.688502 0
    outer loop
      vertex 5.1113 12.8317 5
      vertex 5.12592 12.8471 -5
      vertex 5.12592 12.8471 5
    endloop
  endfacet
  facet normal 0.725235 -0.688502 0
    outer loop
      vertex 5.12592 12.8471 -5
      vertex 5.1113 12.8317 5
      vertex 5.1113 12.8317 -5
    endloop
  endfacet
  facet normal 0.963477 -0.26779 0
    outer loop
      vertex 4.82595 12.3169 5
      vertex 4.83162 12.3373 -5
      vertex 4.83162 12.3373 5
    endloop
  endfacet
  facet normal 0.963477 -0.26779 0
    outer loop
      vertex 4.83162 12.3373 -5
      vertex 4.82595 12.3169 5
      vertex 4.82595 12.3169 -5
    endloop
  endfacet
  facet normal 0.909881 -0.414868 0
    outer loop
      vertex 4.88967 12.4968 5
      vertex 4.89847 12.5161 -5
      vertex 4.89847 12.5161 5
    endloop
  endfacet
  facet normal 0.909881 -0.414868 0
    outer loop
      vertex 4.89847 12.5161 -5
      vertex 4.88967 12.4968 5
      vertex 4.88967 12.4968 -5
    endloop
  endfacet
  facet normal -0.494009 0.869457 0
    outer loop
      vertex 6.60925 10.9485 -5
      vertex 6.59077 10.938 5
      vertex 6.60925 10.9485 5
    endloop
  endfacet
  facet normal -0.494009 0.869457 0
    outer loop
      vertex 6.59077 10.938 5
      vertex 6.60925 10.9485 -5
      vertex 6.59077 10.938 -5
    endloop
  endfacet
  facet normal -0.334396 -0.942433 0
    outer loop
      vertex 6.39706 13.1522 -5
      vertex 6.41707 13.1451 5
      vertex 6.39706 13.1522 5
    endloop
  endfacet
  facet normal -0.334396 -0.942433 -0
    outer loop
      vertex 6.41707 13.1451 5
      vertex 6.39706 13.1522 -5
      vertex 6.41707 13.1451 -5
    endloop
  endfacet
  facet normal -0.551433 -0.834219 0
    outer loop
      vertex 6.66356 13.0222 -5
      vertex 6.68126 13.0105 5
      vertex 6.66356 13.0222 5
    endloop
  endfacet
  facet normal -0.551433 -0.834219 -0
    outer loop
      vertex 6.68126 13.0105 5
      vertex 6.66356 13.0222 -5
      vertex 6.68126 13.0105 -5
    endloop
  endfacet
  facet normal -0.596912 0.802307 0
    outer loop
      vertex 6.73311 11.0305 -5
      vertex 6.71604 11.0178 5
      vertex 6.73311 11.0305 5
    endloop
  endfacet
  facet normal -0.596912 0.802307 0
    outer loop
      vertex 6.71604 11.0178 5
      vertex 6.73311 11.0305 -5
      vertex 6.71604 11.0178 -5
    endloop
  endfacet
  facet normal -0.993593 0.113015 0
    outer loop
      vertex 7.20844 11.8537 -5
      vertex 7.21084 11.8748 5
      vertex 7.21084 11.8748 -5
    endloop
  endfacet
  facet normal -0.993593 0.113015 0
    outer loop
      vertex 7.21084 11.8748 5
      vertex 7.20844 11.8537 -5
      vertex 7.20844 11.8537 5
    endloop
  endfacet
  facet normal 0.319895 -0.947453 0
    outer loop
      vertex 5.60494 13.1522 -5
      vertex 5.62508 13.159 5
      vertex 5.60494 13.1522 5
    endloop
  endfacet
  facet normal 0.319895 -0.947453 0
    outer loop
      vertex 5.62508 13.159 5
      vertex 5.60494 13.1522 -5
      vertex 5.62508 13.159 -5
    endloop
  endfacet
  facet normal 0.99996 0.0089619 0
    outer loop
      vertex 4.78468 11.9808 5
      vertex 4.78449 12.002 -5
      vertex 4.78449 12.002 5
    endloop
  endfacet
  facet normal 0.99996 0.0089619 0
    outer loop
      vertex 4.78449 12.002 -5
      vertex 4.78468 11.9808 5
      vertex 4.78468 11.9808 -5
    endloop
  endfacet
  facet normal -0.607887 -0.794023 0
    outer loop
      vertex 6.73311 12.9735 -5
      vertex 6.74996 12.9606 5
      vertex 6.73311 12.9735 5
    endloop
  endfacet
  facet normal -0.607887 -0.794023 -0
    outer loop
      vertex 6.74996 12.9606 5
      vertex 6.73311 12.9735 -5
      vertex 6.74996 12.9606 -5
    endloop
  endfacet
  facet normal -0.461664 0.887055 0
    outer loop
      vertex 6.57211 10.9279 -5
      vertex 6.55328 10.9181 5
      vertex 6.57211 10.9279 5
    endloop
  endfacet
  facet normal -0.461664 0.887055 0
    outer loop
      vertex 6.55328 10.9181 5
      vertex 6.57211 10.9279 -5
      vertex 6.55328 10.9181 -5
    endloop
  endfacet
  facet normal 0.687771 -0.725928 0
    outer loop
      vertex 5.15594 12.8771 -5
      vertex 5.17135 12.8917 5
      vertex 5.15594 12.8771 5
    endloop
  endfacet
  facet normal 0.687771 -0.725928 0
    outer loop
      vertex 5.17135 12.8917 5
      vertex 5.15594 12.8771 -5
      vertex 5.17135 12.8917 -5
    endloop
  endfacet
  facet normal -0.687771 0.725928 0
    outer loop
      vertex 6.84606 11.1269 -5
      vertex 6.83065 11.1123 5
      vertex 6.84606 11.1269 5
    endloop
  endfacet
  facet normal -0.687771 0.725928 0
    outer loop
      vertex 6.83065 11.1123 5
      vertex 6.84606 11.1269 -5
      vertex 6.83065 11.1123 -5
    endloop
  endfacet
  facet normal 0.540306 0.841468 -0
    outer loop
      vertex 5.35635 10.9703 -5
      vertex 5.33844 10.9818 5
      vertex 5.35635 10.9703 5
    endloop
  endfacet
  facet normal 0.540306 0.841468 0
    outer loop
      vertex 5.33844 10.9818 5
      vertex 5.35635 10.9703 -5
      vertex 5.33844 10.9818 -5
    endloop
  endfacet
  facet normal 0.976506 0.215489 0
    outer loop
      vertex 4.81567 11.7283 5
      vertex 4.81108 11.7491 -5
      vertex 4.81108 11.7491 5
    endloop
  endfacet
  facet normal 0.976506 0.215489 0
    outer loop
      vertex 4.81108 11.7491 -5
      vertex 4.81567 11.7283 5
      vertex 4.81567 11.7283 -5
    endloop
  endfacet
  facet normal 0.701435 0.712733 -0
    outer loop
      vertex 5.15594 11.1269 -5
      vertex 5.1408 11.1418 5
      vertex 5.15594 11.1269 5
    endloop
  endfacet
  facet normal 0.701435 0.712733 0
    outer loop
      vertex 5.1408 11.1418 5
      vertex 5.15594 11.1269 -5
      vertex 5.1408 11.1418 -5
    endloop
  endfacet
  facet normal -0.0470731 -0.998891 0
    outer loop
      vertex 6.04345 13.2178 -5
      vertex 6.06467 13.2168 5
      vertex 6.04345 13.2178 5
    endloop
  endfacet
  facet normal -0.0470731 -0.998891 -0
    outer loop
      vertex 6.06467 13.2168 5
      vertex 6.04345 13.2178 -5
      vertex 6.06467 13.2168 -5
    endloop
  endfacet
  facet normal -0.929934 0.367725 0
    outer loop
      vertex 7.12892 11.5463 -5
      vertex 7.13671 11.566 5
      vertex 7.13671 11.566 -5
    endloop
  endfacet
  facet normal -0.929934 0.367725 0
    outer loop
      vertex 7.13671 11.566 5
      vertex 7.12892 11.5463 -5
      vertex 7.12892 11.5463 5
    endloop
  endfacet
  facet normal 0.127224 -0.991874 0
    outer loop
      vertex 5.8317 13.2067 -5
      vertex 5.85275 13.2094 5
      vertex 5.8317 13.2067 5
    endloop
  endfacet
  facet normal 0.127224 -0.991874 0
    outer loop
      vertex 5.85275 13.2094 5
      vertex 5.8317 13.2067 -5
      vertex 5.85275 13.2094 -5
    endloop
  endfacet
  facet normal 0.983369 0.181617 0
    outer loop
      vertex 4.80684 11.7699 5
      vertex 4.80298 11.7908 -5
      vertex 4.80298 11.7908 5
    endloop
  endfacet
  facet normal 0.983369 0.181617 0
    outer loop
      vertex 4.80298 11.7908 -5
      vertex 4.80684 11.7699 5
      vertex 4.80684 11.7699 -5
    endloop
  endfacet
  facet normal 0.748889 0.662696 0
    outer loop
      vertex 5.09696 11.188 5
      vertex 5.08289 11.2039 -5
      vertex 5.08289 11.2039 5
    endloop
  endfacet
  facet normal 0.748889 0.662696 0
    outer loop
      vertex 5.08289 11.2039 -5
      vertex 5.09696 11.188 5
      vertex 5.09696 11.188 -5
    endloop
  endfacet
  facet normal -0.99906 0.0433554 0
    outer loop
      vertex 7.21584 11.9383 -5
      vertex 7.21676 11.9595 5
      vertex 7.21676 11.9595 -5
    endloop
  endfacet
  facet normal -0.99906 0.0433554 0
    outer loop
      vertex 7.21676 11.9595 5
      vertex 7.21584 11.9383 -5
      vertex 7.21584 11.9383 5
    endloop
  endfacet
  facet normal -0.447214 -0.894427 0
    outer loop
      vertex 6.53428 13.0954 -5
      vertex 6.55328 13.0859 5
      vertex 6.53428 13.0954 5
    endloop
  endfacet
  facet normal -0.447214 -0.894427 -0
    outer loop
      vertex 6.55328 13.0859 5
      vertex 6.53428 13.0954 -5
      vertex 6.55328 13.0859 -5
    endloop
  endfacet
  facet normal -0.870493 -0.492181 0
    outer loop
      vertex 7.06498 12.5918 -5
      vertex 7.05452 12.6103 5
      vertex 7.05452 12.6103 -5
    endloop
  endfacet
  facet normal -0.870493 -0.492181 0
    outer loop
      vertex 7.05452 12.6103 5
      vertex 7.06498 12.5918 -5
      vertex 7.06498 12.5918 5
    endloop
  endfacet
  facet normal -0.414513 0.910044 0
    outer loop
      vertex 6.51512 10.8995 -5
      vertex 6.4958 10.8907 5
      vertex 6.51512 10.8995 5
    endloop
  endfacet
  facet normal -0.414513 0.910044 0
    outer loop
      vertex 6.4958 10.8907 5
      vertex 6.51512 10.8995 -5
      vertex 6.4958 10.8907 -5
    endloop
  endfacet
  facet normal 0.948589 0.31651 0
    outer loop
      vertex 4.85077 11.6059 5
      vertex 4.84403 11.6261 -5
      vertex 4.84403 11.6261 5
    endloop
  endfacet
  facet normal 0.948589 0.31651 0
    outer loop
      vertex 4.84403 11.6261 -5
      vertex 4.85077 11.6059 5
      vertex 4.85077 11.6059 -5
    endloop
  endfacet
  facet normal -0.986189 -0.165623 0
    outer loop
      vertex 7.20253 12.1923 -5
      vertex 7.19902 12.2132 5
      vertex 7.19902 12.2132 -5
    endloop
  endfacet
  facet normal -0.986189 -0.165623 0
    outer loop
      vertex 7.19902 12.2132 5
      vertex 7.20253 12.1923 -5
      vertex 7.20253 12.1923 5
    endloop
  endfacet
  facet normal 0.936831 -0.349782 0
    outer loop
      vertex 4.85786 12.4181 5
      vertex 4.86529 12.438 -5
      vertex 4.86529 12.438 5
    endloop
  endfacet
  facet normal 0.936831 -0.349782 0
    outer loop
      vertex 4.86529 12.438 -5
      vertex 4.85786 12.4181 5
      vertex 4.85786 12.4181 -5
    endloop
  endfacet
  facet normal 0.993593 0.113015 0
    outer loop
      vertex 4.79356 11.8537 5
      vertex 4.79116 11.8748 -5
      vertex 4.79116 11.8748 5
    endloop
  endfacet
  facet normal 0.993593 0.113015 0
    outer loop
      vertex 4.79116 11.8748 -5
      vertex 4.79356 11.8537 5
      vertex 4.79356 11.8537 -5
    endloop
  endfacet
  facet normal 0.622163 0.782888 -0
    outer loop
      vertex 5.25204 11.0434 -5
      vertex 5.23543 11.0566 5
      vertex 5.25204 11.0434 5
    endloop
  endfacet
  facet normal 0.622163 0.782888 0
    outer loop
      vertex 5.23543 11.0566 5
      vertex 5.25204 11.0434 -5
      vertex 5.23543 11.0566 -5
    endloop
  endfacet
  facet normal 0.712277 -0.701899 0
    outer loop
      vertex 5.12592 12.8471 5
      vertex 5.1408 12.8622 -5
      vertex 5.1408 12.8622 5
    endloop
  endfacet
  facet normal 0.712277 -0.701899 0
    outer loop
      vertex 5.1408 12.8622 -5
      vertex 5.12592 12.8471 5
      vertex 5.12592 12.8471 -5
    endloop
  endfacet
  facet normal 0.804381 -0.594113 0
    outer loop
      vertex 5.01683 12.717 5
      vertex 5.02946 12.7341 -5
      vertex 5.02946 12.7341 5
    endloop
  endfacet
  facet normal 0.804381 -0.594113 0
    outer loop
      vertex 5.02946 12.7341 -5
      vertex 5.01683 12.717 5
      vertex 5.01683 12.717 -5
    endloop
  endfacet
  facet normal -0.979849 0.199738 0
    outer loop
      vertex 7.19092 11.7491 -5
      vertex 7.19516 11.7699 5
      vertex 7.19516 11.7699 -5
    endloop
  endfacet
  facet normal -0.979849 0.199738 0
    outer loop
      vertex 7.19516 11.7699 5
      vertex 7.19092 11.7491 -5
      vertex 7.19092 11.7491 5
    endloop
  endfacet
  facet normal 0.953568 0.301177 0
    outer loop
      vertex 4.84403 11.6261 5
      vertex 4.83765 11.6463 -5
      vertex 4.83765 11.6463 5
    endloop
  endfacet
  facet normal 0.953568 0.301177 0
    outer loop
      vertex 4.83765 11.6463 -5
      vertex 4.84403 11.6261 5
      vertex 4.84403 11.6261 -5
    endloop
  endfacet
  facet normal 0.844607 0.535387 0
    outer loop
      vertex 4.98075 11.3394 5
      vertex 4.96934 11.3574 -5
      vertex 4.96934 11.3574 5
    endloop
  endfacet
  facet normal 0.844607 0.535387 0
    outer loop
      vertex 4.96934 11.3574 -5
      vertex 4.98075 11.3394 5
      vertex 4.98075 11.3394 -5
    endloop
  endfacet
  facet normal 0.519348 -0.854563 0
    outer loop
      vertex 5.35635 13.0337 -5
      vertex 5.37445 13.0447 5
      vertex 5.35635 13.0337 5
    endloop
  endfacet
  facet normal 0.519348 -0.854563 0
    outer loop
      vertex 5.37445 13.0447 5
      vertex 5.35635 13.0337 -5
      vertex 5.37445 13.0447 -5
    endloop
  endfacet
  facet normal 0.494009 0.869457 -0
    outer loop
      vertex 5.41123 10.938 -5
      vertex 5.39275 10.9485 5
      vertex 5.41123 10.938 5
    endloop
  endfacet
  facet normal 0.494009 0.869457 0
    outer loop
      vertex 5.39275 10.9485 5
      vertex 5.41123 10.938 -5
      vertex 5.39275 10.9485 -5
    endloop
  endfacet
  facet normal 0.674549 -0.73823 0
    outer loop
      vertex 5.17135 12.8917 -5
      vertex 5.187 12.906 5
      vertex 5.17135 12.8917 5
    endloop
  endfacet
  facet normal 0.674549 -0.73823 0
    outer loop
      vertex 5.187 12.906 5
      vertex 5.17135 12.8917 -5
      vertex 5.187 12.906 -5
    endloop
  endfacet
  facet normal 0.636004 -0.771685 0
    outer loop
      vertex 5.21905 12.9339 -5
      vertex 5.23543 12.9474 5
      vertex 5.21905 12.9339 5
    endloop
  endfacet
  facet normal 0.636004 -0.771685 0
    outer loop
      vertex 5.23543 12.9474 5
      vertex 5.21905 12.9339 -5
      vertex 5.23543 12.9474 -5
    endloop
  endfacet
  facet normal -0.860606 -0.509271 0
    outer loop
      vertex 7.05452 12.6103 -5
      vertex 7.04375 12.6285 5
      vertex 7.04375 12.6285 -5
    endloop
  endfacet
  facet normal -0.860606 -0.509271 0
    outer loop
      vertex 7.04375 12.6285 5
      vertex 7.05452 12.6103 -5
      vertex 7.05452 12.6103 5
    endloop
  endfacet
  facet normal -0.879276 -0.476313 0
    outer loop
      vertex 7.07511 12.5731 -5
      vertex 7.06498 12.5918 5
      vertex 7.06498 12.5918 -5
    endloop
  endfacet
  facet normal -0.879276 -0.476313 0
    outer loop
      vertex 7.06498 12.5918 5
      vertex 7.07511 12.5731 -5
      vertex 7.07511 12.5731 5
    endloop
  endfacet
  facet normal 0.99996 -0.0089619 0
    outer loop
      vertex 4.78449 12.002 5
      vertex 4.78468 12.0232 -5
      vertex 4.78468 12.0232 5
    endloop
  endfacet
  facet normal 0.99996 -0.0089619 0
    outer loop
      vertex 4.78468 12.0232 -5
      vertex 4.78449 12.002 5
      vertex 4.78449 12.002 -5
    endloop
  endfacet
  facet normal -0.844607 0.535387 0
    outer loop
      vertex 7.02125 11.3394 -5
      vertex 7.03266 11.3574 5
      vertex 7.03266 11.3574 -5
    endloop
  endfacet
  facet normal -0.844607 0.535387 0
    outer loop
      vertex 7.03266 11.3574 5
      vertex 7.02125 11.3394 -5
      vertex 7.02125 11.3394 5
    endloop
  endfacet
  facet normal -0.968233 0.250049 0
    outer loop
      vertex 7.17605 11.6871 -5
      vertex 7.18137 11.7077 5
      vertex 7.18137 11.7077 -5
    endloop
  endfacet
  facet normal -0.968233 0.250049 0
    outer loop
      vertex 7.18137 11.7077 5
      vertex 7.17605 11.6871 -5
      vertex 7.17605 11.6871 5
    endloop
  endfacet
  facet normal -0.508254 0.861207 0
    outer loop
      vertex 6.62755 10.9593 -5
      vertex 6.60925 10.9485 5
      vertex 6.62755 10.9593 5
    endloop
  endfacet
  facet normal -0.508254 0.861207 0
    outer loop
      vertex 6.60925 10.9485 5
      vertex 6.62755 10.9593 -5
      vertex 6.60925 10.9485 -5
    endloop
  endfacet
  facet normal -0.636004 -0.771685 0
    outer loop
      vertex 6.76657 12.9474 -5
      vertex 6.78295 12.9339 5
      vertex 6.76657 12.9474 5
    endloop
  endfacet
  facet normal -0.636004 -0.771685 -0
    outer loop
      vertex 6.78295 12.9339 5
      vertex 6.76657 12.9474 -5
      vertex 6.78295 12.9339 -5
    endloop
  endfacet
  facet normal 0.738363 -0.674403 0
    outer loop
      vertex 5.09696 12.816 5
      vertex 5.1113 12.8317 -5
      vertex 5.1113 12.8317 5
    endloop
  endfacet
  facet normal 0.738363 -0.674403 0
    outer loop
      vertex 5.1113 12.8317 -5
      vertex 5.09696 12.816 5
      vertex 5.09696 12.816 -5
    endloop
  endfacet
  facet normal 0.812743 -0.582623 0
    outer loop
      vertex 5.0045 12.6998 5
      vertex 5.01683 12.717 -5
      vertex 5.01683 12.717 5
    endloop
  endfacet
  facet normal 0.812743 -0.582623 0
    outer loop
      vertex 5.01683 12.717 -5
      vertex 5.0045 12.6998 5
      vertex 5.0045 12.6998 -5
    endloop
  endfacet
  facet normal -0.551433 0.834219 0
    outer loop
      vertex 6.68126 10.9935 -5
      vertex 6.66356 10.9818 5
      vertex 6.68126 10.9935 5
    endloop
  endfacet
  facet normal -0.551433 0.834219 0
    outer loop
      vertex 6.66356 10.9818 5
      vertex 6.68126 10.9935 -5
      vertex 6.66356 10.9818 -5
    endloop
  endfacet
  facet normal 0.164857 0.986317 -0
    outer loop
      vertex 5.8107 10.8005 -5
      vertex 5.78976 10.804 5
      vertex 5.8107 10.8005 5
    endloop
  endfacet
  facet normal 0.164857 0.986317 0
    outer loop
      vertex 5.78976 10.804 5
      vertex 5.8107 10.8005 -5
      vertex 5.78976 10.804 -5
    endloop
  endfacet
  facet normal 0.958983 -0.283464 0
    outer loop
      vertex 4.83162 12.3373 5
      vertex 4.83765 12.3577 -5
      vertex 4.83765 12.3577 5
    endloop
  endfacet
  facet normal 0.958983 -0.283464 0
    outer loop
      vertex 4.83765 12.3577 -5
      vertex 4.83162 12.3373 5
      vertex 4.83162 12.3373 -5
    endloop
  endfacet
  facet normal -0.879276 0.476313 0
    outer loop
      vertex 7.06498 11.4122 -5
      vertex 7.07511 11.4309 5
      vertex 7.07511 11.4309 -5
    endloop
  endfacet
  facet normal -0.879276 0.476313 0
    outer loop
      vertex 7.07511 11.4309 5
      vertex 7.06498 11.4122 -5
      vertex 7.06498 11.4122 5
    endloop
  endfacet
  facet normal 0.494009 -0.869457 0
    outer loop
      vertex 5.39275 13.0555 -5
      vertex 5.41123 13.066 5
      vertex 5.39275 13.0555 5
    endloop
  endfacet
  facet normal 0.494009 -0.869457 0
    outer loop
      vertex 5.41123 13.066 5
      vertex 5.39275 13.0555 -5
      vertex 5.41123 13.066 -5
    endloop
  endfacet
  facet normal 0.782246 -0.62297 0
    outer loop
      vertex 5.04238 12.751 5
      vertex 5.0556 12.7676 -5
      vertex 5.0556 12.7676 5
    endloop
  endfacet
  facet normal 0.782246 -0.62297 0
    outer loop
      vertex 5.0556 12.7676 -5
      vertex 5.04238 12.751 5
      vertex 5.04238 12.751 -5
    endloop
  endfacet
  facet normal 0.447214 -0.894427 0
    outer loop
      vertex 5.44872 13.0859 -5
      vertex 5.46772 13.0954 5
      vertex 5.44872 13.0859 5
    endloop
  endfacet
  facet normal 0.447214 -0.894427 0
    outer loop
      vertex 5.46772 13.0954 5
      vertex 5.44872 13.0859 -5
      vertex 5.46772 13.0954 -5
    endloop
  endfacet
  facet normal 0.551433 0.834219 -0
    outer loop
      vertex 5.33844 10.9818 -5
      vertex 5.32074 10.9935 5
      vertex 5.33844 10.9818 5
    endloop
  endfacet
  facet normal 0.551433 0.834219 0
    outer loop
      vertex 5.32074 10.9935 5
      vertex 5.33844 10.9818 -5
      vertex 5.32074 10.9935 -5
    endloop
  endfacet
  facet normal -0.319895 0.947453 0
    outer loop
      vertex 6.39706 10.8518 -5
      vertex 6.37692 10.845 5
      vertex 6.39706 10.8518 5
    endloop
  endfacet
  facet normal -0.319895 0.947453 0
    outer loop
      vertex 6.37692 10.845 5
      vertex 6.39706 10.8518 -5
      vertex 6.37692 10.845 -5
    endloop
  endfacet
  facet normal -0.179051 -0.98384 0
    outer loop
      vertex 6.21224 13.2 -5
      vertex 6.23312 13.1962 5
      vertex 6.21224 13.2 5
    endloop
  endfacet
  facet normal -0.179051 -0.98384 -0
    outer loop
      vertex 6.23312 13.1962 5
      vertex 6.21224 13.2 -5
      vertex 6.23312 13.1962 -5
    endloop
  endfacet
  facet normal 0.636004 0.771685 -0
    outer loop
      vertex 5.23543 11.0566 -5
      vertex 5.21905 11.0701 5
      vertex 5.23543 11.0566 5
    endloop
  endfacet
  facet normal 0.636004 0.771685 0
    outer loop
      vertex 5.21905 11.0701 5
      vertex 5.23543 11.0566 -5
      vertex 5.21905 11.0701 -5
    endloop
  endfacet
  facet normal 0.348695 0.937236 -0
    outer loop
      vertex 5.58493 10.8589 -5
      vertex 5.56504 10.8663 5
      vertex 5.58493 10.8589 5
    endloop
  endfacet
  facet normal 0.348695 0.937236 0
    outer loop
      vertex 5.56504 10.8663 5
      vertex 5.58493 10.8589 -5
      vertex 5.56504 10.8663 -5
    endloop
  endfacet
  facet normal -0.674549 -0.73823 0
    outer loop
      vertex 6.815 12.906 -5
      vertex 6.83065 12.8917 5
      vertex 6.815 12.906 5
    endloop
  endfacet
  facet normal -0.674549 -0.73823 -0
    outer loop
      vertex 6.83065 12.8917 5
      vertex 6.815 12.906 -5
      vertex 6.83065 12.8917 -5
    endloop
  endfacet
  facet normal 0.824069 -0.566489 0
    outer loop
      vertex 4.99247 12.6823 5
      vertex 5.0045 12.6998 -5
      vertex 5.0045 12.6998 5
    endloop
  endfacet
  facet normal 0.824069 -0.566489 0
    outer loop
      vertex 5.0045 12.6998 -5
      vertex 4.99247 12.6823 5
      vertex 4.99247 12.6823 -5
    endloop
  endfacet
  facet normal -0.860606 0.509271 0
    outer loop
      vertex 7.04375 11.3755 -5
      vertex 7.05452 11.3937 5
      vertex 7.05452 11.3937 -5
    endloop
  endfacet
  facet normal -0.860606 0.509271 0
    outer loop
      vertex 7.05452 11.3937 5
      vertex 7.04375 11.3755 -5
      vertex 7.04375 11.3755 5
    endloop
  endfacet
  facet normal -0.738363 -0.674403 0
    outer loop
      vertex 6.90504 12.816 -5
      vertex 6.8907 12.8317 5
      vertex 6.8907 12.8317 -5
    endloop
  endfacet
  facet normal -0.738363 -0.674403 0
    outer loop
      vertex 6.8907 12.8317 5
      vertex 6.90504 12.816 -5
      vertex 6.90504 12.816 5
    endloop
  endfacet
  facet normal -0.748889 -0.662696 0
    outer loop
      vertex 6.91911 12.8001 -5
      vertex 6.90504 12.816 5
      vertex 6.90504 12.816 -5
    endloop
  endfacet
  facet normal -0.748889 -0.662696 0
    outer loop
      vertex 6.90504 12.816 5
      vertex 6.91911 12.8001 -5
      vertex 6.91911 12.8001 5
    endloop
  endfacet
  facet normal -0.989005 0.14788 0
    outer loop
      vertex 7.20253 11.8117 -5
      vertex 7.20567 11.8327 5
      vertex 7.20567 11.8327 -5
    endloop
  endfacet
  facet normal -0.989005 0.14788 0
    outer loop
      vertex 7.20567 11.8327 5
      vertex 7.20253 11.8117 -5
      vertex 7.20253 11.8117 5
    endloop
  endfacet
  facet normal -0.429018 -0.903296 0
    outer loop
      vertex 6.51512 13.1045 -5
      vertex 6.53428 13.0954 5
      vertex 6.51512 13.1045 5
    endloop
  endfacet
  facet normal -0.429018 -0.903296 -0
    outer loop
      vertex 6.53428 13.0954 5
      vertex 6.51512 13.1045 -5
      vertex 6.53428 13.0954 -5
    endloop
  endfacet
  facet normal 0.929934 -0.367725 0
    outer loop
      vertex 4.86529 12.438 5
      vertex 4.87308 12.4577 -5
      vertex 4.87308 12.4577 5
    endloop
  endfacet
  facet normal 0.929934 -0.367725 0
    outer loop
      vertex 4.87308 12.4577 -5
      vertex 4.86529 12.438 5
      vertex 4.86529 12.438 -5
    endloop
  endfacet
  facet normal 0.995402 -0.095784 0
    outer loop
      vertex 4.78912 12.108 5
      vertex 4.79116 12.1292 -5
      vertex 4.79116 12.1292 5
    endloop
  endfacet
  facet normal 0.995402 -0.095784 0
    outer loop
      vertex 4.79116 12.1292 -5
      vertex 4.78912 12.108 5
      vertex 4.78912 12.108 -5
    endloop
  endfacet
  facet normal 0.0988512 -0.995102 0
    outer loop
      vertex 5.87384 13.2118 -5
      vertex 5.89498 13.2139 5
      vertex 5.87384 13.2118 5
    endloop
  endfacet
  facet normal 0.0988512 -0.995102 0
    outer loop
      vertex 5.89498 13.2139 5
      vertex 5.87384 13.2118 -5
      vertex 5.89498 13.2139 -5
    endloop
  endfacet
  facet normal -0.963477 0.26779 0
    outer loop
      vertex 7.17038 11.6667 -5
      vertex 7.17605 11.6871 5
      vertex 7.17605 11.6871 -5
    endloop
  endfacet
  facet normal -0.963477 0.26779 0
    outer loop
      vertex 7.17605 11.6871 5
      vertex 7.17038 11.6667 -5
      vertex 7.17038 11.6667 5
    endloop
  endfacet
  facet normal 0.400103 0.91647 -0
    outer loop
      vertex 5.52567 10.8822 -5
      vertex 5.5062 10.8907 5
      vertex 5.52567 10.8822 5
    endloop
  endfacet
  facet normal 0.400103 0.91647 0
    outer loop
      vertex 5.5062 10.8907 5
      vertex 5.52567 10.8822 -5
      vertex 5.5062 10.8907 -5
    endloop
  endfacet
  facet normal -0.976506 -0.215489 0
    outer loop
      vertex 7.19092 12.2549 -5
      vertex 7.18633 12.2757 5
      vertex 7.18633 12.2757 -5
    endloop
  endfacet
  facet normal -0.976506 -0.215489 0
    outer loop
      vertex 7.18633 12.2757 5
      vertex 7.19092 12.2549 -5
      vertex 7.19092 12.2549 5
    endloop
  endfacet
  facet normal -0.249736 0.968314 0
    outer loop
      vertex 6.31585 10.8269 -5
      vertex 6.2953 10.8216 5
      vertex 6.31585 10.8269 5
    endloop
  endfacet
  facet normal -0.249736 0.968314 0
    outer loop
      vertex 6.2953 10.8216 5
      vertex 6.31585 10.8269 -5
      vertex 6.2953 10.8216 -5
    endloop
  endfacet
  facet normal 0.852676 0.522441 0
    outer loop
      vertex 4.96934 11.3574 5
      vertex 4.95825 11.3755 -5
      vertex 4.95825 11.3755 5
    endloop
  endfacet
  facet normal 0.852676 0.522441 0
    outer loop
      vertex 4.95825 11.3755 -5
      vertex 4.96934 11.3574 5
      vertex 4.96934 11.3574 -5
    endloop
  endfacet
  facet normal -0.367327 -0.930092 0
    outer loop
      vertex 6.43696 13.1377 -5
      vertex 6.45671 13.1299 5
      vertex 6.43696 13.1377 5
    endloop
  endfacet
  facet normal -0.367327 -0.930092 -0
    outer loop
      vertex 6.45671 13.1299 5
      vertex 6.43696 13.1377 -5
      vertex 6.45671 13.1299 -5
    endloop
  endfacet
  facet normal -0.894804 0.44646 0
    outer loop
      vertex 7.08491 11.4497 -5
      vertex 7.09439 11.4687 5
      vertex 7.09439 11.4687 -5
    endloop
  endfacet
  facet normal -0.894804 0.44646 0
    outer loop
      vertex 7.09439 11.4687 5
      vertex 7.08491 11.4497 -5
      vertex 7.08491 11.4497 5
    endloop
  endfacet
  facet normal 0.986189 -0.165623 0
    outer loop
      vertex 4.79947 12.1923 5
      vertex 4.80298 12.2132 -5
      vertex 4.80298 12.2132 5
    endloop
  endfacet
  facet normal 0.986189 -0.165623 0
    outer loop
      vertex 4.80298 12.2132 -5
      vertex 4.79947 12.1923 5
      vertex 4.79947 12.1923 -5
    endloop
  endfacet
  facet normal -0.348695 -0.937236 0
    outer loop
      vertex 6.41707 13.1451 -5
      vertex 6.43696 13.1377 5
      vertex 6.41707 13.1451 5
    endloop
  endfacet
  facet normal -0.348695 -0.937236 -0
    outer loop
      vertex 6.43696 13.1377 5
      vertex 6.41707 13.1451 -5
      vertex 6.43696 13.1377 -5
    endloop
  endfacet
  facet normal -0.963477 -0.26779 0
    outer loop
      vertex 7.17605 12.3169 -5
      vertex 7.17038 12.3373 5
      vertex 7.17038 12.3373 -5
    endloop
  endfacet
  facet normal -0.963477 -0.26779 0
    outer loop
      vertex 7.17038 12.3373 5
      vertex 7.17605 12.3169 -5
      vertex 7.17605 12.3169 5
    endloop
  endfacet
  facet normal -0.923856 -0.38274 0
    outer loop
      vertex 7.12892 12.4577 -5
      vertex 7.1208 12.4773 5
      vertex 7.1208 12.4773 -5
    endloop
  endfacet
  facet normal -0.923856 -0.38274 0
    outer loop
      vertex 7.1208 12.4773 5
      vertex 7.12892 12.4577 -5
      vertex 7.12892 12.4577 5
    endloop
  endfacet
  facet normal 0.113068 0.993587 -0
    outer loop
      vertex 5.87384 10.7922 -5
      vertex 5.85275 10.7946 5
      vertex 5.87384 10.7922 5
    endloop
  endfacet
  facet normal 0.113068 0.993587 0
    outer loop
      vertex 5.85275 10.7946 5
      vertex 5.87384 10.7922 -5
      vertex 5.85275 10.7946 -5
    endloop
  endfacet
  facet normal -0.00942021 -0.999956 0
    outer loop
      vertex 6.001 13.2185 -5
      vertex 6.02223 13.2183 5
      vertex 6.001 13.2185 5
    endloop
  endfacet
  facet normal -0.00942021 -0.999956 -0
    outer loop
      vertex 6.02223 13.2183 5
      vertex 6.001 13.2185 -5
      vertex 6.02223 13.2183 -5
    endloop
  endfacet
  facet normal 0.998125 0.0612058 0
    outer loop
      vertex 4.78746 11.9171 5
      vertex 4.78616 11.9383 -5
      vertex 4.78616 11.9383 5
    endloop
  endfacet
  facet normal 0.998125 0.0612058 0
    outer loop
      vertex 4.78616 11.9383 -5
      vertex 4.78746 11.9171 5
      vertex 4.78746 11.9171 -5
    endloop
  endfacet
  facet normal -0.47601 -0.87944 0
    outer loop
      vertex 6.57211 13.0761 -5
      vertex 6.59077 13.066 5
      vertex 6.57211 13.0761 5
    endloop
  endfacet
  facet normal -0.47601 -0.87944 -0
    outer loop
      vertex 6.59077 13.066 5
      vertex 6.57211 13.0761 -5
      vertex 6.59077 13.066 -5
    endloop
  endfacet
  facet normal 0.461664 -0.887055 0
    outer loop
      vertex 5.42989 13.0761 -5
      vertex 5.44872 13.0859 5
      vertex 5.42989 13.0761 5
    endloop
  endfacet
  facet normal 0.461664 -0.887055 0
    outer loop
      vertex 5.44872 13.0859 5
      vertex 5.42989 13.0761 -5
      vertex 5.44872 13.0859 -5
    endloop
  endfacet
  facet normal 0.202357 0.979312 -0
    outer loop
      vertex 5.76888 10.8078 -5
      vertex 5.74807 10.8121 5
      vertex 5.76888 10.8078 5
    endloop
  endfacet
  facet normal 0.202357 0.979312 0
    outer loop
      vertex 5.74807 10.8121 5
      vertex 5.76888 10.8078 -5
      vertex 5.74807 10.8121 -5
    endloop
  endfacet
  facet normal 0.998125 -0.0612058 0
    outer loop
      vertex 4.78616 12.0657 5
      vertex 4.78746 12.0869 -5
      vertex 4.78746 12.0869 5
    endloop
  endfacet
  facet normal 0.998125 -0.0612058 0
    outer loop
      vertex 4.78746 12.0869 -5
      vertex 4.78616 12.0657 5
      vertex 4.78616 12.0657 -5
    endloop
  endfacet
  facet normal 0.367327 0.930092 -0
    outer loop
      vertex 5.56504 10.8663 -5
      vertex 5.54529 10.8741 5
      vertex 5.56504 10.8663 5
    endloop
  endfacet
  facet normal 0.367327 0.930092 0
    outer loop
      vertex 5.54529 10.8741 5
      vertex 5.56504 10.8663 -5
      vertex 5.54529 10.8741 -5
    endloop
  endfacet
  facet normal 0.902913 0.429824 0
    outer loop
      vertex 4.90761 11.4687 5
      vertex 4.89847 11.4879 -5
      vertex 4.89847 11.4879 5
    endloop
  endfacet
  facet normal 0.902913 0.429824 0
    outer loop
      vertex 4.89847 11.4879 -5
      vertex 4.90761 11.4687 5
      vertex 4.90761 11.4687 -5
    endloop
  endfacet
  facet normal 0.508254 -0.861207 0
    outer loop
      vertex 5.37445 13.0447 -5
      vertex 5.39275 13.0555 5
      vertex 5.37445 13.0447 5
    endloop
  endfacet
  facet normal 0.508254 -0.861207 0
    outer loop
      vertex 5.39275 13.0555 5
      vertex 5.37445 13.0447 -5
      vertex 5.39275 13.0555 -5
    endloop
  endfacet
  facet normal -0.596912 -0.802307 0
    outer loop
      vertex 6.71604 12.9862 -5
      vertex 6.73311 12.9735 5
      vertex 6.71604 12.9862 5
    endloop
  endfacet
  facet normal -0.596912 -0.802307 -0
    outer loop
      vertex 6.73311 12.9735 5
      vertex 6.71604 12.9862 -5
      vertex 6.73311 12.9735 -5
    endloop
  endfacet
  facet normal 0.519348 0.854563 -0
    outer loop
      vertex 5.37445 10.9593 -5
      vertex 5.35635 10.9703 5
      vertex 5.37445 10.9593 5
    endloop
  endfacet
  facet normal 0.519348 0.854563 0
    outer loop
      vertex 5.35635 10.9703 5
      vertex 5.37445 10.9593 -5
      vertex 5.35635 10.9703 -5
    endloop
  endfacet
  facet normal 0.429018 0.903296 -0
    outer loop
      vertex 5.48688 10.8995 -5
      vertex 5.46772 10.9086 5
      vertex 5.48688 10.8995 5
    endloop
  endfacet
  facet normal 0.429018 0.903296 0
    outer loop
      vertex 5.46772 10.9086 5
      vertex 5.48688 10.8995 -5
      vertex 5.46772 10.9086 -5
    endloop
  endfacet
  facet normal 0.917212 0.398399 0
    outer loop
      vertex 4.88967 11.5072 5
      vertex 4.8812 11.5267 -5
      vertex 4.8812 11.5267 5
    endloop
  endfacet
  facet normal 0.917212 0.398399 0
    outer loop
      vertex 4.8812 11.5267 -5
      vertex 4.88967 11.5072 5
      vertex 4.88967 11.5072 -5
    endloop
  endfacet
  facet normal 0.804381 0.594113 0
    outer loop
      vertex 5.02946 11.2699 5
      vertex 5.01683 11.287 -5
      vertex 5.01683 11.287 5
    endloop
  endfacet
  facet normal 0.804381 0.594113 0
    outer loop
      vertex 5.01683 11.287 -5
      vertex 5.02946 11.2699 5
      vertex 5.02946 11.2699 -5
    endloop
  endfacet
  facet normal -0.216731 -0.976231 0
    outer loop
      vertex 6.25393 13.1919 -5
      vertex 6.27465 13.1873 5
      vertex 6.25393 13.1919 5
    endloop
  endfacet
  facet normal -0.216731 -0.976231 -0
    outer loop
      vertex 6.27465 13.1873 5
      vertex 6.25393 13.1919 -5
      vertex 6.27465 13.1873 -5
    endloop
  endfacet
  facet normal 0.540306 -0.841468 0
    outer loop
      vertex 5.33844 13.0222 -5
      vertex 5.35635 13.0337 5
      vertex 5.33844 13.0222 5
    endloop
  endfacet
  facet normal 0.540306 -0.841468 0
    outer loop
      vertex 5.35635 13.0337 5
      vertex 5.33844 13.0222 -5
      vertex 5.35635 13.0337 -5
    endloop
  endfacet
  facet normal -0.202357 0.979312 0
    outer loop
      vertex 6.25393 10.8121 -5
      vertex 6.23312 10.8078 5
      vertex 6.25393 10.8121 5
    endloop
  endfacet
  facet normal -0.202357 0.979312 0
    outer loop
      vertex 6.23312 10.8078 5
      vertex 6.25393 10.8121 -5
      vertex 6.23312 10.8078 -5
    endloop
  endfacet
  facet normal -0.607887 0.794023 0
    outer loop
      vertex 6.74996 11.0434 -5
      vertex 6.73311 11.0305 5
      vertex 6.74996 11.0434 5
    endloop
  endfacet
  facet normal -0.607887 0.794023 0
    outer loop
      vertex 6.73311 11.0305 5
      vertex 6.74996 11.0434 -5
      vertex 6.73311 11.0305 -5
    endloop
  endfacet
  facet normal -0.287003 -0.95793 0
    outer loop
      vertex 6.33631 13.1714 -5
      vertex 6.35667 13.1653 5
      vertex 6.33631 13.1714 5
    endloop
  endfacet
  facet normal -0.287003 -0.95793 -0
    outer loop
      vertex 6.35667 13.1653 5
      vertex 6.33631 13.1714 -5
      vertex 6.35667 13.1653 -5
    endloop
  endfacet
  facet normal 0.772066 0.635542 0
    outer loop
      vertex 5.0691 11.22 5
      vertex 5.0556 11.2364 -5
      vertex 5.0556 11.2364 5
    endloop
  endfacet
  facet normal 0.772066 0.635542 0
    outer loop
      vertex 5.0556 11.2364 -5
      vertex 5.0691 11.22 5
      vertex 5.0691 11.22 -5
    endloop
  endfacet
  facet normal 0.565528 0.824729 -0
    outer loop
      vertex 5.32074 10.9935 -5
      vertex 5.30324 11.0055 5
      vertex 5.32074 10.9935 5
    endloop
  endfacet
  facet normal 0.565528 0.824729 0
    outer loop
      vertex 5.30324 11.0055 5
      vertex 5.32074 10.9935 -5
      vertex 5.30324 11.0055 -5
    endloop
  endfacet
  facet normal -0.870493 0.492181 0
    outer loop
      vertex 7.05452 11.3937 -5
      vertex 7.06498 11.4122 5
      vertex 7.06498 11.4122 -5
    endloop
  endfacet
  facet normal -0.870493 0.492181 0
    outer loop
      vertex 7.06498 11.4122 5
      vertex 7.05452 11.3937 -5
      vertex 7.05452 11.3937 5
    endloop
  endfacet
  facet normal -0.202357 -0.979312 0
    outer loop
      vertex 6.23312 13.1962 -5
      vertex 6.25393 13.1919 5
      vertex 6.23312 13.1962 5
    endloop
  endfacet
  facet normal -0.202357 -0.979312 -0
    outer loop
      vertex 6.25393 13.1919 5
      vertex 6.23312 13.1962 -5
      vertex 6.25393 13.1919 -5
    endloop
  endfacet
  facet normal -0.999655 0.026282 0
    outer loop
      vertex 7.21676 11.9595 -5
      vertex 7.21732 11.9808 5
      vertex 7.21732 11.9808 -5
    endloop
  endfacet
  facet normal -0.999655 0.026282 0
    outer loop
      vertex 7.21732 11.9808 5
      vertex 7.21676 11.9595 -5
      vertex 7.21676 11.9595 5
    endloop
  endfacet
  facet normal -0.00942021 0.999956 0
    outer loop
      vertex 6.02223 10.7857 -5
      vertex 6.001 10.7855 5
      vertex 6.02223 10.7857 5
    endloop
  endfacet
  facet normal -0.00942021 0.999956 0
    outer loop
      vertex 6.001 10.7855 5
      vertex 6.02223 10.7857 -5
      vertex 6.001 10.7855 -5
    endloop
  endfacet
  facet normal 0.972216 0.234087 0
    outer loop
      vertex 4.82063 11.7077 5
      vertex 4.81567 11.7283 -5
      vertex 4.81567 11.7283 5
    endloop
  endfacet
  facet normal 0.972216 0.234087 0
    outer loop
      vertex 4.81567 11.7283 -5
      vertex 4.82063 11.7077 5
      vertex 4.82063 11.7077 -5
    endloop
  endfacet
  facet normal -0.649628 0.760253 0
    outer loop
      vertex 6.7991 11.0839 -5
      vertex 6.78295 11.0701 5
      vertex 6.7991 11.0839 5
    endloop
  endfacet
  facet normal -0.649628 0.760253 0
    outer loop
      vertex 6.78295 11.0701 5
      vertex 6.7991 11.0839 -5
      vertex 6.78295 11.0701 -5
    endloop
  endfacet
  facet normal 0.596912 -0.802307 0
    outer loop
      vertex 5.26889 12.9735 -5
      vertex 5.28596 12.9862 5
      vertex 5.26889 12.9735 5
    endloop
  endfacet
  facet normal 0.596912 -0.802307 0
    outer loop
      vertex 5.28596 12.9862 5
      vertex 5.26889 12.9735 -5
      vertex 5.28596 12.9862 -5
    endloop
  endfacet
  facet normal -0.852676 -0.522441 0
    outer loop
      vertex 7.04375 12.6285 -5
      vertex 7.03266 12.6466 5
      vertex 7.03266 12.6466 -5
    endloop
  endfacet
  facet normal -0.852676 -0.522441 0
    outer loop
      vertex 7.03266 12.6466 5
      vertex 7.04375 12.6285 -5
      vertex 7.04375 12.6285 5
    endloop
  endfacet
  facet normal -0.565528 -0.824729 0
    outer loop
      vertex 6.68126 13.0105 -5
      vertex 6.69876 12.9985 5
      vertex 6.68126 13.0105 5
    endloop
  endfacet
  facet normal -0.565528 -0.824729 -0
    outer loop
      vertex 6.69876 12.9985 5
      vertex 6.68126 13.0105 -5
      vertex 6.69876 12.9985 -5
    endloop
  endfacet
  facet normal -0.230877 -0.972983 0
    outer loop
      vertex 6.27465 13.1873 -5
      vertex 6.2953 13.1824 5
      vertex 6.27465 13.1873 5
    endloop
  endfacet
  facet normal -0.230877 -0.972983 -0
    outer loop
      vertex 6.2953 13.1824 5
      vertex 6.27465 13.1873 -5
      vertex 6.2953 13.1824 -5
    endloop
  endfacet
  facet normal 0.0470731 -0.998891 0
    outer loop
      vertex 5.93733 13.2168 -5
      vertex 5.95855 13.2178 5
      vertex 5.93733 13.2168 5
    endloop
  endfacet
  facet normal 0.0470731 -0.998891 0
    outer loop
      vertex 5.95855 13.2178 5
      vertex 5.93733 13.2168 -5
      vertex 5.95855 13.2178 -5
    endloop
  endfacet
  facet normal 0.00942021 -0.999956 0
    outer loop
      vertex 5.97977 13.2183 -5
      vertex 6.001 13.2185 5
      vertex 5.97977 13.2183 5
    endloop
  endfacet
  facet normal 0.00942021 -0.999956 0
    outer loop
      vertex 6.001 13.2185 5
      vertex 5.97977 13.2183 -5
      vertex 6.001 13.2185 -5
    endloop
  endfacet
  facet normal -0.886753 0.462244 0
    outer loop
      vertex 7.07511 11.4309 -5
      vertex 7.08491 11.4497 5
      vertex 7.08491 11.4497 -5
    endloop
  endfacet
  facet normal -0.886753 0.462244 0
    outer loop
      vertex 7.08491 11.4497 5
      vertex 7.07511 11.4309 -5
      vertex 7.07511 11.4309 5
    endloop
  endfacet
  facet normal -0.991412 0.130772 0
    outer loop
      vertex 7.20567 11.8327 -5
      vertex 7.20844 11.8537 5
      vertex 7.20844 11.8537 -5
    endloop
  endfacet
  facet normal -0.991412 0.130772 0
    outer loop
      vertex 7.20844 11.8537 5
      vertex 7.20567 11.8327 -5
      vertex 7.20567 11.8327 5
    endloop
  endfacet
  facet normal 0.0235561 0.999723 -0
    outer loop
      vertex 5.97977 10.7857 -5
      vertex 5.95855 10.7862 5
      vertex 5.97977 10.7857 5
    endloop
  endfacet
  facet normal 0.0235561 0.999723 0
    outer loop
      vertex 5.95855 10.7862 5
      vertex 5.97977 10.7857 -5
      vertex 5.95855 10.7862 -5
    endloop
  endfacet
  facet normal -0.230877 0.972983 0
    outer loop
      vertex 6.2953 10.8216 -5
      vertex 6.27465 10.8167 5
      vertex 6.2953 10.8216 5
    endloop
  endfacet
  facet normal -0.230877 0.972983 0
    outer loop
      vertex 6.27465 10.8167 5
      vertex 6.2953 10.8216 -5
      vertex 6.27465 10.8167 -5
    endloop
  endfacet
  facet normal 0.995402 0.095784 0
    outer loop
      vertex 4.79116 11.8748 5
      vertex 4.78912 11.896 -5
      vertex 4.78912 11.896 5
    endloop
  endfacet
  facet normal 0.995402 0.095784 0
    outer loop
      vertex 4.78912 11.896 -5
      vertex 4.79116 11.8748 5
      vertex 4.79116 11.8748 -5
    endloop
  endfacet
  facet normal 0.902913 -0.429824 0
    outer loop
      vertex 4.89847 12.5161 5
      vertex 4.90761 12.5353 -5
      vertex 4.90761 12.5353 5
    endloop
  endfacet
  facet normal 0.902913 -0.429824 0
    outer loop
      vertex 4.90761 12.5353 -5
      vertex 4.89847 12.5161 5
      vertex 4.89847 12.5161 -5
    endloop
  endfacet
  facet normal 0.00942021 0.999956 -0
    outer loop
      vertex 6.001 10.7855 -5
      vertex 5.97977 10.7857 5
      vertex 6.001 10.7855 5
    endloop
  endfacet
  facet normal 0.00942021 0.999956 0
    outer loop
      vertex 5.97977 10.7857 5
      vertex 6.001 10.7855 -5
      vertex 5.97977 10.7857 -5
    endloop
  endfacet
  facet normal 0.607887 0.794023 -0
    outer loop
      vertex 5.26889 11.0305 -5
      vertex 5.25204 11.0434 5
      vertex 5.26889 11.0305 5
    endloop
  endfacet
  facet normal 0.607887 0.794023 0
    outer loop
      vertex 5.25204 11.0434 5
      vertex 5.26889 11.0305 -5
      vertex 5.25204 11.0434 -5
    endloop
  endfacet
  facet normal 0.179051 0.98384 -0
    outer loop
      vertex 5.78976 10.804 -5
      vertex 5.76888 10.8078 5
      vertex 5.78976 10.804 5
    endloop
  endfacet
  facet normal 0.179051 0.98384 0
    outer loop
      vertex 5.76888 10.8078 5
      vertex 5.78976 10.804 -5
      vertex 5.76888 10.8078 -5
    endloop
  endfacet
  facet normal -0.216731 0.976231 0
    outer loop
      vertex 6.27465 10.8167 -5
      vertex 6.25393 10.8121 5
      vertex 6.27465 10.8167 5
    endloop
  endfacet
  facet normal -0.216731 0.976231 0
    outer loop
      vertex 6.25393 10.8121 5
      vertex 6.27465 10.8167 -5
      vertex 6.25393 10.8121 -5
    endloop
  endfacet
  facet normal -0.995402 0.095784 0
    outer loop
      vertex 7.21084 11.8748 -5
      vertex 7.21288 11.896 5
      vertex 7.21288 11.896 -5
    endloop
  endfacet
  facet normal -0.995402 0.095784 0
    outer loop
      vertex 7.21288 11.896 5
      vertex 7.21084 11.8748 -5
      vertex 7.21084 11.8748 5
    endloop
  endfacet
  facet normal -0.909881 0.414868 0
    outer loop
      vertex 7.10353 11.4879 -5
      vertex 7.11233 11.5072 5
      vertex 7.11233 11.5072 -5
    endloop
  endfacet
  facet normal -0.909881 0.414868 0
    outer loop
      vertex 7.11233 11.5072 5
      vertex 7.10353 11.4879 -5
      vertex 7.10353 11.4879 5
    endloop
  endfacet
  facet normal 0.929934 0.367725 0
    outer loop
      vertex 4.87308 11.5463 5
      vertex 4.86529 11.566 -5
      vertex 4.86529 11.566 5
    endloop
  endfacet
  facet normal 0.929934 0.367725 0
    outer loop
      vertex 4.86529 11.566 -5
      vertex 4.87308 11.5463 5
      vertex 4.87308 11.5463 -5
    endloop
  endfacet
  facet normal 0.150642 0.988588 -0
    outer loop
      vertex 5.8317 10.7973 -5
      vertex 5.8107 10.8005 5
      vertex 5.8317 10.7973 5
    endloop
  endfacet
  facet normal 0.150642 0.988588 0
    outer loop
      vertex 5.8107 10.8005 5
      vertex 5.8317 10.7973 -5
      vertex 5.8107 10.8005 -5
    endloop
  endfacet
  facet normal 0.607887 -0.794023 0
    outer loop
      vertex 5.25204 12.9606 -5
      vertex 5.26889 12.9735 5
      vertex 5.25204 12.9606 5
    endloop
  endfacet
  facet normal 0.607887 -0.794023 0
    outer loop
      vertex 5.26889 12.9735 5
      vertex 5.25204 12.9606 -5
      vertex 5.26889 12.9735 -5
    endloop
  endfacet
  facet normal -0.579899 0.814688 0
    outer loop
      vertex 6.71604 11.0178 -5
      vertex 6.69876 11.0055 5
      vertex 6.71604 11.0178 5
    endloop
  endfacet
  facet normal -0.579899 0.814688 0
    outer loop
      vertex 6.69876 11.0055 5
      vertex 6.71604 11.0178 -5
      vertex 6.69876 11.0055 -5
    endloop
  endfacet
  facet normal -0.47601 0.87944 0
    outer loop
      vertex 6.59077 10.938 -5
      vertex 6.57211 10.9279 5
      vertex 6.59077 10.938 5
    endloop
  endfacet
  facet normal -0.47601 0.87944 0
    outer loop
      vertex 6.57211 10.9279 5
      vertex 6.59077 10.938 -5
      vertex 6.57211 10.9279 -5
    endloop
  endfacet
  facet normal -0.942528 0.334126 0
    outer loop
      vertex 7.14414 11.5859 -5
      vertex 7.15123 11.6059 5
      vertex 7.15123 11.6059 -5
    endloop
  endfacet
  facet normal -0.942528 0.334126 0
    outer loop
      vertex 7.15123 11.6059 5
      vertex 7.14414 11.5859 -5
      vertex 7.14414 11.5859 5
    endloop
  endfacet
  facet normal -0.150642 0.988588 0
    outer loop
      vertex 6.1913 10.8005 -5
      vertex 6.1703 10.7973 5
      vertex 6.1913 10.8005 5
    endloop
  endfacet
  facet normal -0.150642 0.988588 0
    outer loop
      vertex 6.1703 10.7973 5
      vertex 6.1913 10.8005 -5
      vertex 6.1703 10.7973 -5
    endloop
  endfacet
  facet normal -0.519348 0.854563 0
    outer loop
      vertex 6.64565 10.9703 -5
      vertex 6.62755 10.9593 5
      vertex 6.64565 10.9703 5
    endloop
  endfacet
  facet normal -0.519348 0.854563 0
    outer loop
      vertex 6.62755 10.9593 5
      vertex 6.64565 10.9703 -5
      vertex 6.62755 10.9593 -5
    endloop
  endfacet
  facet normal 0.461664 0.887055 -0
    outer loop
      vertex 5.44872 10.9181 -5
      vertex 5.42989 10.9279 5
      vertex 5.44872 10.9181 5
    endloop
  endfacet
  facet normal 0.461664 0.887055 0
    outer loop
      vertex 5.42989 10.9279 5
      vertex 5.44872 10.9181 -5
      vertex 5.42989 10.9279 -5
    endloop
  endfacet
  facet normal -0.701435 -0.712733 0
    outer loop
      vertex 6.84606 12.8771 -5
      vertex 6.8612 12.8622 5
      vertex 6.84606 12.8771 5
    endloop
  endfacet
  facet normal -0.701435 -0.712733 -0
    outer loop
      vertex 6.8612 12.8622 5
      vertex 6.84606 12.8771 -5
      vertex 6.8612 12.8622 -5
    endloop
  endfacet
  facet normal 0.986189 0.165623 0
    outer loop
      vertex 4.80298 11.7908 5
      vertex 4.79947 11.8117 -5
      vertex 4.79947 11.8117 5
    endloop
  endfacet
  facet normal 0.986189 0.165623 0
    outer loop
      vertex 4.79947 11.8117 -5
      vertex 4.80298 11.7908 5
      vertex 4.80298 11.7908 -5
    endloop
  endfacet
  facet normal -0.75949 0.650519 0
    outer loop
      vertex 6.91911 11.2039 -5
      vertex 6.9329 11.22 5
      vertex 6.9329 11.22 -5
    endloop
  endfacet
  facet normal -0.75949 0.650519 0
    outer loop
      vertex 6.9329 11.22 5
      vertex 6.91911 11.2039 -5
      vertex 6.91911 11.2039 5
    endloop
  endfacet
  facet normal 0.782246 0.62297 0
    outer loop
      vertex 5.0556 11.2364 5
      vertex 5.04238 11.253 -5
      vertex 5.04238 11.253 5
    endloop
  endfacet
  facet normal 0.782246 0.62297 0
    outer loop
      vertex 5.04238 11.253 -5
      vertex 5.0556 11.2364 5
      vertex 5.0556 11.2364 -5
    endloop
  endfacet
  facet normal -0.301357 0.953511 0
    outer loop
      vertex 6.37692 10.845 -5
      vertex 6.35667 10.8386 5
      vertex 6.37692 10.845 5
    endloop
  endfacet
  facet normal -0.301357 0.953511 0
    outer loop
      vertex 6.35667 10.8386 5
      vertex 6.37692 10.845 -5
      vertex 6.35667 10.8386 -5
    endloop
  endfacet
  facet normal -0.282676 0.959215 0
    outer loop
      vertex 6.35667 10.8386 -5
      vertex 6.33631 10.8326 5
      vertex 6.35667 10.8386 5
    endloop
  endfacet
  facet normal -0.282676 0.959215 0
    outer loop
      vertex 6.33631 10.8326 5
      vertex 6.35667 10.8386 -5
      vertex 6.33631 10.8326 -5
    endloop
  endfacet
  facet normal 0.991412 0.130772 0
    outer loop
      vertex 4.79633 11.8327 5
      vertex 4.79356 11.8537 -5
      vertex 4.79356 11.8537 5
    endloop
  endfacet
  facet normal 0.991412 0.130772 0
    outer loop
      vertex 4.79356 11.8537 -5
      vertex 4.79633 11.8327 5
      vertex 4.79633 11.8327 -5
    endloop
  endfacet
  facet normal -0.508254 -0.861207 0
    outer loop
      vertex 6.60925 13.0555 -5
      vertex 6.62755 13.0447 5
      vertex 6.60925 13.0555 5
    endloop
  endfacet
  facet normal -0.508254 -0.861207 -0
    outer loop
      vertex 6.62755 13.0447 5
      vertex 6.60925 13.0555 -5
      vertex 6.62755 13.0447 -5
    endloop
  endfacet
  facet normal 0.833786 -0.552088 0
    outer loop
      vertex 4.98075 12.6646 5
      vertex 4.99247 12.6823 -5
      vertex 4.99247 12.6823 5
    endloop
  endfacet
  facet normal 0.833786 -0.552088 0
    outer loop
      vertex 4.99247 12.6823 -5
      vertex 4.98075 12.6646 5
      vertex 4.98075 12.6646 -5
    endloop
  endfacet
  facet normal -0.127224 -0.991874 0
    outer loop
      vertex 6.14925 13.2094 -5
      vertex 6.1703 13.2067 5
      vertex 6.14925 13.2094 5
    endloop
  endfacet
  facet normal -0.127224 -0.991874 -0
    outer loop
      vertex 6.1703 13.2067 5
      vertex 6.14925 13.2094 -5
      vertex 6.1703 13.2067 -5
    endloop
  endfacet
  facet normal -0.833786 0.552088 0
    outer loop
      vertex 7.00953 11.3217 -5
      vertex 7.02125 11.3394 5
      vertex 7.02125 11.3394 -5
    endloop
  endfacet
  facet normal -0.833786 0.552088 0
    outer loop
      vertex 7.02125 11.3394 5
      vertex 7.00953 11.3217 -5
      vertex 7.00953 11.3217 5
    endloop
  endfacet
  facet normal -0.150642 -0.988588 0
    outer loop
      vertex 6.1703 13.2067 -5
      vertex 6.1913 13.2035 5
      vertex 6.1703 13.2067 5
    endloop
  endfacet
  facet normal -0.150642 -0.988588 -0
    outer loop
      vertex 6.1913 13.2035 5
      vertex 6.1703 13.2067 -5
      vertex 6.1913 13.2035 -5
    endloop
  endfacet
  facet normal 0.579899 0.814688 -0
    outer loop
      vertex 5.30324 11.0055 -5
      vertex 5.28596 11.0178 5
      vertex 5.30324 11.0055 5
    endloop
  endfacet
  facet normal 0.579899 0.814688 0
    outer loop
      vertex 5.28596 11.0178 5
      vertex 5.30324 11.0055 -5
      vertex 5.28596 11.0178 -5
    endloop
  endfacet
  facet normal -0.712277 -0.701899 0
    outer loop
      vertex 6.87608 12.8471 -5
      vertex 6.8612 12.8622 5
      vertex 6.8612 12.8622 -5
    endloop
  endfacet
  facet normal -0.712277 -0.701899 0
    outer loop
      vertex 6.8612 12.8622 5
      vertex 6.87608 12.8471 -5
      vertex 6.87608 12.8471 5
    endloop
  endfacet
  facet normal 0.860399 0.509621 0
    outer loop
      vertex 4.95825 11.3755 5
      vertex 4.94747 11.3937 -5
      vertex 4.94747 11.3937 5
    endloop
  endfacet
  facet normal 0.860399 0.509621 0
    outer loop
      vertex 4.94747 11.3937 -5
      vertex 4.95825 11.3755 5
      vertex 4.95825 11.3755 -5
    endloop
  endfacet
  facet normal 0.381603 0.924326 -0
    outer loop
      vertex 5.54529 10.8741 -5
      vertex 5.52567 10.8822 5
      vertex 5.54529 10.8741 5
    endloop
  endfacet
  facet normal 0.381603 0.924326 0
    outer loop
      vertex 5.52567 10.8822 5
      vertex 5.54529 10.8741 -5
      vertex 5.52567 10.8822 -5
    endloop
  endfacet
  facet normal -0.772066 -0.635542 0
    outer loop
      vertex 6.9464 12.7676 -5
      vertex 6.9329 12.784 5
      vertex 6.9329 12.784 -5
    endloop
  endfacet
  facet normal -0.772066 -0.635542 0
    outer loop
      vertex 6.9329 12.784 5
      vertex 6.9464 12.7676 -5
      vertex 6.9464 12.7676 5
    endloop
  endfacet
  facet normal 0.886753 -0.462244 0
    outer loop
      vertex 4.91709 12.5543 5
      vertex 4.92689 12.5731 -5
      vertex 4.92689 12.5731 5
    endloop
  endfacet
  facet normal 0.886753 -0.462244 0
    outer loop
      vertex 4.92689 12.5731 -5
      vertex 4.91709 12.5543 5
      vertex 4.91709 12.5543 -5
    endloop
  endfacet
  facet normal -0.936831 -0.349782 0
    outer loop
      vertex 7.14414 12.4181 -5
      vertex 7.13671 12.438 5
      vertex 7.13671 12.438 -5
    endloop
  endfacet
  facet normal -0.936831 -0.349782 0
    outer loop
      vertex 7.13671 12.438 5
      vertex 7.14414 12.4181 -5
      vertex 7.14414 12.4181 5
    endloop
  endfacet
  facet normal 0.622163 -0.782888 0
    outer loop
      vertex 5.23543 12.9474 -5
      vertex 5.25204 12.9606 5
      vertex 5.23543 12.9474 5
    endloop
  endfacet
  facet normal 0.622163 -0.782888 0
    outer loop
      vertex 5.25204 12.9606 5
      vertex 5.23543 12.9474 -5
      vertex 5.25204 12.9606 -5
    endloop
  endfacet
  facet normal 0.230877 0.972983 -0
    outer loop
      vertex 5.72735 10.8167 -5
      vertex 5.7067 10.8216 5
      vertex 5.72735 10.8167 5
    endloop
  endfacet
  facet normal 0.230877 0.972983 0
    outer loop
      vertex 5.7067 10.8216 5
      vertex 5.72735 10.8167 -5
      vertex 5.7067 10.8216 -5
    endloop
  endfacet
  facet normal 0.989005 0.14788 0
    outer loop
      vertex 4.79947 11.8117 5
      vertex 4.79633 11.8327 -5
      vertex 4.79633 11.8327 5
    endloop
  endfacet
  facet normal 0.989005 0.14788 0
    outer loop
      vertex 4.79633 11.8327 -5
      vertex 4.79947 11.8117 5
      vertex 4.79947 11.8117 -5
    endloop
  endfacet
  facet normal 0.748889 -0.662696 0
    outer loop
      vertex 5.08289 12.8001 5
      vertex 5.09696 12.816 -5
      vertex 5.09696 12.816 5
    endloop
  endfacet
  facet normal 0.748889 -0.662696 0
    outer loop
      vertex 5.09696 12.816 -5
      vertex 5.08289 12.8001 5
      vertex 5.08289 12.8001 -5
    endloop
  endfacet
  facet normal 0.923856 -0.38274 0
    outer loop
      vertex 4.87308 12.4577 5
      vertex 4.8812 12.4773 -5
      vertex 4.8812 12.4773 5
    endloop
  endfacet
  facet normal 0.923856 -0.38274 0
    outer loop
      vertex 4.8812 12.4773 -5
      vertex 4.87308 12.4577 5
      vertex 4.87308 12.4577 -5
    endloop
  endfacet
  facet normal 0.414513 0.910044 -0
    outer loop
      vertex 5.5062 10.8907 -5
      vertex 5.48688 10.8995 5
      vertex 5.5062 10.8907 5
    endloop
  endfacet
  facet normal 0.414513 0.910044 0
    outer loop
      vertex 5.48688 10.8995 5
      vertex 5.5062 10.8907 -5
      vertex 5.48688 10.8995 -5
    endloop
  endfacet
  facet normal 0.725235 0.688502 0
    outer loop
      vertex 5.12592 11.1569 5
      vertex 5.1113 11.1723 -5
      vertex 5.1113 11.1723 5
    endloop
  endfacet
  facet normal 0.725235 0.688502 0
    outer loop
      vertex 5.1113 11.1723 -5
      vertex 5.12592 11.1569 5
      vertex 5.12592 11.1569 -5
    endloop
  endfacet
  facet normal -0.519348 -0.854563 0
    outer loop
      vertex 6.62755 13.0447 -5
      vertex 6.64565 13.0337 5
      vertex 6.62755 13.0447 5
    endloop
  endfacet
  facet normal -0.519348 -0.854563 -0
    outer loop
      vertex 6.64565 13.0337 5
      vertex 6.62755 13.0447 -5
      vertex 6.64565 13.0337 -5
    endloop
  endfacet
  facet normal 0.738363 0.674403 0
    outer loop
      vertex 5.1113 11.1723 5
      vertex 5.09696 11.188 -5
      vertex 5.09696 11.188 5
    endloop
  endfacet
  facet normal 0.738363 0.674403 0
    outer loop
      vertex 5.09696 11.188 -5
      vertex 5.1113 11.1723 5
      vertex 5.1113 11.1723 -5
    endloop
  endfacet
  facet normal 0.268372 -0.963315 0
    outer loop
      vertex 5.66569 13.1714 -5
      vertex 5.68615 13.1771 5
      vertex 5.66569 13.1714 5
    endloop
  endfacet
  facet normal 0.268372 -0.963315 0
    outer loop
      vertex 5.68615 13.1771 5
      vertex 5.66569 13.1714 -5
      vertex 5.68615 13.1771 -5
    endloop
  endfacet
  facet normal -0.804381 -0.594113 0
    outer loop
      vertex 6.98517 12.717 -5
      vertex 6.97254 12.7341 5
      vertex 6.97254 12.7341 -5
    endloop
  endfacet
  facet normal -0.804381 -0.594113 0
    outer loop
      vertex 6.97254 12.7341 5
      vertex 6.98517 12.717 -5
      vertex 6.98517 12.717 5
    endloop
  endfacet
  facet normal -0.824069 0.566489 0
    outer loop
      vertex 6.9975 11.3042 -5
      vertex 7.00953 11.3217 5
      vertex 7.00953 11.3217 -5
    endloop
  endfacet
  facet normal -0.824069 0.566489 0
    outer loop
      vertex 7.00953 11.3217 5
      vertex 6.9975 11.3042 -5
      vertex 6.9975 11.3042 5
    endloop
  endfacet
  facet normal 0.958983 0.283464 0
    outer loop
      vertex 4.83765 11.6463 5
      vertex 4.83162 11.6667 -5
      vertex 4.83162 11.6667 5
    endloop
  endfacet
  facet normal 0.958983 0.283464 0
    outer loop
      vertex 4.83162 11.6667 -5
      vertex 4.83765 11.6463 5
      vertex 4.83765 11.6463 -5
    endloop
  endfacet
  facet normal 0.963477 0.26779 0
    outer loop
      vertex 4.83162 11.6667 5
      vertex 4.82595 11.6871 -5
      vertex 4.82595 11.6871 5
    endloop
  endfacet
  facet normal 0.963477 0.26779 0
    outer loop
      vertex 4.82595 11.6871 -5
      vertex 4.83162 11.6667 5
      vertex 4.83162 11.6667 -5
    endloop
  endfacet
  facet normal 0.942528 -0.334126 0
    outer loop
      vertex 4.85077 12.3981 5
      vertex 4.85786 12.4181 -5
      vertex 4.85786 12.4181 5
    endloop
  endfacet
  facet normal 0.942528 -0.334126 0
    outer loop
      vertex 4.85786 12.4181 -5
      vertex 4.85077 12.3981 5
      vertex 4.85077 12.3981 -5
    endloop
  endfacet
  facet normal 0.942528 0.334126 0
    outer loop
      vertex 4.85786 11.5859 5
      vertex 4.85077 11.6059 -5
      vertex 4.85077 11.6059 5
    endloop
  endfacet
  facet normal 0.942528 0.334126 0
    outer loop
      vertex 4.85077 11.6059 -5
      vertex 4.85786 11.5859 5
      vertex 4.85786 11.5859 -5
    endloop
  endfacet
  facet normal -0.164857 -0.986317 0
    outer loop
      vertex 6.1913 13.2035 -5
      vertex 6.21224 13.2 5
      vertex 6.1913 13.2035 5
    endloop
  endfacet
  facet normal -0.164857 -0.986317 -0
    outer loop
      vertex 6.21224 13.2 5
      vertex 6.1913 13.2035 -5
      vertex 6.21224 13.2 -5
    endloop
  endfacet
  facet normal -0.948589 -0.31651 0
    outer loop
      vertex 7.15797 12.3779 -5
      vertex 7.15123 12.3981 5
      vertex 7.15123 12.3981 -5
    endloop
  endfacet
  facet normal -0.948589 -0.31651 0
    outer loop
      vertex 7.15123 12.3981 5
      vertex 7.15797 12.3779 -5
      vertex 7.15797 12.3779 5
    endloop
  endfacet
  facet normal 0.249736 0.968314 -0
    outer loop
      vertex 5.7067 10.8216 -5
      vertex 5.68615 10.8269 5
      vertex 5.7067 10.8216 5
    endloop
  endfacet
  facet normal 0.249736 0.968314 0
    outer loop
      vertex 5.68615 10.8269 5
      vertex 5.7067 10.8216 -5
      vertex 5.68615 10.8269 -5
    endloop
  endfacet
  facet normal 0.991412 -0.130772 0
    outer loop
      vertex 4.79356 12.1503 5
      vertex 4.79633 12.1713 -5
      vertex 4.79633 12.1713 5
    endloop
  endfacet
  facet normal 0.991412 -0.130772 0
    outer loop
      vertex 4.79633 12.1713 -5
      vertex 4.79356 12.1503 5
      vertex 4.79356 12.1503 -5
    endloop
  endfacet
  facet normal 0.999039 -0.0438258 0
    outer loop
      vertex 4.78523 12.0445 5
      vertex 4.78616 12.0657 -5
      vertex 4.78616 12.0657 5
    endloop
  endfacet
  facet normal 0.999039 -0.0438258 0
    outer loop
      vertex 4.78616 12.0657 -5
      vertex 4.78523 12.0445 5
      vertex 4.78523 12.0445 -5
    endloop
  endfacet
  facet normal -0.249736 -0.968314 0
    outer loop
      vertex 6.2953 13.1824 -5
      vertex 6.31585 13.1771 5
      vertex 6.2953 13.1824 5
    endloop
  endfacet
  facet normal -0.249736 -0.968314 -0
    outer loop
      vertex 6.31585 13.1771 5
      vertex 6.2953 13.1824 -5
      vertex 6.31585 13.1771 -5
    endloop
  endfacet
  facet normal 0.47601 -0.87944 0
    outer loop
      vertex 5.41123 13.066 -5
      vertex 5.42989 13.0761 5
      vertex 5.41123 13.066 5
    endloop
  endfacet
  facet normal 0.47601 -0.87944 0
    outer loop
      vertex 5.42989 13.0761 5
      vertex 5.41123 13.066 -5
      vertex 5.42989 13.0761 -5
    endloop
  endfacet
  facet normal 0.909881 0.414868 0
    outer loop
      vertex 4.89847 11.4879 5
      vertex 4.88967 11.5072 -5
      vertex 4.88967 11.5072 5
    endloop
  endfacet
  facet normal 0.909881 0.414868 0
    outer loop
      vertex 4.88967 11.5072 -5
      vertex 4.89847 11.4879 5
      vertex 4.89847 11.4879 -5
    endloop
  endfacet
  facet normal 0.844607 -0.535387 0
    outer loop
      vertex 4.96934 12.6466 5
      vertex 4.98075 12.6646 -5
      vertex 4.98075 12.6646 5
    endloop
  endfacet
  facet normal 0.844607 -0.535387 0
    outer loop
      vertex 4.98075 12.6646 -5
      vertex 4.96934 12.6466 5
      vertex 4.96934 12.6466 -5
    endloop
  endfacet
  facet normal -0.113068 -0.993587 0
    outer loop
      vertex 6.12816 13.2118 -5
      vertex 6.14925 13.2094 5
      vertex 6.12816 13.2118 5
    endloop
  endfacet
  facet normal -0.113068 -0.993587 -0
    outer loop
      vertex 6.14925 13.2094 5
      vertex 6.12816 13.2118 -5
      vertex 6.14925 13.2094 -5
    endloop
  endfacet
  facet normal 0.447214 0.894427 -0
    outer loop
      vertex 5.46772 10.9086 -5
      vertex 5.44872 10.9181 5
      vertex 5.46772 10.9086 5
    endloop
  endfacet
  facet normal 0.447214 0.894427 0
    outer loop
      vertex 5.44872 10.9181 5
      vertex 5.46772 10.9086 -5
      vertex 5.44872 10.9181 -5
    endloop
  endfacet
  facet normal 0.150642 -0.988588 0
    outer loop
      vertex 5.8107 13.2035 -5
      vertex 5.8317 13.2067 5
      vertex 5.8107 13.2035 5
    endloop
  endfacet
  facet normal 0.150642 -0.988588 0
    outer loop
      vertex 5.8317 13.2067 5
      vertex 5.8107 13.2035 -5
      vertex 5.8317 13.2067 -5
    endloop
  endfacet
  facet normal 0.334396 0.942433 -0
    outer loop
      vertex 5.60494 10.8518 -5
      vertex 5.58493 10.8589 5
      vertex 5.60494 10.8518 5
    endloop
  endfacet
  facet normal 0.334396 0.942433 0
    outer loop
      vertex 5.58493 10.8589 5
      vertex 5.60494 10.8518 -5
      vertex 5.58493 10.8589 -5
    endloop
  endfacet
  facet normal -0.75949 -0.650519 0
    outer loop
      vertex 6.9329 12.784 -5
      vertex 6.91911 12.8001 5
      vertex 6.91911 12.8001 -5
    endloop
  endfacet
  facet normal -0.75949 -0.650519 0
    outer loop
      vertex 6.91911 12.8001 5
      vertex 6.9329 12.784 -5
      vertex 6.9329 12.784 5
    endloop
  endfacet
  facet normal -0.113068 0.993587 0
    outer loop
      vertex 6.14925 10.7946 -5
      vertex 6.12816 10.7922 5
      vertex 6.14925 10.7946 5
    endloop
  endfacet
  facet normal -0.113068 0.993587 0
    outer loop
      vertex 6.12816 10.7922 5
      vertex 6.14925 10.7946 -5
      vertex 6.12816 10.7922 -5
    endloop
  endfacet
  facet normal 0.301357 0.953511 -0
    outer loop
      vertex 5.64533 10.8386 -5
      vertex 5.62508 10.845 5
      vertex 5.64533 10.8386 5
    endloop
  endfacet
  facet normal 0.301357 0.953511 0
    outer loop
      vertex 5.62508 10.845 5
      vertex 5.64533 10.8386 -5
      vertex 5.62508 10.845 -5
    endloop
  endfacet
  facet normal 0.886753 0.462244 0
    outer loop
      vertex 4.92689 11.4309 5
      vertex 4.91709 11.4497 -5
      vertex 4.91709 11.4497 5
    endloop
  endfacet
  facet normal 0.886753 0.462244 0
    outer loop
      vertex 4.91709 11.4497 -5
      vertex 4.92689 11.4309 5
      vertex 4.92689 11.4309 -5
    endloop
  endfacet
  facet normal 0.894804 0.44646 0
    outer loop
      vertex 4.91709 11.4497 5
      vertex 4.90761 11.4687 -5
      vertex 4.90761 11.4687 5
    endloop
  endfacet
  facet normal 0.894804 0.44646 0
    outer loop
      vertex 4.90761 11.4687 -5
      vertex 4.91709 11.4497 5
      vertex 4.91709 11.4497 -5
    endloop
  endfacet
  facet normal -0.127224 0.991874 0
    outer loop
      vertex 6.1703 10.7973 -5
      vertex 6.14925 10.7946 5
      vertex 6.1703 10.7973 5
    endloop
  endfacet
  facet normal -0.127224 0.991874 0
    outer loop
      vertex 6.14925 10.7946 5
      vertex 6.1703 10.7973 -5
      vertex 6.14925 10.7946 -5
    endloop
  endfacet
  facet normal 0.794438 0.607345 0
    outer loop
      vertex 5.04238 11.253 5
      vertex 5.02946 11.2699 -5
      vertex 5.02946 11.2699 5
    endloop
  endfacet
  facet normal 0.794438 0.607345 0
    outer loop
      vertex 5.02946 11.2699 -5
      vertex 5.04238 11.253 5
      vertex 5.04238 11.253 -5
    endloop
  endfacet
  facet normal 0.127224 0.991874 -0
    outer loop
      vertex 5.85275 10.7946 -5
      vertex 5.8317 10.7973 5
      vertex 5.85275 10.7946 5
    endloop
  endfacet
  facet normal 0.127224 0.991874 0
    outer loop
      vertex 5.8317 10.7973 5
      vertex 5.85275 10.7946 -5
      vertex 5.8317 10.7973 -5
    endloop
  endfacet
  facet normal -0.772066 0.635542 0
    outer loop
      vertex 6.9329 11.22 -5
      vertex 6.9464 11.2364 5
      vertex 6.9464 11.2364 -5
    endloop
  endfacet
  facet normal -0.772066 0.635542 0
    outer loop
      vertex 6.9464 11.2364 5
      vertex 6.9329 11.22 -5
      vertex 6.9329 11.22 5
    endloop
  endfacet
  facet normal -0.319895 -0.947453 0
    outer loop
      vertex 6.37692 13.159 -5
      vertex 6.39706 13.1522 5
      vertex 6.37692 13.159 5
    endloop
  endfacet
  facet normal -0.319895 -0.947453 -0
    outer loop
      vertex 6.39706 13.1522 5
      vertex 6.37692 13.159 -5
      vertex 6.39706 13.1522 -5
    endloop
  endfacet
  facet normal -0.972216 0.234087 0
    outer loop
      vertex 7.18137 11.7077 -5
      vertex 7.18633 11.7283 5
      vertex 7.18633 11.7283 -5
    endloop
  endfacet
  facet normal -0.972216 0.234087 0
    outer loop
      vertex 7.18633 11.7283 5
      vertex 7.18137 11.7077 -5
      vertex 7.18137 11.7077 5
    endloop
  endfacet
  facet normal 0.894804 -0.44646 0
    outer loop
      vertex 4.90761 12.5353 5
      vertex 4.91709 12.5543 -5
      vertex 4.91709 12.5543 5
    endloop
  endfacet
  facet normal 0.894804 -0.44646 0
    outer loop
      vertex 4.91709 12.5543 -5
      vertex 4.90761 12.5353 5
      vertex 4.90761 12.5353 -5
    endloop
  endfacet
  facet normal 0.508254 0.861207 -0
    outer loop
      vertex 5.39275 10.9485 -5
      vertex 5.37445 10.9593 5
      vertex 5.39275 10.9485 5
    endloop
  endfacet
  facet normal 0.508254 0.861207 0
    outer loop
      vertex 5.37445 10.9593 5
      vertex 5.39275 10.9485 -5
      vertex 5.37445 10.9593 -5
    endloop
  endfacet
  facet normal -0.804381 0.594113 0
    outer loop
      vertex 6.97254 11.2699 -5
      vertex 6.98517 11.287 5
      vertex 6.98517 11.287 -5
    endloop
  endfacet
  facet normal -0.804381 0.594113 0
    outer loop
      vertex 6.98517 11.287 5
      vertex 6.97254 11.2699 -5
      vertex 6.97254 11.2699 5
    endloop
  endfacet
  facet normal 0.794438 -0.607345 0
    outer loop
      vertex 5.02946 12.7341 5
      vertex 5.04238 12.751 -5
      vertex 5.04238 12.751 5
    endloop
  endfacet
  facet normal 0.794438 -0.607345 0
    outer loop
      vertex 5.04238 12.751 -5
      vertex 5.02946 12.7341 5
      vertex 5.02946 12.7341 -5
    endloop
  endfacet
  facet normal 0.230877 -0.972983 0
    outer loop
      vertex 5.7067 13.1824 -5
      vertex 5.72735 13.1873 5
      vertex 5.7067 13.1824 5
    endloop
  endfacet
  facet normal 0.230877 -0.972983 0
    outer loop
      vertex 5.72735 13.1873 5
      vertex 5.7067 13.1824 -5
      vertex 5.72735 13.1873 -5
    endloop
  endfacet
  facet normal 0.282676 0.959215 -0
    outer loop
      vertex 5.66569 10.8326 -5
      vertex 5.64533 10.8386 5
      vertex 5.66569 10.8326 5
    endloop
  endfacet
  facet normal 0.282676 0.959215 0
    outer loop
      vertex 5.64533 10.8386 5
      vertex 5.66569 10.8326 -5
      vertex 5.64533 10.8386 -5
    endloop
  endfacet
  facet normal -0.540306 0.841468 0
    outer loop
      vertex 6.66356 10.9818 -5
      vertex 6.64565 10.9703 5
      vertex 6.66356 10.9818 5
    endloop
  endfacet
  facet normal -0.540306 0.841468 0
    outer loop
      vertex 6.64565 10.9703 5
      vertex 6.66356 10.9818 -5
      vertex 6.64565 10.9703 -5
    endloop
  endfacet
  facet normal -0.461664 -0.887055 0
    outer loop
      vertex 6.55328 13.0859 -5
      vertex 6.57211 13.0761 5
      vertex 6.55328 13.0859 5
    endloop
  endfacet
  facet normal -0.461664 -0.887055 -0
    outer loop
      vertex 6.57211 13.0761 5
      vertex 6.55328 13.0859 -5
      vertex 6.57211 13.0761 -5
    endloop
  endfacet
  facet normal 0.972216 -0.234087 0
    outer loop
      vertex 4.81567 12.2757 5
      vertex 4.82063 12.2963 -5
      vertex 4.82063 12.2963 5
    endloop
  endfacet
  facet normal 0.972216 -0.234087 0
    outer loop
      vertex 4.82063 12.2963 -5
      vertex 4.81567 12.2757 5
      vertex 4.81567 12.2757 -5
    endloop
  endfacet
  facet normal 0.0470731 0.998891 -0
    outer loop
      vertex 5.95855 10.7862 -5
      vertex 5.93733 10.7872 5
      vertex 5.95855 10.7862 5
    endloop
  endfacet
  facet normal 0.0470731 0.998891 0
    outer loop
      vertex 5.93733 10.7872 5
      vertex 5.95855 10.7862 -5
      vertex 5.93733 10.7872 -5
    endloop
  endfacet
  facet normal 0.968233 0.250049 0
    outer loop
      vertex 4.82595 11.6871 5
      vertex 4.82063 11.7077 -5
      vertex 4.82063 11.7077 5
    endloop
  endfacet
  facet normal 0.968233 0.250049 0
    outer loop
      vertex 4.82063 11.7077 -5
      vertex 4.82595 11.6871 5
      vertex 4.82595 11.6871 -5
    endloop
  endfacet
  facet normal 0.334396 -0.942433 0
    outer loop
      vertex 5.58493 13.1451 -5
      vertex 5.60494 13.1522 5
      vertex 5.58493 13.1451 5
    endloop
  endfacet
  facet normal 0.334396 -0.942433 0
    outer loop
      vertex 5.60494 13.1522 5
      vertex 5.58493 13.1451 -5
      vertex 5.60494 13.1522 -5
    endloop
  endfacet
  facet normal 0.596912 0.802307 -0
    outer loop
      vertex 5.28596 11.0178 -5
      vertex 5.26889 11.0305 5
      vertex 5.28596 11.0178 5
    endloop
  endfacet
  facet normal 0.596912 0.802307 0
    outer loop
      vertex 5.26889 11.0305 5
      vertex 5.28596 11.0178 -5
      vertex 5.26889 11.0305 -5
    endloop
  endfacet
  facet normal 0.663487 0.748188 -0
    outer loop
      vertex 5.2029 11.0839 -5
      vertex 5.187 11.098 5
      vertex 5.2029 11.0839 5
    endloop
  endfacet
  facet normal 0.663487 0.748188 0
    outer loop
      vertex 5.187 11.098 5
      vertex 5.2029 11.0839 -5
      vertex 5.187 11.098 -5
    endloop
  endfacet
  facet normal -0.782246 -0.62297 0
    outer loop
      vertex 6.95962 12.751 -5
      vertex 6.9464 12.7676 5
      vertex 6.9464 12.7676 -5
    endloop
  endfacet
  facet normal -0.782246 -0.62297 0
    outer loop
      vertex 6.9464 12.7676 5
      vertex 6.95962 12.751 -5
      vertex 6.95962 12.751 5
    endloop
  endfacet
  facet normal 0.216731 0.976231 -0
    outer loop
      vertex 5.74807 10.8121 -5
      vertex 5.72735 10.8167 5
      vertex 5.74807 10.8121 5
    endloop
  endfacet
  facet normal 0.216731 0.976231 0
    outer loop
      vertex 5.72735 10.8167 5
      vertex 5.74807 10.8121 -5
      vertex 5.72735 10.8167 -5
    endloop
  endfacet
  facet normal -0.268372 -0.963315 0
    outer loop
      vertex 6.31585 13.1771 -5
      vertex 6.33631 13.1714 5
      vertex 6.31585 13.1771 5
    endloop
  endfacet
  facet normal -0.268372 -0.963315 -0
    outer loop
      vertex 6.33631 13.1714 5
      vertex 6.31585 13.1771 -5
      vertex 6.33631 13.1714 -5
    endloop
  endfacet
  facet normal 1 -0 0
    outer loop
      vertex 18 -18 5
      vertex 18 18 -5
      vertex 18 18 5
    endloop
  endfacet
  facet normal 1 0 0
    outer loop
      vertex 18 18 -5
      vertex 18 -18 5
      vertex 18 -18 -5
    endloop
  endfacet
  facet normal 0 0 1
    outer loop
      vertex 4.87308 11.5463 5
      vertex -4.87208 11.5463 5
      vertex 4.8812 11.5267 5
    endloop
  endfacet
  facet normal 0 0 1
    outer loop
      vertex 5.1113 11.1723 5
      vertex -4.78368 0.0222307 5
      vertex -4.78349 0.001 5
    endloop
  endfacet
  facet normal 0 0 1
    outer loop
      vertex -4.8802 11.5267 5
      vertex 4.8812 11.5267 5
      vertex -4.87208 11.5463 5
    endloop
  endfacet
  facet normal 0 0 1
    outer loop
      vertex 5.1113 11.1723 5
      vertex -4.78424 0.0434547 5
      vertex -4.78368 0.0222307 5
    endloop
  endfacet
  facet normal 0 0 1
    outer loop
      vertex 4.8812 11.5267 5
      vertex -4.8802 11.5267 5
      vertex 4.88967 11.5072 5
    endloop
  endfacet
  facet normal 0 0 1
    outer loop
      vertex 5.1113 11.1723 5
      vertex -4.78516 0.0646663 5
      vertex -4.78424 0.0434547 5
    endloop
  endfacet
  facet normal 0 0 1
    outer loop
      vertex -4.88867 11.5072 5
      vertex 4.88967 11.5072 5
      vertex -4.8802 11.5267 5
    endloop
  endfacet
  facet normal 0 0 1
    outer loop
      vertex 5.1113 11.1723 5
      vertex -4.78646 0.0858589 5
      vertex -4.78516 0.0646663 5
    endloop
  endfacet
  facet normal 0 0 1
    outer loop
      vertex 4.88967 11.5072 5
      vertex -4.88867 11.5072 5
      vertex 4.89847 11.4879 5
    endloop
  endfacet
  facet normal 0 0 1
    outer loop
      vertex 5.1113 11.1723 5
      vertex -4.78812 0.107025 5
      vertex -4.78646 0.0858589 5
    endloop
  endfacet
  facet normal 0 0 1
    outer loop
      vertex -4.89747 11.4879 5
      vertex 4.89847 11.4879 5
      vertex -4.88867 11.5072 5
    endloop
  endfacet
  facet normal 0 0 1
    outer loop
      vertex 5.1113 11.1723 5
      vertex -4.79016 0.128159 5
      vertex -4.78812 0.107025 5
    endloop
  endfacet
  facet normal 0 0 1
    outer loop
      vertex 4.89847 11.4879 5
      vertex -4.89747 11.4879 5
      vertex 4.90761 11.4687 5
    endloop
  endfacet
  facet normal 0 0 1
    outer loop
      vertex 5.1113 11.1723 5
      vertex -4.79256 0.149254 5
      vertex -4.79016 0.128159 5
    endloop
  endfacet
  facet normal 0 0 1
    outer loop
      vertex -4.90661 11.4687 5
      vertex 4.90761 11.4687 5
      vertex -4.89747 11.4879 5
    endloop
  endfacet
  facet normal 0 0 1
    outer loop
      vertex 5.1113 11.1723 5
      vertex -4.79533 0.170305 5
      vertex -4.79256 0.149254 5
    endloop
  endfacet
  facet normal 0 0 1
    outer loop
      vertex 4.90761 11.4687 5
      vertex -4.90661 11.4687 5
      vertex 4.91709 11.4497 5
    endloop
  endfacet
  facet normal 0 0 1
    outer loop
      vertex 5.1113 11.1723 5
      vertex -4.79847 0.191303 5
      vertex -4.79533 0.170305 5
    endloop
  endfacet
  facet normal 0 0 1
    outer loop
      vertex -4.91609 11.4497 5
      vertex 4.91709 11.4497 5
      vertex -4.90661 11.4687 5
    endloop
  endfacet
  facet normal 0 0 1
    outer loop
      vertex 5.1113 11.1723 5
      vertex -4.80198 0.212244 5
      vertex -4.79847 0.191303 5
    endloop
  endfacet
  facet normal 0 0 1
    outer loop
      vertex 4.91709 11.4497 5
      vertex -4.91609 11.4497 5
      vertex 4.92689 11.4309 5
    endloop
  endfacet
  facet normal 0 0 1
    outer loop
      vertex 5.1113 11.1723 5
      vertex -4.80584 0.23312 5
      vertex -4.80198 0.212244 5
    endloop
  endfacet
  facet normal 0 0 1
    outer loop
      vertex -4.92589 11.4309 5
      vertex 4.92689 11.4309 5
      vertex -4.91609 11.4497 5
    endloop
  endfacet
  facet normal 0 0 1
    outer loop
      vertex 5.1113 11.1723 5
      vertex -4.81008 0.253926 5
      vertex -4.80584 0.23312 5
    endloop
  endfacet
  facet normal 0 0 1
    outer loop
      vertex 4.92689 11.4309 5
      vertex -4.92589 11.4309 5
      vertex 4.93702 11.4122 5
    endloop
  endfacet
  facet normal 0 0 1
    outer loop
      vertex 5.1113 11.1723 5
      vertex -4.81467 0.274654 5
      vertex -4.81008 0.253926 5
    endloop
  endfacet
  facet normal 0 0 1
    outer loop
      vertex -4.93602 11.4122 5
      vertex 4.93702 11.4122 5
      vertex -4.92589 11.4309 5
    endloop
  endfacet
  facet normal 0 0 1
    outer loop
      vertex 5.1113 11.1723 5
      vertex -4.81963 0.295299 5
      vertex -4.81467 0.274654 5
    endloop
  endfacet
  facet normal 0 0 1
    outer loop
      vertex 4.93702 11.4122 5
      vertex -4.93602 11.4122 5
      vertex 4.94747 11.3937 5
    endloop
  endfacet
  facet normal 0 0 1
    outer loop
      vertex 5.1113 11.1723 5
      vertex -4.82495 0.315855 5
      vertex -4.81963 0.295299 5
    endloop
  endfacet
  facet normal 0 0 1
    outer loop
      vertex -4.94648 11.3937 5
      vertex 4.94747 11.3937 5
      vertex -4.93602 11.4122 5
    endloop
  endfacet
  facet normal 0 0 1
    outer loop
      vertex 5.1113 11.1723 5
      vertex -4.83062 0.336314 5
      vertex -4.82495 0.315855 5
    endloop
  endfacet
  facet normal 0 0 1
    outer loop
      vertex 4.94747 11.3937 5
      vertex -4.94648 11.3937 5
      vertex 4.95825 11.3755 5
    endloop
  endfacet
  facet normal 0 0 1
    outer loop
      vertex 5.1113 11.1723 5
      vertex -4.83665 0.356672 5
      vertex -4.83062 0.336314 5
    endloop
  endfacet
  facet normal 0 0 1
    outer loop
      vertex -4.95725 11.3755 5
      vertex 4.95825 11.3755 5
      vertex -4.94648 11.3937 5
    endloop
  endfacet
  facet normal 0 0 1
    outer loop
      vertex 5.1113 11.1723 5
      vertex -4.84303 0.37692 5
      vertex -4.83665 0.356672 5
    endloop
  endfacet
  facet normal 0 0 1
    outer loop
      vertex 4.95825 11.3755 5
      vertex -4.95725 11.3755 5
      vertex 4.96934 11.3574 5
    endloop
  endfacet
  facet normal 0 0 1
    outer loop
      vertex 5.1113 11.1723 5
      vertex -4.84977 0.397055 5
      vertex -4.84303 0.37692 5
    endloop
  endfacet
  facet normal 0 0 1
    outer loop
      vertex -4.96834 11.3574 5
      vertex 4.96934 11.3574 5
      vertex -4.95725 11.3755 5
    endloop
  endfacet
  facet normal 0 0 1
    outer loop
      vertex 5.1113 11.1723 5
      vertex -4.85686 0.417069 5
      vertex -4.84977 0.397055 5
    endloop
  endfacet
  facet normal 0 0 1
    outer loop
      vertex 4.96934 11.3574 5
      vertex -4.96834 11.3574 5
      vertex 4.98075 11.3394 5
    endloop
  endfacet
  facet normal 0 0 1
    outer loop
      vertex 5.1113 11.1723 5
      vertex -4.86429 0.436956 5
      vertex -4.85686 0.417069 5
    endloop
  endfacet
  facet normal 0 0 1
    outer loop
      vertex -4.97975 11.3394 5
      vertex 4.98075 11.3394 5
      vertex -4.96834 11.3574 5
    endloop
  endfacet
  facet normal 0 0 1
    outer loop
      vertex 5.1113 11.1723 5
      vertex -4.87208 0.45671 5
      vertex -4.86429 0.436956 5
    endloop
  endfacet
  facet normal 0 0 1
    outer loop
      vertex 4.98075 11.3394 5
      vertex -4.97975 11.3394 5
      vertex 4.99247 11.3217 5
    endloop
  endfacet
  facet normal 0 0 1
    outer loop
      vertex 5.1113 11.1723 5
      vertex -4.8802 0.476327 5
      vertex -4.87208 0.45671 5
    endloop
  endfacet
  facet normal 0 0 1
    outer loop
      vertex -4.99147 11.3217 5
      vertex 4.99247 11.3217 5
      vertex -4.97975 11.3394 5
    endloop
  endfacet
  facet normal 0 0 1
    outer loop
      vertex 5.1113 11.1723 5
      vertex -4.88867 0.495798 5
      vertex -4.8802 0.476327 5
    endloop
  endfacet
  facet normal 0 0 1
    outer loop
      vertex 4.99247 11.3217 5
      vertex -4.99147 11.3217 5
      vertex 5.0045 11.3042 5
    endloop
  endfacet
  facet normal 0 0 1
    outer loop
      vertex 5.1113 11.1723 5
      vertex -4.89747 0.515117 5
      vertex -4.88867 0.495798 5
    endloop
  endfacet
  facet normal 0 0 1
    outer loop
      vertex -5.0035 11.3042 5
      vertex 5.0045 11.3042 5
      vertex -4.99147 11.3217 5
    endloop
  endfacet
  facet normal 0 0 1
    outer loop
      vertex 5.1113 11.1723 5
      vertex -4.90661 0.53428 5
      vertex -4.89747 0.515117 5
    endloop
  endfacet
  facet normal 0 0 1
    outer loop
      vertex 5.0045 11.3042 5
      vertex -5.0035 11.3042 5
      vertex 5.01683 11.287 5
    endloop
  endfacet
  facet normal 0 0 1
    outer loop
      vertex 5.1113 11.1723 5
      vertex -4.91609 0.553281 5
      vertex -4.90661 0.53428 5
    endloop
  endfacet
  facet normal 0 0 1
    outer loop
      vertex -5.01583 11.287 5
      vertex 5.01683 11.287 5
      vertex -5.0035 11.3042 5
    endloop
  endfacet
  facet normal 0 0 1
    outer loop
      vertex 5.1113 11.1723 5
      vertex -4.92589 0.572115 5
      vertex -4.91609 0.553281 5
    endloop
  endfacet
  facet normal 0 0 1
    outer loop
      vertex 5.01683 11.287 5
      vertex -5.01583 11.287 5
      vertex 5.02946 11.2699 5
    endloop
  endfacet
  facet normal 0 0 1
    outer loop
      vertex 5.1113 11.1723 5
      vertex -4.93602 0.590773 5
      vertex -4.92589 0.572115 5
    endloop
  endfacet
  facet normal 0 0 1
    outer loop
      vertex -5.02846 11.2699 5
      vertex 5.02946 11.2699 5
      vertex -5.01583 11.287 5
    endloop
  endfacet
  facet normal 0 0 1
    outer loop
      vertex 5.1113 11.1723 5
      vertex -4.94648 0.609253 5
      vertex -4.93602 0.590773 5
    endloop
  endfacet
  facet normal 0 0 1
    outer loop
      vertex 5.02946 11.2699 5
      vertex -5.02846 11.2699 5
      vertex 5.04238 11.253 5
    endloop
  endfacet
  facet normal 0 0 1
    outer loop
      vertex 5.1113 11.1723 5
      vertex -4.95725 0.627547 5
      vertex -4.94648 0.609253 5
    endloop
  endfacet
  facet normal 0 0 1
    outer loop
      vertex -5.04138 11.253 5
      vertex 5.04238 11.253 5
      vertex -5.02846 11.2699 5
    endloop
  endfacet
  facet normal 0 0 1
    outer loop
      vertex 5.1113 11.1723 5
      vertex -4.96834 0.645649 5
      vertex -4.95725 0.627547 5
    endloop
  endfacet
  facet normal 0 0 1
    outer loop
      vertex 5.04238 11.253 5
      vertex -5.04138 11.253 5
      vertex 5.0556 11.2364 5
    endloop
  endfacet
  facet normal 0 0 1
    outer loop
      vertex 5.1113 11.1723 5
      vertex -4.97975 0.663557 5
      vertex -4.96834 0.645649 5
    endloop
  endfacet
  facet normal 0 0 1
    outer loop
      vertex -5.0546 11.2364 5
      vertex 5.0556 11.2364 5
      vertex -5.04138 11.253 5
    endloop
  endfacet
  facet normal 0 0 1
    outer loop
      vertex 5.1113 11.1723 5
      vertex -4.99147 0.681262 5
      vertex -4.97975 0.663557 5
    endloop
  endfacet
  facet normal 0 0 1
    outer loop
      vertex 5.0556 11.2364 5
      vertex -5.0546 11.2364 5
      vertex 5.0691 11.22 5
    endloop
  endfacet
  facet normal 0 0 1
    outer loop
      vertex 5.1113 11.1723 5
      vertex -5.0035 0.698759 5
      vertex -4.99147 0.681262 5
    endloop
  endfacet
  facet normal 0 0 1
    outer loop
      vertex -5.0681 11.22 5
      vertex 5.0691 11.22 5
      vertex -5.0546 11.2364 5
    endloop
  endfacet
  facet normal 0 0 1
    outer loop
      vertex 5.1113 11.1723 5
      vertex -5.01583 0.716044 5
      vertex -5.0035 0.698759 5
    endloop
  endfacet
  facet normal 0 0 1
    outer loop
      vertex 5.0691 11.22 5
      vertex -5.0681 11.22 5
      vertex 5.08289 11.2039 5
    endloop
  endfacet
  facet normal 0 0 1
    outer loop
      vertex 5.1113 11.1723 5
      vertex -5.02846 0.733111 5
      vertex -5.01583 0.716044 5
    endloop
  endfacet
  facet normal 0 0 1
    outer loop
      vertex -5.08189 11.2039 5
      vertex 5.08289 11.2039 5
      vertex -5.0681 11.22 5
    endloop
  endfacet
  facet normal 0 0 1
    outer loop
      vertex 5.1113 11.1723 5
      vertex -5.04138 0.749956 5
      vertex -5.02846 0.733111 5
    endloop
  endfacet
  facet normal 0 0 1
    outer loop
      vertex 5.08289 11.2039 5
      vertex -5.08189 11.2039 5
      vertex 5.09696 11.188 5
    endloop
  endfacet
  facet normal 0 0 1
    outer loop
      vertex 5.1113 11.1723 5
      vertex -5.0546 0.766572 5
      vertex -5.04138 0.749956 5
    endloop
  endfacet
  facet normal 0 0 1
    outer loop
      vertex -5.09596 11.188 5
      vertex 5.09696 11.188 5
      vertex -5.08189 11.2039 5
    endloop
  endfacet
  facet normal 0 0 1
    outer loop
      vertex 5.1113 11.1723 5
      vertex -5.0681 0.782955 5
      vertex -5.0546 0.766572 5
    endloop
  endfacet
  facet normal 0 0 1
    outer loop
      vertex 5.09696 11.188 5
      vertex -5.09596 11.188 5
      vertex 5.1113 11.1723 5
    endloop
  endfacet
  facet normal 0 0 1
    outer loop
      vertex 5.1113 11.1723 5
      vertex -5.08189 0.7991 5
      vertex -5.0681 0.782955 5
    endloop
  endfacet
  facet normal 0 0 1
    outer loop
      vertex -5.1103 11.1723 5
      vertex 5.1113 11.1723 5
      vertex -5.09596 11.188 5
    endloop
  endfacet
  facet normal 0 0 1
    outer loop
      vertex 5.1113 11.1723 5
      vertex -5.09596 0.815001 5
      vertex -5.08189 0.7991 5
    endloop
  endfacet
  facet normal 0 0 1
    outer loop
      vertex -5.12492 11.1569 5
      vertex 5.1113 11.1723 5
      vertex -5.1103 11.1723 5
    endloop
  endfacet
  facet normal 0 0 1
    outer loop
      vertex 5.1113 11.1723 5
      vertex -5.1103 0.830655 5
      vertex -5.09596 0.815001 5
    endloop
  endfacet
  facet normal 0 0 1
    outer loop
      vertex -5.1398 11.1418 5
      vertex 5.1113 11.1723 5
      vertex -5.12492 11.1569 5
    endloop
  endfacet
  facet normal 0 0 1
    outer loop
      vertex 5.1113 11.1723 5
      vertex -5.12492 0.846056 5
      vertex -5.1103 0.830655 5
    endloop
  endfacet
  facet normal 0 0 1
    outer loop
      vertex -5.1398 0.861199 5
      vertex 5.1113 11.1723 5
      vertex -5.1398 11.1418 5
    endloop
  endfacet
  facet normal 0 0 1
    outer loop
      vertex 5.1113 11.1723 5
      vertex -5.1398 0.861199 5
      vertex -5.12492 0.846056 5
    endloop
  endfacet
  facet normal -0 0 1
    outer loop
      vertex -5.15494 11.1269 5
      vertex -5.1398 0.861199 5
      vertex -5.1398 11.1418 5
    endloop
  endfacet
  facet normal 0 0 1
    outer loop
      vertex -5.15494 11.1269 5
      vertex -5.15494 0.876081 5
      vertex -5.1398 0.861199 5
    endloop
  endfacet
  facet normal -0 0 1
    outer loop
      vertex -5.17035 11.1123 5
      vertex -5.15494 0.876081 5
      vertex -5.15494 11.1269 5
    endloop
  endfacet
  facet normal 0 0 1
    outer loop
      vertex -5.17035 11.1123 5
      vertex -5.17035 0.890696 5
      vertex -5.15494 0.876081 5
    endloop
  endfacet
  facet normal -0 0 1
    outer loop
      vertex -5.186 11.098 5
      vertex -5.17035 0.890696 5
      vertex -5.17035 11.1123 5
    endloop
  endfacet
  facet normal 0 0 1
    outer loop
      vertex -5.186 11.098 5
      vertex -5.186 0.90504 5
      vertex -5.17035 0.890696 5
    endloop
  endfacet
  facet normal -0 0 1
    outer loop
      vertex -5.2019 11.0839 5
      vertex -5.186 0.90504 5
      vertex -5.186 11.098 5
    endloop
  endfacet
  facet normal 0 0 1
    outer loop
      vertex -5.2019 11.0839 5
      vertex -5.2019 0.919109 5
      vertex -5.186 0.90504 5
    endloop
  endfacet
  facet normal -0 0 1
    outer loop
      vertex -5.21805 11.0701 5
      vertex -5.2019 0.919109 5
      vertex -5.2019 11.0839 5
    endloop
  endfacet
  facet normal 0 0 1
    outer loop
      vertex -5.21805 11.0701 5
      vertex -5.21805 0.932897 5
      vertex -5.2019 0.919109 5
    endloop
  endfacet
  facet normal -0 0 1
    outer loop
      vertex -5.23443 11.0566 5
      vertex -5.21805 0.932897 5
      vertex -5.21805 11.0701 5
    endloop
  endfacet
  facet normal 0 0 1
    outer loop
      vertex -5.23443 11.0566 5
      vertex -5.23443 0.946402 5
      vertex -5.21805 0.932897 5
    endloop
  endfacet
  facet normal -0 0 1
    outer loop
      vertex -5.25104 11.0434 5
      vertex -5.23443 0.946402 5
      vertex -5.23443 11.0566 5
    endloop
  endfacet
  facet normal 0 0 1
    outer loop
      vertex -5.25104 11.0434 5
      vertex -5.25104 0.95962 5
      vertex -5.23443 0.946402 5
    endloop
  endfacet
  facet normal -0 0 1
    outer loop
      vertex -5.26789 11.0305 5
      vertex -5.25104 0.95962 5
      vertex -5.25104 11.0434 5
    endloop
  endfacet
  facet normal 0 0 1
    outer loop
      vertex -5.26789 11.0305 5
      vertex -5.26789 0.972544 5
      vertex -5.25104 0.95962 5
    endloop
  endfacet
  facet normal -0 0 1
    outer loop
      vertex -5.28496 11.0178 5
      vertex -5.26789 0.972544 5
      vertex -5.26789 11.0305 5
    endloop
  endfacet
  facet normal 0 0 1
    outer loop
      vertex -5.28496 11.0178 5
      vertex -5.28496 0.985174 5
      vertex -5.26789 0.972544 5
    endloop
  endfacet
  facet normal -0 0 1
    outer loop
      vertex -5.30224 11.0055 5
      vertex -5.28496 0.985174 5
      vertex -5.28496 11.0178 5
    endloop
  endfacet
  facet normal 0 0 1
    outer loop
      vertex -5.30224 11.0055 5
      vertex -5.30224 0.997503 5
      vertex -5.28496 0.985174 5
    endloop
  endfacet
  facet normal -0 0 1
    outer loop
      vertex -5.31974 10.9935 5
      vertex -5.30224 0.997503 5
      vertex -5.30224 11.0055 5
    endloop
  endfacet
  facet normal 0 0 1
    outer loop
      vertex -5.31974 10.9935 5
      vertex -5.31974 1.00953 5
      vertex -5.30224 0.997503 5
    endloop
  endfacet
  facet normal -0 0 1
    outer loop
      vertex -5.33744 10.9818 5
      vertex -5.31974 1.00953 5
      vertex -5.31974 10.9935 5
    endloop
  endfacet
  facet normal 0 0 1
    outer loop
      vertex -5.33744 10.9818 5
      vertex -5.33744 1.02125 5
      vertex -5.31974 1.00953 5
    endloop
  endfacet
  facet normal -0 0 1
    outer loop
      vertex -5.35535 10.9703 5
      vertex -5.33744 1.02125 5
      vertex -5.33744 10.9818 5
    endloop
  endfacet
  facet normal 0 0 1
    outer loop
      vertex -5.35535 10.9703 5
      vertex -5.35535 1.03266 5
      vertex -5.33744 1.02125 5
    endloop
  endfacet
  facet normal -0 0 1
    outer loop
      vertex -5.37345 10.9593 5
      vertex -5.35535 1.03266 5
      vertex -5.35535 10.9703 5
    endloop
  endfacet
  facet normal 0 0 1
    outer loop
      vertex -5.37345 10.9593 5
      vertex -5.37345 1.04375 5
      vertex -5.35535 1.03266 5
    endloop
  endfacet
  facet normal -0 0 1
    outer loop
      vertex -5.39175 10.9485 5
      vertex -5.37345 1.04375 5
      vertex -5.37345 10.9593 5
    endloop
  endfacet
  facet normal 0 0 1
    outer loop
      vertex -5.39175 10.9485 5
      vertex -5.39175 1.05453 5
      vertex -5.37345 1.04375 5
    endloop
  endfacet
  facet normal -0 0 1
    outer loop
      vertex -5.41023 10.938 5
      vertex -5.39175 1.05453 5
      vertex -5.39175 10.9485 5
    endloop
  endfacet
  facet normal 0 0 1
    outer loop
      vertex -5.41023 10.938 5
      vertex -5.41023 1.06498 5
      vertex -5.39175 1.05453 5
    endloop
  endfacet
  facet normal -0 0 1
    outer loop
      vertex -5.42889 10.9279 5
      vertex -5.41023 1.06498 5
      vertex -5.41023 10.938 5
    endloop
  endfacet
  facet normal 0 0 1
    outer loop
      vertex -5.42889 10.9279 5
      vertex -5.42889 1.07511 5
      vertex -5.41023 1.06498 5
    endloop
  endfacet
  facet normal -0 0 1
    outer loop
      vertex -5.44772 10.9181 5
      vertex -5.42889 1.07511 5
      vertex -5.42889 10.9279 5
    endloop
  endfacet
  facet normal 0 0 1
    outer loop
      vertex -5.44772 10.9181 5
      vertex -5.44772 1.08491 5
      vertex -5.42889 1.07511 5
    endloop
  endfacet
  facet normal -0 0 1
    outer loop
      vertex -5.46672 10.9086 5
      vertex -5.44772 1.08491 5
      vertex -5.44772 10.9181 5
    endloop
  endfacet
  facet normal 0 0 1
    outer loop
      vertex -5.46672 10.9086 5
      vertex -5.46672 1.09439 5
      vertex -5.44772 1.08491 5
    endloop
  endfacet
  facet normal -0 0 1
    outer loop
      vertex -5.48588 10.8995 5
      vertex -5.46672 1.09439 5
      vertex -5.46672 10.9086 5
    endloop
  endfacet
  facet normal 0 0 1
    outer loop
      vertex -5.48588 10.8995 5
      vertex -5.48588 1.10353 5
      vertex -5.46672 1.09439 5
    endloop
  endfacet
  facet normal -0 0 1
    outer loop
      vertex -5.5052 10.8907 5
      vertex -5.48588 1.10353 5
      vertex -5.48588 10.8995 5
    endloop
  endfacet
  facet normal 0 0 1
    outer loop
      vertex -5.5052 10.8907 5
      vertex -5.5052 1.11233 5
      vertex -5.48588 1.10353 5
    endloop
  endfacet
  facet normal -0 0 1
    outer loop
      vertex -5.52467 10.8822 5
      vertex -5.5052 1.11233 5
      vertex -5.5052 10.8907 5
    endloop
  endfacet
  facet normal 0 0 1
    outer loop
      vertex -5.52467 10.8822 5
      vertex -5.52467 1.1208 5
      vertex -5.5052 1.11233 5
    endloop
  endfacet
  facet normal -0 0 1
    outer loop
      vertex -5.54429 10.8741 5
      vertex -5.52467 1.1208 5
      vertex -5.52467 10.8822 5
    endloop
  endfacet
  facet normal 0 0 1
    outer loop
      vertex -5.54429 10.8741 5
      vertex -5.54429 1.12892 5
      vertex -5.52467 1.1208 5
    endloop
  endfacet
  facet normal -0 0 1
    outer loop
      vertex -5.56404 10.8663 5
      vertex -5.54429 1.12892 5
      vertex -5.54429 10.8741 5
    endloop
  endfacet
  facet normal 0 0 1
    outer loop
      vertex -5.56404 10.8663 5
      vertex -5.56404 1.13671 5
      vertex -5.54429 1.12892 5
    endloop
  endfacet
  facet normal -0 0 1
    outer loop
      vertex -5.58393 10.8589 5
      vertex -5.56404 1.13671 5
      vertex -5.56404 10.8663 5
    endloop
  endfacet
  facet normal 0 0 1
    outer loop
      vertex -5.58393 10.8589 5
      vertex -5.58393 1.14414 5
      vertex -5.56404 1.13671 5
    endloop
  endfacet
  facet normal -0 0 1
    outer loop
      vertex -5.60394 10.8518 5
      vertex -5.58393 1.14414 5
      vertex -5.58393 10.8589 5
    endloop
  endfacet
  facet normal 0 0 1
    outer loop
      vertex -5.60394 10.8518 5
      vertex -5.60394 1.15123 5
      vertex -5.58393 1.14414 5
    endloop
  endfacet
  facet normal -0 0 1
    outer loop
      vertex -5.62408 10.845 5
      vertex -5.60394 1.15123 5
      vertex -5.60394 10.8518 5
    endloop
  endfacet
  facet normal 0 0 1
    outer loop
      vertex -5.62408 10.845 5
      vertex -5.62408 1.15797 5
      vertex -5.60394 1.15123 5
    endloop
  endfacet
  facet normal -0 0 1
    outer loop
      vertex -5.64433 10.8386 5
      vertex -5.62408 1.15797 5
      vertex -5.62408 10.845 5
    endloop
  endfacet
  facet normal 0 0 1
    outer loop
      vertex -5.64433 10.8386 5
      vertex -5.64433 1.16435 5
      vertex -5.62408 1.15797 5
    endloop
  endfacet
  facet normal -0 0 1
    outer loop
      vertex -5.66469 10.8326 5
      vertex -5.64433 1.16435 5
      vertex -5.64433 10.8386 5
    endloop
  endfacet
  facet normal 0 0 1
    outer loop
      vertex -5.66469 10.8326 5
      vertex -5.66469 1.17038 5
      vertex -5.64433 1.16435 5
    endloop
  endfacet
  facet normal -0 0 1
    outer loop
      vertex -5.68515 10.8269 5
      vertex -5.66469 1.17038 5
      vertex -5.66469 10.8326 5
    endloop
  endfacet
  facet normal 0 0 1
    outer loop
      vertex -5.68515 10.8269 5
      vertex -5.68515 1.17605 5
      vertex -5.66469 1.17038 5
    endloop
  endfacet
  facet normal -0 0 1
    outer loop
      vertex -5.7057 10.8216 5
      vertex -5.68515 1.17605 5
      vertex -5.68515 10.8269 5
    endloop
  endfacet
  facet normal 0 0 1
    outer loop
      vertex -5.7057 10.8216 5
      vertex -5.7057 1.18137 5
      vertex -5.68515 1.17605 5
    endloop
  endfacet
  facet normal -0 0 1
    outer loop
      vertex -5.72635 10.8167 5
      vertex -5.7057 1.18137 5
      vertex -5.7057 10.8216 5
    endloop
  endfacet
  facet normal 0 0 1
    outer loop
      vertex -5.72635 10.8167 5
      vertex -5.72635 1.18633 5
      vertex -5.7057 1.18137 5
    endloop
  endfacet
  facet normal -0 0 1
    outer loop
      vertex -5.74707 10.8121 5
      vertex -5.72635 1.18633 5
      vertex -5.72635 10.8167 5
    endloop
  endfacet
  facet normal 0 0 1
    outer loop
      vertex -5.74707 10.8121 5
      vertex -5.74707 1.19092 5
      vertex -5.72635 1.18633 5
    endloop
  endfacet
  facet normal -0 0 1
    outer loop
      vertex -5.76788 10.8078 5
      vertex -5.74707 1.19092 5
      vertex -5.74707 10.8121 5
    endloop
  endfacet
  facet normal 0 0 1
    outer loop
      vertex -5.76788 10.8078 5
      vertex -5.76788 1.19516 5
      vertex -5.74707 1.19092 5
    endloop
  endfacet
  facet normal -0 0 1
    outer loop
      vertex -5.78876 10.804 5
      vertex -5.76788 1.19516 5
      vertex -5.76788 10.8078 5
    endloop
  endfacet
  facet normal 0 0 1
    outer loop
      vertex -5.78876 10.804 5
      vertex -5.78876 1.19902 5
      vertex -5.76788 1.19516 5
    endloop
  endfacet
  facet normal -0 0 1
    outer loop
      vertex -5.8097 10.8005 5
      vertex -5.78876 1.19902 5
      vertex -5.78876 10.804 5
    endloop
  endfacet
  facet normal 0 0 1
    outer loop
      vertex -5.8097 10.8005 5
      vertex -5.8097 1.20253 5
      vertex -5.78876 1.19902 5
    endloop
  endfacet
  facet normal -0 0 1
    outer loop
      vertex -5.8307 10.7973 5
      vertex -5.8097 1.20253 5
      vertex -5.8097 10.8005 5
    endloop
  endfacet
  facet normal 0 0 1
    outer loop
      vertex -5.8307 10.7973 5
      vertex -5.8307 1.20567 5
      vertex -5.8097 1.20253 5
    endloop
  endfacet
  facet normal -0 0 1
    outer loop
      vertex -5.85175 10.7946 5
      vertex -5.8307 1.20567 5
      vertex -5.8307 10.7973 5
    endloop
  endfacet
  facet normal 0 0 1
    outer loop
      vertex -5.85175 10.7946 5
      vertex -5.85175 1.20844 5
      vertex -5.8307 1.20567 5
    endloop
  endfacet
  facet normal -0 0 1
    outer loop
      vertex -5.87284 10.7922 5
      vertex -5.85175 1.20844 5
      vertex -5.85175 10.7946 5
    endloop
  endfacet
  facet normal 0 0 1
    outer loop
      vertex -5.87284 10.7922 5
      vertex -5.87284 1.21084 5
      vertex -5.85175 1.20844 5
    endloop
  endfacet
  facet normal -0 0 1
    outer loop
      vertex -5.89398 10.7901 5
      vertex -5.87284 1.21084 5
      vertex -5.87284 10.7922 5
    endloop
  endfacet
  facet normal 0 0 1
    outer loop
      vertex -5.89398 10.7901 5
      vertex -5.89398 1.21288 5
      vertex -5.87284 1.21084 5
    endloop
  endfacet
  facet normal -0 0 1
    outer loop
      vertex -5.91514 10.7885 5
      vertex -5.89398 1.21288 5
      vertex -5.89398 10.7901 5
    endloop
  endfacet
  facet normal 0 0 1
    outer loop
      vertex -5.91514 10.7885 5
      vertex -5.91514 1.21454 5
      vertex -5.89398 1.21288 5
    endloop
  endfacet
  facet normal -0 0 1
    outer loop
      vertex -5.93633 10.7872 5
      vertex -5.91514 1.21454 5
      vertex -5.91514 10.7885 5
    endloop
  endfacet
  facet normal 0 0 1
    outer loop
      vertex -5.93633 10.7872 5
      vertex -5.93633 1.21584 5
      vertex -5.91514 1.21454 5
    endloop
  endfacet
  facet normal -0 0 1
    outer loop
      vertex -5.95755 10.7862 5
      vertex -5.93633 1.21584 5
      vertex -5.93633 10.7872 5
    endloop
  endfacet
  facet normal 0 0 1
    outer loop
      vertex -5.95755 10.7862 5
      vertex -5.95755 1.21677 5
      vertex -5.93633 1.21584 5
    endloop
  endfacet
  facet normal -0 0 1
    outer loop
      vertex -5.97877 10.7857 5
      vertex -5.95755 1.21677 5
      vertex -5.95755 10.7862 5
    endloop
  endfacet
  facet normal 0 0 1
    outer loop
      vertex -5.97877 10.7857 5
      vertex -5.97877 1.21732 5
      vertex -5.95755 1.21677 5
    endloop
  endfacet
  facet normal -0 0 1
    outer loop
      vertex -6 10.7855 5
      vertex -5.97877 1.21732 5
      vertex -5.97877 10.7857 5
    endloop
  endfacet
  facet normal 0 0 1
    outer loop
      vertex -6 10.7855 5
      vertex -6 1.21751 5
      vertex -5.97877 1.21732 5
    endloop
  endfacet
  facet normal 0 0 1
    outer loop
      vertex -6.02123 10.7857 5
      vertex -6 1.21751 5
      vertex -6 10.7855 5
    endloop
  endfacet
  facet normal 0 0 1
    outer loop
      vertex -6.02123 10.7857 5
      vertex -6.02123 1.21732 5
      vertex -6 1.21751 5
    endloop
  endfacet
  facet normal 0 0 1
    outer loop
      vertex -6.04245 10.7862 5
      vertex -6.02123 1.21732 5
      vertex -6.02123 10.7857 5
    endloop
  endfacet
  facet normal 0 0 1
    outer loop
      vertex -6.04245 10.7862 5
      vertex -6.04245 1.21677 5
      vertex -6.02123 1.21732 5
    endloop
  endfacet
  facet normal 0 0 1
    outer loop
      vertex -6.06367 10.7872 5
      vertex -6.04245 1.21677 5
      vertex -6.04245 10.7862 5
    endloop
  endfacet
  facet normal 0 0 1
    outer loop
      vertex -6.06367 10.7872 5
      vertex -6.06367 1.21584 5
      vertex -6.04245 1.21677 5
    endloop
  endfacet
  facet normal 0 0 1
    outer loop
      vertex -6.08486 10.7885 5
      vertex -6.06367 1.21584 5
      vertex -6.06367 10.7872 5
    endloop
  endfacet
  facet normal 0 0 1
    outer loop
      vertex -6.08486 10.7885 5
      vertex -6.08486 1.21454 5
      vertex -6.06367 1.21584 5
    endloop
  endfacet
  facet normal 0 0 1
    outer loop
      vertex -6.10602 10.7901 5
      vertex -6.08486 1.21454 5
      vertex -6.08486 10.7885 5
    endloop
  endfacet
  facet normal 0 0 1
    outer loop
      vertex -6.10602 10.7901 5
      vertex -6.10602 1.21288 5
      vertex -6.08486 1.21454 5
    endloop
  endfacet
  facet normal 0 0 1
    outer loop
      vertex -6.12716 10.7922 5
      vertex -6.10602 1.21288 5
      vertex -6.10602 10.7901 5
    endloop
  endfacet
  facet normal 0 0 1
    outer loop
      vertex -6.12716 10.7922 5
      vertex -6.12716 1.21084 5
      vertex -6.10602 1.21288 5
    endloop
  endfacet
  facet normal 0 0 1
    outer loop
      vertex -6.14825 10.7946 5
      vertex -6.12716 1.21084 5
      vertex -6.12716 10.7922 5
    endloop
  endfacet
  facet normal 0 0 1
    outer loop
      vertex -6.14825 10.7946 5
      vertex -6.14825 1.20844 5
      vertex -6.12716 1.21084 5
    endloop
  endfacet
  facet normal 0 0 1
    outer loop
      vertex -6.1693 10.7973 5
      vertex -6.14825 1.20844 5
      vertex -6.14825 10.7946 5
    endloop
  endfacet
  facet normal 0 0 1
    outer loop
      vertex -6.1693 10.7973 5
      vertex -6.1693 1.20567 5
      vertex -6.14825 1.20844 5
    endloop
  endfacet
  facet normal 0 0 1
    outer loop
      vertex -6.1903 10.8005 5
      vertex -6.1693 1.20567 5
      vertex -6.1693 10.7973 5
    endloop
  endfacet
  facet normal 0 0 1
    outer loop
      vertex -6.1903 10.8005 5
      vertex -6.1903 1.20253 5
      vertex -6.1693 1.20567 5
    endloop
  endfacet
  facet normal 0 0 1
    outer loop
      vertex -6.21124 10.804 5
      vertex -6.1903 1.20253 5
      vertex -6.1903 10.8005 5
    endloop
  endfacet
  facet normal 0 0 1
    outer loop
      vertex -6.21124 10.804 5
      vertex -6.21124 1.19902 5
      vertex -6.1903 1.20253 5
    endloop
  endfacet
  facet normal 0 0 1
    outer loop
      vertex -6.23212 10.8078 5
      vertex -6.21124 1.19902 5
      vertex -6.21124 10.804 5
    endloop
  endfacet
  facet normal 0 0 1
    outer loop
      vertex -6.23212 10.8078 5
      vertex -6.23212 1.19516 5
      vertex -6.21124 1.19902 5
    endloop
  endfacet
  facet normal 0 0 1
    outer loop
      vertex -6.25293 10.8121 5
      vertex -6.23212 1.19516 5
      vertex -6.23212 10.8078 5
    endloop
  endfacet
  facet normal 0 0 1
    outer loop
      vertex -6.25293 10.8121 5
      vertex -6.25293 1.19092 5
      vertex -6.23212 1.19516 5
    endloop
  endfacet
  facet normal 0 0 1
    outer loop
      vertex -6.27365 10.8167 5
      vertex -6.25293 1.19092 5
      vertex -6.25293 10.8121 5
    endloop
  endfacet
  facet normal 0 0 1
    outer loop
      vertex -6.27365 10.8167 5
      vertex -6.27365 1.18633 5
      vertex -6.25293 1.19092 5
    endloop
  endfacet
  facet normal 0 0 1
    outer loop
      vertex -6.2943 10.8216 5
      vertex -6.27365 1.18633 5
      vertex -6.27365 10.8167 5
    endloop
  endfacet
  facet normal 0 0 1
    outer loop
      vertex -6.2943 10.8216 5
      vertex -6.2943 1.18137 5
      vertex -6.27365 1.18633 5
    endloop
  endfacet
  facet normal 0 0 1
    outer loop
      vertex -6.31485 10.8269 5
      vertex -6.2943 1.18137 5
      vertex -6.2943 10.8216 5
    endloop
  endfacet
  facet normal 0 0 1
    outer loop
      vertex -6.31485 10.8269 5
      vertex -6.31485 1.17605 5
      vertex -6.2943 1.18137 5
    endloop
  endfacet
  facet normal 0 0 1
    outer loop
      vertex -6.33531 10.8326 5
      vertex -6.31485 1.17605 5
      vertex -6.31485 10.8269 5
    endloop
  endfacet
  facet normal 0 0 1
    outer loop
      vertex -6.33531 10.8326 5
      vertex -6.33531 1.17038 5
      vertex -6.31485 1.17605 5
    endloop
  endfacet
  facet normal 0 0 1
    outer loop
      vertex -6.35567 10.8386 5
      vertex -6.33531 1.17038 5
      vertex -6.33531 10.8326 5
    endloop
  endfacet
  facet normal 0 0 1
    outer loop
      vertex -6.35567 10.8386 5
      vertex -6.35567 1.16435 5
      vertex -6.33531 1.17038 5
    endloop
  endfacet
  facet normal 0 0 1
    outer loop
      vertex -6.37592 10.845 5
      vertex -6.35567 1.16435 5
      vertex -6.35567 10.8386 5
    endloop
  endfacet
  facet normal 0 0 1
    outer loop
      vertex -6.37592 10.845 5
      vertex -6.37592 1.15797 5
      vertex -6.35567 1.16435 5
    endloop
  endfacet
  facet normal 0 0 1
    outer loop
      vertex -6.39606 10.8518 5
      vertex -6.37592 1.15797 5
      vertex -6.37592 10.845 5
    endloop
  endfacet
  facet normal 0 0 1
    outer loop
      vertex -6.39606 10.8518 5
      vertex -6.39606 1.15123 5
      vertex -6.37592 1.15797 5
    endloop
  endfacet
  facet normal 0 0 1
    outer loop
      vertex -6.41607 10.8589 5
      vertex -6.39606 1.15123 5
      vertex -6.39606 10.8518 5
    endloop
  endfacet
  facet normal 0 0 1
    outer loop
      vertex -6.41607 10.8589 5
      vertex -6.41607 1.14414 5
      vertex -6.39606 1.15123 5
    endloop
  endfacet
  facet normal 0 0 1
    outer loop
      vertex -6.43596 10.8663 5
      vertex -6.41607 1.14414 5
      vertex -6.41607 10.8589 5
    endloop
  endfacet
  facet normal 0 0 1
    outer loop
      vertex -6.43596 10.8663 5
      vertex -6.43596 1.13671 5
      vertex -6.41607 1.14414 5
    endloop
  endfacet
  facet normal 0 0 1
    outer loop
      vertex -6.45571 10.8741 5
      vertex -6.43596 1.13671 5
      vertex -6.43596 10.8663 5
    endloop
  endfacet
  facet normal 0 0 1
    outer loop
      vertex -6.45571 10.8741 5
      vertex -6.45571 1.12892 5
      vertex -6.43596 1.13671 5
    endloop
  endfacet
  facet normal 0 0 1
    outer loop
      vertex -6.47533 10.8822 5
      vertex -6.45571 1.12892 5
      vertex -6.45571 10.8741 5
    endloop
  endfacet
  facet normal 0 0 1
    outer loop
      vertex -6.47533 10.8822 5
      vertex -6.47533 1.1208 5
      vertex -6.45571 1.12892 5
    endloop
  endfacet
  facet normal 0 0 1
    outer loop
      vertex -6.4948 10.8907 5
      vertex -6.47533 1.1208 5
      vertex -6.47533 10.8822 5
    endloop
  endfacet
  facet normal 0 0 1
    outer loop
      vertex -6.4948 10.8907 5
      vertex -6.4948 1.11233 5
      vertex -6.47533 1.1208 5
    endloop
  endfacet
  facet normal 0 0 1
    outer loop
      vertex -6.51412 10.8995 5
      vertex -6.4948 1.11233 5
      vertex -6.4948 10.8907 5
    endloop
  endfacet
  facet normal 0 0 1
    outer loop
      vertex -6.51412 10.8995 5
      vertex -6.51412 1.10353 5
      vertex -6.4948 1.11233 5
    endloop
  endfacet
  facet normal 0 0 1
    outer loop
      vertex -6.53328 10.9086 5
      vertex -6.51412 1.10353 5
      vertex -6.51412 10.8995 5
    endloop
  endfacet
  facet normal 0 0 1
    outer loop
      vertex -6.53328 10.9086 5
      vertex -6.53328 1.09439 5
      vertex -6.51412 1.10353 5
    endloop
  endfacet
  facet normal 0 0 1
    outer loop
      vertex -6.55228 10.9181 5
      vertex -6.53328 1.09439 5
      vertex -6.53328 10.9086 5
    endloop
  endfacet
  facet normal 0 0 1
    outer loop
      vertex -6.55228 10.9181 5
      vertex -6.55228 1.08491 5
      vertex -6.53328 1.09439 5
    endloop
  endfacet
  facet normal 0 0 1
    outer loop
      vertex -6.57111 10.9279 5
      vertex -6.55228 1.08491 5
      vertex -6.55228 10.9181 5
    endloop
  endfacet
  facet normal 0 0 1
    outer loop
      vertex -6.57111 10.9279 5
      vertex -6.57111 1.07511 5
      vertex -6.55228 1.08491 5
    endloop
  endfacet
  facet normal 0 0 1
    outer loop
      vertex -6.58977 10.938 5
      vertex -6.57111 1.07511 5
      vertex -6.57111 10.9279 5
    endloop
  endfacet
  facet normal 0 0 1
    outer loop
      vertex -6.58977 10.938 5
      vertex -6.58977 1.06498 5
      vertex -6.57111 1.07511 5
    endloop
  endfacet
  facet normal 0 0 1
    outer loop
      vertex -6.60825 10.9485 5
      vertex -6.58977 1.06498 5
      vertex -6.58977 10.938 5
    endloop
  endfacet
  facet normal 0 0 1
    outer loop
      vertex -6.60825 10.9485 5
      vertex -6.60825 1.05453 5
      vertex -6.58977 1.06498 5
    endloop
  endfacet
  facet normal 0 0 1
    outer loop
      vertex -6.62655 10.9593 5
      vertex -6.60825 1.05453 5
      vertex -6.60825 10.9485 5
    endloop
  endfacet
  facet normal 0 0 1
    outer loop
      vertex -6.62655 10.9593 5
      vertex -6.62655 1.04375 5
      vertex -6.60825 1.05453 5
    endloop
  endfacet
  facet normal 0 0 1
    outer loop
      vertex -6.64465 10.9703 5
      vertex -6.62655 1.04375 5
      vertex -6.62655 10.9593 5
    endloop
  endfacet
  facet normal 0 0 1
    outer loop
      vertex -6.64465 10.9703 5
      vertex -6.64465 1.03266 5
      vertex -6.62655 1.04375 5
    endloop
  endfacet
  facet normal 0 0 1
    outer loop
      vertex -6.66256 10.9818 5
      vertex -6.64465 1.03266 5
      vertex -6.64465 10.9703 5
    endloop
  endfacet
  facet normal 0 0 1
    outer loop
      vertex -6.66256 10.9818 5
      vertex -6.66256 1.02125 5
      vertex -6.64465 1.03266 5
    endloop
  endfacet
  facet normal 0 0 1
    outer loop
      vertex -6.68026 10.9935 5
      vertex -6.66256 1.02125 5
      vertex -6.66256 10.9818 5
    endloop
  endfacet
  facet normal 0 0 1
    outer loop
      vertex -6.68026 10.9935 5
      vertex -6.68026 1.00953 5
      vertex -6.66256 1.02125 5
    endloop
  endfacet
  facet normal 0 0 1
    outer loop
      vertex -6.69776 11.0055 5
      vertex -6.68026 1.00953 5
      vertex -6.68026 10.9935 5
    endloop
  endfacet
  facet normal 0 0 1
    outer loop
      vertex -6.69776 11.0055 5
      vertex -6.69776 0.997503 5
      vertex -6.68026 1.00953 5
    endloop
  endfacet
  facet normal 0 0 1
    outer loop
      vertex -6.71504 11.0178 5
      vertex -6.69776 0.997503 5
      vertex -6.69776 11.0055 5
    endloop
  endfacet
  facet normal 0 0 1
    outer loop
      vertex -6.71504 11.0178 5
      vertex -6.71504 0.985174 5
      vertex -6.69776 0.997503 5
    endloop
  endfacet
  facet normal 0 0 1
    outer loop
      vertex -6.73211 11.0305 5
      vertex -6.71504 0.985174 5
      vertex -6.71504 11.0178 5
    endloop
  endfacet
  facet normal 0 0 1
    outer loop
      vertex -6.73211 11.0305 5
      vertex -6.73211 0.972544 5
      vertex -6.71504 0.985174 5
    endloop
  endfacet
  facet normal 0 0 1
    outer loop
      vertex -6.74896 11.0434 5
      vertex -6.73211 0.972544 5
      vertex -6.73211 11.0305 5
    endloop
  endfacet
  facet normal 0 0 1
    outer loop
      vertex -6.74896 11.0434 5
      vertex -6.74896 0.95962 5
      vertex -6.73211 0.972544 5
    endloop
  endfacet
  facet normal 0 0 1
    outer loop
      vertex -6.76557 11.0566 5
      vertex -6.74896 0.95962 5
      vertex -6.74896 11.0434 5
    endloop
  endfacet
  facet normal 0 0 1
    outer loop
      vertex -6.76557 11.0566 5
      vertex -6.76557 0.946402 5
      vertex -6.74896 0.95962 5
    endloop
  endfacet
  facet normal 0 0 1
    outer loop
      vertex -6.78195 11.0701 5
      vertex -6.76557 0.946402 5
      vertex -6.76557 11.0566 5
    endloop
  endfacet
  facet normal 0 0 1
    outer loop
      vertex -6.78195 11.0701 5
      vertex -6.78195 0.932897 5
      vertex -6.76557 0.946402 5
    endloop
  endfacet
  facet normal 0 0 1
    outer loop
      vertex -6.7981 11.0839 5
      vertex -6.78195 0.932897 5
      vertex -6.78195 11.0701 5
    endloop
  endfacet
  facet normal 0 0 1
    outer loop
      vertex -6.7981 11.0839 5
      vertex -6.7981 0.919109 5
      vertex -6.78195 0.932897 5
    endloop
  endfacet
  facet normal 0 0 1
    outer loop
      vertex -6.814 11.098 5
      vertex -6.7981 0.919109 5
      vertex -6.7981 11.0839 5
    endloop
  endfacet
  facet normal 0 0 1
    outer loop
      vertex -6.814 11.098 5
      vertex -6.814 0.90504 5
      vertex -6.7981 0.919109 5
    endloop
  endfacet
  facet normal 0 0 1
    outer loop
      vertex -6.82965 11.1123 5
      vertex -6.814 0.90504 5
      vertex -6.814 11.098 5
    endloop
  endfacet
  facet normal 0 0 1
    outer loop
      vertex -6.82965 11.1123 5
      vertex -6.82965 0.890696 5
      vertex -6.814 0.90504 5
    endloop
  endfacet
  facet normal 0 0 1
    outer loop
      vertex -6.84506 11.1269 5
      vertex -6.82965 0.890696 5
      vertex -6.82965 11.1123 5
    endloop
  endfacet
  facet normal 0 0 1
    outer loop
      vertex -6.84506 11.1269 5
      vertex -6.84506 0.876081 5
      vertex -6.82965 0.890696 5
    endloop
  endfacet
  facet normal 0 0 1
    outer loop
      vertex -6.8602 11.1418 5
      vertex -6.84506 0.876081 5
      vertex -6.84506 11.1269 5
    endloop
  endfacet
  facet normal 0 0 1
    outer loop
      vertex -6.8602 11.1418 5
      vertex -6.8602 0.861199 5
      vertex -6.84506 0.876081 5
    endloop
  endfacet
  facet normal 0 0 1
    outer loop
      vertex -6.87508 11.1569 5
      vertex -6.8602 0.861199 5
      vertex -6.8602 11.1418 5
    endloop
  endfacet
  facet normal 0 0 1
    outer loop
      vertex -6.87508 11.1569 5
      vertex -6.87508 0.846056 5
      vertex -6.8602 0.861199 5
    endloop
  endfacet
  facet normal 0 0 1
    outer loop
      vertex -6.8897 11.1723 5
      vertex -6.87508 0.846056 5
      vertex -6.87508 11.1569 5
    endloop
  endfacet
  facet normal 0 0 1
    outer loop
      vertex -6.8897 11.1723 5
      vertex -6.8897 0.830655 5
      vertex -6.87508 0.846056 5
    endloop
  endfacet
  facet normal 0 0 1
    outer loop
      vertex -6.90404 11.188 5
      vertex -6.8897 0.830655 5
      vertex -6.8897 11.1723 5
    endloop
  endfacet
  facet normal 0 0 1
    outer loop
      vertex -6.90404 11.188 5
      vertex -6.90404 0.815001 5
      vertex -6.8897 0.830655 5
    endloop
  endfacet
  facet normal 0 0 1
    outer loop
      vertex -6.91811 11.2039 5
      vertex -6.90404 0.815001 5
      vertex -6.90404 11.188 5
    endloop
  endfacet
  facet normal 0 0 1
    outer loop
      vertex -6.91811 11.2039 5
      vertex -6.91811 0.7991 5
      vertex -6.90404 0.815001 5
    endloop
  endfacet
  facet normal 0 0 1
    outer loop
      vertex -6.9319 11.22 5
      vertex -6.91811 0.7991 5
      vertex -6.91811 11.2039 5
    endloop
  endfacet
  facet normal 0 0 1
    outer loop
      vertex -6.9319 11.22 5
      vertex -6.9319 0.782955 5
      vertex -6.91811 0.7991 5
    endloop
  endfacet
  facet normal 0 0 1
    outer loop
      vertex -6.9454 11.2364 5
      vertex -6.9319 0.782955 5
      vertex -6.9319 11.22 5
    endloop
  endfacet
  facet normal 0 0 1
    outer loop
      vertex -6.9454 11.2364 5
      vertex -6.9454 0.766572 5
      vertex -6.9319 0.782955 5
    endloop
  endfacet
  facet normal 0 0 1
    outer loop
      vertex -6.95862 11.253 5
      vertex -6.9454 0.766572 5
      vertex -6.9454 11.2364 5
    endloop
  endfacet
  facet normal 0 0 1
    outer loop
      vertex -6.95862 11.253 5
      vertex -6.95862 0.749956 5
      vertex -6.9454 0.766572 5
    endloop
  endfacet
  facet normal 0 0 1
    outer loop
      vertex -6.97154 11.2699 5
      vertex -6.95862 0.749956 5
      vertex -6.95862 11.253 5
    endloop
  endfacet
  facet normal 0 0 1
    outer loop
      vertex -6.97154 11.2699 5
      vertex -6.97154 0.733111 5
      vertex -6.95862 0.749956 5
    endloop
  endfacet
  facet normal 0 0 1
    outer loop
      vertex -6.98417 11.287 5
      vertex -6.97154 0.733111 5
      vertex -6.97154 11.2699 5
    endloop
  endfacet
  facet normal 0 0 1
    outer loop
      vertex -6.98417 11.287 5
      vertex -6.98417 0.716044 5
      vertex -6.97154 0.733111 5
    endloop
  endfacet
  facet normal 0 0 1
    outer loop
      vertex -6.9965 11.3042 5
      vertex -6.98417 0.716044 5
      vertex -6.98417 11.287 5
    endloop
  endfacet
  facet normal 0 0 1
    outer loop
      vertex -6.9965 11.3042 5
      vertex -6.9965 0.698759 5
      vertex -6.98417 0.716044 5
    endloop
  endfacet
  facet normal 0 0 1
    outer loop
      vertex -7.00853 11.3217 5
      vertex -6.9965 0.698759 5
      vertex -6.9965 11.3042 5
    endloop
  endfacet
  facet normal 0 0 1
    outer loop
      vertex -7.00853 11.3217 5
      vertex -7.00853 0.681262 5
      vertex -6.9965 0.698759 5
    endloop
  endfacet
  facet normal 0 0 1
    outer loop
      vertex -7.02025 11.3394 5
      vertex -7.00853 0.681262 5
      vertex -7.00853 11.3217 5
    endloop
  endfacet
  facet normal 0 0 1
    outer loop
      vertex -7.02025 11.3394 5
      vertex -7.02025 0.663557 5
      vertex -7.00853 0.681262 5
    endloop
  endfacet
  facet normal 0 0 1
    outer loop
      vertex -7.03166 11.3574 5
      vertex -7.02025 0.663557 5
      vertex -7.02025 11.3394 5
    endloop
  endfacet
  facet normal 0 0 1
    outer loop
      vertex -7.03166 11.3574 5
      vertex -7.03166 0.645649 5
      vertex -7.02025 0.663557 5
    endloop
  endfacet
  facet normal 0 0 1
    outer loop
      vertex -7.04275 11.3755 5
      vertex -7.03166 0.645649 5
      vertex -7.03166 11.3574 5
    endloop
  endfacet
  facet normal 0 0 1
    outer loop
      vertex -7.04275 11.3755 5
      vertex -7.04275 0.627547 5
      vertex -7.03166 0.645649 5
    endloop
  endfacet
  facet normal 0 0 1
    outer loop
      vertex -7.05352 11.3937 5
      vertex -7.04275 0.627547 5
      vertex -7.04275 11.3755 5
    endloop
  endfacet
  facet normal 0 0 1
    outer loop
      vertex -7.05352 11.3937 5
      vertex -7.05352 0.609253 5
      vertex -7.04275 0.627547 5
    endloop
  endfacet
  facet normal 0 0 1
    outer loop
      vertex -7.06398 11.4122 5
      vertex -7.05352 0.609253 5
      vertex -7.05352 11.3937 5
    endloop
  endfacet
  facet normal 0 0 1
    outer loop
      vertex -7.06398 11.4122 5
      vertex -7.06398 0.590773 5
      vertex -7.05352 0.609253 5
    endloop
  endfacet
  facet normal 0 0 1
    outer loop
      vertex -7.07411 11.4309 5
      vertex -7.06398 0.590773 5
      vertex -7.06398 11.4122 5
    endloop
  endfacet
  facet normal 0 0 1
    outer loop
      vertex -7.07411 11.4309 5
      vertex -7.07411 0.572115 5
      vertex -7.06398 0.590773 5
    endloop
  endfacet
  facet normal 0 0 1
    outer loop
      vertex -7.08391 11.4497 5
      vertex -7.07411 0.572115 5
      vertex -7.07411 11.4309 5
    endloop
  endfacet
  facet normal 0 0 1
    outer loop
      vertex -7.08391 11.4497 5
      vertex -7.08391 0.553281 5
      vertex -7.07411 0.572115 5
    endloop
  endfacet
  facet normal 0 0 1
    outer loop
      vertex -7.09339 11.4687 5
      vertex -7.08391 0.553281 5
      vertex -7.08391 11.4497 5
    endloop
  endfacet
  facet normal 0 0 1
    outer loop
      vertex -7.09339 11.4687 5
      vertex -7.09339 0.53428 5
      vertex -7.08391 0.553281 5
    endloop
  endfacet
  facet normal 0 0 1
    outer loop
      vertex -18 18 5
      vertex -7.09339 11.4687 5
      vertex -7.10253 11.4879 5
    endloop
  endfacet
  facet normal 0 0 1
    outer loop
      vertex -7.09339 11.4687 5
      vertex -18 18 5
      vertex -7.09339 0.53428 5
    endloop
  endfacet
  facet normal 0 0 1
    outer loop
      vertex -18 18 5
      vertex -7.10253 11.4879 5
      vertex -7.11133 11.5072 5
    endloop
  endfacet
  facet normal 0 0 1
    outer loop
      vertex -7.09339 0.53428 5
      vertex -18 18 5
      vertex -7.10253 0.515117 5
    endloop
  endfacet
  facet normal 0 0 1
    outer loop
      vertex -18 18 5
      vertex -7.11133 11.5072 5
      vertex -7.1198 11.5267 5
    endloop
  endfacet
  facet normal 0 0 1
    outer loop
      vertex -7.10253 0.515117 5
      vertex -18 18 5
      vertex -7.11133 0.495798 5
    endloop
  endfacet
  facet normal 0 0 1
    outer loop
      vertex -18 18 5
      vertex -7.1198 11.5267 5
      vertex -7.12792 11.5463 5
    endloop
  endfacet
  facet normal 0 0 1
    outer loop
      vertex -7.11133 0.495798 5
      vertex -18 18 5
      vertex -7.1198 0.476327 5
    endloop
  endfacet
  facet normal 0 0 1
    outer loop
      vertex -18 18 5
      vertex -7.12792 11.5463 5
      vertex -7.13571 11.566 5
    endloop
  endfacet
  facet normal 0 0 1
    outer loop
      vertex -7.1198 0.476327 5
      vertex -18 18 5
      vertex -7.12792 0.45671 5
    endloop
  endfacet
  facet normal 0 0 1
    outer loop
      vertex -18 18 5
      vertex -7.13571 11.566 5
      vertex -7.14314 11.5859 5
    endloop
  endfacet
  facet normal 0 0 1
    outer loop
      vertex -7.12792 0.45671 5
      vertex -18 18 5
      vertex -7.13571 0.436956 5
    endloop
  endfacet
  facet normal 0 0 1
    outer loop
      vertex -18 18 5
      vertex -7.14314 11.5859 5
      vertex -7.15023 11.6059 5
    endloop
  endfacet
  facet normal 0 0 1
    outer loop
      vertex -7.13571 0.436956 5
      vertex -18 18 5
      vertex -7.14314 0.417069 5
    endloop
  endfacet
  facet normal 0 0 1
    outer loop
      vertex -18 18 5
      vertex -7.15023 11.6059 5
      vertex -7.15697 11.6261 5
    endloop
  endfacet
  facet normal 0 0 1
    outer loop
      vertex -7.14314 0.417069 5
      vertex -18 18 5
      vertex -7.15023 0.397055 5
    endloop
  endfacet
  facet normal 0 0 1
    outer loop
      vertex -18 18 5
      vertex -7.15697 11.6261 5
      vertex -7.16335 11.6463 5
    endloop
  endfacet
  facet normal 0 0 1
    outer loop
      vertex -7.15023 0.397055 5
      vertex -18 18 5
      vertex -7.15697 0.37692 5
    endloop
  endfacet
  facet normal 0 0 1
    outer loop
      vertex -18 18 5
      vertex -7.16335 11.6463 5
      vertex -7.16938 11.6667 5
    endloop
  endfacet
  facet normal 0 0 1
    outer loop
      vertex -7.15697 0.37692 5
      vertex -18 18 5
      vertex -7.16335 0.356672 5
    endloop
  endfacet
  facet normal 0 0 1
    outer loop
      vertex -18 18 5
      vertex -7.16938 11.6667 5
      vertex -7.17505 11.6871 5
    endloop
  endfacet
  facet normal 0 0 1
    outer loop
      vertex -7.16335 0.356672 5
      vertex -18 18 5
      vertex -7.16938 0.336314 5
    endloop
  endfacet
  facet normal 0 0 1
    outer loop
      vertex -18 18 5
      vertex -7.17505 11.6871 5
      vertex -7.18037 11.7077 5
    endloop
  endfacet
  facet normal 0 0 1
    outer loop
      vertex -7.16938 0.336314 5
      vertex -18 18 5
      vertex -7.17505 0.315855 5
    endloop
  endfacet
  facet normal 0 0 1
    outer loop
      vertex -18 18 5
      vertex -7.18037 11.7077 5
      vertex -7.18533 11.7283 5
    endloop
  endfacet
  facet normal 0 0 1
    outer loop
      vertex -7.17505 0.315855 5
      vertex -18 18 5
      vertex -7.18037 0.295299 5
    endloop
  endfacet
  facet normal 0 0 1
    outer loop
      vertex -18 18 5
      vertex -7.18533 11.7283 5
      vertex -7.18992 11.7491 5
    endloop
  endfacet
  facet normal 0 0 1
    outer loop
      vertex -7.18037 0.295299 5
      vertex -18 18 5
      vertex -7.18533 0.274654 5
    endloop
  endfacet
  facet normal 0 0 1
    outer loop
      vertex -18 18 5
      vertex -7.18992 11.7491 5
      vertex -7.19416 11.7699 5
    endloop
  endfacet
  facet normal 0 0 1
    outer loop
      vertex -7.18533 0.274654 5
      vertex -18 18 5
      vertex -7.18992 0.253926 5
    endloop
  endfacet
  facet normal 0 0 1
    outer loop
      vertex -18 18 5
      vertex -7.19416 11.7699 5
      vertex -7.19802 11.7908 5
    endloop
  endfacet
  facet normal 0 0 1
    outer loop
      vertex -7.18992 0.253926 5
      vertex -18 18 5
      vertex -7.19416 0.23312 5
    endloop
  endfacet
  facet normal 0 0 1
    outer loop
      vertex -18 18 5
      vertex -7.19802 11.7908 5
      vertex -7.20153 11.8117 5
    endloop
  endfacet
  facet normal 0 0 1
    outer loop
      vertex -7.19416 0.23312 5
      vertex -18 18 5
      vertex -7.19802 0.212244 5
    endloop
  endfacet
  facet normal 0 0 1
    outer loop
      vertex -18 18 5
      vertex -7.20153 11.8117 5
      vertex -7.20467 11.8327 5
    endloop
  endfacet
  facet normal 0 0 1
    outer loop
      vertex -7.19802 0.212244 5
      vertex -18 18 5
      vertex -7.20153 0.191303 5
    endloop
  endfacet
  facet normal 0 0 1
    outer loop
      vertex -18 18 5
      vertex -7.20467 11.8327 5
      vertex -7.20744 11.8537 5
    endloop
  endfacet
  facet normal 0 0 1
    outer loop
      vertex -7.20153 0.191303 5
      vertex -18 18 5
      vertex -7.20467 0.170305 5
    endloop
  endfacet
  facet normal 0 0 1
    outer loop
      vertex -18 18 5
      vertex -7.20744 11.8537 5
      vertex -7.20984 11.8748 5
    endloop
  endfacet
  facet normal 0 0 1
    outer loop
      vertex -7.20467 0.170305 5
      vertex -18 18 5
      vertex -7.20744 0.149254 5
    endloop
  endfacet
  facet normal 0 0 1
    outer loop
      vertex -18 18 5
      vertex -7.20984 11.8748 5
      vertex -7.21188 11.896 5
    endloop
  endfacet
  facet normal 0 0 1
    outer loop
      vertex -7.20744 0.149254 5
      vertex -18 18 5
      vertex -7.20984 0.128159 5
    endloop
  endfacet
  facet normal 0 0 1
    outer loop
      vertex -18 18 5
      vertex -7.21188 11.896 5
      vertex -7.21354 11.9171 5
    endloop
  endfacet
  facet normal 0 0 1
    outer loop
      vertex -7.20984 0.128159 5
      vertex -18 18 5
      vertex -7.21188 0.107025 5
    endloop
  endfacet
  facet normal 0 0 1
    outer loop
      vertex -18 18 5
      vertex -7.21354 11.9171 5
      vertex -7.21484 11.9383 5
    endloop
  endfacet
  facet normal 0 0 1
    outer loop
      vertex -7.21188 0.107025 5
      vertex -18 18 5
      vertex -7.21354 0.0858589 5
    endloop
  endfacet
  facet normal 0 0 1
    outer loop
      vertex -18 18 5
      vertex -7.21484 11.9383 5
      vertex -7.21576 11.9595 5
    endloop
  endfacet
  facet normal 0 0 1
    outer loop
      vertex -7.21354 0.0858589 5
      vertex -18 18 5
      vertex -7.21484 0.0646663 5
    endloop
  endfacet
  facet normal 0 0 1
    outer loop
      vertex -18 18 5
      vertex -7.21576 11.9595 5
      vertex -7.21632 11.9808 5
    endloop
  endfacet
  facet normal 0 0 1
    outer loop
      vertex -7.21484 0.0646663 5
      vertex -18 18 5
      vertex -7.21576 0.0434547 5
    endloop
  endfacet
  facet normal 0 0 1
    outer loop
      vertex -18 18 5
      vertex -7.21632 11.9808 5
      vertex -7.21651 12.002 5
    endloop
  endfacet
  facet normal 0 0 1
    outer loop
      vertex -7.21576 0.0434547 5
      vertex -18 18 5
      vertex -7.21632 0.0222307 5
    endloop
  endfacet
  facet normal 0 0 1
    outer loop
      vertex 7.21584 11.9383 5
      vertex 18 18 5
      vertex 7.21676 11.9595 5
    endloop
  endfacet
  facet normal 0 0 1
    outer loop
      vertex 18 -18 5
      vertex 7.21732 -11.9788 5
      vertex 7.21751 -12 5
    endloop
  endfacet
  facet normal 0 0 1
    outer loop
      vertex 7.21454 11.9171 5
      vertex 18 18 5
      vertex 7.21584 11.9383 5
    endloop
  endfacet
  facet normal 0 0 1
    outer loop
      vertex 18 -18 5
      vertex 7.21676 -11.9575 5
      vertex 7.21732 -11.9788 5
    endloop
  endfacet
  facet normal 0 0 1
    outer loop
      vertex 7.21288 11.896 5
      vertex 18 18 5
      vertex 7.21454 11.9171 5
    endloop
  endfacet
  facet normal 0 0 1
    outer loop
      vertex 18 -18 5
      vertex 7.21584 -11.9363 5
      vertex 7.21676 -11.9575 5
    endloop
  endfacet
  facet normal 0 0 1
    outer loop
      vertex 7.21084 11.8748 5
      vertex 18 18 5
      vertex 7.21288 11.896 5
    endloop
  endfacet
  facet normal 0 0 1
    outer loop
      vertex 18 -18 5
      vertex 7.21454 -11.9151 5
      vertex 7.21584 -11.9363 5
    endloop
  endfacet
  facet normal 0 0 1
    outer loop
      vertex 7.20844 11.8537 5
      vertex 18 18 5
      vertex 7.21084 11.8748 5
    endloop
  endfacet
  facet normal 0 0 1
    outer loop
      vertex 18 -18 5
      vertex 7.21288 -11.894 5
      vertex 7.21454 -11.9151 5
    endloop
  endfacet
  facet normal 0 0 1
    outer loop
      vertex 7.20567 11.8327 5
      vertex 18 18 5
      vertex 7.20844 11.8537 5
    endloop
  endfacet
  facet normal 0 0 1
    outer loop
      vertex 18 -18 5
      vertex 7.21084 -11.8728 5
      vertex 7.21288 -11.894 5
    endloop
  endfacet
  facet normal 0 0 1
    outer loop
      vertex 7.20253 11.8117 5
      vertex 18 18 5
      vertex 7.20567 11.8327 5
    endloop
  endfacet
  facet normal 0 0 1
    outer loop
      vertex 18 -18 5
      vertex 7.20844 -11.8517 5
      vertex 7.21084 -11.8728 5
    endloop
  endfacet
  facet normal 0 0 1
    outer loop
      vertex 7.19902 11.7908 5
      vertex 18 18 5
      vertex 7.20253 11.8117 5
    endloop
  endfacet
  facet normal 0 0 1
    outer loop
      vertex 18 -18 5
      vertex 7.20567 -11.8307 5
      vertex 7.20844 -11.8517 5
    endloop
  endfacet
  facet normal 0 0 1
    outer loop
      vertex 7.19516 11.7699 5
      vertex 18 18 5
      vertex 7.19902 11.7908 5
    endloop
  endfacet
  facet normal 0 0 1
    outer loop
      vertex 18 -18 5
      vertex 7.20253 -11.8097 5
      vertex 7.20567 -11.8307 5
    endloop
  endfacet
  facet normal 0 0 1
    outer loop
      vertex 7.19092 11.7491 5
      vertex 18 18 5
      vertex 7.19516 11.7699 5
    endloop
  endfacet
  facet normal 0 0 1
    outer loop
      vertex 18 -18 5
      vertex 7.19902 -11.7888 5
      vertex 7.20253 -11.8097 5
    endloop
  endfacet
  facet normal 0 0 1
    outer loop
      vertex 7.18633 11.7283 5
      vertex 18 18 5
      vertex 7.19092 11.7491 5
    endloop
  endfacet
  facet normal 0 0 1
    outer loop
      vertex 18 -18 5
      vertex 7.19516 -11.7679 5
      vertex 7.19902 -11.7888 5
    endloop
  endfacet
  facet normal 0 0 1
    outer loop
      vertex 7.18137 11.7077 5
      vertex 18 18 5
      vertex 7.18633 11.7283 5
    endloop
  endfacet
  facet normal 0 0 1
    outer loop
      vertex 18 -18 5
      vertex 7.19092 -11.7471 5
      vertex 7.19516 -11.7679 5
    endloop
  endfacet
  facet normal 0 0 1
    outer loop
      vertex 7.17605 11.6871 5
      vertex 18 18 5
      vertex 7.18137 11.7077 5
    endloop
  endfacet
  facet normal 0 0 1
    outer loop
      vertex 18 -18 5
      vertex 7.18633 -11.7263 5
      vertex 7.19092 -11.7471 5
    endloop
  endfacet
  facet normal 0 0 1
    outer loop
      vertex 7.17038 11.6667 5
      vertex 18 18 5
      vertex 7.17605 11.6871 5
    endloop
  endfacet
  facet normal 0 0 1
    outer loop
      vertex 18 -18 5
      vertex 7.18137 -11.7057 5
      vertex 7.18633 -11.7263 5
    endloop
  endfacet
  facet normal 0 0 1
    outer loop
      vertex 7.16435 11.6463 5
      vertex 18 18 5
      vertex 7.17038 11.6667 5
    endloop
  endfacet
  facet normal 0 0 1
    outer loop
      vertex 18 -18 5
      vertex 7.17605 -11.6851 5
      vertex 7.18137 -11.7057 5
    endloop
  endfacet
  facet normal 0 0 1
    outer loop
      vertex 7.15797 11.6261 5
      vertex 18 18 5
      vertex 7.16435 11.6463 5
    endloop
  endfacet
  facet normal 0 0 1
    outer loop
      vertex 18 -18 5
      vertex 7.17038 -11.6647 5
      vertex 7.17605 -11.6851 5
    endloop
  endfacet
  facet normal 0 0 1
    outer loop
      vertex 7.15123 11.6059 5
      vertex 18 18 5
      vertex 7.15797 11.6261 5
    endloop
  endfacet
  facet normal 0 0 1
    outer loop
      vertex 18 -18 5
      vertex 7.16435 -11.6443 5
      vertex 7.17038 -11.6647 5
    endloop
  endfacet
  facet normal 0 0 1
    outer loop
      vertex 7.14414 11.5859 5
      vertex 18 18 5
      vertex 7.15123 11.6059 5
    endloop
  endfacet
  facet normal 0 0 1
    outer loop
      vertex 18 -18 5
      vertex 7.15797 -11.6241 5
      vertex 7.16435 -11.6443 5
    endloop
  endfacet
  facet normal 0 0 1
    outer loop
      vertex 7.13671 11.566 5
      vertex 18 18 5
      vertex 7.14414 11.5859 5
    endloop
  endfacet
  facet normal 0 0 1
    outer loop
      vertex 18 -18 5
      vertex 7.15123 -11.6039 5
      vertex 7.15797 -11.6241 5
    endloop
  endfacet
  facet normal 0 0 1
    outer loop
      vertex 7.12892 11.5463 5
      vertex 18 18 5
      vertex 7.13671 11.566 5
    endloop
  endfacet
  facet normal 0 0 1
    outer loop
      vertex 18 -18 5
      vertex 7.14414 -11.5839 5
      vertex 7.15123 -11.6039 5
    endloop
  endfacet
  facet normal 0 0 1
    outer loop
      vertex 7.1208 11.5267 5
      vertex 18 18 5
      vertex 7.12892 11.5463 5
    endloop
  endfacet
  facet normal 0 0 1
    outer loop
      vertex 18 -18 5
      vertex 7.13671 -11.564 5
      vertex 7.14414 -11.5839 5
    endloop
  endfacet
  facet normal 0 0 1
    outer loop
      vertex 7.11233 11.5072 5
      vertex 18 18 5
      vertex 7.1208 11.5267 5
    endloop
  endfacet
  facet normal 0 0 1
    outer loop
      vertex 18 -18 5
      vertex 7.12892 -11.5443 5
      vertex 7.13671 -11.564 5
    endloop
  endfacet
  facet normal 0 0 1
    outer loop
      vertex 7.10353 11.4879 5
      vertex 18 18 5
      vertex 7.11233 11.5072 5
    endloop
  endfacet
  facet normal 0 0 1
    outer loop
      vertex 18 -18 5
      vertex 7.1208 -11.5247 5
      vertex 7.12892 -11.5443 5
    endloop
  endfacet
  facet normal 0 0 1
    outer loop
      vertex 7.09439 11.4687 5
      vertex 18 18 5
      vertex 7.10353 11.4879 5
    endloop
  endfacet
  facet normal 0 0 1
    outer loop
      vertex 18 -18 5
      vertex 7.11233 -11.5052 5
      vertex 7.1208 -11.5247 5
    endloop
  endfacet
  facet normal 0 0 1
    outer loop
      vertex 7.08491 11.4497 5
      vertex 18 18 5
      vertex 7.09439 11.4687 5
    endloop
  endfacet
  facet normal 0 0 1
    outer loop
      vertex 18 -18 5
      vertex 7.10353 -11.4859 5
      vertex 7.11233 -11.5052 5
    endloop
  endfacet
  facet normal 0 0 1
    outer loop
      vertex 7.07511 11.4309 5
      vertex 18 18 5
      vertex 7.08491 11.4497 5
    endloop
  endfacet
  facet normal 0 0 1
    outer loop
      vertex 18 -18 5
      vertex 7.09439 -11.4667 5
      vertex 7.10353 -11.4859 5
    endloop
  endfacet
  facet normal 0 0 1
    outer loop
      vertex 7.06498 11.4122 5
      vertex 18 18 5
      vertex 7.07511 11.4309 5
    endloop
  endfacet
  facet normal 0 0 1
    outer loop
      vertex 18 -18 5
      vertex 7.08491 -11.4477 5
      vertex 7.09439 -11.4667 5
    endloop
  endfacet
  facet normal 0 0 1
    outer loop
      vertex 7.05452 11.3937 5
      vertex 18 18 5
      vertex 7.06498 11.4122 5
    endloop
  endfacet
  facet normal 0 0 1
    outer loop
      vertex 18 -18 5
      vertex 7.07511 -11.4289 5
      vertex 7.08491 -11.4477 5
    endloop
  endfacet
  facet normal 0 0 1
    outer loop
      vertex 7.04375 11.3755 5
      vertex 18 18 5
      vertex 7.05452 11.3937 5
    endloop
  endfacet
  facet normal 0 0 1
    outer loop
      vertex 18 -18 5
      vertex 7.06498 -11.4102 5
      vertex 7.07511 -11.4289 5
    endloop
  endfacet
  facet normal 0 0 1
    outer loop
      vertex 7.03266 11.3574 5
      vertex 18 18 5
      vertex 7.04375 11.3755 5
    endloop
  endfacet
  facet normal 0 0 1
    outer loop
      vertex 18 -18 5
      vertex 7.05452 -11.3917 5
      vertex 7.06498 -11.4102 5
    endloop
  endfacet
  facet normal 0 0 1
    outer loop
      vertex 7.02125 11.3394 5
      vertex 18 18 5
      vertex 7.03266 11.3574 5
    endloop
  endfacet
  facet normal 0 0 1
    outer loop
      vertex 18 -18 5
      vertex 7.04375 -11.3735 5
      vertex 7.05452 -11.3917 5
    endloop
  endfacet
  facet normal 0 0 1
    outer loop
      vertex 7.00953 11.3217 5
      vertex 18 18 5
      vertex 7.02125 11.3394 5
    endloop
  endfacet
  facet normal 0 0 1
    outer loop
      vertex 18 -18 5
      vertex 7.03266 -11.3554 5
      vertex 7.04375 -11.3735 5
    endloop
  endfacet
  facet normal 0 0 1
    outer loop
      vertex 6.9975 11.3042 5
      vertex 18 18 5
      vertex 7.00953 11.3217 5
    endloop
  endfacet
  facet normal 0 0 1
    outer loop
      vertex 18 -18 5
      vertex 7.02125 -11.3374 5
      vertex 7.03266 -11.3554 5
    endloop
  endfacet
  facet normal 0 0 1
    outer loop
      vertex 6.98517 11.287 5
      vertex 18 18 5
      vertex 6.9975 11.3042 5
    endloop
  endfacet
  facet normal 0 0 1
    outer loop
      vertex 18 -18 5
      vertex 7.00953 -11.3197 5
      vertex 7.02125 -11.3374 5
    endloop
  endfacet
  facet normal 0 0 1
    outer loop
      vertex 6.97254 11.2699 5
      vertex 18 18 5
      vertex 6.98517 11.287 5
    endloop
  endfacet
  facet normal 0 0 1
    outer loop
      vertex 18 -18 5
      vertex 6.9975 -11.3022 5
      vertex 7.00953 -11.3197 5
    endloop
  endfacet
  facet normal 0 0 1
    outer loop
      vertex 18 18 5
      vertex 6.97254 11.2699 5
      vertex 18 -18 5
    endloop
  endfacet
  facet normal 0 0 1
    outer loop
      vertex 18 -18 5
      vertex 6.98517 -11.285 5
      vertex 6.9975 -11.3022 5
    endloop
  endfacet
  facet normal -0 0 1
    outer loop
      vertex 6.97254 -11.2679 5
      vertex 18 -18 5
      vertex 6.97254 11.2699 5
    endloop
  endfacet
  facet normal 0 0 1
    outer loop
      vertex 18 -18 5
      vertex 6.97254 -11.2679 5
      vertex 6.98517 -11.285 5
    endloop
  endfacet
  facet normal -0 0 1
    outer loop
      vertex 6.95962 11.253 5
      vertex 6.97254 -11.2679 5
      vertex 6.97254 11.2699 5
    endloop
  endfacet
  facet normal 0 0 1
    outer loop
      vertex 6.95962 11.253 5
      vertex 6.95962 -11.251 5
      vertex 6.97254 -11.2679 5
    endloop
  endfacet
  facet normal -0 0 1
    outer loop
      vertex 6.9464 11.2364 5
      vertex 6.95962 -11.251 5
      vertex 6.95962 11.253 5
    endloop
  endfacet
  facet normal 0 0 1
    outer loop
      vertex 6.9464 11.2364 5
      vertex 6.9464 -11.2344 5
      vertex 6.95962 -11.251 5
    endloop
  endfacet
  facet normal -0 0 1
    outer loop
      vertex 6.9329 11.22 5
      vertex 6.9464 -11.2344 5
      vertex 6.9464 11.2364 5
    endloop
  endfacet
  facet normal 0 0 1
    outer loop
      vertex 6.9329 11.22 5
      vertex 6.9329 -11.218 5
      vertex 6.9464 -11.2344 5
    endloop
  endfacet
  facet normal -0 0 1
    outer loop
      vertex 6.91911 11.2039 5
      vertex 6.9329 -11.218 5
      vertex 6.9329 11.22 5
    endloop
  endfacet
  facet normal 0 0 1
    outer loop
      vertex 6.91911 11.2039 5
      vertex 6.91911 -11.2019 5
      vertex 6.9329 -11.218 5
    endloop
  endfacet
  facet normal -0 0 1
    outer loop
      vertex 6.90504 11.188 5
      vertex 6.91911 -11.2019 5
      vertex 6.91911 11.2039 5
    endloop
  endfacet
  facet normal 0 0 1
    outer loop
      vertex 6.90504 11.188 5
      vertex 6.90504 -11.186 5
      vertex 6.91911 -11.2019 5
    endloop
  endfacet
  facet normal -0 0 1
    outer loop
      vertex 6.8907 11.1723 5
      vertex 6.90504 -11.186 5
      vertex 6.90504 11.188 5
    endloop
  endfacet
  facet normal 0 0 1
    outer loop
      vertex 6.8907 11.1723 5
      vertex 6.8907 -11.1703 5
      vertex 6.90504 -11.186 5
    endloop
  endfacet
  facet normal -0 0 1
    outer loop
      vertex 6.87608 11.1569 5
      vertex 6.8907 -11.1703 5
      vertex 6.8907 11.1723 5
    endloop
  endfacet
  facet normal 0 0 1
    outer loop
      vertex 6.87608 11.1569 5
      vertex 6.87608 -11.1549 5
      vertex 6.8907 -11.1703 5
    endloop
  endfacet
  facet normal -0 0 1
    outer loop
      vertex 6.8612 11.1418 5
      vertex 6.87608 -11.1549 5
      vertex 6.87608 11.1569 5
    endloop
  endfacet
  facet normal 0 0 1
    outer loop
      vertex 6.8612 11.1418 5
      vertex 6.8612 -11.1398 5
      vertex 6.87608 -11.1549 5
    endloop
  endfacet
  facet normal -0 0 1
    outer loop
      vertex 6.84606 11.1269 5
      vertex 6.8612 -11.1398 5
      vertex 6.8612 11.1418 5
    endloop
  endfacet
  facet normal 0 0 1
    outer loop
      vertex 6.84606 11.1269 5
      vertex 6.84606 -11.1249 5
      vertex 6.8612 -11.1398 5
    endloop
  endfacet
  facet normal -0 0 1
    outer loop
      vertex 6.83065 11.1123 5
      vertex 6.84606 -11.1249 5
      vertex 6.84606 11.1269 5
    endloop
  endfacet
  facet normal 0 0 1
    outer loop
      vertex 6.83065 11.1123 5
      vertex 6.83065 -11.1103 5
      vertex 6.84606 -11.1249 5
    endloop
  endfacet
  facet normal -0 0 1
    outer loop
      vertex 6.815 11.098 5
      vertex 6.83065 -11.1103 5
      vertex 6.83065 11.1123 5
    endloop
  endfacet
  facet normal 0 0 1
    outer loop
      vertex 6.815 11.098 5
      vertex 6.815 -11.096 5
      vertex 6.83065 -11.1103 5
    endloop
  endfacet
  facet normal -0 0 1
    outer loop
      vertex 6.7991 11.0839 5
      vertex 6.815 -11.096 5
      vertex 6.815 11.098 5
    endloop
  endfacet
  facet normal 0 0 1
    outer loop
      vertex 6.7991 11.0839 5
      vertex 6.7991 -11.0819 5
      vertex 6.815 -11.096 5
    endloop
  endfacet
  facet normal -0 0 1
    outer loop
      vertex 6.78295 11.0701 5
      vertex 6.7991 -11.0819 5
      vertex 6.7991 11.0839 5
    endloop
  endfacet
  facet normal 0 0 1
    outer loop
      vertex 6.78295 11.0701 5
      vertex 6.78295 -11.0681 5
      vertex 6.7991 -11.0819 5
    endloop
  endfacet
  facet normal -0 0 1
    outer loop
      vertex 6.76657 11.0566 5
      vertex 6.78295 -11.0681 5
      vertex 6.78295 11.0701 5
    endloop
  endfacet
  facet normal 0 0 1
    outer loop
      vertex 6.76657 11.0566 5
      vertex 6.76657 -11.0546 5
      vertex 6.78295 -11.0681 5
    endloop
  endfacet
  facet normal -0 0 1
    outer loop
      vertex 6.74996 11.0434 5
      vertex 6.76657 -11.0546 5
      vertex 6.76657 11.0566 5
    endloop
  endfacet
  facet normal 0 0 1
    outer loop
      vertex 6.74996 11.0434 5
      vertex 6.74996 -11.0414 5
      vertex 6.76657 -11.0546 5
    endloop
  endfacet
  facet normal -0 0 1
    outer loop
      vertex 6.73311 11.0305 5
      vertex 6.74996 -11.0414 5
      vertex 6.74996 11.0434 5
    endloop
  endfacet
  facet normal 0 0 1
    outer loop
      vertex 6.73311 11.0305 5
      vertex 6.73311 -11.0285 5
      vertex 6.74996 -11.0414 5
    endloop
  endfacet
  facet normal -0 0 1
    outer loop
      vertex 6.71604 11.0178 5
      vertex 6.73311 -11.0285 5
      vertex 6.73311 11.0305 5
    endloop
  endfacet
  facet normal 0 0 1
    outer loop
      vertex 6.71604 11.0178 5
      vertex 6.71604 -11.0158 5
      vertex 6.73311 -11.0285 5
    endloop
  endfacet
  facet normal -0 0 1
    outer loop
      vertex 6.69876 11.0055 5
      vertex 6.71604 -11.0158 5
      vertex 6.71604 11.0178 5
    endloop
  endfacet
  facet normal 0 0 1
    outer loop
      vertex 6.69876 11.0055 5
      vertex 6.69876 -11.0035 5
      vertex 6.71604 -11.0158 5
    endloop
  endfacet
  facet normal -0 0 1
    outer loop
      vertex 6.68126 10.9935 5
      vertex 6.69876 -11.0035 5
      vertex 6.69876 11.0055 5
    endloop
  endfacet
  facet normal 0 0 1
    outer loop
      vertex 6.68126 10.9935 5
      vertex 6.68126 -10.9915 5
      vertex 6.69876 -11.0035 5
    endloop
  endfacet
  facet normal -0 0 1
    outer loop
      vertex 6.66356 10.9818 5
      vertex 6.68126 -10.9915 5
      vertex 6.68126 10.9935 5
    endloop
  endfacet
  facet normal 0 0 1
    outer loop
      vertex 6.66356 10.9818 5
      vertex 6.66356 -10.9798 5
      vertex 6.68126 -10.9915 5
    endloop
  endfacet
  facet normal -0 0 1
    outer loop
      vertex 6.64565 10.9703 5
      vertex 6.66356 -10.9798 5
      vertex 6.66356 10.9818 5
    endloop
  endfacet
  facet normal 0 0 1
    outer loop
      vertex 6.64565 10.9703 5
      vertex 6.64565 -10.9683 5
      vertex 6.66356 -10.9798 5
    endloop
  endfacet
  facet normal -0 0 1
    outer loop
      vertex 6.62755 10.9593 5
      vertex 6.64565 -10.9683 5
      vertex 6.64565 10.9703 5
    endloop
  endfacet
  facet normal 0 0 1
    outer loop
      vertex 6.62755 10.9593 5
      vertex 6.62755 -10.9573 5
      vertex 6.64565 -10.9683 5
    endloop
  endfacet
  facet normal -0 0 1
    outer loop
      vertex 6.60925 10.9485 5
      vertex 6.62755 -10.9573 5
      vertex 6.62755 10.9593 5
    endloop
  endfacet
  facet normal 0 0 1
    outer loop
      vertex 6.60925 10.9485 5
      vertex 6.60925 -10.9465 5
      vertex 6.62755 -10.9573 5
    endloop
  endfacet
  facet normal -0 0 1
    outer loop
      vertex 6.59077 10.938 5
      vertex 6.60925 -10.9465 5
      vertex 6.60925 10.9485 5
    endloop
  endfacet
  facet normal 0 0 1
    outer loop
      vertex 6.59077 10.938 5
      vertex 6.59077 -10.936 5
      vertex 6.60925 -10.9465 5
    endloop
  endfacet
  facet normal -0 0 1
    outer loop
      vertex 6.57211 10.9279 5
      vertex 6.59077 -10.936 5
      vertex 6.59077 10.938 5
    endloop
  endfacet
  facet normal 0 0 1
    outer loop
      vertex 6.57211 10.9279 5
      vertex 6.57211 -10.9259 5
      vertex 6.59077 -10.936 5
    endloop
  endfacet
  facet normal -0 0 1
    outer loop
      vertex 6.55328 10.9181 5
      vertex 6.57211 -10.9259 5
      vertex 6.57211 10.9279 5
    endloop
  endfacet
  facet normal 0 0 1
    outer loop
      vertex 6.55328 10.9181 5
      vertex 6.55328 -10.9161 5
      vertex 6.57211 -10.9259 5
    endloop
  endfacet
  facet normal -0 0 1
    outer loop
      vertex 6.53428 10.9086 5
      vertex 6.55328 -10.9161 5
      vertex 6.55328 10.9181 5
    endloop
  endfacet
  facet normal 0 0 1
    outer loop
      vertex 6.53428 10.9086 5
      vertex 6.53428 -10.9066 5
      vertex 6.55328 -10.9161 5
    endloop
  endfacet
  facet normal -0 0 1
    outer loop
      vertex 6.51512 10.8995 5
      vertex 6.53428 -10.9066 5
      vertex 6.53428 10.9086 5
    endloop
  endfacet
  facet normal 0 0 1
    outer loop
      vertex 6.51512 10.8995 5
      vertex 6.51512 -10.8975 5
      vertex 6.53428 -10.9066 5
    endloop
  endfacet
  facet normal -0 0 1
    outer loop
      vertex 6.4958 10.8907 5
      vertex 6.51512 -10.8975 5
      vertex 6.51512 10.8995 5
    endloop
  endfacet
  facet normal 0 0 1
    outer loop
      vertex 6.4958 10.8907 5
      vertex 6.4958 -10.8887 5
      vertex 6.51512 -10.8975 5
    endloop
  endfacet
  facet normal -0 0 1
    outer loop
      vertex 6.47633 10.8822 5
      vertex 6.4958 -10.8887 5
      vertex 6.4958 10.8907 5
    endloop
  endfacet
  facet normal 0 0 1
    outer loop
      vertex 6.47633 10.8822 5
      vertex 6.47633 -10.8802 5
      vertex 6.4958 -10.8887 5
    endloop
  endfacet
  facet normal -0 0 1
    outer loop
      vertex 6.45671 10.8741 5
      vertex 6.47633 -10.8802 5
      vertex 6.47633 10.8822 5
    endloop
  endfacet
  facet normal 0 0 1
    outer loop
      vertex 6.45671 10.8741 5
      vertex 6.45671 -10.8721 5
      vertex 6.47633 -10.8802 5
    endloop
  endfacet
  facet normal -0 0 1
    outer loop
      vertex 6.43696 10.8663 5
      vertex 6.45671 -10.8721 5
      vertex 6.45671 10.8741 5
    endloop
  endfacet
  facet normal 0 0 1
    outer loop
      vertex 6.43696 10.8663 5
      vertex 6.43696 -10.8643 5
      vertex 6.45671 -10.8721 5
    endloop
  endfacet
  facet normal -0 0 1
    outer loop
      vertex 6.41707 10.8589 5
      vertex 6.43696 -10.8643 5
      vertex 6.43696 10.8663 5
    endloop
  endfacet
  facet normal 0 0 1
    outer loop
      vertex 6.41707 10.8589 5
      vertex 6.41707 -10.8569 5
      vertex 6.43696 -10.8643 5
    endloop
  endfacet
  facet normal -0 0 1
    outer loop
      vertex 6.39706 10.8518 5
      vertex 6.41707 -10.8569 5
      vertex 6.41707 10.8589 5
    endloop
  endfacet
  facet normal 0 0 1
    outer loop
      vertex 6.39706 10.8518 5
      vertex 6.39706 -10.8498 5
      vertex 6.41707 -10.8569 5
    endloop
  endfacet
  facet normal -0 0 1
    outer loop
      vertex 6.37692 10.845 5
      vertex 6.39706 -10.8498 5
      vertex 6.39706 10.8518 5
    endloop
  endfacet
  facet normal 0 0 1
    outer loop
      vertex 6.37692 10.845 5
      vertex 6.37692 -10.843 5
      vertex 6.39706 -10.8498 5
    endloop
  endfacet
  facet normal -0 0 1
    outer loop
      vertex 6.35667 10.8386 5
      vertex 6.37692 -10.843 5
      vertex 6.37692 10.845 5
    endloop
  endfacet
  facet normal 0 0 1
    outer loop
      vertex 6.35667 10.8386 5
      vertex 6.35667 -10.8366 5
      vertex 6.37692 -10.843 5
    endloop
  endfacet
  facet normal -0 0 1
    outer loop
      vertex 6.33631 10.8326 5
      vertex 6.35667 -10.8366 5
      vertex 6.35667 10.8386 5
    endloop
  endfacet
  facet normal 0 0 1
    outer loop
      vertex 6.33631 10.8326 5
      vertex 6.33631 -10.8306 5
      vertex 6.35667 -10.8366 5
    endloop
  endfacet
  facet normal -0 0 1
    outer loop
      vertex 6.31585 10.8269 5
      vertex 6.33631 -10.8306 5
      vertex 6.33631 10.8326 5
    endloop
  endfacet
  facet normal 0 0 1
    outer loop
      vertex 6.31585 10.8269 5
      vertex 6.31585 -10.8249 5
      vertex 6.33631 -10.8306 5
    endloop
  endfacet
  facet normal -0 0 1
    outer loop
      vertex 6.2953 10.8216 5
      vertex 6.31585 -10.8249 5
      vertex 6.31585 10.8269 5
    endloop
  endfacet
  facet normal 0 0 1
    outer loop
      vertex 6.2953 10.8216 5
      vertex 6.2953 -10.8196 5
      vertex 6.31585 -10.8249 5
    endloop
  endfacet
  facet normal -0 0 1
    outer loop
      vertex 6.27465 10.8167 5
      vertex 6.2953 -10.8196 5
      vertex 6.2953 10.8216 5
    endloop
  endfacet
  facet normal 0 0 1
    outer loop
      vertex 6.27465 10.8167 5
      vertex 6.27465 -10.8147 5
      vertex 6.2953 -10.8196 5
    endloop
  endfacet
  facet normal -0 0 1
    outer loop
      vertex 6.25393 10.8121 5
      vertex 6.27465 -10.8147 5
      vertex 6.27465 10.8167 5
    endloop
  endfacet
  facet normal 0 0 1
    outer loop
      vertex 6.25393 10.8121 5
      vertex 6.25393 -10.8101 5
      vertex 6.27465 -10.8147 5
    endloop
  endfacet
  facet normal -0 0 1
    outer loop
      vertex 6.23312 10.8078 5
      vertex 6.25393 -10.8101 5
      vertex 6.25393 10.8121 5
    endloop
  endfacet
  facet normal 0 0 1
    outer loop
      vertex 6.23312 10.8078 5
      vertex 6.23312 -10.8058 5
      vertex 6.25393 -10.8101 5
    endloop
  endfacet
  facet normal -0 0 1
    outer loop
      vertex 6.21224 10.804 5
      vertex 6.23312 -10.8058 5
      vertex 6.23312 10.8078 5
    endloop
  endfacet
  facet normal 0 0 1
    outer loop
      vertex 6.21224 10.804 5
      vertex 6.21224 -10.802 5
      vertex 6.23312 -10.8058 5
    endloop
  endfacet
  facet normal -0 0 1
    outer loop
      vertex 6.1913 10.8005 5
      vertex 6.21224 -10.802 5
      vertex 6.21224 10.804 5
    endloop
  endfacet
  facet normal 0 0 1
    outer loop
      vertex 6.1913 10.8005 5
      vertex 6.1913 -10.7985 5
      vertex 6.21224 -10.802 5
    endloop
  endfacet
  facet normal -0 0 1
    outer loop
      vertex 6.1703 10.7973 5
      vertex 6.1913 -10.7985 5
      vertex 6.1913 10.8005 5
    endloop
  endfacet
  facet normal 0 0 1
    outer loop
      vertex 6.1703 10.7973 5
      vertex 6.1703 -10.7953 5
      vertex 6.1913 -10.7985 5
    endloop
  endfacet
  facet normal -0 0 1
    outer loop
      vertex 6.14925 10.7946 5
      vertex 6.1703 -10.7953 5
      vertex 6.1703 10.7973 5
    endloop
  endfacet
  facet normal 0 0 1
    outer loop
      vertex 6.14925 10.7946 5
      vertex 6.14925 -10.7926 5
      vertex 6.1703 -10.7953 5
    endloop
  endfacet
  facet normal -0 0 1
    outer loop
      vertex 6.12816 10.7922 5
      vertex 6.14925 -10.7926 5
      vertex 6.14925 10.7946 5
    endloop
  endfacet
  facet normal 0 0 1
    outer loop
      vertex 6.12816 10.7922 5
      vertex 6.12816 -10.7902 5
      vertex 6.14925 -10.7926 5
    endloop
  endfacet
  facet normal -0 0 1
    outer loop
      vertex 6.10702 10.7901 5
      vertex 6.12816 -10.7902 5
      vertex 6.12816 10.7922 5
    endloop
  endfacet
  facet normal 0 0 1
    outer loop
      vertex 6.10702 10.7901 5
      vertex 6.10702 -10.7881 5
      vertex 6.12816 -10.7902 5
    endloop
  endfacet
  facet normal -0 0 1
    outer loop
      vertex 6.08586 10.7885 5
      vertex 6.10702 -10.7881 5
      vertex 6.10702 10.7901 5
    endloop
  endfacet
  facet normal 0 0 1
    outer loop
      vertex 6.08586 10.7885 5
      vertex 6.08586 -10.7865 5
      vertex 6.10702 -10.7881 5
    endloop
  endfacet
  facet normal -0 0 1
    outer loop
      vertex 6.06467 10.7872 5
      vertex 6.08586 -10.7865 5
      vertex 6.08586 10.7885 5
    endloop
  endfacet
  facet normal 0 0 1
    outer loop
      vertex 6.06467 10.7872 5
      vertex 6.06467 -10.7852 5
      vertex 6.08586 -10.7865 5
    endloop
  endfacet
  facet normal -0 0 1
    outer loop
      vertex 6.04345 10.7862 5
      vertex 6.06467 -10.7852 5
      vertex 6.06467 10.7872 5
    endloop
  endfacet
  facet normal 0 0 1
    outer loop
      vertex 6.04345 10.7862 5
      vertex 6.04345 -10.7842 5
      vertex 6.06467 -10.7852 5
    endloop
  endfacet
  facet normal -0 0 1
    outer loop
      vertex 6.02223 10.7857 5
      vertex 6.04345 -10.7842 5
      vertex 6.04345 10.7862 5
    endloop
  endfacet
  facet normal 0 0 1
    outer loop
      vertex 6.02223 10.7857 5
      vertex 6.02223 -10.7837 5
      vertex 6.04345 -10.7842 5
    endloop
  endfacet
  facet normal -0 0 1
    outer loop
      vertex 6.001 10.7855 5
      vertex 6.02223 -10.7837 5
      vertex 6.02223 10.7857 5
    endloop
  endfacet
  facet normal 0 0 1
    outer loop
      vertex 6.001 10.7855 5
      vertex 6.001 -10.7835 5
      vertex 6.02223 -10.7837 5
    endloop
  endfacet
  facet normal 0 0 1
    outer loop
      vertex 5.97977 10.7857 5
      vertex 6.001 -10.7835 5
      vertex 6.001 10.7855 5
    endloop
  endfacet
  facet normal 0 0 1
    outer loop
      vertex 5.97977 10.7857 5
      vertex 5.97977 -10.7837 5
      vertex 6.001 -10.7835 5
    endloop
  endfacet
  facet normal 0 0 1
    outer loop
      vertex -4.78349 0.001 5
      vertex 5.97977 10.7857 5
      vertex 5.95855 10.7862 5
    endloop
  endfacet
  facet normal 0 0 1
    outer loop
      vertex 5.97977 10.7857 5
      vertex -4.78349 0.001 5
      vertex 5.97977 -10.7837 5
    endloop
  endfacet
  facet normal 0 0 1
    outer loop
      vertex -4.78349 0.001 5
      vertex 5.95855 10.7862 5
      vertex 5.93733 10.7872 5
    endloop
  endfacet
  facet normal -0 0 1
    outer loop
      vertex -4.78368 -0.0202307 5
      vertex 5.97977 -10.7837 5
      vertex -4.78349 0.001 5
    endloop
  endfacet
  facet normal 0 0 1
    outer loop
      vertex -4.78349 0.001 5
      vertex 5.93733 10.7872 5
      vertex 5.91614 10.7885 5
    endloop
  endfacet
  facet normal 0 0 1
    outer loop
      vertex 5.97977 -10.7837 5
      vertex -4.78368 -0.0202307 5
      vertex 5.95855 -10.7842 5
    endloop
  endfacet
  facet normal 0 0 1
    outer loop
      vertex -4.78349 0.001 5
      vertex 5.91614 10.7885 5
      vertex 5.89498 10.7901 5
    endloop
  endfacet
  facet normal -0 0 1
    outer loop
      vertex -4.78424 -0.0414547 5
      vertex 5.95855 -10.7842 5
      vertex -4.78368 -0.0202307 5
    endloop
  endfacet
  facet normal 0 0 1
    outer loop
      vertex -4.78349 0.001 5
      vertex 5.89498 10.7901 5
      vertex 5.87384 10.7922 5
    endloop
  endfacet
  facet normal 0 0 1
    outer loop
      vertex 5.95855 -10.7842 5
      vertex -4.78424 -0.0414547 5
      vertex 5.93733 -10.7852 5
    endloop
  endfacet
  facet normal 0 0 1
    outer loop
      vertex -4.78349 0.001 5
      vertex 5.87384 10.7922 5
      vertex 5.85275 10.7946 5
    endloop
  endfacet
  facet normal -0 0 1
    outer loop
      vertex -4.78516 -0.0626663 5
      vertex 5.93733 -10.7852 5
      vertex -4.78424 -0.0414547 5
    endloop
  endfacet
  facet normal 0 0 1
    outer loop
      vertex -4.78349 0.001 5
      vertex 5.85275 10.7946 5
      vertex 5.8317 10.7973 5
    endloop
  endfacet
  facet normal 0 0 1
    outer loop
      vertex 5.93733 -10.7852 5
      vertex -4.78516 -0.0626663 5
      vertex 5.91614 -10.7865 5
    endloop
  endfacet
  facet normal 0 0 1
    outer loop
      vertex -4.78349 0.001 5
      vertex 5.8317 10.7973 5
      vertex 5.8107 10.8005 5
    endloop
  endfacet
  facet normal -0 0 1
    outer loop
      vertex -4.78646 -0.0838589 5
      vertex 5.91614 -10.7865 5
      vertex -4.78516 -0.0626663 5
    endloop
  endfacet
  facet normal 0 0 1
    outer loop
      vertex -4.78349 0.001 5
      vertex 5.8107 10.8005 5
      vertex 5.78976 10.804 5
    endloop
  endfacet
  facet normal 0 0 1
    outer loop
      vertex 5.91614 -10.7865 5
      vertex -4.78646 -0.0838589 5
      vertex 5.89498 -10.7881 5
    endloop
  endfacet
  facet normal 0 0 1
    outer loop
      vertex -4.78349 0.001 5
      vertex 5.78976 10.804 5
      vertex 5.76888 10.8078 5
    endloop
  endfacet
  facet normal -0 0 1
    outer loop
      vertex -4.78812 -0.105025 5
      vertex 5.89498 -10.7881 5
      vertex -4.78646 -0.0838589 5
    endloop
  endfacet
  facet normal 0 0 1
    outer loop
      vertex -4.78349 0.001 5
      vertex 5.76888 10.8078 5
      vertex 5.74807 10.8121 5
    endloop
  endfacet
  facet normal 0 0 1
    outer loop
      vertex 5.89498 -10.7881 5
      vertex -4.78812 -0.105025 5
      vertex 5.87384 -10.7902 5
    endloop
  endfacet
  facet normal 0 0 1
    outer loop
      vertex -4.78349 0.001 5
      vertex 5.74807 10.8121 5
      vertex 5.72735 10.8167 5
    endloop
  endfacet
  facet normal -0 0 1
    outer loop
      vertex -4.79016 -0.126159 5
      vertex 5.87384 -10.7902 5
      vertex -4.78812 -0.105025 5
    endloop
  endfacet
  facet normal 0 0 1
    outer loop
      vertex -4.78349 0.001 5
      vertex 5.72735 10.8167 5
      vertex 5.7067 10.8216 5
    endloop
  endfacet
  facet normal 0 0 1
    outer loop
      vertex 5.87384 -10.7902 5
      vertex -4.79016 -0.126159 5
      vertex 5.85275 -10.7926 5
    endloop
  endfacet
  facet normal 0 0 1
    outer loop
      vertex -4.78349 0.001 5
      vertex 5.7067 10.8216 5
      vertex 5.68615 10.8269 5
    endloop
  endfacet
  facet normal -0 0 1
    outer loop
      vertex -4.79256 -0.147254 5
      vertex 5.85275 -10.7926 5
      vertex -4.79016 -0.126159 5
    endloop
  endfacet
  facet normal 0 0 1
    outer loop
      vertex -4.78349 0.001 5
      vertex 5.68615 10.8269 5
      vertex 5.66569 10.8326 5
    endloop
  endfacet
  facet normal 0 0 1
    outer loop
      vertex 5.85275 -10.7926 5
      vertex -4.79256 -0.147254 5
      vertex 5.8317 -10.7953 5
    endloop
  endfacet
  facet normal 0 0 1
    outer loop
      vertex -4.78349 0.001 5
      vertex 5.66569 10.8326 5
      vertex 5.64533 10.8386 5
    endloop
  endfacet
  facet normal -0 0 1
    outer loop
      vertex -4.79533 -0.168305 5
      vertex 5.8317 -10.7953 5
      vertex -4.79256 -0.147254 5
    endloop
  endfacet
  facet normal 0 0 1
    outer loop
      vertex -4.78349 0.001 5
      vertex 5.64533 10.8386 5
      vertex 5.62508 10.845 5
    endloop
  endfacet
  facet normal 0 0 1
    outer loop
      vertex 5.8317 -10.7953 5
      vertex -4.79533 -0.168305 5
      vertex 5.8107 -10.7985 5
    endloop
  endfacet
  facet normal 0 0 1
    outer loop
      vertex -4.78349 0.001 5
      vertex 5.62508 10.845 5
      vertex 5.60494 10.8518 5
    endloop
  endfacet
  facet normal -0 0 1
    outer loop
      vertex -4.79847 -0.189303 5
      vertex 5.8107 -10.7985 5
      vertex -4.79533 -0.168305 5
    endloop
  endfacet
  facet normal 0 0 1
    outer loop
      vertex -4.78349 0.001 5
      vertex 5.60494 10.8518 5
      vertex 5.58493 10.8589 5
    endloop
  endfacet
  facet normal 0 0 1
    outer loop
      vertex 5.8107 -10.7985 5
      vertex -4.79847 -0.189303 5
      vertex 5.78976 -10.802 5
    endloop
  endfacet
  facet normal 0 0 1
    outer loop
      vertex -4.78349 0.001 5
      vertex 5.58493 10.8589 5
      vertex 5.56504 10.8663 5
    endloop
  endfacet
  facet normal -0 0 1
    outer loop
      vertex -4.80198 -0.210244 5
      vertex 5.78976 -10.802 5
      vertex -4.79847 -0.189303 5
    endloop
  endfacet
  facet normal 0 0 1
    outer loop
      vertex -4.78349 0.001 5
      vertex 5.56504 10.8663 5
      vertex 5.54529 10.8741 5
    endloop
  endfacet
  facet normal 0 0 1
    outer loop
      vertex 5.78976 -10.802 5
      vertex -4.80198 -0.210244 5
      vertex 5.76888 -10.8058 5
    endloop
  endfacet
  facet normal 0 0 1
    outer loop
      vertex -4.78349 0.001 5
      vertex 5.54529 10.8741 5
      vertex 5.52567 10.8822 5
    endloop
  endfacet
  facet normal -0 0 1
    outer loop
      vertex -4.80584 -0.23112 5
      vertex 5.76888 -10.8058 5
      vertex -4.80198 -0.210244 5
    endloop
  endfacet
  facet normal 0 0 1
    outer loop
      vertex -4.78349 0.001 5
      vertex 5.52567 10.8822 5
      vertex 5.5062 10.8907 5
    endloop
  endfacet
  facet normal 0 0 1
    outer loop
      vertex 5.76888 -10.8058 5
      vertex -4.80584 -0.23112 5
      vertex 5.74807 -10.8101 5
    endloop
  endfacet
  facet normal 0 0 1
    outer loop
      vertex -4.78349 0.001 5
      vertex 5.5062 10.8907 5
      vertex 5.48688 10.8995 5
    endloop
  endfacet
  facet normal -0 0 1
    outer loop
      vertex -4.81008 -0.251926 5
      vertex 5.74807 -10.8101 5
      vertex -4.80584 -0.23112 5
    endloop
  endfacet
  facet normal 0 0 1
    outer loop
      vertex -4.78349 0.001 5
      vertex 5.48688 10.8995 5
      vertex 5.46772 10.9086 5
    endloop
  endfacet
  facet normal 0 0 1
    outer loop
      vertex 5.74807 -10.8101 5
      vertex -4.81008 -0.251926 5
      vertex 5.72735 -10.8147 5
    endloop
  endfacet
  facet normal 0 0 1
    outer loop
      vertex -4.78349 0.001 5
      vertex 5.46772 10.9086 5
      vertex 5.44872 10.9181 5
    endloop
  endfacet
  facet normal -0 0 1
    outer loop
      vertex -4.81467 -0.272654 5
      vertex 5.72735 -10.8147 5
      vertex -4.81008 -0.251926 5
    endloop
  endfacet
  facet normal 0 0 1
    outer loop
      vertex -4.78349 0.001 5
      vertex 5.44872 10.9181 5
      vertex 5.42989 10.9279 5
    endloop
  endfacet
  facet normal 0 0 1
    outer loop
      vertex 5.72735 -10.8147 5
      vertex -4.81467 -0.272654 5
      vertex 5.7067 -10.8196 5
    endloop
  endfacet
  facet normal 0 0 1
    outer loop
      vertex -4.78349 0.001 5
      vertex 5.42989 10.9279 5
      vertex 5.41123 10.938 5
    endloop
  endfacet
  facet normal -0 0 1
    outer loop
      vertex -4.81963 -0.293299 5
      vertex 5.7067 -10.8196 5
      vertex -4.81467 -0.272654 5
    endloop
  endfacet
  facet normal 0 0 1
    outer loop
      vertex -4.78349 0.001 5
      vertex 5.41123 10.938 5
      vertex 5.39275 10.9485 5
    endloop
  endfacet
  facet normal 0 0 1
    outer loop
      vertex 5.7067 -10.8196 5
      vertex -4.81963 -0.293299 5
      vertex 5.68615 -10.8249 5
    endloop
  endfacet
  facet normal 0 0 1
    outer loop
      vertex -4.78349 0.001 5
      vertex 5.39275 10.9485 5
      vertex 5.37445 10.9593 5
    endloop
  endfacet
  facet normal -0 0 1
    outer loop
      vertex -4.82495 -0.313855 5
      vertex 5.68615 -10.8249 5
      vertex -4.81963 -0.293299 5
    endloop
  endfacet
  facet normal 0 0 1
    outer loop
      vertex -4.78349 0.001 5
      vertex 5.37445 10.9593 5
      vertex 5.35635 10.9703 5
    endloop
  endfacet
  facet normal 0 0 1
    outer loop
      vertex 5.68615 -10.8249 5
      vertex -4.82495 -0.313855 5
      vertex 5.66569 -10.8306 5
    endloop
  endfacet
  facet normal 0 0 1
    outer loop
      vertex -4.78349 0.001 5
      vertex 5.35635 10.9703 5
      vertex 5.33844 10.9818 5
    endloop
  endfacet
  facet normal -0 0 1
    outer loop
      vertex -4.83062 -0.334314 5
      vertex 5.66569 -10.8306 5
      vertex -4.82495 -0.313855 5
    endloop
  endfacet
  facet normal 0 0 1
    outer loop
      vertex -4.78349 0.001 5
      vertex 5.33844 10.9818 5
      vertex 5.32074 10.9935 5
    endloop
  endfacet
  facet normal 0 0 1
    outer loop
      vertex 5.66569 -10.8306 5
      vertex -4.83062 -0.334314 5
      vertex 5.64533 -10.8366 5
    endloop
  endfacet
  facet normal 0 0 1
    outer loop
      vertex -4.78349 0.001 5
      vertex 5.32074 10.9935 5
      vertex 5.30324 11.0055 5
    endloop
  endfacet
  facet normal -0 0 1
    outer loop
      vertex -4.83665 -0.354672 5
      vertex 5.64533 -10.8366 5
      vertex -4.83062 -0.334314 5
    endloop
  endfacet
  facet normal 0 0 1
    outer loop
      vertex -4.78349 0.001 5
      vertex 5.30324 11.0055 5
      vertex 5.28596 11.0178 5
    endloop
  endfacet
  facet normal 0 0 1
    outer loop
      vertex 5.64533 -10.8366 5
      vertex -4.83665 -0.354672 5
      vertex 5.62508 -10.843 5
    endloop
  endfacet
  facet normal 0 0 1
    outer loop
      vertex -4.78349 0.001 5
      vertex 5.28596 11.0178 5
      vertex 5.26889 11.0305 5
    endloop
  endfacet
  facet normal -0 0 1
    outer loop
      vertex -4.84303 -0.37492 5
      vertex 5.62508 -10.843 5
      vertex -4.83665 -0.354672 5
    endloop
  endfacet
  facet normal 0 0 1
    outer loop
      vertex -4.78349 0.001 5
      vertex 5.26889 11.0305 5
      vertex 5.25204 11.0434 5
    endloop
  endfacet
  facet normal 0 0 1
    outer loop
      vertex 5.62508 -10.843 5
      vertex -4.84303 -0.37492 5
      vertex 5.60494 -10.8498 5
    endloop
  endfacet
  facet normal 0 0 1
    outer loop
      vertex -4.78349 0.001 5
      vertex 5.25204 11.0434 5
      vertex 5.23543 11.0566 5
    endloop
  endfacet
  facet normal -0 0 1
    outer loop
      vertex -4.84977 -0.395055 5
      vertex 5.60494 -10.8498 5
      vertex -4.84303 -0.37492 5
    endloop
  endfacet
  facet normal 0 0 1
    outer loop
      vertex -4.78349 0.001 5
      vertex 5.23543 11.0566 5
      vertex 5.21905 11.0701 5
    endloop
  endfacet
  facet normal 0 0 1
    outer loop
      vertex 5.60494 -10.8498 5
      vertex -4.84977 -0.395055 5
      vertex 5.58493 -10.8569 5
    endloop
  endfacet
  facet normal 0 0 1
    outer loop
      vertex -4.78349 0.001 5
      vertex 5.21905 11.0701 5
      vertex 5.2029 11.0839 5
    endloop
  endfacet
  facet normal -0 0 1
    outer loop
      vertex -4.85686 -0.415069 5
      vertex 5.58493 -10.8569 5
      vertex -4.84977 -0.395055 5
    endloop
  endfacet
  facet normal 0 0 1
    outer loop
      vertex -4.78349 0.001 5
      vertex 5.2029 11.0839 5
      vertex 5.187 11.098 5
    endloop
  endfacet
  facet normal 0 0 1
    outer loop
      vertex 5.58493 -10.8569 5
      vertex -4.85686 -0.415069 5
      vertex 5.56504 -10.8643 5
    endloop
  endfacet
  facet normal 0 0 1
    outer loop
      vertex -4.78349 0.001 5
      vertex 5.187 11.098 5
      vertex 5.17135 11.1123 5
    endloop
  endfacet
  facet normal -0 0 1
    outer loop
      vertex -4.86429 -0.434956 5
      vertex 5.56504 -10.8643 5
      vertex -4.85686 -0.415069 5
    endloop
  endfacet
  facet normal 0 0 1
    outer loop
      vertex -4.78349 0.001 5
      vertex 5.17135 11.1123 5
      vertex 5.15594 11.1269 5
    endloop
  endfacet
  facet normal 0 0 1
    outer loop
      vertex 5.56504 -10.8643 5
      vertex -4.86429 -0.434956 5
      vertex 5.54529 -10.8721 5
    endloop
  endfacet
  facet normal 0 0 1
    outer loop
      vertex -4.78349 0.001 5
      vertex 5.15594 11.1269 5
      vertex 5.1408 11.1418 5
    endloop
  endfacet
  facet normal -0 0 1
    outer loop
      vertex -4.87208 -0.45471 5
      vertex 5.54529 -10.8721 5
      vertex -4.86429 -0.434956 5
    endloop
  endfacet
  facet normal 0 0 1
    outer loop
      vertex -4.78349 0.001 5
      vertex 5.1408 11.1418 5
      vertex 5.12592 11.1569 5
    endloop
  endfacet
  facet normal 0 0 1
    outer loop
      vertex 5.54529 -10.8721 5
      vertex -4.87208 -0.45471 5
      vertex 5.52567 -10.8802 5
    endloop
  endfacet
  facet normal 0 0 1
    outer loop
      vertex -4.78349 0.001 5
      vertex 5.12592 11.1569 5
      vertex 5.1113 11.1723 5
    endloop
  endfacet
  facet normal -0 0 1
    outer loop
      vertex -4.8802 -0.474327 5
      vertex 5.52567 -10.8802 5
      vertex -4.87208 -0.45471 5
    endloop
  endfacet
  facet normal 0 0 1
    outer loop
      vertex 4.86529 11.566 5
      vertex -4.86429 11.566 5
      vertex 4.87308 11.5463 5
    endloop
  endfacet
  facet normal 0 0 1
    outer loop
      vertex 5.52567 -10.8802 5
      vertex -4.8802 -0.474327 5
      vertex 5.5062 -10.8887 5
    endloop
  endfacet
  facet normal 0 0 1
    outer loop
      vertex -4.86429 11.566 5
      vertex 4.86529 11.566 5
      vertex -4.85686 11.5859 5
    endloop
  endfacet
  facet normal -0 0 1
    outer loop
      vertex -4.88867 -0.493798 5
      vertex 5.5062 -10.8887 5
      vertex -4.8802 -0.474327 5
    endloop
  endfacet
  facet normal 0 0 1
    outer loop
      vertex 4.85786 11.5859 5
      vertex -4.85686 11.5859 5
      vertex 4.86529 11.566 5
    endloop
  endfacet
  facet normal 0 0 1
    outer loop
      vertex 5.5062 -10.8887 5
      vertex -4.88867 -0.493798 5
      vertex 5.48688 -10.8975 5
    endloop
  endfacet
  facet normal 0 0 1
    outer loop
      vertex -4.85686 11.5859 5
      vertex 4.85786 11.5859 5
      vertex -4.84977 11.6059 5
    endloop
  endfacet
  facet normal -0 0 1
    outer loop
      vertex -4.89747 -0.513117 5
      vertex 5.48688 -10.8975 5
      vertex -4.88867 -0.493798 5
    endloop
  endfacet
  facet normal 0 0 1
    outer loop
      vertex 4.85077 11.6059 5
      vertex -4.84977 11.6059 5
      vertex 4.85786 11.5859 5
    endloop
  endfacet
  facet normal 0 0 1
    outer loop
      vertex 5.48688 -10.8975 5
      vertex -4.89747 -0.513117 5
      vertex 5.46772 -10.9066 5
    endloop
  endfacet
  facet normal 0 0 1
    outer loop
      vertex -4.84977 11.6059 5
      vertex 4.85077 11.6059 5
      vertex -4.84303 11.6261 5
    endloop
  endfacet
  facet normal -0 0 1
    outer loop
      vertex -4.90661 -0.53228 5
      vertex 5.46772 -10.9066 5
      vertex -4.89747 -0.513117 5
    endloop
  endfacet
  facet normal 0 0 1
    outer loop
      vertex 4.84403 11.6261 5
      vertex -4.84303 11.6261 5
      vertex 4.85077 11.6059 5
    endloop
  endfacet
  facet normal 0 0 1
    outer loop
      vertex 5.46772 -10.9066 5
      vertex -4.90661 -0.53228 5
      vertex 5.44872 -10.9161 5
    endloop
  endfacet
  facet normal 0 0 1
    outer loop
      vertex -4.84303 11.6261 5
      vertex 4.84403 11.6261 5
      vertex -4.83665 11.6463 5
    endloop
  endfacet
  facet normal -0 0 1
    outer loop
      vertex -4.91609 -0.551281 5
      vertex 5.44872 -10.9161 5
      vertex -4.90661 -0.53228 5
    endloop
  endfacet
  facet normal 0 0 1
    outer loop
      vertex 4.83765 11.6463 5
      vertex -4.83665 11.6463 5
      vertex 4.84403 11.6261 5
    endloop
  endfacet
  facet normal 0 0 1
    outer loop
      vertex 5.44872 -10.9161 5
      vertex -4.91609 -0.551281 5
      vertex 5.42989 -10.9259 5
    endloop
  endfacet
  facet normal 0 0 1
    outer loop
      vertex -4.83665 11.6463 5
      vertex 4.83765 11.6463 5
      vertex -4.83062 11.6667 5
    endloop
  endfacet
  facet normal -0 0 1
    outer loop
      vertex -4.92589 -0.570115 5
      vertex 5.42989 -10.9259 5
      vertex -4.91609 -0.551281 5
    endloop
  endfacet
  facet normal 0 0 1
    outer loop
      vertex 4.83162 11.6667 5
      vertex -4.83062 11.6667 5
      vertex 4.83765 11.6463 5
    endloop
  endfacet
  facet normal 0 0 1
    outer loop
      vertex 5.42989 -10.9259 5
      vertex -4.92589 -0.570115 5
      vertex 5.41123 -10.936 5
    endloop
  endfacet
  facet normal 0 0 1
    outer loop
      vertex -4.83062 11.6667 5
      vertex 4.83162 11.6667 5
      vertex -4.82495 11.6871 5
    endloop
  endfacet
  facet normal -0 0 1
    outer loop
      vertex -4.93602 -0.588773 5
      vertex 5.41123 -10.936 5
      vertex -4.92589 -0.570115 5
    endloop
  endfacet
  facet normal 0 0 1
    outer loop
      vertex 4.82595 11.6871 5
      vertex -4.82495 11.6871 5
      vertex 4.83162 11.6667 5
    endloop
  endfacet
  facet normal 0 0 1
    outer loop
      vertex 5.41123 -10.936 5
      vertex -4.93602 -0.588773 5
      vertex 5.39275 -10.9465 5
    endloop
  endfacet
  facet normal 0 0 1
    outer loop
      vertex -4.82495 11.6871 5
      vertex 4.82595 11.6871 5
      vertex -4.81963 11.7077 5
    endloop
  endfacet
  facet normal -0 0 1
    outer loop
      vertex -4.94648 -0.607253 5
      vertex 5.39275 -10.9465 5
      vertex -4.93602 -0.588773 5
    endloop
  endfacet
  facet normal 0 0 1
    outer loop
      vertex 4.82063 11.7077 5
      vertex -4.81963 11.7077 5
      vertex 4.82595 11.6871 5
    endloop
  endfacet
  facet normal 0 0 1
    outer loop
      vertex 5.39275 -10.9465 5
      vertex -4.94648 -0.607253 5
      vertex 5.37445 -10.9573 5
    endloop
  endfacet
  facet normal 0 0 1
    outer loop
      vertex -4.81963 11.7077 5
      vertex 4.82063 11.7077 5
      vertex -4.81467 11.7283 5
    endloop
  endfacet
  facet normal -0 0 1
    outer loop
      vertex -4.95725 -0.625547 5
      vertex 5.37445 -10.9573 5
      vertex -4.94648 -0.607253 5
    endloop
  endfacet
  facet normal 0 0 1
    outer loop
      vertex 4.81567 11.7283 5
      vertex -4.81467 11.7283 5
      vertex 4.82063 11.7077 5
    endloop
  endfacet
  facet normal 0 0 1
    outer loop
      vertex 5.37445 -10.9573 5
      vertex -4.95725 -0.625547 5
      vertex 5.35635 -10.9683 5
    endloop
  endfacet
  facet normal 0 0 1
    outer loop
      vertex -4.81467 11.7283 5
      vertex 4.81567 11.7283 5
      vertex -4.81008 11.7491 5
    endloop
  endfacet
  facet normal -0 0 1
    outer loop
      vertex -4.96834 -0.64365 5
      vertex 5.35635 -10.9683 5
      vertex -4.95725 -0.625547 5
    endloop
  endfacet
  facet normal 0 0 1
    outer loop
      vertex 4.81108 11.7491 5
      vertex -4.81008 11.7491 5
      vertex 4.81567 11.7283 5
    endloop
  endfacet
  facet normal 0 0 1
    outer loop
      vertex 5.35635 -10.9683 5
      vertex -4.96834 -0.64365 5
      vertex 5.33844 -10.9798 5
    endloop
  endfacet
  facet normal 0 0 1
    outer loop
      vertex -4.81008 11.7491 5
      vertex 4.81108 11.7491 5
      vertex -4.80584 11.7699 5
    endloop
  endfacet
  facet normal -0 0 1
    outer loop
      vertex -4.97975 -0.661557 5
      vertex 5.33844 -10.9798 5
      vertex -4.96834 -0.64365 5
    endloop
  endfacet
  facet normal 0 0 1
    outer loop
      vertex 4.80684 11.7699 5
      vertex -4.80584 11.7699 5
      vertex 4.81108 11.7491 5
    endloop
  endfacet
  facet normal 0 0 1
    outer loop
      vertex 5.33844 -10.9798 5
      vertex -4.97975 -0.661557 5
      vertex 5.32074 -10.9915 5
    endloop
  endfacet
  facet normal 0 0 1
    outer loop
      vertex -4.80584 11.7699 5
      vertex 4.80684 11.7699 5
      vertex -4.80198 11.7908 5
    endloop
  endfacet
  facet normal -0 0 1
    outer loop
      vertex -4.99147 -0.679262 5
      vertex 5.32074 -10.9915 5
      vertex -4.97975 -0.661557 5
    endloop
  endfacet
  facet normal 0 0 1
    outer loop
      vertex 4.80298 11.7908 5
      vertex -4.80198 11.7908 5
      vertex 4.80684 11.7699 5
    endloop
  endfacet
  facet normal 0 0 1
    outer loop
      vertex 5.32074 -10.9915 5
      vertex -4.99147 -0.679262 5
      vertex 5.30324 -11.0035 5
    endloop
  endfacet
  facet normal 0 0 1
    outer loop
      vertex -4.80198 11.7908 5
      vertex 4.80298 11.7908 5
      vertex -4.79847 11.8117 5
    endloop
  endfacet
  facet normal -0 0 1
    outer loop
      vertex -5.0035 -0.696759 5
      vertex 5.30324 -11.0035 5
      vertex -4.99147 -0.679262 5
    endloop
  endfacet
  facet normal 0 0 1
    outer loop
      vertex 4.79947 11.8117 5
      vertex -4.79847 11.8117 5
      vertex 4.80298 11.7908 5
    endloop
  endfacet
  facet normal 0 0 1
    outer loop
      vertex 5.30324 -11.0035 5
      vertex -5.0035 -0.696759 5
      vertex 5.28596 -11.0158 5
    endloop
  endfacet
  facet normal 0 0 1
    outer loop
      vertex -4.79847 11.8117 5
      vertex 4.79947 11.8117 5
      vertex -4.79533 11.8327 5
    endloop
  endfacet
  facet normal -0 0 1
    outer loop
      vertex -5.01583 -0.714044 5
      vertex 5.28596 -11.0158 5
      vertex -5.0035 -0.696759 5
    endloop
  endfacet
  facet normal 0 0 1
    outer loop
      vertex 4.79633 11.8327 5
      vertex -4.79533 11.8327 5
      vertex 4.79947 11.8117 5
    endloop
  endfacet
  facet normal 0 0 1
    outer loop
      vertex 5.28596 -11.0158 5
      vertex -5.01583 -0.714044 5
      vertex 5.26889 -11.0285 5
    endloop
  endfacet
  facet normal 0 0 1
    outer loop
      vertex -4.79533 11.8327 5
      vertex 4.79633 11.8327 5
      vertex -4.79256 11.8537 5
    endloop
  endfacet
  facet normal -0 0 1
    outer loop
      vertex -5.02846 -0.731111 5
      vertex 5.26889 -11.0285 5
      vertex -5.01583 -0.714044 5
    endloop
  endfacet
  facet normal 0 0 1
    outer loop
      vertex 4.79356 11.8537 5
      vertex -4.79256 11.8537 5
      vertex 4.79633 11.8327 5
    endloop
  endfacet
  facet normal 0 0 1
    outer loop
      vertex 5.26889 -11.0285 5
      vertex -5.02846 -0.731111 5
      vertex 5.25204 -11.0414 5
    endloop
  endfacet
  facet normal 0 0 1
    outer loop
      vertex -4.79256 11.8537 5
      vertex 4.79356 11.8537 5
      vertex -4.79016 11.8748 5
    endloop
  endfacet
  facet normal -0 0 1
    outer loop
      vertex -5.04138 -0.747956 5
      vertex 5.25204 -11.0414 5
      vertex -5.02846 -0.731111 5
    endloop
  endfacet
  facet normal 0 0 1
    outer loop
      vertex 4.79116 11.8748 5
      vertex -4.79016 11.8748 5
      vertex 4.79356 11.8537 5
    endloop
  endfacet
  facet normal 0 0 1
    outer loop
      vertex 5.25204 -11.0414 5
      vertex -5.04138 -0.747956 5
      vertex 5.23543 -11.0546 5
    endloop
  endfacet
  facet normal 0 0 1
    outer loop
      vertex -4.79016 11.8748 5
      vertex 4.79116 11.8748 5
      vertex -4.78812 11.896 5
    endloop
  endfacet
  facet normal -0 0 1
    outer loop
      vertex -5.0546 -0.764572 5
      vertex 5.23543 -11.0546 5
      vertex -5.04138 -0.747956 5
    endloop
  endfacet
  facet normal 0 0 1
    outer loop
      vertex 4.78912 11.896 5
      vertex -4.78812 11.896 5
      vertex 4.79116 11.8748 5
    endloop
  endfacet
  facet normal 0 0 1
    outer loop
      vertex 5.23543 -11.0546 5
      vertex -5.0546 -0.764572 5
      vertex 5.21905 -11.0681 5
    endloop
  endfacet
  facet normal 0 0 1
    outer loop
      vertex -4.78812 11.896 5
      vertex 4.78912 11.896 5
      vertex -4.78646 11.9171 5
    endloop
  endfacet
  facet normal -0 0 1
    outer loop
      vertex -5.0681 -0.780955 5
      vertex 5.21905 -11.0681 5
      vertex -5.0546 -0.764572 5
    endloop
  endfacet
  facet normal 0 0 1
    outer loop
      vertex 4.78746 11.9171 5
      vertex -4.78646 11.9171 5
      vertex 4.78912 11.896 5
    endloop
  endfacet
  facet normal 0 0 1
    outer loop
      vertex 5.21905 -11.0681 5
      vertex -5.0681 -0.780955 5
      vertex 5.2029 -11.0819 5
    endloop
  endfacet
  facet normal 0 0 1
    outer loop
      vertex -4.78646 11.9171 5
      vertex 4.78746 11.9171 5
      vertex -4.78516 11.9383 5
    endloop
  endfacet
  facet normal -0 0 1
    outer loop
      vertex -5.08189 -0.7971 5
      vertex 5.2029 -11.0819 5
      vertex -5.0681 -0.780955 5
    endloop
  endfacet
  facet normal 0 0 1
    outer loop
      vertex 4.78616 11.9383 5
      vertex -4.78516 11.9383 5
      vertex 4.78746 11.9171 5
    endloop
  endfacet
  facet normal 0 0 1
    outer loop
      vertex 5.2029 -11.0819 5
      vertex -5.08189 -0.7971 5
      vertex 5.187 -11.096 5
    endloop
  endfacet
  facet normal 0 0 1
    outer loop
      vertex -4.78516 11.9383 5
      vertex 4.78616 11.9383 5
      vertex -4.78424 11.9595 5
    endloop
  endfacet
  facet normal -0 0 1
    outer loop
      vertex -5.09596 -0.813001 5
      vertex 5.187 -11.096 5
      vertex -5.08189 -0.7971 5
    endloop
  endfacet
  facet normal 0 0 1
    outer loop
      vertex 4.78523 11.9595 5
      vertex -4.78424 11.9595 5
      vertex 4.78616 11.9383 5
    endloop
  endfacet
  facet normal 0 0 1
    outer loop
      vertex 5.187 -11.096 5
      vertex -5.09596 -0.813001 5
      vertex 5.17135 -11.1103 5
    endloop
  endfacet
  facet normal 0 0 1
    outer loop
      vertex -4.78424 11.9595 5
      vertex 4.78523 11.9595 5
      vertex -4.78368 11.9808 5
    endloop
  endfacet
  facet normal -0 0 1
    outer loop
      vertex -5.1103 -0.828655 5
      vertex 5.17135 -11.1103 5
      vertex -5.09596 -0.813001 5
    endloop
  endfacet
  facet normal 0 0 1
    outer loop
      vertex 4.78468 11.9808 5
      vertex -4.78368 11.9808 5
      vertex 4.78523 11.9595 5
    endloop
  endfacet
  facet normal 0 0 1
    outer loop
      vertex 5.17135 -11.1103 5
      vertex -5.1103 -0.828655 5
      vertex 5.15594 -11.1249 5
    endloop
  endfacet
  facet normal 0 0 1
    outer loop
      vertex -4.78368 11.9808 5
      vertex 4.78468 11.9808 5
      vertex -4.78349 12.002 5
    endloop
  endfacet
  facet normal -0 0 1
    outer loop
      vertex -5.12492 -0.844056 5
      vertex 5.15594 -11.1249 5
      vertex -5.1103 -0.828655 5
    endloop
  endfacet
  facet normal -0 0 1
    outer loop
      vertex -4.78349 12.002 5
      vertex 4.78468 11.9808 5
      vertex 4.78449 12.002 5
    endloop
  endfacet
  facet normal 0 0 1
    outer loop
      vertex 5.15594 -11.1249 5
      vertex -5.12492 -0.844056 5
      vertex 5.1408 -11.1398 5
    endloop
  endfacet
  facet normal 0 0 1
    outer loop
      vertex 7.21732 11.9808 5
      vertex 18 18 5
      vertex 7.21751 12.002 5
    endloop
  endfacet
  facet normal 0 0 1
    outer loop
      vertex 18 18 5
      vertex 7.21732 12.0232 5
      vertex 7.21751 12.002 5
    endloop
  endfacet
  facet normal 0 0 1
    outer loop
      vertex 18 18 5
      vertex 7.21676 12.0445 5
      vertex 7.21732 12.0232 5
    endloop
  endfacet
  facet normal 0 0 1
    outer loop
      vertex 18 18 5
      vertex 7.21584 12.0657 5
      vertex 7.21676 12.0445 5
    endloop
  endfacet
  facet normal 0 0 1
    outer loop
      vertex 18 18 5
      vertex 7.21454 12.0869 5
      vertex 7.21584 12.0657 5
    endloop
  endfacet
  facet normal 0 0 1
    outer loop
      vertex 18 18 5
      vertex 7.21288 12.108 5
      vertex 7.21454 12.0869 5
    endloop
  endfacet
  facet normal 0 0 1
    outer loop
      vertex 18 18 5
      vertex 7.21084 12.1292 5
      vertex 7.21288 12.108 5
    endloop
  endfacet
  facet normal 0 0 1
    outer loop
      vertex 18 18 5
      vertex 7.20844 12.1503 5
      vertex 7.21084 12.1292 5
    endloop
  endfacet
  facet normal 0 0 1
    outer loop
      vertex 18 18 5
      vertex 7.20567 12.1713 5
      vertex 7.20844 12.1503 5
    endloop
  endfacet
  facet normal 0 0 1
    outer loop
      vertex 18 18 5
      vertex 7.20253 12.1923 5
      vertex 7.20567 12.1713 5
    endloop
  endfacet
  facet normal 0 0 1
    outer loop
      vertex 18 18 5
      vertex 7.19902 12.2132 5
      vertex 7.20253 12.1923 5
    endloop
  endfacet
  facet normal 0 0 1
    outer loop
      vertex 18 18 5
      vertex 7.19516 12.2341 5
      vertex 7.19902 12.2132 5
    endloop
  endfacet
  facet normal 0 0 1
    outer loop
      vertex 18 18 5
      vertex 7.19092 12.2549 5
      vertex 7.19516 12.2341 5
    endloop
  endfacet
  facet normal 0 0 1
    outer loop
      vertex 18 18 5
      vertex 7.18633 12.2757 5
      vertex 7.19092 12.2549 5
    endloop
  endfacet
  facet normal 0 0 1
    outer loop
      vertex 18 18 5
      vertex 7.18137 12.2963 5
      vertex 7.18633 12.2757 5
    endloop
  endfacet
  facet normal 0 0 1
    outer loop
      vertex 18 18 5
      vertex 7.17605 12.3169 5
      vertex 7.18137 12.2963 5
    endloop
  endfacet
  facet normal 0 0 1
    outer loop
      vertex 18 18 5
      vertex 7.17038 12.3373 5
      vertex 7.17605 12.3169 5
    endloop
  endfacet
  facet normal 0 0 1
    outer loop
      vertex 18 18 5
      vertex 7.16435 12.3577 5
      vertex 7.17038 12.3373 5
    endloop
  endfacet
  facet normal 0 0 1
    outer loop
      vertex 18 18 5
      vertex 7.15797 12.3779 5
      vertex 7.16435 12.3577 5
    endloop
  endfacet
  facet normal 0 0 1
    outer loop
      vertex 18 18 5
      vertex 7.15123 12.3981 5
      vertex 7.15797 12.3779 5
    endloop
  endfacet
  facet normal 0 0 1
    outer loop
      vertex 18 18 5
      vertex 7.14414 12.4181 5
      vertex 7.15123 12.3981 5
    endloop
  endfacet
  facet normal 0 0 1
    outer loop
      vertex 18 18 5
      vertex 7.13671 12.438 5
      vertex 7.14414 12.4181 5
    endloop
  endfacet
  facet normal 0 0 1
    outer loop
      vertex 18 18 5
      vertex 7.12892 12.4577 5
      vertex 7.13671 12.438 5
    endloop
  endfacet
  facet normal 0 0 1
    outer loop
      vertex 18 18 5
      vertex 7.1208 12.4773 5
      vertex 7.12892 12.4577 5
    endloop
  endfacet
  facet normal 0 0 1
    outer loop
      vertex 18 18 5
      vertex 7.11233 12.4968 5
      vertex 7.1208 12.4773 5
    endloop
  endfacet
  facet normal 0 0 1
    outer loop
      vertex 18 18 5
      vertex 7.10353 12.5161 5
      vertex 7.11233 12.4968 5
    endloop
  endfacet
  facet normal 0 0 1
    outer loop
      vertex 18 18 5
      vertex 7.09439 12.5353 5
      vertex 7.10353 12.5161 5
    endloop
  endfacet
  facet normal 0 0 1
    outer loop
      vertex 18 18 5
      vertex 7.08491 12.5543 5
      vertex 7.09439 12.5353 5
    endloop
  endfacet
  facet normal 0 0 1
    outer loop
      vertex 18 18 5
      vertex 7.07511 12.5731 5
      vertex 7.08491 12.5543 5
    endloop
  endfacet
  facet normal 0 0 1
    outer loop
      vertex 18 18 5
      vertex 7.06498 12.5918 5
      vertex 7.07511 12.5731 5
    endloop
  endfacet
  facet normal 0 0 1
    outer loop
      vertex 18 18 5
      vertex 7.05452 12.6103 5
      vertex 7.06498 12.5918 5
    endloop
  endfacet
  facet normal 0 0 1
    outer loop
      vertex 18 18 5
      vertex 7.04375 12.6285 5
      vertex 7.05452 12.6103 5
    endloop
  endfacet
  facet normal 0 0 1
    outer loop
      vertex 18 18 5
      vertex 7.03266 12.6466 5
      vertex 7.04375 12.6285 5
    endloop
  endfacet
  facet normal 0 0 1
    outer loop
      vertex 18 18 5
      vertex 7.02125 12.6646 5
      vertex 7.03266 12.6466 5
    endloop
  endfacet
  facet normal 0 0 1
    outer loop
      vertex 18 18 5
      vertex 7.00953 12.6823 5
      vertex 7.02125 12.6646 5
    endloop
  endfacet
  facet normal 0 0 1
    outer loop
      vertex 18 18 5
      vertex 6.9975 12.6998 5
      vertex 7.00953 12.6823 5
    endloop
  endfacet
  facet normal 0 0 1
    outer loop
      vertex 18 18 5
      vertex 6.98517 12.717 5
      vertex 6.9975 12.6998 5
    endloop
  endfacet
  facet normal 0 0 1
    outer loop
      vertex 18 18 5
      vertex 6.97254 12.7341 5
      vertex 6.98517 12.717 5
    endloop
  endfacet
  facet normal 0 0 1
    outer loop
      vertex 18 18 5
      vertex 6.95962 12.751 5
      vertex 6.97254 12.7341 5
    endloop
  endfacet
  facet normal 0 0 1
    outer loop
      vertex 18 18 5
      vertex 6.9464 12.7676 5
      vertex 6.95962 12.751 5
    endloop
  endfacet
  facet normal 0 0 1
    outer loop
      vertex 18 18 5
      vertex 6.9329 12.784 5
      vertex 6.9464 12.7676 5
    endloop
  endfacet
  facet normal 0 0 1
    outer loop
      vertex 18 18 5
      vertex 6.91911 12.8001 5
      vertex 6.9329 12.784 5
    endloop
  endfacet
  facet normal 0 0 1
    outer loop
      vertex 18 18 5
      vertex 6.90504 12.816 5
      vertex 6.91911 12.8001 5
    endloop
  endfacet
  facet normal 0 0 1
    outer loop
      vertex 18 18 5
      vertex 6.8907 12.8317 5
      vertex 6.90504 12.816 5
    endloop
  endfacet
  facet normal 0 0 1
    outer loop
      vertex 18 18 5
      vertex 6.87608 12.8471 5
      vertex 6.8907 12.8317 5
    endloop
  endfacet
  facet normal 0 0 1
    outer loop
      vertex 18 18 5
      vertex 6.8612 12.8622 5
      vertex 6.87608 12.8471 5
    endloop
  endfacet
  facet normal 0 0 1
    outer loop
      vertex 18 18 5
      vertex 6.84606 12.8771 5
      vertex 6.8612 12.8622 5
    endloop
  endfacet
  facet normal 0 0 1
    outer loop
      vertex 18 18 5
      vertex 6.83065 12.8917 5
      vertex 6.84606 12.8771 5
    endloop
  endfacet
  facet normal 0 0 1
    outer loop
      vertex 18 18 5
      vertex 6.815 12.906 5
      vertex 6.83065 12.8917 5
    endloop
  endfacet
  facet normal 0 0 1
    outer loop
      vertex 18 18 5
      vertex 6.7991 12.9201 5
      vertex 6.815 12.906 5
    endloop
  endfacet
  facet normal 0 0 1
    outer loop
      vertex 18 18 5
      vertex 6.78295 12.9339 5
      vertex 6.7991 12.9201 5
    endloop
  endfacet
  facet normal 0 0 1
    outer loop
      vertex 18 18 5
      vertex 6.76657 12.9474 5
      vertex 6.78295 12.9339 5
    endloop
  endfacet
  facet normal 0 0 1
    outer loop
      vertex 18 18 5
      vertex 6.74996 12.9606 5
      vertex 6.76657 12.9474 5
    endloop
  endfacet
  facet normal 0 0 1
    outer loop
      vertex 18 18 5
      vertex 6.73311 12.9735 5
      vertex 6.74996 12.9606 5
    endloop
  endfacet
  facet normal 0 0 1
    outer loop
      vertex 18 18 5
      vertex 6.71604 12.9862 5
      vertex 6.73311 12.9735 5
    endloop
  endfacet
  facet normal 0 0 1
    outer loop
      vertex 18 18 5
      vertex 6.69876 12.9985 5
      vertex 6.71604 12.9862 5
    endloop
  endfacet
  facet normal 0 0 1
    outer loop
      vertex 18 18 5
      vertex 6.68126 13.0105 5
      vertex 6.69876 12.9985 5
    endloop
  endfacet
  facet normal 0 0 1
    outer loop
      vertex 18 18 5
      vertex 6.66356 13.0222 5
      vertex 6.68126 13.0105 5
    endloop
  endfacet
  facet normal 0 0 1
    outer loop
      vertex 18 18 5
      vertex 6.64565 13.0337 5
      vertex 6.66356 13.0222 5
    endloop
  endfacet
  facet normal 0 0 1
    outer loop
      vertex 18 18 5
      vertex 6.62755 13.0447 5
      vertex 6.64565 13.0337 5
    endloop
  endfacet
  facet normal 0 0 1
    outer loop
      vertex 18 18 5
      vertex 6.60925 13.0555 5
      vertex 6.62755 13.0447 5
    endloop
  endfacet
  facet normal 0 0 1
    outer loop
      vertex 18 18 5
      vertex 6.59077 13.066 5
      vertex 6.60925 13.0555 5
    endloop
  endfacet
  facet normal 0 0 1
    outer loop
      vertex 18 18 5
      vertex 6.57211 13.0761 5
      vertex 6.59077 13.066 5
    endloop
  endfacet
  facet normal 0 0 1
    outer loop
      vertex 18 18 5
      vertex 6.55328 13.0859 5
      vertex 6.57211 13.0761 5
    endloop
  endfacet
  facet normal 0 0 1
    outer loop
      vertex 18 18 5
      vertex 6.53428 13.0954 5
      vertex 6.55328 13.0859 5
    endloop
  endfacet
  facet normal 0 0 1
    outer loop
      vertex 18 18 5
      vertex 6.51512 13.1045 5
      vertex 6.53428 13.0954 5
    endloop
  endfacet
  facet normal 0 0 1
    outer loop
      vertex 18 18 5
      vertex 6.4958 13.1133 5
      vertex 6.51512 13.1045 5
    endloop
  endfacet
  facet normal 0 0 1
    outer loop
      vertex 18 18 5
      vertex 6.47633 13.1218 5
      vertex 6.4958 13.1133 5
    endloop
  endfacet
  facet normal 0 0 1
    outer loop
      vertex 18 18 5
      vertex 6.45671 13.1299 5
      vertex 6.47633 13.1218 5
    endloop
  endfacet
  facet normal 0 0 1
    outer loop
      vertex 18 18 5
      vertex 6.43696 13.1377 5
      vertex 6.45671 13.1299 5
    endloop
  endfacet
  facet normal 0 0 1
    outer loop
      vertex 18 18 5
      vertex 6.41707 13.1451 5
      vertex 6.43696 13.1377 5
    endloop
  endfacet
  facet normal 0 0 1
    outer loop
      vertex 18 18 5
      vertex 6.39706 13.1522 5
      vertex 6.41707 13.1451 5
    endloop
  endfacet
  facet normal 0 0 1
    outer loop
      vertex 18 18 5
      vertex 6.37692 13.159 5
      vertex 6.39706 13.1522 5
    endloop
  endfacet
  facet normal 0 0 1
    outer loop
      vertex 18 18 5
      vertex 6.35667 13.1653 5
      vertex 6.37692 13.159 5
    endloop
  endfacet
  facet normal 0 0 1
    outer loop
      vertex 18 18 5
      vertex 6.33631 13.1714 5
      vertex 6.35667 13.1653 5
    endloop
  endfacet
  facet normal 0 0 1
    outer loop
      vertex 18 18 5
      vertex 6.31585 13.1771 5
      vertex 6.33631 13.1714 5
    endloop
  endfacet
  facet normal 0 0 1
    outer loop
      vertex 18 18 5
      vertex 6.2953 13.1824 5
      vertex 6.31585 13.1771 5
    endloop
  endfacet
  facet normal 0 0 1
    outer loop
      vertex 18 18 5
      vertex 6.27465 13.1873 5
      vertex 6.2953 13.1824 5
    endloop
  endfacet
  facet normal 0 0 1
    outer loop
      vertex 18 18 5
      vertex 6.25393 13.1919 5
      vertex 6.27465 13.1873 5
    endloop
  endfacet
  facet normal 0 0 1
    outer loop
      vertex 18 18 5
      vertex 6.23312 13.1962 5
      vertex 6.25393 13.1919 5
    endloop
  endfacet
  facet normal 0 0 1
    outer loop
      vertex 18 18 5
      vertex 6.21224 13.2 5
      vertex 6.23312 13.1962 5
    endloop
  endfacet
  facet normal 0 0 1
    outer loop
      vertex 18 18 5
      vertex 6.1913 13.2035 5
      vertex 6.21224 13.2 5
    endloop
  endfacet
  facet normal 0 0 1
    outer loop
      vertex 18 18 5
      vertex 6.1703 13.2067 5
      vertex 6.1913 13.2035 5
    endloop
  endfacet
  facet normal 0 0 1
    outer loop
      vertex 18 18 5
      vertex 6.14925 13.2094 5
      vertex 6.1703 13.2067 5
    endloop
  endfacet
  facet normal 0 0 1
    outer loop
      vertex 18 18 5
      vertex 6.12816 13.2118 5
      vertex 6.14925 13.2094 5
    endloop
  endfacet
  facet normal 0 0 1
    outer loop
      vertex 18 18 5
      vertex 6.10702 13.2139 5
      vertex 6.12816 13.2118 5
    endloop
  endfacet
  facet normal 0 0 1
    outer loop
      vertex 18 18 5
      vertex 6.08586 13.2155 5
      vertex 6.10702 13.2139 5
    endloop
  endfacet
  facet normal 0 0 1
    outer loop
      vertex 18 18 5
      vertex 6.06467 13.2168 5
      vertex 6.08586 13.2155 5
    endloop
  endfacet
  facet normal 0 0 1
    outer loop
      vertex 18 18 5
      vertex 6.04345 13.2178 5
      vertex 6.06467 13.2168 5
    endloop
  endfacet
  facet normal 0 0 1
    outer loop
      vertex 18 18 5
      vertex 6.02223 13.2183 5
      vertex 6.04345 13.2178 5
    endloop
  endfacet
  facet normal 0 0 1
    outer loop
      vertex 18 18 5
      vertex 6.001 13.2185 5
      vertex 6.02223 13.2183 5
    endloop
  endfacet
  facet normal 0 0 1
    outer loop
      vertex 18 18 5
      vertex 5.97977 13.2183 5
      vertex 6.001 13.2185 5
    endloop
  endfacet
  facet normal 0 0 1
    outer loop
      vertex 18 18 5
      vertex 5.95855 13.2178 5
      vertex 5.97977 13.2183 5
    endloop
  endfacet
  facet normal 0 0 1
    outer loop
      vertex 18 18 5
      vertex 5.93733 13.2168 5
      vertex 5.95855 13.2178 5
    endloop
  endfacet
  facet normal 0 0 1
    outer loop
      vertex 18 18 5
      vertex 5.91614 13.2155 5
      vertex 5.93733 13.2168 5
    endloop
  endfacet
  facet normal 0 0 1
    outer loop
      vertex 18 18 5
      vertex 5.89498 13.2139 5
      vertex 5.91614 13.2155 5
    endloop
  endfacet
  facet normal 0 0 1
    outer loop
      vertex 18 18 5
      vertex 5.87384 13.2118 5
      vertex 5.89498 13.2139 5
    endloop
  endfacet
  facet normal 0 0 1
    outer loop
      vertex 18 18 5
      vertex 5.85275 13.2094 5
      vertex 5.87384 13.2118 5
    endloop
  endfacet
  facet normal 0 0 1
    outer loop
      vertex 18 18 5
      vertex 5.8317 13.2067 5
      vertex 5.85275 13.2094 5
    endloop
  endfacet
  facet normal 0 0 1
    outer loop
      vertex 18 18 5
      vertex 5.8107 13.2035 5
      vertex 5.8317 13.2067 5
    endloop
  endfacet
  facet normal 0 0 1
    outer loop
      vertex 18 18 5
      vertex 5.78976 13.2 5
      vertex 5.8107 13.2035 5
    endloop
  endfacet
  facet normal 0 0 1
    outer loop
      vertex 18 18 5
      vertex 5.76888 13.1962 5
      vertex 5.78976 13.2 5
    endloop
  endfacet
  facet normal 0 0 1
    outer loop
      vertex -5.76788 13.1962 5
      vertex 5.76888 13.1962 5
      vertex 18 18 5
    endloop
  endfacet
  facet normal 0 0 1
    outer loop
      vertex 5.76888 13.1962 5
      vertex -5.76788 13.1962 5
      vertex 5.74807 13.1919 5
    endloop
  endfacet
  facet normal 0 -0 1
    outer loop
      vertex -5.74707 13.1919 5
      vertex 5.74807 13.1919 5
      vertex -5.76788 13.1962 5
    endloop
  endfacet
  facet normal 0 0 1
    outer loop
      vertex 5.74807 13.1919 5
      vertex -5.74707 13.1919 5
      vertex 5.72735 13.1873 5
    endloop
  endfacet
  facet normal 0 -0 1
    outer loop
      vertex -5.72635 13.1873 5
      vertex 5.72735 13.1873 5
      vertex -5.74707 13.1919 5
    endloop
  endfacet
  facet normal 0 0 1
    outer loop
      vertex 5.72735 13.1873 5
      vertex -5.72635 13.1873 5
      vertex 5.7067 13.1824 5
    endloop
  endfacet
  facet normal 0 -0 1
    outer loop
      vertex -5.7057 13.1824 5
      vertex 5.7067 13.1824 5
      vertex -5.72635 13.1873 5
    endloop
  endfacet
  facet normal 0 0 1
    outer loop
      vertex 5.7067 13.1824 5
      vertex -5.7057 13.1824 5
      vertex 5.68615 13.1771 5
    endloop
  endfacet
  facet normal 0 -0 1
    outer loop
      vertex -5.68515 13.1771 5
      vertex 5.68615 13.1771 5
      vertex -5.7057 13.1824 5
    endloop
  endfacet
  facet normal 0 0 1
    outer loop
      vertex 5.68615 13.1771 5
      vertex -5.68515 13.1771 5
      vertex 5.66569 13.1714 5
    endloop
  endfacet
  facet normal 0 0 1
    outer loop
      vertex -4.87208 11.5463 5
      vertex 4.87308 11.5463 5
      vertex -4.86429 11.566 5
    endloop
  endfacet
  facet normal 0 0 1
    outer loop
      vertex 4.78468 12.0232 5
      vertex -4.78349 12.002 5
      vertex 4.78449 12.002 5
    endloop
  endfacet
  facet normal 0 0 1
    outer loop
      vertex -4.78368 12.0232 5
      vertex 4.78468 12.0232 5
      vertex 4.78523 12.0445 5
    endloop
  endfacet
  facet normal 0 0 1
    outer loop
      vertex -4.78424 12.0445 5
      vertex 4.78523 12.0445 5
      vertex 4.78616 12.0657 5
    endloop
  endfacet
  facet normal 0 0 1
    outer loop
      vertex -4.78516 12.0657 5
      vertex 4.78616 12.0657 5
      vertex 4.78746 12.0869 5
    endloop
  endfacet
  facet normal 0 0 1
    outer loop
      vertex -4.78646 12.0869 5
      vertex 4.78746 12.0869 5
      vertex 4.78912 12.108 5
    endloop
  endfacet
  facet normal 0 0 1
    outer loop
      vertex -4.78812 12.108 5
      vertex 4.78912 12.108 5
      vertex 4.79116 12.1292 5
    endloop
  endfacet
  facet normal 0 0 1
    outer loop
      vertex -4.79016 12.1292 5
      vertex 4.79116 12.1292 5
      vertex 4.79356 12.1503 5
    endloop
  endfacet
  facet normal 0 0 1
    outer loop
      vertex -4.79256 12.1503 5
      vertex 4.79356 12.1503 5
      vertex 4.79633 12.1713 5
    endloop
  endfacet
  facet normal 0 0 1
    outer loop
      vertex -4.79533 12.1713 5
      vertex 4.79633 12.1713 5
      vertex 4.79947 12.1923 5
    endloop
  endfacet
  facet normal 0 0 1
    outer loop
      vertex -4.79847 12.1923 5
      vertex 4.79947 12.1923 5
      vertex 4.80298 12.2132 5
    endloop
  endfacet
  facet normal 0 0 1
    outer loop
      vertex -4.80198 12.2132 5
      vertex 4.80298 12.2132 5
      vertex 4.80684 12.2341 5
    endloop
  endfacet
  facet normal 0 0 1
    outer loop
      vertex -4.80584 12.2341 5
      vertex 4.80684 12.2341 5
      vertex 4.81108 12.2549 5
    endloop
  endfacet
  facet normal 0 0 1
    outer loop
      vertex -4.81008 12.2549 5
      vertex 4.81108 12.2549 5
      vertex 4.81567 12.2757 5
    endloop
  endfacet
  facet normal 0 0 1
    outer loop
      vertex -4.81467 12.2757 5
      vertex 4.81567 12.2757 5
      vertex 4.82063 12.2963 5
    endloop
  endfacet
  facet normal 0 0 1
    outer loop
      vertex -4.81963 12.2963 5
      vertex 4.82063 12.2963 5
      vertex 4.82595 12.3169 5
    endloop
  endfacet
  facet normal 0 0 1
    outer loop
      vertex -4.82495 12.3169 5
      vertex 4.82595 12.3169 5
      vertex 4.83162 12.3373 5
    endloop
  endfacet
  facet normal 0 0 1
    outer loop
      vertex -4.83062 12.3373 5
      vertex 4.83162 12.3373 5
      vertex 4.83765 12.3577 5
    endloop
  endfacet
  facet normal 0 0 1
    outer loop
      vertex -4.83665 12.3577 5
      vertex 4.83765 12.3577 5
      vertex 4.84403 12.3779 5
    endloop
  endfacet
  facet normal 0 0 1
    outer loop
      vertex -4.84303 12.3779 5
      vertex 4.84403 12.3779 5
      vertex 4.85077 12.3981 5
    endloop
  endfacet
  facet normal 0 0 1
    outer loop
      vertex -4.84977 12.3981 5
      vertex 4.85077 12.3981 5
      vertex 4.85786 12.4181 5
    endloop
  endfacet
  facet normal 0 0 1
    outer loop
      vertex -4.85686 12.4181 5
      vertex 4.85786 12.4181 5
      vertex 4.86529 12.438 5
    endloop
  endfacet
  facet normal 0 0 1
    outer loop
      vertex -4.86429 12.438 5
      vertex 4.86529 12.438 5
      vertex 4.87308 12.4577 5
    endloop
  endfacet
  facet normal 0 0 1
    outer loop
      vertex -4.87208 12.4577 5
      vertex 4.87308 12.4577 5
      vertex 4.8812 12.4773 5
    endloop
  endfacet
  facet normal 0 0 1
    outer loop
      vertex -4.8802 12.4773 5
      vertex 4.8812 12.4773 5
      vertex 4.88967 12.4968 5
    endloop
  endfacet
  facet normal 0 0 1
    outer loop
      vertex -4.88867 12.4968 5
      vertex 4.88967 12.4968 5
      vertex 4.89847 12.5161 5
    endloop
  endfacet
  facet normal 0 0 1
    outer loop
      vertex -4.89747 12.5161 5
      vertex 4.89847 12.5161 5
      vertex 4.90761 12.5353 5
    endloop
  endfacet
  facet normal 0 0 1
    outer loop
      vertex -4.90661 12.5353 5
      vertex 4.90761 12.5353 5
      vertex 4.91709 12.5543 5
    endloop
  endfacet
  facet normal 0 0 1
    outer loop
      vertex -4.91609 12.5543 5
      vertex 4.91709 12.5543 5
      vertex 4.92689 12.5731 5
    endloop
  endfacet
  facet normal 0 0 1
    outer loop
      vertex -4.92589 12.5731 5
      vertex 4.92689 12.5731 5
      vertex 4.93702 12.5918 5
    endloop
  endfacet
  facet normal 0 0 1
    outer loop
      vertex -4.93602 12.5918 5
      vertex 4.93702 12.5918 5
      vertex 4.94747 12.6103 5
    endloop
  endfacet
  facet normal 0 0 1
    outer loop
      vertex -4.94648 12.6103 5
      vertex 4.94747 12.6103 5
      vertex 4.95825 12.6285 5
    endloop
  endfacet
  facet normal 0 0 1
    outer loop
      vertex -4.95725 12.6285 5
      vertex 4.95825 12.6285 5
      vertex 4.96934 12.6466 5
    endloop
  endfacet
  facet normal 0 0 1
    outer loop
      vertex -4.96834 12.6466 5
      vertex 4.96934 12.6466 5
      vertex 4.98075 12.6646 5
    endloop
  endfacet
  facet normal 0 0 1
    outer loop
      vertex -4.97975 12.6646 5
      vertex 4.98075 12.6646 5
      vertex 4.99247 12.6823 5
    endloop
  endfacet
  facet normal 0 0 1
    outer loop
      vertex -4.99147 12.6823 5
      vertex 4.99247 12.6823 5
      vertex 5.0045 12.6998 5
    endloop
  endfacet
  facet normal 0 0 1
    outer loop
      vertex -5.0035 12.6998 5
      vertex 5.0045 12.6998 5
      vertex 5.01683 12.717 5
    endloop
  endfacet
  facet normal 0 0 1
    outer loop
      vertex -5.01583 12.717 5
      vertex 5.01683 12.717 5
      vertex 5.02946 12.7341 5
    endloop
  endfacet
  facet normal 0 0 1
    outer loop
      vertex -5.02846 12.7341 5
      vertex 5.02946 12.7341 5
      vertex 5.04238 12.751 5
    endloop
  endfacet
  facet normal 0 0 1
    outer loop
      vertex -5.04138 12.751 5
      vertex 5.04238 12.751 5
      vertex 5.0556 12.7676 5
    endloop
  endfacet
  facet normal 0 0 1
    outer loop
      vertex -5.0546 12.7676 5
      vertex 5.0556 12.7676 5
      vertex 5.0691 12.784 5
    endloop
  endfacet
  facet normal 0 0 1
    outer loop
      vertex -5.0681 12.784 5
      vertex 5.0691 12.784 5
      vertex 5.08289 12.8001 5
    endloop
  endfacet
  facet normal 0 0 1
    outer loop
      vertex -5.08189 12.8001 5
      vertex 5.08289 12.8001 5
      vertex 5.09696 12.816 5
    endloop
  endfacet
  facet normal 0 0 1
    outer loop
      vertex -5.09596 12.816 5
      vertex 5.09696 12.816 5
      vertex 5.1113 12.8317 5
    endloop
  endfacet
  facet normal 0 0 1
    outer loop
      vertex -5.1103 12.8317 5
      vertex 5.1113 12.8317 5
      vertex 5.12592 12.8471 5
    endloop
  endfacet
  facet normal 0 0 1
    outer loop
      vertex -5.12492 12.8471 5
      vertex 5.12592 12.8471 5
      vertex 5.1408 12.8622 5
    endloop
  endfacet
  facet normal 0 0 1
    outer loop
      vertex -5.1398 12.8622 5
      vertex 5.1408 12.8622 5
      vertex 5.15594 12.8771 5
    endloop
  endfacet
  facet normal 0 0 1
    outer loop
      vertex -5.15494 12.8771 5
      vertex 5.15594 12.8771 5
      vertex 5.17135 12.8917 5
    endloop
  endfacet
  facet normal 0 0 1
    outer loop
      vertex -5.17035 12.8917 5
      vertex 5.17135 12.8917 5
      vertex 5.187 12.906 5
    endloop
  endfacet
  facet normal 0 0 1
    outer loop
      vertex -5.186 12.906 5
      vertex 5.187 12.906 5
      vertex 5.2029 12.9201 5
    endloop
  endfacet
  facet normal 0 0 1
    outer loop
      vertex -5.2019 12.9201 5
      vertex 5.2029 12.9201 5
      vertex 5.21905 12.9339 5
    endloop
  endfacet
  facet normal 0 0 1
    outer loop
      vertex -5.21805 12.9339 5
      vertex 5.21905 12.9339 5
      vertex 5.23543 12.9474 5
    endloop
  endfacet
  facet normal 0 0 1
    outer loop
      vertex -5.23443 12.9474 5
      vertex 5.23543 12.9474 5
      vertex 5.25204 12.9606 5
    endloop
  endfacet
  facet normal 0 0 1
    outer loop
      vertex -5.25104 12.9606 5
      vertex 5.25204 12.9606 5
      vertex 5.26889 12.9735 5
    endloop
  endfacet
  facet normal 0 0 1
    outer loop
      vertex -5.26789 12.9735 5
      vertex 5.26889 12.9735 5
      vertex 5.28596 12.9862 5
    endloop
  endfacet
  facet normal 0 0 1
    outer loop
      vertex -5.28496 12.9862 5
      vertex 5.28596 12.9862 5
      vertex 5.30324 12.9985 5
    endloop
  endfacet
  facet normal 0 0 1
    outer loop
      vertex -5.30224 12.9985 5
      vertex 5.30324 12.9985 5
      vertex 5.32074 13.0105 5
    endloop
  endfacet
  facet normal 0 0 1
    outer loop
      vertex -5.31974 13.0105 5
      vertex 5.32074 13.0105 5
      vertex 5.33844 13.0222 5
    endloop
  endfacet
  facet normal 0 0 1
    outer loop
      vertex -5.33744 13.0222 5
      vertex 5.33844 13.0222 5
      vertex 5.35635 13.0337 5
    endloop
  endfacet
  facet normal 0 0 1
    outer loop
      vertex -5.35535 13.0337 5
      vertex 5.35635 13.0337 5
      vertex 5.37445 13.0447 5
    endloop
  endfacet
  facet normal 0 0 1
    outer loop
      vertex -5.37345 13.0447 5
      vertex 5.37445 13.0447 5
      vertex 5.39275 13.0555 5
    endloop
  endfacet
  facet normal 0 0 1
    outer loop
      vertex -5.39175 13.0555 5
      vertex 5.39275 13.0555 5
      vertex 5.41123 13.066 5
    endloop
  endfacet
  facet normal 0 0 1
    outer loop
      vertex -5.41023 13.066 5
      vertex 5.41123 13.066 5
      vertex 5.42989 13.0761 5
    endloop
  endfacet
  facet normal 0 0 1
    outer loop
      vertex -5.42889 13.0761 5
      vertex 5.42989 13.0761 5
      vertex 5.44872 13.0859 5
    endloop
  endfacet
  facet normal 0 0 1
    outer loop
      vertex -5.44772 13.0859 5
      vertex 5.44872 13.0859 5
      vertex 5.46772 13.0954 5
    endloop
  endfacet
  facet normal 0 0 1
    outer loop
      vertex -5.46672 13.0954 5
      vertex 5.46772 13.0954 5
      vertex 5.48688 13.1045 5
    endloop
  endfacet
  facet normal 0 0 1
    outer loop
      vertex -5.48588 13.1045 5
      vertex 5.48688 13.1045 5
      vertex 5.5062 13.1133 5
    endloop
  endfacet
  facet normal 0 0 1
    outer loop
      vertex -5.5052 13.1133 5
      vertex 5.5062 13.1133 5
      vertex 5.52567 13.1218 5
    endloop
  endfacet
  facet normal 0 0 1
    outer loop
      vertex -5.52467 13.1218 5
      vertex 5.52567 13.1218 5
      vertex 5.54529 13.1299 5
    endloop
  endfacet
  facet normal 0 0 1
    outer loop
      vertex -5.54429 13.1299 5
      vertex 5.54529 13.1299 5
      vertex 5.56504 13.1377 5
    endloop
  endfacet
  facet normal 0 -0 1
    outer loop
      vertex -5.66469 13.1714 5
      vertex 5.66569 13.1714 5
      vertex -5.68515 13.1771 5
    endloop
  endfacet
  facet normal 0 0 1
    outer loop
      vertex 4.78468 12.0232 5
      vertex -4.78368 12.0232 5
      vertex -4.78349 12.002 5
    endloop
  endfacet
  facet normal 0 0 1
    outer loop
      vertex 4.78523 12.0445 5
      vertex -4.78424 12.0445 5
      vertex -4.78368 12.0232 5
    endloop
  endfacet
  facet normal 0 0 1
    outer loop
      vertex 4.78616 12.0657 5
      vertex -4.78516 12.0657 5
      vertex -4.78424 12.0445 5
    endloop
  endfacet
  facet normal 0 0 1
    outer loop
      vertex 4.78746 12.0869 5
      vertex -4.78646 12.0869 5
      vertex -4.78516 12.0657 5
    endloop
  endfacet
  facet normal 0 0 1
    outer loop
      vertex 4.78912 12.108 5
      vertex -4.78812 12.108 5
      vertex -4.78646 12.0869 5
    endloop
  endfacet
  facet normal 0 0 1
    outer loop
      vertex 4.79116 12.1292 5
      vertex -4.79016 12.1292 5
      vertex -4.78812 12.108 5
    endloop
  endfacet
  facet normal 0 0 1
    outer loop
      vertex 4.79356 12.1503 5
      vertex -4.79256 12.1503 5
      vertex -4.79016 12.1292 5
    endloop
  endfacet
  facet normal 0 0 1
    outer loop
      vertex 4.79633 12.1713 5
      vertex -4.79533 12.1713 5
      vertex -4.79256 12.1503 5
    endloop
  endfacet
  facet normal 0 0 1
    outer loop
      vertex 4.79947 12.1923 5
      vertex -4.79847 12.1923 5
      vertex -4.79533 12.1713 5
    endloop
  endfacet
  facet normal 0 0 1
    outer loop
      vertex 4.80298 12.2132 5
      vertex -4.80198 12.2132 5
      vertex -4.79847 12.1923 5
    endloop
  endfacet
  facet normal 0 0 1
    outer loop
      vertex 4.80684 12.2341 5
      vertex -4.80584 12.2341 5
      vertex -4.80198 12.2132 5
    endloop
  endfacet
  facet normal 0 0 1
    outer loop
      vertex 4.81108 12.2549 5
      vertex -4.81008 12.2549 5
      vertex -4.80584 12.2341 5
    endloop
  endfacet
  facet normal 0 0 1
    outer loop
      vertex 4.81567 12.2757 5
      vertex -4.81467 12.2757 5
      vertex -4.81008 12.2549 5
    endloop
  endfacet
  facet normal 0 0 1
    outer loop
      vertex 4.82063 12.2963 5
      vertex -4.81963 12.2963 5
      vertex -4.81467 12.2757 5
    endloop
  endfacet
  facet normal 0 0 1
    outer loop
      vertex 4.82595 12.3169 5
      vertex -4.82495 12.3169 5
      vertex -4.81963 12.2963 5
    endloop
  endfacet
  facet normal 0 0 1
    outer loop
      vertex 4.83162 12.3373 5
      vertex -4.83062 12.3373 5
      vertex -4.82495 12.3169 5
    endloop
  endfacet
  facet normal 0 0 1
    outer loop
      vertex 4.83765 12.3577 5
      vertex -4.83665 12.3577 5
      vertex -4.83062 12.3373 5
    endloop
  endfacet
  facet normal 0 0 1
    outer loop
      vertex 4.84403 12.3779 5
      vertex -4.84303 12.3779 5
      vertex -4.83665 12.3577 5
    endloop
  endfacet
  facet normal 0 0 1
    outer loop
      vertex 4.85077 12.3981 5
      vertex -4.84977 12.3981 5
      vertex -4.84303 12.3779 5
    endloop
  endfacet
  facet normal 0 0 1
    outer loop
      vertex 4.85786 12.4181 5
      vertex -4.85686 12.4181 5
      vertex -4.84977 12.3981 5
    endloop
  endfacet
  facet normal 0 0 1
    outer loop
      vertex 4.86529 12.438 5
      vertex -4.86429 12.438 5
      vertex -4.85686 12.4181 5
    endloop
  endfacet
  facet normal 0 0 1
    outer loop
      vertex 4.87308 12.4577 5
      vertex -4.87208 12.4577 5
      vertex -4.86429 12.438 5
    endloop
  endfacet
  facet normal 0 0 1
    outer loop
      vertex 4.8812 12.4773 5
      vertex -4.8802 12.4773 5
      vertex -4.87208 12.4577 5
    endloop
  endfacet
  facet normal 0 0 1
    outer loop
      vertex 4.88967 12.4968 5
      vertex -4.88867 12.4968 5
      vertex -4.8802 12.4773 5
    endloop
  endfacet
  facet normal 0 0 1
    outer loop
      vertex 4.89847 12.5161 5
      vertex -4.89747 12.5161 5
      vertex -4.88867 12.4968 5
    endloop
  endfacet
  facet normal 0 0 1
    outer loop
      vertex 4.90761 12.5353 5
      vertex -4.90661 12.5353 5
      vertex -4.89747 12.5161 5
    endloop
  endfacet
  facet normal 0 0 1
    outer loop
      vertex 4.91709 12.5543 5
      vertex -4.91609 12.5543 5
      vertex -4.90661 12.5353 5
    endloop
  endfacet
  facet normal 0 0 1
    outer loop
      vertex 4.92689 12.5731 5
      vertex -4.92589 12.5731 5
      vertex -4.91609 12.5543 5
    endloop
  endfacet
  facet normal 0 0 1
    outer loop
      vertex 4.93702 12.5918 5
      vertex -4.93602 12.5918 5
      vertex -4.92589 12.5731 5
    endloop
  endfacet
  facet normal 0 0 1
    outer loop
      vertex 4.94747 12.6103 5
      vertex -4.94648 12.6103 5
      vertex -4.93602 12.5918 5
    endloop
  endfacet
  facet normal 0 0 1
    outer loop
      vertex 4.95825 12.6285 5
      vertex -4.95725 12.6285 5
      vertex -4.94648 12.6103 5
    endloop
  endfacet
  facet normal 0 0 1
    outer loop
      vertex 4.96934 12.6466 5
      vertex -4.96834 12.6466 5
      vertex -4.95725 12.6285 5
    endloop
  endfacet
  facet normal 0 0 1
    outer loop
      vertex 4.98075 12.6646 5
      vertex -4.97975 12.6646 5
      vertex -4.96834 12.6466 5
    endloop
  endfacet
  facet normal 0 0 1
    outer loop
      vertex 4.99247 12.6823 5
      vertex -4.99147 12.6823 5
      vertex -4.97975 12.6646 5
    endloop
  endfacet
  facet normal 0 0 1
    outer loop
      vertex 5.0045 12.6998 5
      vertex -5.0035 12.6998 5
      vertex -4.99147 12.6823 5
    endloop
  endfacet
  facet normal 0 0 1
    outer loop
      vertex 5.01683 12.717 5
      vertex -5.01583 12.717 5
      vertex -5.0035 12.6998 5
    endloop
  endfacet
  facet normal 0 0 1
    outer loop
      vertex 5.02946 12.7341 5
      vertex -5.02846 12.7341 5
      vertex -5.01583 12.717 5
    endloop
  endfacet
  facet normal 0 0 1
    outer loop
      vertex 5.04238 12.751 5
      vertex -5.04138 12.751 5
      vertex -5.02846 12.7341 5
    endloop
  endfacet
  facet normal 0 0 1
    outer loop
      vertex 5.0556 12.7676 5
      vertex -5.0546 12.7676 5
      vertex -5.04138 12.751 5
    endloop
  endfacet
  facet normal 0 0 1
    outer loop
      vertex 5.0691 12.784 5
      vertex -5.0681 12.784 5
      vertex -5.0546 12.7676 5
    endloop
  endfacet
  facet normal 0 0 1
    outer loop
      vertex 5.08289 12.8001 5
      vertex -5.08189 12.8001 5
      vertex -5.0681 12.784 5
    endloop
  endfacet
  facet normal 0 0 1
    outer loop
      vertex 5.09696 12.816 5
      vertex -5.09596 12.816 5
      vertex -5.08189 12.8001 5
    endloop
  endfacet
  facet normal 0 0 1
    outer loop
      vertex 5.1113 12.8317 5
      vertex -5.1103 12.8317 5
      vertex -5.09596 12.816 5
    endloop
  endfacet
  facet normal 0 0 1
    outer loop
      vertex 5.12592 12.8471 5
      vertex -5.12492 12.8471 5
      vertex -5.1103 12.8317 5
    endloop
  endfacet
  facet normal 0 0 1
    outer loop
      vertex 5.1408 12.8622 5
      vertex -5.1398 12.8622 5
      vertex -5.12492 12.8471 5
    endloop
  endfacet
  facet normal 0 0 1
    outer loop
      vertex 5.15594 12.8771 5
      vertex -5.15494 12.8771 5
      vertex -5.1398 12.8622 5
    endloop
  endfacet
  facet normal 0 0 1
    outer loop
      vertex 5.17135 12.8917 5
      vertex -5.17035 12.8917 5
      vertex -5.15494 12.8771 5
    endloop
  endfacet
  facet normal 0 0 1
    outer loop
      vertex 5.187 12.906 5
      vertex -5.186 12.906 5
      vertex -5.17035 12.8917 5
    endloop
  endfacet
  facet normal 0 0 1
    outer loop
      vertex 5.2029 12.9201 5
      vertex -5.2019 12.9201 5
      vertex -5.186 12.906 5
    endloop
  endfacet
  facet normal 0 0 1
    outer loop
      vertex 5.21905 12.9339 5
      vertex -5.21805 12.9339 5
      vertex -5.2019 12.9201 5
    endloop
  endfacet
  facet normal 0 0 1
    outer loop
      vertex 5.23543 12.9474 5
      vertex -5.23443 12.9474 5
      vertex -5.21805 12.9339 5
    endloop
  endfacet
  facet normal 0 0 1
    outer loop
      vertex 5.25204 12.9606 5
      vertex -5.25104 12.9606 5
      vertex -5.23443 12.9474 5
    endloop
  endfacet
  facet normal 0 0 1
    outer loop
      vertex 5.26889 12.9735 5
      vertex -5.26789 12.9735 5
      vertex -5.25104 12.9606 5
    endloop
  endfacet
  facet normal 0 0 1
    outer loop
      vertex 5.28596 12.9862 5
      vertex -5.28496 12.9862 5
      vertex -5.26789 12.9735 5
    endloop
  endfacet
  facet normal 0 0 1
    outer loop
      vertex 5.30324 12.9985 5
      vertex -5.30224 12.9985 5
      vertex -5.28496 12.9862 5
    endloop
  endfacet
  facet normal 0 0 1
    outer loop
      vertex 5.32074 13.0105 5
      vertex -5.31974 13.0105 5
      vertex -5.30224 12.9985 5
    endloop
  endfacet
  facet normal 0 0 1
    outer loop
      vertex 5.33844 13.0222 5
      vertex -5.33744 13.0222 5
      vertex -5.31974 13.0105 5
    endloop
  endfacet
  facet normal 0 0 1
    outer loop
      vertex 5.35635 13.0337 5
      vertex -5.35535 13.0337 5
      vertex -5.33744 13.0222 5
    endloop
  endfacet
  facet normal 0 0 1
    outer loop
      vertex 5.37445 13.0447 5
      vertex -5.37345 13.0447 5
      vertex -5.35535 13.0337 5
    endloop
  endfacet
  facet normal 0 0 1
    outer loop
      vertex 5.39275 13.0555 5
      vertex -5.39175 13.0555 5
      vertex -5.37345 13.0447 5
    endloop
  endfacet
  facet normal 0 0 1
    outer loop
      vertex 5.41123 13.066 5
      vertex -5.41023 13.066 5
      vertex -5.39175 13.0555 5
    endloop
  endfacet
  facet normal 0 0 1
    outer loop
      vertex 5.42989 13.0761 5
      vertex -5.42889 13.0761 5
      vertex -5.41023 13.066 5
    endloop
  endfacet
  facet normal 0 0 1
    outer loop
      vertex 5.44872 13.0859 5
      vertex -5.44772 13.0859 5
      vertex -5.42889 13.0761 5
    endloop
  endfacet
  facet normal 0 0 1
    outer loop
      vertex 5.46772 13.0954 5
      vertex -5.46672 13.0954 5
      vertex -5.44772 13.0859 5
    endloop
  endfacet
  facet normal 0 0 1
    outer loop
      vertex 5.48688 13.1045 5
      vertex -5.48588 13.1045 5
      vertex -5.46672 13.0954 5
    endloop
  endfacet
  facet normal 0 0 1
    outer loop
      vertex 5.5062 13.1133 5
      vertex -5.5052 13.1133 5
      vertex -5.48588 13.1045 5
    endloop
  endfacet
  facet normal 0 0 1
    outer loop
      vertex 5.52567 13.1218 5
      vertex -5.52467 13.1218 5
      vertex -5.5052 13.1133 5
    endloop
  endfacet
  facet normal 0 0 1
    outer loop
      vertex 5.54529 13.1299 5
      vertex -5.54429 13.1299 5
      vertex -5.52467 13.1218 5
    endloop
  endfacet
  facet normal 0 0 1
    outer loop
      vertex 5.56504 13.1377 5
      vertex -5.56404 13.1377 5
      vertex -5.54429 13.1299 5
    endloop
  endfacet
  facet normal 0 0 1
    outer loop
      vertex 5.56504 13.1377 5
      vertex -5.58393 13.1451 5
      vertex -5.56404 13.1377 5
    endloop
  endfacet
  facet normal 0 0 1
    outer loop
      vertex 5.58493 13.1451 5
      vertex -5.58393 13.1451 5
      vertex 5.56504 13.1377 5
    endloop
  endfacet
  facet normal 0 -0 1
    outer loop
      vertex -5.58393 13.1451 5
      vertex 5.58493 13.1451 5
      vertex -5.60394 13.1522 5
    endloop
  endfacet
  facet normal 0 0 1
    outer loop
      vertex 5.60494 13.1522 5
      vertex -5.60394 13.1522 5
      vertex 5.58493 13.1451 5
    endloop
  endfacet
  facet normal 0 -0 1
    outer loop
      vertex -5.60394 13.1522 5
      vertex 5.60494 13.1522 5
      vertex -5.62408 13.159 5
    endloop
  endfacet
  facet normal 0 0 1
    outer loop
      vertex 5.62508 13.159 5
      vertex -5.62408 13.159 5
      vertex 5.60494 13.1522 5
    endloop
  endfacet
  facet normal 0 -0 1
    outer loop
      vertex -5.62408 13.159 5
      vertex 5.62508 13.159 5
      vertex -5.64433 13.1653 5
    endloop
  endfacet
  facet normal 0 0 1
    outer loop
      vertex 5.64533 13.1653 5
      vertex -5.64433 13.1653 5
      vertex 5.62508 13.159 5
    endloop
  endfacet
  facet normal 0 -0 1
    outer loop
      vertex -5.64433 13.1653 5
      vertex 5.64533 13.1653 5
      vertex -5.66469 13.1714 5
    endloop
  endfacet
  facet normal 0 0 1
    outer loop
      vertex 5.66569 13.1714 5
      vertex -5.66469 13.1714 5
      vertex 5.64533 13.1653 5
    endloop
  endfacet
  facet normal 0 0 1
    outer loop
      vertex 18 18 5
      vertex -5.78876 13.2 5
      vertex -5.76788 13.1962 5
    endloop
  endfacet
  facet normal 0 0 1
    outer loop
      vertex 18 18 5
      vertex -5.8097 13.2035 5
      vertex -5.78876 13.2 5
    endloop
  endfacet
  facet normal -0 0 1
    outer loop
      vertex -18 18 5
      vertex -5.8097 13.2035 5
      vertex 18 18 5
    endloop
  endfacet
  facet normal 0 0 1
    outer loop
      vertex -5.8097 13.2035 5
      vertex -18 18 5
      vertex -5.8307 13.2067 5
    endloop
  endfacet
  facet normal 0 0 1
    outer loop
      vertex -5.8307 13.2067 5
      vertex -18 18 5
      vertex -5.85175 13.2094 5
    endloop
  endfacet
  facet normal 0 0 1
    outer loop
      vertex -5.85175 13.2094 5
      vertex -18 18 5
      vertex -5.87284 13.2118 5
    endloop
  endfacet
  facet normal 0 0 1
    outer loop
      vertex -5.87284 13.2118 5
      vertex -18 18 5
      vertex -5.89398 13.2139 5
    endloop
  endfacet
  facet normal 0 0 1
    outer loop
      vertex -5.89398 13.2139 5
      vertex -18 18 5
      vertex -5.91514 13.2155 5
    endloop
  endfacet
  facet normal 0 0 1
    outer loop
      vertex -5.91514 13.2155 5
      vertex -18 18 5
      vertex -5.93633 13.2168 5
    endloop
  endfacet
  facet normal 0 0 1
    outer loop
      vertex -5.93633 13.2168 5
      vertex -18 18 5
      vertex -5.95755 13.2178 5
    endloop
  endfacet
  facet normal 0 0 1
    outer loop
      vertex -5.95755 13.2178 5
      vertex -18 18 5
      vertex -5.97877 13.2183 5
    endloop
  endfacet
  facet normal 0 0 1
    outer loop
      vertex -5.97877 13.2183 5
      vertex -18 18 5
      vertex -6 13.2185 5
    endloop
  endfacet
  facet normal 0 0 1
    outer loop
      vertex -6 13.2185 5
      vertex -18 18 5
      vertex -6.02123 13.2183 5
    endloop
  endfacet
  facet normal 0 0 1
    outer loop
      vertex -6.02123 13.2183 5
      vertex -18 18 5
      vertex -6.04245 13.2178 5
    endloop
  endfacet
  facet normal 0 0 1
    outer loop
      vertex -6.04245 13.2178 5
      vertex -18 18 5
      vertex -6.06367 13.2168 5
    endloop
  endfacet
  facet normal 0 0 1
    outer loop
      vertex -6.06367 13.2168 5
      vertex -18 18 5
      vertex -6.08486 13.2155 5
    endloop
  endfacet
  facet normal 0 0 1
    outer loop
      vertex -6.08486 13.2155 5
      vertex -18 18 5
      vertex -6.10602 13.2139 5
    endloop
  endfacet
  facet normal 0 0 1
    outer loop
      vertex -6.10602 13.2139 5
      vertex -18 18 5
      vertex -6.12716 13.2118 5
    endloop
  endfacet
  facet normal 0 0 1
    outer loop
      vertex -6.12716 13.2118 5
      vertex -18 18 5
      vertex -6.14825 13.2094 5
    endloop
  endfacet
  facet normal 0 0 1
    outer loop
      vertex -6.14825 13.2094 5
      vertex -18 18 5
      vertex -6.1693 13.2067 5
    endloop
  endfacet
  facet normal 0 0 1
    outer loop
      vertex -6.1693 13.2067 5
      vertex -18 18 5
      vertex -6.1903 13.2035 5
    endloop
  endfacet
  facet normal 0 0 1
    outer loop
      vertex -6.1903 13.2035 5
      vertex -18 18 5
      vertex -6.21124 13.2 5
    endloop
  endfacet
  facet normal 0 0 1
    outer loop
      vertex -7.21632 0.0222307 5
      vertex -18 18 5
      vertex -7.21651 0.001 5
    endloop
  endfacet
  facet normal 0 0 1
    outer loop
      vertex -7.21632 12.0232 5
      vertex -18 18 5
      vertex -7.21651 12.002 5
    endloop
  endfacet
  facet normal 0 0 1
    outer loop
      vertex -7.21576 12.0445 5
      vertex -18 18 5
      vertex -7.21632 12.0232 5
    endloop
  endfacet
  facet normal 0 0 1
    outer loop
      vertex -7.21484 12.0657 5
      vertex -18 18 5
      vertex -7.21576 12.0445 5
    endloop
  endfacet
  facet normal 0 0 1
    outer loop
      vertex -7.21354 12.0869 5
      vertex -18 18 5
      vertex -7.21484 12.0657 5
    endloop
  endfacet
  facet normal 0 0 1
    outer loop
      vertex -7.21188 12.108 5
      vertex -18 18 5
      vertex -7.21354 12.0869 5
    endloop
  endfacet
  facet normal 0 0 1
    outer loop
      vertex -7.20984 12.1292 5
      vertex -18 18 5
      vertex -7.21188 12.108 5
    endloop
  endfacet
  facet normal 0 0 1
    outer loop
      vertex -7.20744 12.1503 5
      vertex -18 18 5
      vertex -7.20984 12.1292 5
    endloop
  endfacet
  facet normal 0 0 1
    outer loop
      vertex -7.20467 12.1713 5
      vertex -18 18 5
      vertex -7.20744 12.1503 5
    endloop
  endfacet
  facet normal 0 0 1
    outer loop
      vertex -7.20153 12.1923 5
      vertex -18 18 5
      vertex -7.20467 12.1713 5
    endloop
  endfacet
  facet normal 0 0 1
    outer loop
      vertex -7.19802 12.2132 5
      vertex -18 18 5
      vertex -7.20153 12.1923 5
    endloop
  endfacet
  facet normal 0 0 1
    outer loop
      vertex -7.19416 12.2341 5
      vertex -18 18 5
      vertex -7.19802 12.2132 5
    endloop
  endfacet
  facet normal 0 0 1
    outer loop
      vertex -7.18992 12.2549 5
      vertex -18 18 5
      vertex -7.19416 12.2341 5
    endloop
  endfacet
  facet normal 0 0 1
    outer loop
      vertex -7.18533 12.2757 5
      vertex -18 18 5
      vertex -7.18992 12.2549 5
    endloop
  endfacet
  facet normal 0 0 1
    outer loop
      vertex -7.18037 12.2963 5
      vertex -18 18 5
      vertex -7.18533 12.2757 5
    endloop
  endfacet
  facet normal 0 0 1
    outer loop
      vertex -7.17505 12.3169 5
      vertex -18 18 5
      vertex -7.18037 12.2963 5
    endloop
  endfacet
  facet normal 0 0 1
    outer loop
      vertex -7.16938 12.3373 5
      vertex -18 18 5
      vertex -7.17505 12.3169 5
    endloop
  endfacet
  facet normal 0 0 1
    outer loop
      vertex -7.16335 12.3577 5
      vertex -18 18 5
      vertex -7.16938 12.3373 5
    endloop
  endfacet
  facet normal 0 0 1
    outer loop
      vertex -7.15697 12.3779 5
      vertex -18 18 5
      vertex -7.16335 12.3577 5
    endloop
  endfacet
  facet normal 0 0 1
    outer loop
      vertex -7.15023 12.3981 5
      vertex -18 18 5
      vertex -7.15697 12.3779 5
    endloop
  endfacet
  facet normal 0 0 1
    outer loop
      vertex -7.14314 12.4181 5
      vertex -18 18 5
      vertex -7.15023 12.3981 5
    endloop
  endfacet
  facet normal 0 0 1
    outer loop
      vertex -7.13571 12.438 5
      vertex -18 18 5
      vertex -7.14314 12.4181 5
    endloop
  endfacet
  facet normal 0 0 1
    outer loop
      vertex -7.12792 12.4577 5
      vertex -18 18 5
      vertex -7.13571 12.438 5
    endloop
  endfacet
  facet normal 0 0 1
    outer loop
      vertex -7.1198 12.4773 5
      vertex -18 18 5
      vertex -7.12792 12.4577 5
    endloop
  endfacet
  facet normal 0 0 1
    outer loop
      vertex -7.11133 12.4968 5
      vertex -18 18 5
      vertex -7.1198 12.4773 5
    endloop
  endfacet
  facet normal 0 0 1
    outer loop
      vertex -7.10253 12.5161 5
      vertex -18 18 5
      vertex -7.11133 12.4968 5
    endloop
  endfacet
  facet normal 0 0 1
    outer loop
      vertex -7.09339 12.5353 5
      vertex -18 18 5
      vertex -7.10253 12.5161 5
    endloop
  endfacet
  facet normal 0 0 1
    outer loop
      vertex -7.08391 12.5543 5
      vertex -18 18 5
      vertex -7.09339 12.5353 5
    endloop
  endfacet
  facet normal 0 0 1
    outer loop
      vertex -7.07411 12.5731 5
      vertex -18 18 5
      vertex -7.08391 12.5543 5
    endloop
  endfacet
  facet normal 0 0 1
    outer loop
      vertex -7.06398 12.5918 5
      vertex -18 18 5
      vertex -7.07411 12.5731 5
    endloop
  endfacet
  facet normal 0 0 1
    outer loop
      vertex -7.05352 12.6103 5
      vertex -18 18 5
      vertex -7.06398 12.5918 5
    endloop
  endfacet
  facet normal 0 0 1
    outer loop
      vertex -7.04275 12.6285 5
      vertex -18 18 5
      vertex -7.05352 12.6103 5
    endloop
  endfacet
  facet normal 0 0 1
    outer loop
      vertex -7.03166 12.6466 5
      vertex -18 18 5
      vertex -7.04275 12.6285 5
    endloop
  endfacet
  facet normal 0 0 1
    outer loop
      vertex -7.02025 12.6646 5
      vertex -18 18 5
      vertex -7.03166 12.6466 5
    endloop
  endfacet
  facet normal 0 0 1
    outer loop
      vertex -7.00853 12.6823 5
      vertex -18 18 5
      vertex -7.02025 12.6646 5
    endloop
  endfacet
  facet normal 0 0 1
    outer loop
      vertex -6.9965 12.6998 5
      vertex -18 18 5
      vertex -7.00853 12.6823 5
    endloop
  endfacet
  facet normal 0 0 1
    outer loop
      vertex -6.98417 12.717 5
      vertex -18 18 5
      vertex -6.9965 12.6998 5
    endloop
  endfacet
  facet normal 0 0 1
    outer loop
      vertex -6.97154 12.7341 5
      vertex -18 18 5
      vertex -6.98417 12.717 5
    endloop
  endfacet
  facet normal 0 0 1
    outer loop
      vertex -6.95862 12.751 5
      vertex -18 18 5
      vertex -6.97154 12.7341 5
    endloop
  endfacet
  facet normal 0 0 1
    outer loop
      vertex -6.9454 12.7676 5
      vertex -18 18 5
      vertex -6.95862 12.751 5
    endloop
  endfacet
  facet normal 0 0 1
    outer loop
      vertex -6.9319 12.784 5
      vertex -18 18 5
      vertex -6.9454 12.7676 5
    endloop
  endfacet
  facet normal 0 0 1
    outer loop
      vertex -6.91811 12.8001 5
      vertex -18 18 5
      vertex -6.9319 12.784 5
    endloop
  endfacet
  facet normal 0 0 1
    outer loop
      vertex -6.90404 12.816 5
      vertex -18 18 5
      vertex -6.91811 12.8001 5
    endloop
  endfacet
  facet normal 0 0 1
    outer loop
      vertex -6.8897 12.8317 5
      vertex -18 18 5
      vertex -6.90404 12.816 5
    endloop
  endfacet
  facet normal 0 0 1
    outer loop
      vertex -6.87508 12.8471 5
      vertex -18 18 5
      vertex -6.8897 12.8317 5
    endloop
  endfacet
  facet normal 0 0 1
    outer loop
      vertex -6.8602 12.8622 5
      vertex -18 18 5
      vertex -6.87508 12.8471 5
    endloop
  endfacet
  facet normal 0 0 1
    outer loop
      vertex -6.84506 12.8771 5
      vertex -18 18 5
      vertex -6.8602 12.8622 5
    endloop
  endfacet
  facet normal 0 0 1
    outer loop
      vertex -6.82965 12.8917 5
      vertex -18 18 5
      vertex -6.84506 12.8771 5
    endloop
  endfacet
  facet normal 0 0 1
    outer loop
      vertex -6.814 12.906 5
      vertex -18 18 5
      vertex -6.82965 12.8917 5
    endloop
  endfacet
  facet normal 0 0 1
    outer loop
      vertex -6.7981 12.9201 5
      vertex -18 18 5
      vertex -6.814 12.906 5
    endloop
  endfacet
  facet normal 0 0 1
    outer loop
      vertex -6.78195 12.9339 5
      vertex -18 18 5
      vertex -6.7981 12.9201 5
    endloop
  endfacet
  facet normal 0 0 1
    outer loop
      vertex -6.76557 12.9474 5
      vertex -18 18 5
      vertex -6.78195 12.9339 5
    endloop
  endfacet
  facet normal 0 0 1
    outer loop
      vertex -6.74896 12.9606 5
      vertex -18 18 5
      vertex -6.76557 12.9474 5
    endloop
  endfacet
  facet normal 0 0 1
    outer loop
      vertex -6.73211 12.9735 5
      vertex -18 18 5
      vertex -6.74896 12.9606 5
    endloop
  endfacet
  facet normal 0 0 1
    outer loop
      vertex -6.71504 12.9862 5
      vertex -18 18 5
      vertex -6.73211 12.9735 5
    endloop
  endfacet
  facet normal 0 0 1
    outer loop
      vertex -6.69776 12.9985 5
      vertex -18 18 5
      vertex -6.71504 12.9862 5
    endloop
  endfacet
  facet normal 0 0 1
    outer loop
      vertex -6.68026 13.0105 5
      vertex -18 18 5
      vertex -6.69776 12.9985 5
    endloop
  endfacet
  facet normal 0 0 1
    outer loop
      vertex -6.66256 13.0222 5
      vertex -18 18 5
      vertex -6.68026 13.0105 5
    endloop
  endfacet
  facet normal 0 0 1
    outer loop
      vertex -6.64465 13.0337 5
      vertex -18 18 5
      vertex -6.66256 13.0222 5
    endloop
  endfacet
  facet normal 0 0 1
    outer loop
      vertex -6.62655 13.0447 5
      vertex -18 18 5
      vertex -6.64465 13.0337 5
    endloop
  endfacet
  facet normal 0 0 1
    outer loop
      vertex -6.60825 13.0555 5
      vertex -18 18 5
      vertex -6.62655 13.0447 5
    endloop
  endfacet
  facet normal 0 0 1
    outer loop
      vertex -6.58977 13.066 5
      vertex -18 18 5
      vertex -6.60825 13.0555 5
    endloop
  endfacet
  facet normal 0 0 1
    outer loop
      vertex -6.57111 13.0761 5
      vertex -18 18 5
      vertex -6.58977 13.066 5
    endloop
  endfacet
  facet normal 0 0 1
    outer loop
      vertex -6.55228 13.0859 5
      vertex -18 18 5
      vertex -6.57111 13.0761 5
    endloop
  endfacet
  facet normal 0 0 1
    outer loop
      vertex -6.53328 13.0954 5
      vertex -18 18 5
      vertex -6.55228 13.0859 5
    endloop
  endfacet
  facet normal 0 0 1
    outer loop
      vertex -6.51412 13.1045 5
      vertex -18 18 5
      vertex -6.53328 13.0954 5
    endloop
  endfacet
  facet normal 0 0 1
    outer loop
      vertex -6.4948 13.1133 5
      vertex -18 18 5
      vertex -6.51412 13.1045 5
    endloop
  endfacet
  facet normal 0 0 1
    outer loop
      vertex -6.47533 13.1218 5
      vertex -18 18 5
      vertex -6.4948 13.1133 5
    endloop
  endfacet
  facet normal 0 0 1
    outer loop
      vertex -6.45571 13.1299 5
      vertex -18 18 5
      vertex -6.47533 13.1218 5
    endloop
  endfacet
  facet normal 0 0 1
    outer loop
      vertex -6.43596 13.1377 5
      vertex -18 18 5
      vertex -6.45571 13.1299 5
    endloop
  endfacet
  facet normal 0 0 1
    outer loop
      vertex -6.41607 13.1451 5
      vertex -18 18 5
      vertex -6.43596 13.1377 5
    endloop
  endfacet
  facet normal 0 0 1
    outer loop
      vertex -6.39606 13.1522 5
      vertex -18 18 5
      vertex -6.41607 13.1451 5
    endloop
  endfacet
  facet normal 0 0 1
    outer loop
      vertex -6.37592 13.159 5
      vertex -18 18 5
      vertex -6.39606 13.1522 5
    endloop
  endfacet
  facet normal 0 0 1
    outer loop
      vertex -6.35567 13.1653 5
      vertex -18 18 5
      vertex -6.37592 13.159 5
    endloop
  endfacet
  facet normal 0 0 1
    outer loop
      vertex -6.33531 13.1714 5
      vertex -18 18 5
      vertex -6.35567 13.1653 5
    endloop
  endfacet
  facet normal 0 0 1
    outer loop
      vertex -6.31485 13.1771 5
      vertex -18 18 5
      vertex -6.33531 13.1714 5
    endloop
  endfacet
  facet normal 0 0 1
    outer loop
      vertex -6.2943 13.1824 5
      vertex -18 18 5
      vertex -6.31485 13.1771 5
    endloop
  endfacet
  facet normal 0 0 1
    outer loop
      vertex -6.27365 13.1873 5
      vertex -18 18 5
      vertex -6.2943 13.1824 5
    endloop
  endfacet
  facet normal 0 0 1
    outer loop
      vertex -6.25293 13.1919 5
      vertex -18 18 5
      vertex -6.27365 13.1873 5
    endloop
  endfacet
  facet normal 0 0 1
    outer loop
      vertex -6.23212 13.1962 5
      vertex -18 18 5
      vertex -6.25293 13.1919 5
    endloop
  endfacet
  facet normal 0 0 1
    outer loop
      vertex -6.21124 13.2 5
      vertex -18 18 5
      vertex -6.23212 13.1962 5
    endloop
  endfacet
  facet normal 0 0 1
    outer loop
      vertex 7.21676 11.9595 5
      vertex 18 18 5
      vertex 7.21732 11.9808 5
    endloop
  endfacet
  facet normal -0 0 1
    outer loop
      vertex 7.21732 -12.0212 5
      vertex 18 -18 5
      vertex 7.21751 -12 5
    endloop
  endfacet
  facet normal -0 0 1
    outer loop
      vertex 7.21676 -12.0425 5
      vertex 18 -18 5
      vertex 7.21732 -12.0212 5
    endloop
  endfacet
  facet normal -0 0 1
    outer loop
      vertex 7.21584 -12.0637 5
      vertex 18 -18 5
      vertex 7.21676 -12.0425 5
    endloop
  endfacet
  facet normal -0 0 1
    outer loop
      vertex 7.21454 -12.0849 5
      vertex 18 -18 5
      vertex 7.21584 -12.0637 5
    endloop
  endfacet
  facet normal -0 0 1
    outer loop
      vertex 7.21288 -12.106 5
      vertex 18 -18 5
      vertex 7.21454 -12.0849 5
    endloop
  endfacet
  facet normal -0 0 1
    outer loop
      vertex 7.21084 -12.1272 5
      vertex 18 -18 5
      vertex 7.21288 -12.106 5
    endloop
  endfacet
  facet normal -0 0 1
    outer loop
      vertex 7.20844 -12.1483 5
      vertex 18 -18 5
      vertex 7.21084 -12.1272 5
    endloop
  endfacet
  facet normal -0 0 1
    outer loop
      vertex 7.20567 -12.1693 5
      vertex 18 -18 5
      vertex 7.20844 -12.1483 5
    endloop
  endfacet
  facet normal -0 0 1
    outer loop
      vertex 7.20253 -12.1903 5
      vertex 18 -18 5
      vertex 7.20567 -12.1693 5
    endloop
  endfacet
  facet normal -0 0 1
    outer loop
      vertex 7.19902 -12.2112 5
      vertex 18 -18 5
      vertex 7.20253 -12.1903 5
    endloop
  endfacet
  facet normal -0 0 1
    outer loop
      vertex 7.19516 -12.2321 5
      vertex 18 -18 5
      vertex 7.19902 -12.2112 5
    endloop
  endfacet
  facet normal -0 0 1
    outer loop
      vertex 7.19092 -12.2529 5
      vertex 18 -18 5
      vertex 7.19516 -12.2321 5
    endloop
  endfacet
  facet normal -0 0 1
    outer loop
      vertex 7.18633 -12.2737 5
      vertex 18 -18 5
      vertex 7.19092 -12.2529 5
    endloop
  endfacet
  facet normal -0 0 1
    outer loop
      vertex 7.18137 -12.2943 5
      vertex 18 -18 5
      vertex 7.18633 -12.2737 5
    endloop
  endfacet
  facet normal -0 0 1
    outer loop
      vertex 7.17605 -12.3149 5
      vertex 18 -18 5
      vertex 7.18137 -12.2943 5
    endloop
  endfacet
  facet normal -0 0 1
    outer loop
      vertex 7.17038 -12.3353 5
      vertex 18 -18 5
      vertex 7.17605 -12.3149 5
    endloop
  endfacet
  facet normal -0 0 1
    outer loop
      vertex 7.16435 -12.3557 5
      vertex 18 -18 5
      vertex 7.17038 -12.3353 5
    endloop
  endfacet
  facet normal -0 0 1
    outer loop
      vertex 7.15797 -12.3759 5
      vertex 18 -18 5
      vertex 7.16435 -12.3557 5
    endloop
  endfacet
  facet normal -0 0 1
    outer loop
      vertex 7.15123 -12.3961 5
      vertex 18 -18 5
      vertex 7.15797 -12.3759 5
    endloop
  endfacet
  facet normal -0 0 1
    outer loop
      vertex 7.14414 -12.4161 5
      vertex 18 -18 5
      vertex 7.15123 -12.3961 5
    endloop
  endfacet
  facet normal -0 0 1
    outer loop
      vertex 7.13671 -12.436 5
      vertex 18 -18 5
      vertex 7.14414 -12.4161 5
    endloop
  endfacet
  facet normal -0 0 1
    outer loop
      vertex 7.12892 -12.4557 5
      vertex 18 -18 5
      vertex 7.13671 -12.436 5
    endloop
  endfacet
  facet normal -0 0 1
    outer loop
      vertex 7.1208 -12.4753 5
      vertex 18 -18 5
      vertex 7.12892 -12.4557 5
    endloop
  endfacet
  facet normal -0 0 1
    outer loop
      vertex 7.11233 -12.4948 5
      vertex 18 -18 5
      vertex 7.1208 -12.4753 5
    endloop
  endfacet
  facet normal -0 0 1
    outer loop
      vertex 7.10353 -12.5141 5
      vertex 18 -18 5
      vertex 7.11233 -12.4948 5
    endloop
  endfacet
  facet normal -0 0 1
    outer loop
      vertex 7.09439 -12.5333 5
      vertex 18 -18 5
      vertex 7.10353 -12.5141 5
    endloop
  endfacet
  facet normal -0 0 1
    outer loop
      vertex 7.08491 -12.5523 5
      vertex 18 -18 5
      vertex 7.09439 -12.5333 5
    endloop
  endfacet
  facet normal -0 0 1
    outer loop
      vertex 7.07511 -12.5711 5
      vertex 18 -18 5
      vertex 7.08491 -12.5523 5
    endloop
  endfacet
  facet normal -0 0 1
    outer loop
      vertex 7.06498 -12.5898 5
      vertex 18 -18 5
      vertex 7.07511 -12.5711 5
    endloop
  endfacet
  facet normal -0 0 1
    outer loop
      vertex 7.05452 -12.6083 5
      vertex 18 -18 5
      vertex 7.06498 -12.5898 5
    endloop
  endfacet
  facet normal -0 0 1
    outer loop
      vertex 7.04375 -12.6265 5
      vertex 18 -18 5
      vertex 7.05452 -12.6083 5
    endloop
  endfacet
  facet normal -0 0 1
    outer loop
      vertex 7.03266 -12.6446 5
      vertex 18 -18 5
      vertex 7.04375 -12.6265 5
    endloop
  endfacet
  facet normal -0 0 1
    outer loop
      vertex 7.02125 -12.6626 5
      vertex 18 -18 5
      vertex 7.03266 -12.6446 5
    endloop
  endfacet
  facet normal -0 0 1
    outer loop
      vertex 7.00953 -12.6803 5
      vertex 18 -18 5
      vertex 7.02125 -12.6626 5
    endloop
  endfacet
  facet normal -0 0 1
    outer loop
      vertex 6.9975 -12.6978 5
      vertex 18 -18 5
      vertex 7.00953 -12.6803 5
    endloop
  endfacet
  facet normal -0 0 1
    outer loop
      vertex 6.98517 -12.715 5
      vertex 18 -18 5
      vertex 6.9975 -12.6978 5
    endloop
  endfacet
  facet normal -0 0 1
    outer loop
      vertex 6.97254 -12.7321 5
      vertex 18 -18 5
      vertex 6.98517 -12.715 5
    endloop
  endfacet
  facet normal -0 0 1
    outer loop
      vertex 6.95962 -12.749 5
      vertex 18 -18 5
      vertex 6.97254 -12.7321 5
    endloop
  endfacet
  facet normal -0 0 1
    outer loop
      vertex 6.9464 -12.7656 5
      vertex 18 -18 5
      vertex 6.95962 -12.749 5
    endloop
  endfacet
  facet normal -0 0 1
    outer loop
      vertex 6.9329 -12.782 5
      vertex 18 -18 5
      vertex 6.9464 -12.7656 5
    endloop
  endfacet
  facet normal -0 0 1
    outer loop
      vertex 6.91911 -12.7981 5
      vertex 18 -18 5
      vertex 6.9329 -12.782 5
    endloop
  endfacet
  facet normal -0 0 1
    outer loop
      vertex 6.90504 -12.814 5
      vertex 18 -18 5
      vertex 6.91911 -12.7981 5
    endloop
  endfacet
  facet normal -0 0 1
    outer loop
      vertex 6.8907 -12.8297 5
      vertex 18 -18 5
      vertex 6.90504 -12.814 5
    endloop
  endfacet
  facet normal -0 0 1
    outer loop
      vertex 6.87608 -12.8451 5
      vertex 18 -18 5
      vertex 6.8907 -12.8297 5
    endloop
  endfacet
  facet normal -0 0 1
    outer loop
      vertex 6.8612 -12.8602 5
      vertex 18 -18 5
      vertex 6.87608 -12.8451 5
    endloop
  endfacet
  facet normal -0 0 1
    outer loop
      vertex 6.84606 -12.8751 5
      vertex 18 -18 5
      vertex 6.8612 -12.8602 5
    endloop
  endfacet
  facet normal -0 0 1
    outer loop
      vertex 6.83065 -12.8897 5
      vertex 18 -18 5
      vertex 6.84606 -12.8751 5
    endloop
  endfacet
  facet normal -0 0 1
    outer loop
      vertex 6.815 -12.904 5
      vertex 18 -18 5
      vertex 6.83065 -12.8897 5
    endloop
  endfacet
  facet normal -0 0 1
    outer loop
      vertex 6.7991 -12.9181 5
      vertex 18 -18 5
      vertex 6.815 -12.904 5
    endloop
  endfacet
  facet normal -0 0 1
    outer loop
      vertex 6.78295 -12.9319 5
      vertex 18 -18 5
      vertex 6.7991 -12.9181 5
    endloop
  endfacet
  facet normal -0 0 1
    outer loop
      vertex 6.76657 -12.9454 5
      vertex 18 -18 5
      vertex 6.78295 -12.9319 5
    endloop
  endfacet
  facet normal -0 0 1
    outer loop
      vertex 6.74996 -12.9586 5
      vertex 18 -18 5
      vertex 6.76657 -12.9454 5
    endloop
  endfacet
  facet normal -0 0 1
    outer loop
      vertex 6.73311 -12.9715 5
      vertex 18 -18 5
      vertex 6.74996 -12.9586 5
    endloop
  endfacet
  facet normal -0 0 1
    outer loop
      vertex 6.71604 -12.9842 5
      vertex 18 -18 5
      vertex 6.73311 -12.9715 5
    endloop
  endfacet
  facet normal -0 0 1
    outer loop
      vertex 6.69876 -12.9965 5
      vertex 18 -18 5
      vertex 6.71604 -12.9842 5
    endloop
  endfacet
  facet normal -0 0 1
    outer loop
      vertex 6.68126 -13.0085 5
      vertex 18 -18 5
      vertex 6.69876 -12.9965 5
    endloop
  endfacet
  facet normal -0 0 1
    outer loop
      vertex 6.66356 -13.0202 5
      vertex 18 -18 5
      vertex 6.68126 -13.0085 5
    endloop
  endfacet
  facet normal -0 0 1
    outer loop
      vertex 6.64565 -13.0317 5
      vertex 18 -18 5
      vertex 6.66356 -13.0202 5
    endloop
  endfacet
  facet normal -0 0 1
    outer loop
      vertex 6.62755 -13.0427 5
      vertex 18 -18 5
      vertex 6.64565 -13.0317 5
    endloop
  endfacet
  facet normal -0 0 1
    outer loop
      vertex 6.60925 -13.0535 5
      vertex 18 -18 5
      vertex 6.62755 -13.0427 5
    endloop
  endfacet
  facet normal -0 0 1
    outer loop
      vertex 6.59077 -13.064 5
      vertex 18 -18 5
      vertex 6.60925 -13.0535 5
    endloop
  endfacet
  facet normal -0 0 1
    outer loop
      vertex 6.57211 -13.0741 5
      vertex 18 -18 5
      vertex 6.59077 -13.064 5
    endloop
  endfacet
  facet normal -0 0 1
    outer loop
      vertex 6.55328 -13.0839 5
      vertex 18 -18 5
      vertex 6.57211 -13.0741 5
    endloop
  endfacet
  facet normal -0 0 1
    outer loop
      vertex 6.53428 -13.0934 5
      vertex 18 -18 5
      vertex 6.55328 -13.0839 5
    endloop
  endfacet
  facet normal -0 0 1
    outer loop
      vertex 6.51512 -13.1025 5
      vertex 18 -18 5
      vertex 6.53428 -13.0934 5
    endloop
  endfacet
  facet normal -0 0 1
    outer loop
      vertex 6.4958 -13.1113 5
      vertex 18 -18 5
      vertex 6.51512 -13.1025 5
    endloop
  endfacet
  facet normal -0 0 1
    outer loop
      vertex 6.47633 -13.1198 5
      vertex 18 -18 5
      vertex 6.4958 -13.1113 5
    endloop
  endfacet
  facet normal -0 0 1
    outer loop
      vertex 6.45671 -13.1279 5
      vertex 18 -18 5
      vertex 6.47633 -13.1198 5
    endloop
  endfacet
  facet normal -0 0 1
    outer loop
      vertex 6.43696 -13.1357 5
      vertex 18 -18 5
      vertex 6.45671 -13.1279 5
    endloop
  endfacet
  facet normal -0 0 1
    outer loop
      vertex 6.41707 -13.1431 5
      vertex 18 -18 5
      vertex 6.43696 -13.1357 5
    endloop
  endfacet
  facet normal -0 0 1
    outer loop
      vertex 6.39706 -13.1502 5
      vertex 18 -18 5
      vertex 6.41707 -13.1431 5
    endloop
  endfacet
  facet normal -0 0 1
    outer loop
      vertex 6.37692 -13.157 5
      vertex 18 -18 5
      vertex 6.39706 -13.1502 5
    endloop
  endfacet
  facet normal -0 0 1
    outer loop
      vertex 6.35667 -13.1634 5
      vertex 18 -18 5
      vertex 6.37692 -13.157 5
    endloop
  endfacet
  facet normal -0 0 1
    outer loop
      vertex 6.33631 -13.1694 5
      vertex 18 -18 5
      vertex 6.35667 -13.1634 5
    endloop
  endfacet
  facet normal -0 0 1
    outer loop
      vertex 6.31585 -13.1751 5
      vertex 18 -18 5
      vertex 6.33631 -13.1694 5
    endloop
  endfacet
  facet normal -0 0 1
    outer loop
      vertex 6.2953 -13.1804 5
      vertex 18 -18 5
      vertex 6.31585 -13.1751 5
    endloop
  endfacet
  facet normal -0 0 1
    outer loop
      vertex 6.27465 -13.1853 5
      vertex 18 -18 5
      vertex 6.2953 -13.1804 5
    endloop
  endfacet
  facet normal -0 0 1
    outer loop
      vertex 6.25393 -13.1899 5
      vertex 18 -18 5
      vertex 6.27465 -13.1853 5
    endloop
  endfacet
  facet normal -0 0 1
    outer loop
      vertex 6.23312 -13.1942 5
      vertex 18 -18 5
      vertex 6.25393 -13.1899 5
    endloop
  endfacet
  facet normal -0 0 1
    outer loop
      vertex 6.21224 -13.198 5
      vertex 18 -18 5
      vertex 6.23312 -13.1942 5
    endloop
  endfacet
  facet normal -0 0 1
    outer loop
      vertex 6.1913 -13.2015 5
      vertex 18 -18 5
      vertex 6.21224 -13.198 5
    endloop
  endfacet
  facet normal -0 0 1
    outer loop
      vertex 6.1703 -13.2047 5
      vertex 18 -18 5
      vertex 6.1913 -13.2015 5
    endloop
  endfacet
  facet normal -0 0 1
    outer loop
      vertex 6.14925 -13.2074 5
      vertex 18 -18 5
      vertex 6.1703 -13.2047 5
    endloop
  endfacet
  facet normal -0 0 1
    outer loop
      vertex 6.12816 -13.2098 5
      vertex 18 -18 5
      vertex 6.14925 -13.2074 5
    endloop
  endfacet
  facet normal -0 0 1
    outer loop
      vertex 6.10702 -13.2119 5
      vertex 18 -18 5
      vertex 6.12816 -13.2098 5
    endloop
  endfacet
  facet normal -0 0 1
    outer loop
      vertex 6.08586 -13.2135 5
      vertex 18 -18 5
      vertex 6.10702 -13.2119 5
    endloop
  endfacet
  facet normal -0 0 1
    outer loop
      vertex 6.06467 -13.2148 5
      vertex 18 -18 5
      vertex 6.08586 -13.2135 5
    endloop
  endfacet
  facet normal -0 0 1
    outer loop
      vertex 6.04345 -13.2158 5
      vertex 18 -18 5
      vertex 6.06467 -13.2148 5
    endloop
  endfacet
  facet normal -0 0 1
    outer loop
      vertex 6.02223 -13.2163 5
      vertex 18 -18 5
      vertex 6.04345 -13.2158 5
    endloop
  endfacet
  facet normal -0 0 1
    outer loop
      vertex 6.001 -13.2165 5
      vertex 18 -18 5
      vertex 6.02223 -13.2163 5
    endloop
  endfacet
  facet normal 0 0 1
    outer loop
      vertex 5.97977 -13.2163 5
      vertex 18 -18 5
      vertex 6.001 -13.2165 5
    endloop
  endfacet
  facet normal 0 0 1
    outer loop
      vertex 5.95855 -13.2158 5
      vertex 18 -18 5
      vertex 5.97977 -13.2163 5
    endloop
  endfacet
  facet normal 0 0 1
    outer loop
      vertex 5.93733 -13.2148 5
      vertex 18 -18 5
      vertex 5.95855 -13.2158 5
    endloop
  endfacet
  facet normal 0 0 1
    outer loop
      vertex 5.91614 -13.2135 5
      vertex 18 -18 5
      vertex 5.93733 -13.2148 5
    endloop
  endfacet
  facet normal 0 0 1
    outer loop
      vertex 5.89498 -13.2119 5
      vertex 18 -18 5
      vertex 5.91614 -13.2135 5
    endloop
  endfacet
  facet normal 0 0 1
    outer loop
      vertex 5.87384 -13.2098 5
      vertex 18 -18 5
      vertex 5.89498 -13.2119 5
    endloop
  endfacet
  facet normal 0 0 1
    outer loop
      vertex 5.85275 -13.2074 5
      vertex 18 -18 5
      vertex 5.87384 -13.2098 5
    endloop
  endfacet
  facet normal 0 0 1
    outer loop
      vertex 5.8317 -13.2047 5
      vertex 18 -18 5
      vertex 5.85275 -13.2074 5
    endloop
  endfacet
  facet normal 0 0 1
    outer loop
      vertex 5.8107 -13.2015 5
      vertex 18 -18 5
      vertex 5.8317 -13.2047 5
    endloop
  endfacet
  facet normal 0 0 1
    outer loop
      vertex 5.78976 -13.198 5
      vertex 18 -18 5
      vertex 5.8107 -13.2015 5
    endloop
  endfacet
  facet normal 0 0 1
    outer loop
      vertex 5.76888 -13.1942 5
      vertex 18 -18 5
      vertex 5.78976 -13.198 5
    endloop
  endfacet
  facet normal 0 0 1
    outer loop
      vertex -18 -18 5
      vertex 5.76888 -13.1942 5
      vertex 5.74807 -13.1899 5
    endloop
  endfacet
  facet normal 0 0 1
    outer loop
      vertex -18 -18 5
      vertex 5.74807 -13.1899 5
      vertex 5.72735 -13.1853 5
    endloop
  endfacet
  facet normal 0 0 1
    outer loop
      vertex -18 -18 5
      vertex 5.72735 -13.1853 5
      vertex 5.7067 -13.1804 5
    endloop
  endfacet
  facet normal 0 0 1
    outer loop
      vertex -18 -18 5
      vertex 5.7067 -13.1804 5
      vertex 5.68615 -13.1751 5
    endloop
  endfacet
  facet normal 0 0 1
    outer loop
      vertex -18 -18 5
      vertex 5.68615 -13.1751 5
      vertex 5.66569 -13.1694 5
    endloop
  endfacet
  facet normal 0 0 1
    outer loop
      vertex -18 -18 5
      vertex 5.66569 -13.1694 5
      vertex 5.64533 -13.1634 5
    endloop
  endfacet
  facet normal 0 0 1
    outer loop
      vertex -18 -18 5
      vertex 5.64533 -13.1634 5
      vertex 5.62508 -13.157 5
    endloop
  endfacet
  facet normal 0 0 1
    outer loop
      vertex -18 -18 5
      vertex 5.62508 -13.157 5
      vertex 5.60494 -13.1502 5
    endloop
  endfacet
  facet normal 0 0 1
    outer loop
      vertex -18 -18 5
      vertex 5.60494 -13.1502 5
      vertex 5.58493 -13.1431 5
    endloop
  endfacet
  facet normal 0 0 1
    outer loop
      vertex -18 -18 5
      vertex 5.58493 -13.1431 5
      vertex 5.56504 -13.1357 5
    endloop
  endfacet
  facet normal -0 0 1
    outer loop
      vertex -5.1398 -0.859199 5
      vertex 5.1408 -11.1398 5
      vertex -5.12492 -0.844056 5
    endloop
  endfacet
  facet normal 0 0 1
    outer loop
      vertex 5.1408 -11.1398 5
      vertex -5.1398 -0.859199 5
      vertex 5.12592 -11.1549 5
    endloop
  endfacet
  facet normal -0 0 1
    outer loop
      vertex -5.15494 -0.874081 5
      vertex 5.12592 -11.1549 5
      vertex -5.1398 -0.859199 5
    endloop
  endfacet
  facet normal 0 0 1
    outer loop
      vertex 5.12592 -11.1549 5
      vertex -5.15494 -0.874081 5
      vertex 5.1113 -11.1703 5
    endloop
  endfacet
  facet normal -0 0 1
    outer loop
      vertex -5.17035 -0.888696 5
      vertex 5.1113 -11.1703 5
      vertex -5.15494 -0.874081 5
    endloop
  endfacet
  facet normal 0 0 1
    outer loop
      vertex 5.1113 -11.1703 5
      vertex -5.17035 -0.888696 5
      vertex 5.09696 -11.186 5
    endloop
  endfacet
  facet normal -0 0 1
    outer loop
      vertex -5.186 -0.90304 5
      vertex 5.09696 -11.186 5
      vertex -5.17035 -0.888696 5
    endloop
  endfacet
  facet normal 0 0 1
    outer loop
      vertex 5.09696 -11.186 5
      vertex -5.186 -0.90304 5
      vertex 5.08289 -11.2019 5
    endloop
  endfacet
  facet normal -0 0 1
    outer loop
      vertex -5.2019 -0.917109 5
      vertex 5.08289 -11.2019 5
      vertex -5.186 -0.90304 5
    endloop
  endfacet
  facet normal 0 0 1
    outer loop
      vertex 5.08289 -11.2019 5
      vertex -5.2019 -0.917109 5
      vertex 5.0691 -11.218 5
    endloop
  endfacet
  facet normal -0 0 1
    outer loop
      vertex -5.21805 -0.930897 5
      vertex 5.0691 -11.218 5
      vertex -5.2019 -0.917109 5
    endloop
  endfacet
  facet normal 0 0 1
    outer loop
      vertex 5.0691 -11.218 5
      vertex -5.21805 -0.930897 5
      vertex 5.0556 -11.2344 5
    endloop
  endfacet
  facet normal -0 0 1
    outer loop
      vertex -5.23443 -0.944402 5
      vertex 5.0556 -11.2344 5
      vertex -5.21805 -0.930897 5
    endloop
  endfacet
  facet normal 0 0 1
    outer loop
      vertex 5.0556 -11.2344 5
      vertex -5.23443 -0.944402 5
      vertex 5.04238 -11.251 5
    endloop
  endfacet
  facet normal -0 0 1
    outer loop
      vertex -5.25104 -0.95762 5
      vertex 5.04238 -11.251 5
      vertex -5.23443 -0.944402 5
    endloop
  endfacet
  facet normal 0 0 1
    outer loop
      vertex 5.04238 -11.251 5
      vertex -5.25104 -0.95762 5
      vertex 5.02946 -11.2679 5
    endloop
  endfacet
  facet normal -0 0 1
    outer loop
      vertex -5.26789 -0.970544 5
      vertex 5.02946 -11.2679 5
      vertex -5.25104 -0.95762 5
    endloop
  endfacet
  facet normal 0 0 1
    outer loop
      vertex 5.02946 -11.2679 5
      vertex -5.26789 -0.970544 5
      vertex 5.01683 -11.285 5
    endloop
  endfacet
  facet normal -0 0 1
    outer loop
      vertex -5.28496 -0.983174 5
      vertex 5.01683 -11.285 5
      vertex -5.26789 -0.970544 5
    endloop
  endfacet
  facet normal 0 0 1
    outer loop
      vertex 5.01683 -11.285 5
      vertex -5.28496 -0.983174 5
      vertex 5.0045 -11.3022 5
    endloop
  endfacet
  facet normal -0 0 1
    outer loop
      vertex -5.30224 -0.995503 5
      vertex 5.0045 -11.3022 5
      vertex -5.28496 -0.983174 5
    endloop
  endfacet
  facet normal 0 0 1
    outer loop
      vertex 5.0045 -11.3022 5
      vertex -5.30224 -0.995503 5
      vertex 4.99247 -11.3197 5
    endloop
  endfacet
  facet normal -0 0 1
    outer loop
      vertex -5.31974 -1.00753 5
      vertex 4.99247 -11.3197 5
      vertex -5.30224 -0.995503 5
    endloop
  endfacet
  facet normal 0 0 1
    outer loop
      vertex 4.99247 -11.3197 5
      vertex -5.31974 -1.00753 5
      vertex 4.98075 -11.3374 5
    endloop
  endfacet
  facet normal -0 0 1
    outer loop
      vertex -5.33744 -1.01925 5
      vertex 4.98075 -11.3374 5
      vertex -5.31974 -1.00753 5
    endloop
  endfacet
  facet normal 0 0 1
    outer loop
      vertex 4.98075 -11.3374 5
      vertex -5.33744 -1.01925 5
      vertex 4.96934 -11.3554 5
    endloop
  endfacet
  facet normal -0 0 1
    outer loop
      vertex -5.35535 -1.03066 5
      vertex 4.96934 -11.3554 5
      vertex -5.33744 -1.01925 5
    endloop
  endfacet
  facet normal 0 0 1
    outer loop
      vertex 4.96934 -11.3554 5
      vertex -5.35535 -1.03066 5
      vertex 4.95825 -11.3735 5
    endloop
  endfacet
  facet normal -0 0 1
    outer loop
      vertex -5.37345 -1.04175 5
      vertex 4.95825 -11.3735 5
      vertex -5.35535 -1.03066 5
    endloop
  endfacet
  facet normal 0 0 1
    outer loop
      vertex 4.95825 -11.3735 5
      vertex -5.37345 -1.04175 5
      vertex 4.94747 -11.3917 5
    endloop
  endfacet
  facet normal -0 0 1
    outer loop
      vertex -5.39175 -1.05252 5
      vertex 4.94747 -11.3917 5
      vertex -5.37345 -1.04175 5
    endloop
  endfacet
  facet normal 0 0 1
    outer loop
      vertex 4.94747 -11.3917 5
      vertex -5.39175 -1.05252 5
      vertex 4.93702 -11.4102 5
    endloop
  endfacet
  facet normal -0 0 1
    outer loop
      vertex -5.41023 -1.06298 5
      vertex 4.93702 -11.4102 5
      vertex -5.39175 -1.05252 5
    endloop
  endfacet
  facet normal 0 0 1
    outer loop
      vertex 4.93702 -11.4102 5
      vertex -5.41023 -1.06298 5
      vertex 4.92689 -11.4289 5
    endloop
  endfacet
  facet normal -0 0 1
    outer loop
      vertex -5.42889 -1.07311 5
      vertex 4.92689 -11.4289 5
      vertex -5.41023 -1.06298 5
    endloop
  endfacet
  facet normal 0 0 1
    outer loop
      vertex 4.92689 -11.4289 5
      vertex -5.42889 -1.07311 5
      vertex 4.91709 -11.4477 5
    endloop
  endfacet
  facet normal -0 0 1
    outer loop
      vertex -5.44772 -1.08291 5
      vertex 4.91709 -11.4477 5
      vertex -5.42889 -1.07311 5
    endloop
  endfacet
  facet normal 0 0 1
    outer loop
      vertex 4.91709 -11.4477 5
      vertex -5.44772 -1.08291 5
      vertex 4.90761 -11.4667 5
    endloop
  endfacet
  facet normal -0 0 1
    outer loop
      vertex -5.46672 -1.09239 5
      vertex 4.90761 -11.4667 5
      vertex -5.44772 -1.08291 5
    endloop
  endfacet
  facet normal 0 0 1
    outer loop
      vertex 4.90761 -11.4667 5
      vertex -5.46672 -1.09239 5
      vertex 4.89847 -11.4859 5
    endloop
  endfacet
  facet normal -0 0 1
    outer loop
      vertex -5.48588 -1.10153 5
      vertex 4.89847 -11.4859 5
      vertex -5.46672 -1.09239 5
    endloop
  endfacet
  facet normal 0 0 1
    outer loop
      vertex 4.89847 -11.4859 5
      vertex -5.48588 -1.10153 5
      vertex 4.88967 -11.5052 5
    endloop
  endfacet
  facet normal -0 0 1
    outer loop
      vertex -5.5052 -1.11033 5
      vertex 4.88967 -11.5052 5
      vertex -5.48588 -1.10153 5
    endloop
  endfacet
  facet normal 0 0 1
    outer loop
      vertex 4.88967 -11.5052 5
      vertex -5.5052 -1.11033 5
      vertex 4.8812 -11.5247 5
    endloop
  endfacet
  facet normal -0 0 1
    outer loop
      vertex -5.52467 -1.1188 5
      vertex 4.8812 -11.5247 5
      vertex -5.5052 -1.11033 5
    endloop
  endfacet
  facet normal 0 0 1
    outer loop
      vertex 4.8812 -11.5247 5
      vertex -5.52467 -1.1188 5
      vertex 4.87308 -11.5443 5
    endloop
  endfacet
  facet normal -0 0 1
    outer loop
      vertex -5.54429 -1.12692 5
      vertex 4.87308 -11.5443 5
      vertex -5.52467 -1.1188 5
    endloop
  endfacet
  facet normal 0 0 1
    outer loop
      vertex 4.87308 -11.5443 5
      vertex -5.54429 -1.12692 5
      vertex 4.86529 -11.564 5
    endloop
  endfacet
  facet normal -0 0 1
    outer loop
      vertex -5.56404 -1.13471 5
      vertex 4.86529 -11.564 5
      vertex -5.54429 -1.12692 5
    endloop
  endfacet
  facet normal 0 0 1
    outer loop
      vertex 4.86529 -11.564 5
      vertex -5.56404 -1.13471 5
      vertex 4.85786 -11.5839 5
    endloop
  endfacet
  facet normal -0 0 1
    outer loop
      vertex -5.58393 -1.14214 5
      vertex 4.85786 -11.5839 5
      vertex -5.56404 -1.13471 5
    endloop
  endfacet
  facet normal 0 0 1
    outer loop
      vertex 4.85786 -11.5839 5
      vertex -5.58393 -1.14214 5
      vertex 4.85077 -11.6039 5
    endloop
  endfacet
  facet normal -0 0 1
    outer loop
      vertex -5.60394 -1.14923 5
      vertex 4.85077 -11.6039 5
      vertex -5.58393 -1.14214 5
    endloop
  endfacet
  facet normal 0 0 1
    outer loop
      vertex 4.85077 -11.6039 5
      vertex -5.60394 -1.14923 5
      vertex 4.84403 -11.6241 5
    endloop
  endfacet
  facet normal -0 0 1
    outer loop
      vertex -5.62408 -1.15597 5
      vertex 4.84403 -11.6241 5
      vertex -5.60394 -1.14923 5
    endloop
  endfacet
  facet normal 0 0 1
    outer loop
      vertex 4.84403 -11.6241 5
      vertex -5.62408 -1.15597 5
      vertex 4.83765 -11.6443 5
    endloop
  endfacet
  facet normal -0 0 1
    outer loop
      vertex -5.64433 -1.16235 5
      vertex 4.83765 -11.6443 5
      vertex -5.62408 -1.15597 5
    endloop
  endfacet
  facet normal 0 0 1
    outer loop
      vertex 4.83765 -11.6443 5
      vertex -5.64433 -1.16235 5
      vertex 4.83162 -11.6647 5
    endloop
  endfacet
  facet normal -0 0 1
    outer loop
      vertex -5.66469 -1.16838 5
      vertex 4.83162 -11.6647 5
      vertex -5.64433 -1.16235 5
    endloop
  endfacet
  facet normal 0 0 1
    outer loop
      vertex 4.83162 -11.6647 5
      vertex -5.66469 -1.16838 5
      vertex 4.82595 -11.6851 5
    endloop
  endfacet
  facet normal -0 0 1
    outer loop
      vertex -5.68515 -1.17405 5
      vertex 4.82595 -11.6851 5
      vertex -5.66469 -1.16838 5
    endloop
  endfacet
  facet normal 0 0 1
    outer loop
      vertex 4.82595 -11.6851 5
      vertex -5.68515 -1.17405 5
      vertex 4.82063 -11.7057 5
    endloop
  endfacet
  facet normal -0 0 1
    outer loop
      vertex -5.7057 -1.17937 5
      vertex 4.82063 -11.7057 5
      vertex -5.68515 -1.17405 5
    endloop
  endfacet
  facet normal 0 0 1
    outer loop
      vertex 4.82063 -11.7057 5
      vertex -5.7057 -1.17937 5
      vertex 4.81567 -11.7263 5
    endloop
  endfacet
  facet normal -0 0 1
    outer loop
      vertex -5.72635 -1.18433 5
      vertex 4.81567 -11.7263 5
      vertex -5.7057 -1.17937 5
    endloop
  endfacet
  facet normal 0 0 1
    outer loop
      vertex 4.81567 -11.7263 5
      vertex -5.72635 -1.18433 5
      vertex 4.81108 -11.7471 5
    endloop
  endfacet
  facet normal -0 0 1
    outer loop
      vertex -5.74707 -1.18892 5
      vertex 4.81108 -11.7471 5
      vertex -5.72635 -1.18433 5
    endloop
  endfacet
  facet normal 0 0 1
    outer loop
      vertex 4.81108 -11.7471 5
      vertex -5.74707 -1.18892 5
      vertex 4.80684 -11.7679 5
    endloop
  endfacet
  facet normal -0 0 1
    outer loop
      vertex -5.76788 -1.19316 5
      vertex 4.80684 -11.7679 5
      vertex -5.74707 -1.18892 5
    endloop
  endfacet
  facet normal 0 0 1
    outer loop
      vertex 4.80684 -11.7679 5
      vertex -5.76788 -1.19316 5
      vertex 4.80298 -11.7888 5
    endloop
  endfacet
  facet normal -0 0 1
    outer loop
      vertex -5.78876 -1.19702 5
      vertex 4.80298 -11.7888 5
      vertex -5.76788 -1.19316 5
    endloop
  endfacet
  facet normal 0 0 1
    outer loop
      vertex 4.80298 -11.7888 5
      vertex -5.78876 -1.19702 5
      vertex 4.79947 -11.8097 5
    endloop
  endfacet
  facet normal -0 0 1
    outer loop
      vertex -5.8097 -1.20053 5
      vertex 4.79947 -11.8097 5
      vertex -5.78876 -1.19702 5
    endloop
  endfacet
  facet normal 0 0 1
    outer loop
      vertex 4.79947 -11.8097 5
      vertex -5.8097 -1.20053 5
      vertex 4.79633 -11.8307 5
    endloop
  endfacet
  facet normal -0 0 1
    outer loop
      vertex -5.8307 -1.20367 5
      vertex 4.79633 -11.8307 5
      vertex -5.8097 -1.20053 5
    endloop
  endfacet
  facet normal 0 0 1
    outer loop
      vertex 4.79633 -11.8307 5
      vertex -5.8307 -1.20367 5
      vertex 4.79356 -11.8517 5
    endloop
  endfacet
  facet normal -0 0 1
    outer loop
      vertex -5.85175 -1.20644 5
      vertex 4.79356 -11.8517 5
      vertex -5.8307 -1.20367 5
    endloop
  endfacet
  facet normal 0 0 1
    outer loop
      vertex 4.79356 -11.8517 5
      vertex -5.85175 -1.20644 5
      vertex 4.79116 -11.8728 5
    endloop
  endfacet
  facet normal -0 0 1
    outer loop
      vertex -5.87284 -1.20884 5
      vertex 4.79116 -11.8728 5
      vertex -5.85175 -1.20644 5
    endloop
  endfacet
  facet normal 0 0 1
    outer loop
      vertex 4.79116 -11.8728 5
      vertex -5.87284 -1.20884 5
      vertex 4.78912 -11.894 5
    endloop
  endfacet
  facet normal -0 0 1
    outer loop
      vertex -5.89398 -1.21088 5
      vertex 4.78912 -11.894 5
      vertex -5.87284 -1.20884 5
    endloop
  endfacet
  facet normal 0 0 1
    outer loop
      vertex 4.78912 -11.894 5
      vertex -5.89398 -1.21088 5
      vertex 4.78746 -11.9151 5
    endloop
  endfacet
  facet normal -0 0 1
    outer loop
      vertex -5.91514 -1.21254 5
      vertex 4.78746 -11.9151 5
      vertex -5.89398 -1.21088 5
    endloop
  endfacet
  facet normal 0 0 1
    outer loop
      vertex 4.78746 -11.9151 5
      vertex -5.91514 -1.21254 5
      vertex 4.78616 -11.9363 5
    endloop
  endfacet
  facet normal -0 0 1
    outer loop
      vertex -5.93633 -1.21384 5
      vertex 4.78616 -11.9363 5
      vertex -5.91514 -1.21254 5
    endloop
  endfacet
  facet normal 0 0 1
    outer loop
      vertex 4.78616 -11.9363 5
      vertex -5.93633 -1.21384 5
      vertex 4.78523 -11.9575 5
    endloop
  endfacet
  facet normal -0 0 1
    outer loop
      vertex -5.95755 -1.21476 5
      vertex 4.78523 -11.9575 5
      vertex -5.93633 -1.21384 5
    endloop
  endfacet
  facet normal 0 0 1
    outer loop
      vertex 4.78523 -11.9575 5
      vertex -5.95755 -1.21476 5
      vertex 4.78468 -11.9788 5
    endloop
  endfacet
  facet normal -0 0 1
    outer loop
      vertex -5.97877 -1.21532 5
      vertex 4.78468 -11.9788 5
      vertex -5.95755 -1.21476 5
    endloop
  endfacet
  facet normal 0 0 1
    outer loop
      vertex 4.78468 -11.9788 5
      vertex -5.97877 -1.21532 5
      vertex 4.78449 -12 5
    endloop
  endfacet
  facet normal -0 0 1
    outer loop
      vertex -6 -1.21551 5
      vertex 4.78449 -12 5
      vertex -5.97877 -1.21532 5
    endloop
  endfacet
  facet normal 0 0 1
    outer loop
      vertex 4.78449 -12 5
      vertex -6 -1.21551 5
      vertex 4.78468 -12.0212 5
    endloop
  endfacet
  facet normal 0 0 1
    outer loop
      vertex -6.02123 -1.21532 5
      vertex 4.78468 -12.0212 5
      vertex -6 -1.21551 5
    endloop
  endfacet
  facet normal 0 0 1
    outer loop
      vertex 4.78468 -12.0212 5
      vertex -6.02123 -1.21532 5
      vertex 4.78523 -12.0425 5
    endloop
  endfacet
  facet normal 0 0 1
    outer loop
      vertex -6.04245 -1.21476 5
      vertex 4.78523 -12.0425 5
      vertex -6.02123 -1.21532 5
    endloop
  endfacet
  facet normal 0 0 1
    outer loop
      vertex 4.78523 -12.0425 5
      vertex -6.04245 -1.21476 5
      vertex 4.78616 -12.0637 5
    endloop
  endfacet
  facet normal 0 0 1
    outer loop
      vertex -6.06367 -1.21384 5
      vertex 4.78616 -12.0637 5
      vertex -6.04245 -1.21476 5
    endloop
  endfacet
  facet normal 0 0 1
    outer loop
      vertex 4.78616 -12.0637 5
      vertex -6.06367 -1.21384 5
      vertex 4.78746 -12.0849 5
    endloop
  endfacet
  facet normal 0 0 1
    outer loop
      vertex -6.08486 -1.21254 5
      vertex 4.78746 -12.0849 5
      vertex -6.06367 -1.21384 5
    endloop
  endfacet
  facet normal 0 0 1
    outer loop
      vertex 4.78746 -12.0849 5
      vertex -6.08486 -1.21254 5
      vertex 4.78912 -12.106 5
    endloop
  endfacet
  facet normal 0 0 1
    outer loop
      vertex -6.10602 -1.21088 5
      vertex 4.78912 -12.106 5
      vertex -6.08486 -1.21254 5
    endloop
  endfacet
  facet normal 0 0 1
    outer loop
      vertex -18 -18 5
      vertex 4.78912 -12.106 5
      vertex -6.10602 -1.21088 5
    endloop
  endfacet
  facet normal 0 0 1
    outer loop
      vertex 4.78912 -12.106 5
      vertex -18 -18 5
      vertex 4.79116 -12.1272 5
    endloop
  endfacet
  facet normal 0 0 1
    outer loop
      vertex 4.79116 -12.1272 5
      vertex -18 -18 5
      vertex 4.79356 -12.1483 5
    endloop
  endfacet
  facet normal 0 0 1
    outer loop
      vertex 4.79356 -12.1483 5
      vertex -18 -18 5
      vertex 4.79633 -12.1693 5
    endloop
  endfacet
  facet normal 0 0 1
    outer loop
      vertex 4.79633 -12.1693 5
      vertex -18 -18 5
      vertex 4.79947 -12.1903 5
    endloop
  endfacet
  facet normal 0 0 1
    outer loop
      vertex 4.79947 -12.1903 5
      vertex -18 -18 5
      vertex 4.80298 -12.2112 5
    endloop
  endfacet
  facet normal 0 0 1
    outer loop
      vertex 4.80298 -12.2112 5
      vertex -18 -18 5
      vertex 4.80684 -12.2321 5
    endloop
  endfacet
  facet normal 0 0 1
    outer loop
      vertex 4.80684 -12.2321 5
      vertex -18 -18 5
      vertex 4.81108 -12.2529 5
    endloop
  endfacet
  facet normal 0 0 1
    outer loop
      vertex 4.81108 -12.2529 5
      vertex -18 -18 5
      vertex 4.81567 -12.2737 5
    endloop
  endfacet
  facet normal 0 0 1
    outer loop
      vertex 4.81567 -12.2737 5
      vertex -18 -18 5
      vertex 4.82063 -12.2943 5
    endloop
  endfacet
  facet normal 0 0 1
    outer loop
      vertex 4.82063 -12.2943 5
      vertex -18 -18 5
      vertex 4.82595 -12.3149 5
    endloop
  endfacet
  facet normal 0 0 1
    outer loop
      vertex 4.82595 -12.3149 5
      vertex -18 -18 5
      vertex 4.83162 -12.3353 5
    endloop
  endfacet
  facet normal 0 0 1
    outer loop
      vertex 4.83162 -12.3353 5
      vertex -18 -18 5
      vertex 4.83765 -12.3557 5
    endloop
  endfacet
  facet normal 0 0 1
    outer loop
      vertex 4.83765 -12.3557 5
      vertex -18 -18 5
      vertex 4.84403 -12.3759 5
    endloop
  endfacet
  facet normal 0 0 1
    outer loop
      vertex 4.84403 -12.3759 5
      vertex -18 -18 5
      vertex 4.85077 -12.3961 5
    endloop
  endfacet
  facet normal 0 0 1
    outer loop
      vertex 4.85077 -12.3961 5
      vertex -18 -18 5
      vertex 4.85786 -12.4161 5
    endloop
  endfacet
  facet normal 0 0 1
    outer loop
      vertex 4.85786 -12.4161 5
      vertex -18 -18 5
      vertex 4.86529 -12.436 5
    endloop
  endfacet
  facet normal 0 0 1
    outer loop
      vertex 4.86529 -12.436 5
      vertex -18 -18 5
      vertex 4.87308 -12.4557 5
    endloop
  endfacet
  facet normal 0 0 1
    outer loop
      vertex 4.87308 -12.4557 5
      vertex -18 -18 5
      vertex 4.8812 -12.4753 5
    endloop
  endfacet
  facet normal 0 0 1
    outer loop
      vertex 4.8812 -12.4753 5
      vertex -18 -18 5
      vertex 4.88967 -12.4948 5
    endloop
  endfacet
  facet normal 0 0 1
    outer loop
      vertex 4.88967 -12.4948 5
      vertex -18 -18 5
      vertex 4.89847 -12.5141 5
    endloop
  endfacet
  facet normal 0 0 1
    outer loop
      vertex 4.89847 -12.5141 5
      vertex -18 -18 5
      vertex 4.90761 -12.5333 5
    endloop
  endfacet
  facet normal 0 0 1
    outer loop
      vertex 4.90761 -12.5333 5
      vertex -18 -18 5
      vertex 4.91709 -12.5523 5
    endloop
  endfacet
  facet normal 0 0 1
    outer loop
      vertex 4.91709 -12.5523 5
      vertex -18 -18 5
      vertex 4.92689 -12.5711 5
    endloop
  endfacet
  facet normal 0 0 1
    outer loop
      vertex 4.92689 -12.5711 5
      vertex -18 -18 5
      vertex 4.93702 -12.5898 5
    endloop
  endfacet
  facet normal 0 0 1
    outer loop
      vertex 4.93702 -12.5898 5
      vertex -18 -18 5
      vertex 4.94747 -12.6083 5
    endloop
  endfacet
  facet normal 0 0 1
    outer loop
      vertex 4.94747 -12.6083 5
      vertex -18 -18 5
      vertex 4.95825 -12.6265 5
    endloop
  endfacet
  facet normal 0 0 1
    outer loop
      vertex 4.95825 -12.6265 5
      vertex -18 -18 5
      vertex 4.96934 -12.6446 5
    endloop
  endfacet
  facet normal 0 0 1
    outer loop
      vertex 4.96934 -12.6446 5
      vertex -18 -18 5
      vertex 4.98075 -12.6626 5
    endloop
  endfacet
  facet normal 0 0 1
    outer loop
      vertex 4.98075 -12.6626 5
      vertex -18 -18 5
      vertex 4.99247 -12.6803 5
    endloop
  endfacet
  facet normal 0 0 1
    outer loop
      vertex 4.99247 -12.6803 5
      vertex -18 -18 5
      vertex 5.0045 -12.6978 5
    endloop
  endfacet
  facet normal 0 0 1
    outer loop
      vertex 5.0045 -12.6978 5
      vertex -18 -18 5
      vertex 5.01683 -12.715 5
    endloop
  endfacet
  facet normal 0 0 1
    outer loop
      vertex 5.01683 -12.715 5
      vertex -18 -18 5
      vertex 5.02946 -12.7321 5
    endloop
  endfacet
  facet normal 0 0 1
    outer loop
      vertex 5.02946 -12.7321 5
      vertex -18 -18 5
      vertex 5.04238 -12.749 5
    endloop
  endfacet
  facet normal 0 0 1
    outer loop
      vertex 5.04238 -12.749 5
      vertex -18 -18 5
      vertex 5.0556 -12.7656 5
    endloop
  endfacet
  facet normal 0 0 1
    outer loop
      vertex 5.0556 -12.7656 5
      vertex -18 -18 5
      vertex 5.0691 -12.782 5
    endloop
  endfacet
  facet normal 0 0 1
    outer loop
      vertex 5.0691 -12.782 5
      vertex -18 -18 5
      vertex 5.08289 -12.7981 5
    endloop
  endfacet
  facet normal 0 0 1
    outer loop
      vertex 5.08289 -12.7981 5
      vertex -18 -18 5
      vertex 5.09696 -12.814 5
    endloop
  endfacet
  facet normal 0 0 1
    outer loop
      vertex 5.09696 -12.814 5
      vertex -18 -18 5
      vertex 5.1113 -12.8297 5
    endloop
  endfacet
  facet normal 0 0 1
    outer loop
      vertex -18 -18 5
      vertex -6.10602 -1.21088 5
      vertex -6.12716 -1.20884 5
    endloop
  endfacet
  facet normal 0 0 1
    outer loop
      vertex -18 -18 5
      vertex -6.12716 -1.20884 5
      vertex -6.14825 -1.20644 5
    endloop
  endfacet
  facet normal 0 0 1
    outer loop
      vertex -18 -18 5
      vertex -6.14825 -1.20644 5
      vertex -6.1693 -1.20367 5
    endloop
  endfacet
  facet normal 0 0 1
    outer loop
      vertex -18 -18 5
      vertex -6.1693 -1.20367 5
      vertex -6.1903 -1.20053 5
    endloop
  endfacet
  facet normal 0 0 1
    outer loop
      vertex -18 -18 5
      vertex -6.1903 -1.20053 5
      vertex -6.21124 -1.19702 5
    endloop
  endfacet
  facet normal 0 0 1
    outer loop
      vertex -18 -18 5
      vertex -6.21124 -1.19702 5
      vertex -6.23212 -1.19316 5
    endloop
  endfacet
  facet normal 0 0 1
    outer loop
      vertex -18 -18 5
      vertex -6.23212 -1.19316 5
      vertex -6.25293 -1.18892 5
    endloop
  endfacet
  facet normal 0 0 1
    outer loop
      vertex -18 -18 5
      vertex -6.25293 -1.18892 5
      vertex -6.27365 -1.18433 5
    endloop
  endfacet
  facet normal 0 0 1
    outer loop
      vertex -18 -18 5
      vertex -6.27365 -1.18433 5
      vertex -6.2943 -1.17937 5
    endloop
  endfacet
  facet normal 0 0 1
    outer loop
      vertex -18 -18 5
      vertex -6.2943 -1.17937 5
      vertex -6.31485 -1.17405 5
    endloop
  endfacet
  facet normal 0 0 1
    outer loop
      vertex -18 -18 5
      vertex -6.31485 -1.17405 5
      vertex -6.33531 -1.16838 5
    endloop
  endfacet
  facet normal 0 0 1
    outer loop
      vertex -18 -18 5
      vertex -6.33531 -1.16838 5
      vertex -6.35567 -1.16235 5
    endloop
  endfacet
  facet normal 0 0 1
    outer loop
      vertex 5.1113 -12.8297 5
      vertex -18 -18 5
      vertex 5.12592 -12.8451 5
    endloop
  endfacet
  facet normal 0 0 1
    outer loop
      vertex -18 -18 5
      vertex -6.35567 -1.16235 5
      vertex -6.37592 -1.15597 5
    endloop
  endfacet
  facet normal 0 0 1
    outer loop
      vertex -18 -18 5
      vertex -6.37592 -1.15597 5
      vertex -6.39606 -1.14923 5
    endloop
  endfacet
  facet normal 0 0 1
    outer loop
      vertex -18 -18 5
      vertex -6.39606 -1.14923 5
      vertex -6.41607 -1.14214 5
    endloop
  endfacet
  facet normal 0 0 1
    outer loop
      vertex -18 -18 5
      vertex -6.41607 -1.14214 5
      vertex -6.43596 -1.13471 5
    endloop
  endfacet
  facet normal 0 0 1
    outer loop
      vertex -18 -18 5
      vertex -6.43596 -1.13471 5
      vertex -6.45571 -1.12692 5
    endloop
  endfacet
  facet normal 0 0 1
    outer loop
      vertex -18 -18 5
      vertex -6.45571 -1.12692 5
      vertex -6.47533 -1.1188 5
    endloop
  endfacet
  facet normal 0 0 1
    outer loop
      vertex -18 -18 5
      vertex -6.47533 -1.1188 5
      vertex -6.4948 -1.11033 5
    endloop
  endfacet
  facet normal 0 0 1
    outer loop
      vertex -18 -18 5
      vertex -6.4948 -1.11033 5
      vertex -6.51412 -1.10153 5
    endloop
  endfacet
  facet normal 0 0 1
    outer loop
      vertex -18 -18 5
      vertex -6.51412 -1.10153 5
      vertex -6.53328 -1.09239 5
    endloop
  endfacet
  facet normal 0 0 1
    outer loop
      vertex -18 -18 5
      vertex -6.53328 -1.09239 5
      vertex -6.55228 -1.08291 5
    endloop
  endfacet
  facet normal 0 0 1
    outer loop
      vertex -18 -18 5
      vertex -6.55228 -1.08291 5
      vertex -6.57111 -1.07311 5
    endloop
  endfacet
  facet normal 0 0 1
    outer loop
      vertex -18 -18 5
      vertex -6.57111 -1.07311 5
      vertex -6.58977 -1.06298 5
    endloop
  endfacet
  facet normal 0 0 1
    outer loop
      vertex -18 -18 5
      vertex -6.58977 -1.06298 5
      vertex -6.60825 -1.05252 5
    endloop
  endfacet
  facet normal 0 0 1
    outer loop
      vertex -18 -18 5
      vertex -6.60825 -1.05252 5
      vertex -6.62655 -1.04175 5
    endloop
  endfacet
  facet normal 0 0 1
    outer loop
      vertex -18 -18 5
      vertex -6.62655 -1.04175 5
      vertex -6.64465 -1.03066 5
    endloop
  endfacet
  facet normal 0 0 1
    outer loop
      vertex -18 -18 5
      vertex -6.64465 -1.03066 5
      vertex -6.66256 -1.01925 5
    endloop
  endfacet
  facet normal 0 0 1
    outer loop
      vertex -18 -18 5
      vertex -6.66256 -1.01925 5
      vertex -6.68026 -1.00753 5
    endloop
  endfacet
  facet normal 0 0 1
    outer loop
      vertex -18 -18 5
      vertex -6.68026 -1.00753 5
      vertex -6.69776 -0.995503 5
    endloop
  endfacet
  facet normal 0 0 1
    outer loop
      vertex -18 -18 5
      vertex -6.69776 -0.995503 5
      vertex -6.71504 -0.983174 5
    endloop
  endfacet
  facet normal 0 0 1
    outer loop
      vertex -18 -18 5
      vertex -6.71504 -0.983174 5
      vertex -6.73211 -0.970544 5
    endloop
  endfacet
  facet normal 0 0 1
    outer loop
      vertex -18 -18 5
      vertex -6.73211 -0.970544 5
      vertex -6.74896 -0.95762 5
    endloop
  endfacet
  facet normal 0 0 1
    outer loop
      vertex -18 -18 5
      vertex -6.74896 -0.95762 5
      vertex -6.76557 -0.944402 5
    endloop
  endfacet
  facet normal 0 0 1
    outer loop
      vertex -18 -18 5
      vertex -6.76557 -0.944402 5
      vertex -6.78195 -0.930897 5
    endloop
  endfacet
  facet normal 0 0 1
    outer loop
      vertex -18 -18 5
      vertex -6.78195 -0.930897 5
      vertex -6.7981 -0.917109 5
    endloop
  endfacet
  facet normal 0 0 1
    outer loop
      vertex -18 -18 5
      vertex -6.7981 -0.917109 5
      vertex -6.814 -0.90304 5
    endloop
  endfacet
  facet normal 0 0 1
    outer loop
      vertex -18 -18 5
      vertex -6.814 -0.90304 5
      vertex -6.82965 -0.888696 5
    endloop
  endfacet
  facet normal 0 0 1
    outer loop
      vertex -18 -18 5
      vertex -6.82965 -0.888696 5
      vertex -6.84506 -0.874081 5
    endloop
  endfacet
  facet normal 0 0 1
    outer loop
      vertex -18 -18 5
      vertex -6.84506 -0.874081 5
      vertex -6.8602 -0.859199 5
    endloop
  endfacet
  facet normal 0 0 1
    outer loop
      vertex -18 18 5
      vertex -7.21632 -0.0202307 5
      vertex -7.21651 0.001 5
    endloop
  endfacet
  facet normal 0 0 1
    outer loop
      vertex -18 -18 5
      vertex -7.21632 -0.0202307 5
      vertex -18 18 5
    endloop
  endfacet
  facet normal 0 0 1
    outer loop
      vertex -7.21632 -0.0202307 5
      vertex -18 -18 5
      vertex -7.21576 -0.0414547 5
    endloop
  endfacet
  facet normal 0 0 1
    outer loop
      vertex -7.21576 -0.0414547 5
      vertex -18 -18 5
      vertex -7.21484 -0.0626663 5
    endloop
  endfacet
  facet normal 0 0 1
    outer loop
      vertex -7.21484 -0.0626663 5
      vertex -18 -18 5
      vertex -7.21354 -0.0838589 5
    endloop
  endfacet
  facet normal 0 0 1
    outer loop
      vertex -7.21354 -0.0838589 5
      vertex -18 -18 5
      vertex -7.21188 -0.105025 5
    endloop
  endfacet
  facet normal 0 0 1
    outer loop
      vertex -7.21188 -0.105025 5
      vertex -18 -18 5
      vertex -7.20984 -0.126159 5
    endloop
  endfacet
  facet normal 0 0 1
    outer loop
      vertex -7.20984 -0.126159 5
      vertex -18 -18 5
      vertex -7.20744 -0.147254 5
    endloop
  endfacet
  facet normal 0 0 1
    outer loop
      vertex -7.20744 -0.147254 5
      vertex -18 -18 5
      vertex -7.20467 -0.168305 5
    endloop
  endfacet
  facet normal 0 0 1
    outer loop
      vertex -7.20467 -0.168305 5
      vertex -18 -18 5
      vertex -7.20153 -0.189303 5
    endloop
  endfacet
  facet normal 0 0 1
    outer loop
      vertex -7.20153 -0.189303 5
      vertex -18 -18 5
      vertex -7.19802 -0.210244 5
    endloop
  endfacet
  facet normal 0 0 1
    outer loop
      vertex -7.19802 -0.210244 5
      vertex -18 -18 5
      vertex -7.19416 -0.23112 5
    endloop
  endfacet
  facet normal 0 0 1
    outer loop
      vertex -7.19416 -0.23112 5
      vertex -18 -18 5
      vertex -7.18992 -0.251926 5
    endloop
  endfacet
  facet normal 0 0 1
    outer loop
      vertex -7.18992 -0.251926 5
      vertex -18 -18 5
      vertex -7.18533 -0.272654 5
    endloop
  endfacet
  facet normal 0 0 1
    outer loop
      vertex -7.18533 -0.272654 5
      vertex -18 -18 5
      vertex -7.18037 -0.293299 5
    endloop
  endfacet
  facet normal 0 0 1
    outer loop
      vertex -7.18037 -0.293299 5
      vertex -18 -18 5
      vertex -7.17505 -0.313855 5
    endloop
  endfacet
  facet normal 0 0 1
    outer loop
      vertex -7.17505 -0.313855 5
      vertex -18 -18 5
      vertex -7.16938 -0.334314 5
    endloop
  endfacet
  facet normal 0 0 1
    outer loop
      vertex -7.16938 -0.334314 5
      vertex -18 -18 5
      vertex -7.16335 -0.354672 5
    endloop
  endfacet
  facet normal 0 0 1
    outer loop
      vertex -7.16335 -0.354672 5
      vertex -18 -18 5
      vertex -7.15697 -0.37492 5
    endloop
  endfacet
  facet normal 0 0 1
    outer loop
      vertex -7.15697 -0.37492 5
      vertex -18 -18 5
      vertex -7.15023 -0.395055 5
    endloop
  endfacet
  facet normal 0 0 1
    outer loop
      vertex -7.15023 -0.395055 5
      vertex -18 -18 5
      vertex -7.14314 -0.415069 5
    endloop
  endfacet
  facet normal 0 0 1
    outer loop
      vertex -7.14314 -0.415069 5
      vertex -18 -18 5
      vertex -7.13571 -0.434956 5
    endloop
  endfacet
  facet normal 0 0 1
    outer loop
      vertex -7.13571 -0.434956 5
      vertex -18 -18 5
      vertex -7.12792 -0.45471 5
    endloop
  endfacet
  facet normal 0 0 1
    outer loop
      vertex -7.12792 -0.45471 5
      vertex -18 -18 5
      vertex -7.1198 -0.474327 5
    endloop
  endfacet
  facet normal 0 0 1
    outer loop
      vertex -7.1198 -0.474327 5
      vertex -18 -18 5
      vertex -7.11133 -0.493798 5
    endloop
  endfacet
  facet normal 0 0 1
    outer loop
      vertex -7.11133 -0.493798 5
      vertex -18 -18 5
      vertex -7.10253 -0.513117 5
    endloop
  endfacet
  facet normal 0 0 1
    outer loop
      vertex -7.10253 -0.513117 5
      vertex -18 -18 5
      vertex -7.09339 -0.53228 5
    endloop
  endfacet
  facet normal 0 0 1
    outer loop
      vertex -7.09339 -0.53228 5
      vertex -18 -18 5
      vertex -7.08391 -0.551281 5
    endloop
  endfacet
  facet normal 0 0 1
    outer loop
      vertex -7.08391 -0.551281 5
      vertex -18 -18 5
      vertex -7.07411 -0.570115 5
    endloop
  endfacet
  facet normal 0 0 1
    outer loop
      vertex -7.07411 -0.570115 5
      vertex -18 -18 5
      vertex -7.06398 -0.588773 5
    endloop
  endfacet
  facet normal 0 0 1
    outer loop
      vertex 5.76888 -13.1942 5
      vertex -18 -18 5
      vertex 18 -18 5
    endloop
  endfacet
  facet normal 0 0 1
    outer loop
      vertex 5.54529 -13.1279 5
      vertex -18 -18 5
      vertex 5.56504 -13.1357 5
    endloop
  endfacet
  facet normal 0 0 1
    outer loop
      vertex 5.52567 -13.1198 5
      vertex -18 -18 5
      vertex 5.54529 -13.1279 5
    endloop
  endfacet
  facet normal 0 0 1
    outer loop
      vertex 5.5062 -13.1113 5
      vertex -18 -18 5
      vertex 5.52567 -13.1198 5
    endloop
  endfacet
  facet normal 0 0 1
    outer loop
      vertex 5.48688 -13.1025 5
      vertex -18 -18 5
      vertex 5.5062 -13.1113 5
    endloop
  endfacet
  facet normal 0 0 1
    outer loop
      vertex 5.46772 -13.0934 5
      vertex -18 -18 5
      vertex 5.48688 -13.1025 5
    endloop
  endfacet
  facet normal 0 0 1
    outer loop
      vertex 5.44872 -13.0839 5
      vertex -18 -18 5
      vertex 5.46772 -13.0934 5
    endloop
  endfacet
  facet normal 0 0 1
    outer loop
      vertex 5.42989 -13.0741 5
      vertex -18 -18 5
      vertex 5.44872 -13.0839 5
    endloop
  endfacet
  facet normal 0 0 1
    outer loop
      vertex 5.41123 -13.064 5
      vertex -18 -18 5
      vertex 5.42989 -13.0741 5
    endloop
  endfacet
  facet normal 0 0 1
    outer loop
      vertex 5.39275 -13.0535 5
      vertex -18 -18 5
      vertex 5.41123 -13.064 5
    endloop
  endfacet
  facet normal 0 0 1
    outer loop
      vertex 5.37445 -13.0427 5
      vertex -18 -18 5
      vertex 5.39275 -13.0535 5
    endloop
  endfacet
  facet normal 0 0 1
    outer loop
      vertex 5.35635 -13.0317 5
      vertex -18 -18 5
      vertex 5.37445 -13.0427 5
    endloop
  endfacet
  facet normal 0 0 1
    outer loop
      vertex 5.33844 -13.0202 5
      vertex -18 -18 5
      vertex 5.35635 -13.0317 5
    endloop
  endfacet
  facet normal 0 0 1
    outer loop
      vertex 5.32074 -13.0085 5
      vertex -18 -18 5
      vertex 5.33844 -13.0202 5
    endloop
  endfacet
  facet normal 0 0 1
    outer loop
      vertex 5.30324 -12.9965 5
      vertex -18 -18 5
      vertex 5.32074 -13.0085 5
    endloop
  endfacet
  facet normal 0 0 1
    outer loop
      vertex 5.28596 -12.9842 5
      vertex -18 -18 5
      vertex 5.30324 -12.9965 5
    endloop
  endfacet
  facet normal 0 0 1
    outer loop
      vertex 5.26889 -12.9715 5
      vertex -18 -18 5
      vertex 5.28596 -12.9842 5
    endloop
  endfacet
  facet normal 0 0 1
    outer loop
      vertex 5.25204 -12.9586 5
      vertex -18 -18 5
      vertex 5.26889 -12.9715 5
    endloop
  endfacet
  facet normal 0 0 1
    outer loop
      vertex 5.23543 -12.9454 5
      vertex -18 -18 5
      vertex 5.25204 -12.9586 5
    endloop
  endfacet
  facet normal 0 0 1
    outer loop
      vertex 5.21905 -12.9319 5
      vertex -18 -18 5
      vertex 5.23543 -12.9454 5
    endloop
  endfacet
  facet normal 0 0 1
    outer loop
      vertex 5.2029 -12.9181 5
      vertex -18 -18 5
      vertex 5.21905 -12.9319 5
    endloop
  endfacet
  facet normal 0 0 1
    outer loop
      vertex 5.187 -12.904 5
      vertex -18 -18 5
      vertex 5.2029 -12.9181 5
    endloop
  endfacet
  facet normal 0 0 1
    outer loop
      vertex 5.17135 -12.8897 5
      vertex -18 -18 5
      vertex 5.187 -12.904 5
    endloop
  endfacet
  facet normal 0 0 1
    outer loop
      vertex 5.15594 -12.8751 5
      vertex -18 -18 5
      vertex 5.17135 -12.8897 5
    endloop
  endfacet
  facet normal 0 0 1
    outer loop
      vertex 5.1408 -12.8602 5
      vertex -18 -18 5
      vertex 5.15594 -12.8751 5
    endloop
  endfacet
  facet normal 0 0 1
    outer loop
      vertex 5.12592 -12.8451 5
      vertex -18 -18 5
      vertex 5.1408 -12.8602 5
    endloop
  endfacet
  facet normal 0 0 1
    outer loop
      vertex -6.87508 -0.844056 5
      vertex -18 -18 5
      vertex -6.8602 -0.859199 5
    endloop
  endfacet
  facet normal 0 0 1
    outer loop
      vertex -6.8897 -0.828655 5
      vertex -18 -18 5
      vertex -6.87508 -0.844056 5
    endloop
  endfacet
  facet normal 0 0 1
    outer loop
      vertex -6.90404 -0.813001 5
      vertex -18 -18 5
      vertex -6.8897 -0.828655 5
    endloop
  endfacet
  facet normal 0 0 1
    outer loop
      vertex -6.91811 -0.7971 5
      vertex -18 -18 5
      vertex -6.90404 -0.813001 5
    endloop
  endfacet
  facet normal 0 0 1
    outer loop
      vertex -6.9319 -0.780955 5
      vertex -18 -18 5
      vertex -6.91811 -0.7971 5
    endloop
  endfacet
  facet normal 0 0 1
    outer loop
      vertex -6.9454 -0.764572 5
      vertex -18 -18 5
      vertex -6.9319 -0.780955 5
    endloop
  endfacet
  facet normal 0 0 1
    outer loop
      vertex -6.95862 -0.747956 5
      vertex -18 -18 5
      vertex -6.9454 -0.764572 5
    endloop
  endfacet
  facet normal 0 0 1
    outer loop
      vertex -6.97154 -0.731111 5
      vertex -18 -18 5
      vertex -6.95862 -0.747956 5
    endloop
  endfacet
  facet normal 0 0 1
    outer loop
      vertex -6.98417 -0.714044 5
      vertex -18 -18 5
      vertex -6.97154 -0.731111 5
    endloop
  endfacet
  facet normal 0 0 1
    outer loop
      vertex -6.9965 -0.696759 5
      vertex -18 -18 5
      vertex -6.98417 -0.714044 5
    endloop
  endfacet
  facet normal 0 0 1
    outer loop
      vertex -7.00853 -0.679262 5
      vertex -18 -18 5
      vertex -6.9965 -0.696759 5
    endloop
  endfacet
  facet normal 0 0 1
    outer loop
      vertex -7.02025 -0.661557 5
      vertex -18 -18 5
      vertex -7.00853 -0.679262 5
    endloop
  endfacet
  facet normal 0 0 1
    outer loop
      vertex -7.03166 -0.64365 5
      vertex -18 -18 5
      vertex -7.02025 -0.661557 5
    endloop
  endfacet
  facet normal 0 0 1
    outer loop
      vertex -7.04275 -0.625547 5
      vertex -18 -18 5
      vertex -7.03166 -0.64365 5
    endloop
  endfacet
  facet normal 0 0 1
    outer loop
      vertex -7.05352 -0.607253 5
      vertex -18 -18 5
      vertex -7.04275 -0.625547 5
    endloop
  endfacet
  facet normal 0 0 1
    outer loop
      vertex -7.06398 -0.588773 5
      vertex -18 -18 5
      vertex -7.05352 -0.607253 5
    endloop
  endfacet
  facet normal -0 0 -1
    outer loop
      vertex 5.5062 10.8907 -5
      vertex -4.88867 0.495798 -5
      vertex 5.48688 10.8995 -5
    endloop
  endfacet
  facet normal 0 0 -1
    outer loop
      vertex 5.1113 11.1723 -5
      vertex -4.78368 11.9808 -5
      vertex -4.78349 12.002 -5
    endloop
  endfacet
  facet normal 0 0 -1
    outer loop
      vertex -4.89747 0.515117 -5
      vertex 5.48688 10.8995 -5
      vertex -4.88867 0.495798 -5
    endloop
  endfacet
  facet normal 0 0 -1
    outer loop
      vertex 5.1113 11.1723 -5
      vertex -4.78424 11.9595 -5
      vertex -4.78368 11.9808 -5
    endloop
  endfacet
  facet normal -0 0 -1
    outer loop
      vertex 5.48688 10.8995 -5
      vertex -4.89747 0.515117 -5
      vertex 5.46772 10.9086 -5
    endloop
  endfacet
  facet normal 0 0 -1
    outer loop
      vertex 5.1113 11.1723 -5
      vertex -4.78516 11.9383 -5
      vertex -4.78424 11.9595 -5
    endloop
  endfacet
  facet normal 0 0 -1
    outer loop
      vertex -4.90661 0.53428 -5
      vertex 5.46772 10.9086 -5
      vertex -4.89747 0.515117 -5
    endloop
  endfacet
  facet normal 0 0 -1
    outer loop
      vertex 5.1113 11.1723 -5
      vertex -4.78646 11.9171 -5
      vertex -4.78516 11.9383 -5
    endloop
  endfacet
  facet normal -0 0 -1
    outer loop
      vertex 5.46772 10.9086 -5
      vertex -4.90661 0.53428 -5
      vertex 5.44872 10.9181 -5
    endloop
  endfacet
  facet normal 0 0 -1
    outer loop
      vertex 5.1113 11.1723 -5
      vertex -4.78812 11.896 -5
      vertex -4.78646 11.9171 -5
    endloop
  endfacet
  facet normal 0 0 -1
    outer loop
      vertex -4.91609 0.553281 -5
      vertex 5.44872 10.9181 -5
      vertex -4.90661 0.53428 -5
    endloop
  endfacet
  facet normal 0 0 -1
    outer loop
      vertex 5.1113 11.1723 -5
      vertex -4.79016 11.8748 -5
      vertex -4.78812 11.896 -5
    endloop
  endfacet
  facet normal -0 0 -1
    outer loop
      vertex 5.44872 10.9181 -5
      vertex -4.91609 0.553281 -5
      vertex 5.42989 10.9279 -5
    endloop
  endfacet
  facet normal 0 0 -1
    outer loop
      vertex 5.1113 11.1723 -5
      vertex -4.79256 11.8537 -5
      vertex -4.79016 11.8748 -5
    endloop
  endfacet
  facet normal 0 0 -1
    outer loop
      vertex -4.92589 0.572115 -5
      vertex 5.42989 10.9279 -5
      vertex -4.91609 0.553281 -5
    endloop
  endfacet
  facet normal 0 0 -1
    outer loop
      vertex 5.1113 11.1723 -5
      vertex -4.79533 11.8327 -5
      vertex -4.79256 11.8537 -5
    endloop
  endfacet
  facet normal -0 0 -1
    outer loop
      vertex 5.42989 10.9279 -5
      vertex -4.92589 0.572115 -5
      vertex 5.41123 10.938 -5
    endloop
  endfacet
  facet normal 0 0 -1
    outer loop
      vertex 5.1113 11.1723 -5
      vertex -4.79847 11.8117 -5
      vertex -4.79533 11.8327 -5
    endloop
  endfacet
  facet normal 0 0 -1
    outer loop
      vertex -4.93602 0.590773 -5
      vertex 5.41123 10.938 -5
      vertex -4.92589 0.572115 -5
    endloop
  endfacet
  facet normal 0 0 -1
    outer loop
      vertex 5.1113 11.1723 -5
      vertex -4.80198 11.7908 -5
      vertex -4.79847 11.8117 -5
    endloop
  endfacet
  facet normal -0 0 -1
    outer loop
      vertex 5.41123 10.938 -5
      vertex -4.93602 0.590773 -5
      vertex 5.39275 10.9485 -5
    endloop
  endfacet
  facet normal 0 0 -1
    outer loop
      vertex 5.1113 11.1723 -5
      vertex -4.80584 11.7699 -5
      vertex -4.80198 11.7908 -5
    endloop
  endfacet
  facet normal 0 0 -1
    outer loop
      vertex -4.94648 0.609253 -5
      vertex 5.39275 10.9485 -5
      vertex -4.93602 0.590773 -5
    endloop
  endfacet
  facet normal 0 0 -1
    outer loop
      vertex 5.1113 11.1723 -5
      vertex -4.81008 11.7491 -5
      vertex -4.80584 11.7699 -5
    endloop
  endfacet
  facet normal -0 0 -1
    outer loop
      vertex 5.39275 10.9485 -5
      vertex -4.94648 0.609253 -5
      vertex 5.37445 10.9593 -5
    endloop
  endfacet
  facet normal 0 0 -1
    outer loop
      vertex 5.1113 11.1723 -5
      vertex -4.81467 11.7283 -5
      vertex -4.81008 11.7491 -5
    endloop
  endfacet
  facet normal 0 0 -1
    outer loop
      vertex -4.95725 0.627547 -5
      vertex 5.37445 10.9593 -5
      vertex -4.94648 0.609253 -5
    endloop
  endfacet
  facet normal 0 0 -1
    outer loop
      vertex 5.1113 11.1723 -5
      vertex -4.81963 11.7077 -5
      vertex -4.81467 11.7283 -5
    endloop
  endfacet
  facet normal -0 0 -1
    outer loop
      vertex 5.37445 10.9593 -5
      vertex -4.95725 0.627547 -5
      vertex 5.35635 10.9703 -5
    endloop
  endfacet
  facet normal 0 0 -1
    outer loop
      vertex 5.1113 11.1723 -5
      vertex -4.82495 11.6871 -5
      vertex -4.81963 11.7077 -5
    endloop
  endfacet
  facet normal 0 0 -1
    outer loop
      vertex -4.96834 0.645649 -5
      vertex 5.35635 10.9703 -5
      vertex -4.95725 0.627547 -5
    endloop
  endfacet
  facet normal 0 0 -1
    outer loop
      vertex 5.1113 11.1723 -5
      vertex -4.83062 11.6667 -5
      vertex -4.82495 11.6871 -5
    endloop
  endfacet
  facet normal -0 0 -1
    outer loop
      vertex 5.35635 10.9703 -5
      vertex -4.96834 0.645649 -5
      vertex 5.33844 10.9818 -5
    endloop
  endfacet
  facet normal 0 0 -1
    outer loop
      vertex 5.1113 11.1723 -5
      vertex -4.83665 11.6463 -5
      vertex -4.83062 11.6667 -5
    endloop
  endfacet
  facet normal 0 0 -1
    outer loop
      vertex -4.97975 0.663557 -5
      vertex 5.33844 10.9818 -5
      vertex -4.96834 0.645649 -5
    endloop
  endfacet
  facet normal 0 0 -1
    outer loop
      vertex 5.1113 11.1723 -5
      vertex -4.84303 11.6261 -5
      vertex -4.83665 11.6463 -5
    endloop
  endfacet
  facet normal -0 0 -1
    outer loop
      vertex 5.33844 10.9818 -5
      vertex -4.97975 0.663557 -5
      vertex 5.32074 10.9935 -5
    endloop
  endfacet
  facet normal 0 0 -1
    outer loop
      vertex 5.1113 11.1723 -5
      vertex -4.84977 11.6059 -5
      vertex -4.84303 11.6261 -5
    endloop
  endfacet
  facet normal 0 0 -1
    outer loop
      vertex -4.99147 0.681262 -5
      vertex 5.32074 10.9935 -5
      vertex -4.97975 0.663557 -5
    endloop
  endfacet
  facet normal 0 0 -1
    outer loop
      vertex 5.1113 11.1723 -5
      vertex -4.85686 11.5859 -5
      vertex -4.84977 11.6059 -5
    endloop
  endfacet
  facet normal -0 0 -1
    outer loop
      vertex 5.32074 10.9935 -5
      vertex -4.99147 0.681262 -5
      vertex 5.30324 11.0055 -5
    endloop
  endfacet
  facet normal 0 0 -1
    outer loop
      vertex 5.1113 11.1723 -5
      vertex -4.86429 11.566 -5
      vertex -4.85686 11.5859 -5
    endloop
  endfacet
  facet normal 0 0 -1
    outer loop
      vertex -5.0035 0.698759 -5
      vertex 5.30324 11.0055 -5
      vertex -4.99147 0.681262 -5
    endloop
  endfacet
  facet normal 0 0 -1
    outer loop
      vertex 5.1113 11.1723 -5
      vertex -4.87208 11.5463 -5
      vertex -4.86429 11.566 -5
    endloop
  endfacet
  facet normal -0 0 -1
    outer loop
      vertex 5.30324 11.0055 -5
      vertex -5.0035 0.698759 -5
      vertex 5.28596 11.0178 -5
    endloop
  endfacet
  facet normal 0 0 -1
    outer loop
      vertex 5.1113 11.1723 -5
      vertex -4.8802 11.5267 -5
      vertex -4.87208 11.5463 -5
    endloop
  endfacet
  facet normal 0 0 -1
    outer loop
      vertex -5.01583 0.716044 -5
      vertex 5.28596 11.0178 -5
      vertex -5.0035 0.698759 -5
    endloop
  endfacet
  facet normal 0 0 -1
    outer loop
      vertex 5.1113 11.1723 -5
      vertex -4.88867 11.5072 -5
      vertex -4.8802 11.5267 -5
    endloop
  endfacet
  facet normal -0 0 -1
    outer loop
      vertex 5.28596 11.0178 -5
      vertex -5.01583 0.716044 -5
      vertex 5.26889 11.0305 -5
    endloop
  endfacet
  facet normal 0 0 -1
    outer loop
      vertex 5.1113 11.1723 -5
      vertex -4.89747 11.4879 -5
      vertex -4.88867 11.5072 -5
    endloop
  endfacet
  facet normal 0 0 -1
    outer loop
      vertex -5.02846 0.733111 -5
      vertex 5.26889 11.0305 -5
      vertex -5.01583 0.716044 -5
    endloop
  endfacet
  facet normal 0 0 -1
    outer loop
      vertex 5.1113 11.1723 -5
      vertex -4.90661 11.4687 -5
      vertex -4.89747 11.4879 -5
    endloop
  endfacet
  facet normal -0 0 -1
    outer loop
      vertex 5.26889 11.0305 -5
      vertex -5.02846 0.733111 -5
      vertex 5.25204 11.0434 -5
    endloop
  endfacet
  facet normal 0 0 -1
    outer loop
      vertex 5.1113 11.1723 -5
      vertex -4.91609 11.4497 -5
      vertex -4.90661 11.4687 -5
    endloop
  endfacet
  facet normal 0 0 -1
    outer loop
      vertex -5.04138 0.749956 -5
      vertex 5.25204 11.0434 -5
      vertex -5.02846 0.733111 -5
    endloop
  endfacet
  facet normal 0 0 -1
    outer loop
      vertex 5.1113 11.1723 -5
      vertex -4.92589 11.4309 -5
      vertex -4.91609 11.4497 -5
    endloop
  endfacet
  facet normal -0 0 -1
    outer loop
      vertex 5.25204 11.0434 -5
      vertex -5.04138 0.749956 -5
      vertex 5.23543 11.0566 -5
    endloop
  endfacet
  facet normal 0 0 -1
    outer loop
      vertex 5.1113 11.1723 -5
      vertex -4.93602 11.4122 -5
      vertex -4.92589 11.4309 -5
    endloop
  endfacet
  facet normal 0 0 -1
    outer loop
      vertex -5.0546 0.766572 -5
      vertex 5.23543 11.0566 -5
      vertex -5.04138 0.749956 -5
    endloop
  endfacet
  facet normal 0 0 -1
    outer loop
      vertex 5.1113 11.1723 -5
      vertex -4.94648 11.3937 -5
      vertex -4.93602 11.4122 -5
    endloop
  endfacet
  facet normal -0 0 -1
    outer loop
      vertex 5.23543 11.0566 -5
      vertex -5.0546 0.766572 -5
      vertex 5.21905 11.0701 -5
    endloop
  endfacet
  facet normal 0 0 -1
    outer loop
      vertex 5.1113 11.1723 -5
      vertex -4.95725 11.3755 -5
      vertex -4.94648 11.3937 -5
    endloop
  endfacet
  facet normal 0 0 -1
    outer loop
      vertex -5.0681 0.782955 -5
      vertex 5.21905 11.0701 -5
      vertex -5.0546 0.766572 -5
    endloop
  endfacet
  facet normal 0 0 -1
    outer loop
      vertex 5.1113 11.1723 -5
      vertex -4.96834 11.3574 -5
      vertex -4.95725 11.3755 -5
    endloop
  endfacet
  facet normal -0 0 -1
    outer loop
      vertex 5.21905 11.0701 -5
      vertex -5.0681 0.782955 -5
      vertex 5.2029 11.0839 -5
    endloop
  endfacet
  facet normal 0 0 -1
    outer loop
      vertex 5.1113 11.1723 -5
      vertex -4.97975 11.3394 -5
      vertex -4.96834 11.3574 -5
    endloop
  endfacet
  facet normal 0 0 -1
    outer loop
      vertex -5.08189 0.7991 -5
      vertex 5.2029 11.0839 -5
      vertex -5.0681 0.782955 -5
    endloop
  endfacet
  facet normal 0 0 -1
    outer loop
      vertex 5.1113 11.1723 -5
      vertex -4.99147 11.3217 -5
      vertex -4.97975 11.3394 -5
    endloop
  endfacet
  facet normal -0 0 -1
    outer loop
      vertex 5.2029 11.0839 -5
      vertex -5.08189 0.7991 -5
      vertex 5.187 11.098 -5
    endloop
  endfacet
  facet normal 0 0 -1
    outer loop
      vertex 5.1113 11.1723 -5
      vertex -5.0035 11.3042 -5
      vertex -4.99147 11.3217 -5
    endloop
  endfacet
  facet normal 0 0 -1
    outer loop
      vertex -5.09596 0.815001 -5
      vertex 5.187 11.098 -5
      vertex -5.08189 0.7991 -5
    endloop
  endfacet
  facet normal 0 0 -1
    outer loop
      vertex 5.1113 11.1723 -5
      vertex -5.01583 11.287 -5
      vertex -5.0035 11.3042 -5
    endloop
  endfacet
  facet normal -0 0 -1
    outer loop
      vertex 5.187 11.098 -5
      vertex -5.09596 0.815001 -5
      vertex 5.17135 11.1123 -5
    endloop
  endfacet
  facet normal 0 0 -1
    outer loop
      vertex 5.1113 11.1723 -5
      vertex -5.02846 11.2699 -5
      vertex -5.01583 11.287 -5
    endloop
  endfacet
  facet normal 0 0 -1
    outer loop
      vertex -5.1103 0.830655 -5
      vertex 5.17135 11.1123 -5
      vertex -5.09596 0.815001 -5
    endloop
  endfacet
  facet normal 0 0 -1
    outer loop
      vertex 5.1113 11.1723 -5
      vertex -5.04138 11.253 -5
      vertex -5.02846 11.2699 -5
    endloop
  endfacet
  facet normal -0 0 -1
    outer loop
      vertex 5.17135 11.1123 -5
      vertex -5.1103 0.830655 -5
      vertex 5.15594 11.1269 -5
    endloop
  endfacet
  facet normal 0 0 -1
    outer loop
      vertex 5.1113 11.1723 -5
      vertex -5.0546 11.2364 -5
      vertex -5.04138 11.253 -5
    endloop
  endfacet
  facet normal 0 0 -1
    outer loop
      vertex -5.12492 0.846056 -5
      vertex 5.15594 11.1269 -5
      vertex -5.1103 0.830655 -5
    endloop
  endfacet
  facet normal 0 0 -1
    outer loop
      vertex 5.1113 11.1723 -5
      vertex -5.0681 11.22 -5
      vertex -5.0546 11.2364 -5
    endloop
  endfacet
  facet normal -0 0 -1
    outer loop
      vertex 5.15594 11.1269 -5
      vertex -5.12492 0.846056 -5
      vertex 5.1408 11.1418 -5
    endloop
  endfacet
  facet normal 0 0 -1
    outer loop
      vertex 5.1113 11.1723 -5
      vertex -5.08189 11.2039 -5
      vertex -5.0681 11.22 -5
    endloop
  endfacet
  facet normal 0 0 -1
    outer loop
      vertex -5.1398 0.861199 -5
      vertex 5.1408 11.1418 -5
      vertex -5.12492 0.846056 -5
    endloop
  endfacet
  facet normal 0 0 -1
    outer loop
      vertex 5.1113 11.1723 -5
      vertex -5.09596 11.188 -5
      vertex -5.08189 11.2039 -5
    endloop
  endfacet
  facet normal 0 0 -1
    outer loop
      vertex -5.1398 11.1418 -5
      vertex 5.1408 11.1418 -5
      vertex -5.1398 0.861199 -5
    endloop
  endfacet
  facet normal 0 0 -1
    outer loop
      vertex 5.1113 11.1723 -5
      vertex -5.1103 11.1723 -5
      vertex -5.09596 11.188 -5
    endloop
  endfacet
  facet normal 0 0 -1
    outer loop
      vertex 5.1408 11.1418 -5
      vertex -5.1398 11.1418 -5
      vertex 5.12592 11.1569 -5
    endloop
  endfacet
  facet normal -0 0 -1
    outer loop
      vertex 5.1113 11.1723 -5
      vertex -5.12492 11.1569 -5
      vertex -5.1103 11.1723 -5
    endloop
  endfacet
  facet normal 0 -0 -1
    outer loop
      vertex -5.12492 11.1569 -5
      vertex 5.12592 11.1569 -5
      vertex -5.1398 11.1418 -5
    endloop
  endfacet
  facet normal 0 0 -1
    outer loop
      vertex 5.12592 11.1569 -5
      vertex -5.12492 11.1569 -5
      vertex 5.1113 11.1723 -5
    endloop
  endfacet
  facet normal 0 0 -1
    outer loop
      vertex -5.15494 0.876081 -5
      vertex -5.1398 11.1418 -5
      vertex -5.1398 0.861199 -5
    endloop
  endfacet
  facet normal 0 0 -1
    outer loop
      vertex -5.15494 0.876081 -5
      vertex -5.15494 11.1269 -5
      vertex -5.1398 11.1418 -5
    endloop
  endfacet
  facet normal 0 0 -1
    outer loop
      vertex -5.17035 0.890696 -5
      vertex -5.15494 11.1269 -5
      vertex -5.15494 0.876081 -5
    endloop
  endfacet
  facet normal 0 0 -1
    outer loop
      vertex -5.17035 0.890696 -5
      vertex -5.17035 11.1123 -5
      vertex -5.15494 11.1269 -5
    endloop
  endfacet
  facet normal 0 0 -1
    outer loop
      vertex -5.186 0.90504 -5
      vertex -5.17035 11.1123 -5
      vertex -5.17035 0.890696 -5
    endloop
  endfacet
  facet normal 0 0 -1
    outer loop
      vertex -5.186 0.90504 -5
      vertex -5.186 11.098 -5
      vertex -5.17035 11.1123 -5
    endloop
  endfacet
  facet normal 0 0 -1
    outer loop
      vertex -5.2019 0.919109 -5
      vertex -5.186 11.098 -5
      vertex -5.186 0.90504 -5
    endloop
  endfacet
  facet normal 0 0 -1
    outer loop
      vertex -5.2019 0.919109 -5
      vertex -5.2019 11.0839 -5
      vertex -5.186 11.098 -5
    endloop
  endfacet
  facet normal 0 0 -1
    outer loop
      vertex -5.21805 0.932897 -5
      vertex -5.2019 11.0839 -5
      vertex -5.2019 0.919109 -5
    endloop
  endfacet
  facet normal 0 0 -1
    outer loop
      vertex -5.21805 0.932897 -5
      vertex -5.21805 11.0701 -5
      vertex -5.2019 11.0839 -5
    endloop
  endfacet
  facet normal 0 0 -1
    outer loop
      vertex -5.23443 0.946402 -5
      vertex -5.21805 11.0701 -5
      vertex -5.21805 0.932897 -5
    endloop
  endfacet
  facet normal 0 0 -1
    outer loop
      vertex -5.23443 0.946402 -5
      vertex -5.23443 11.0566 -5
      vertex -5.21805 11.0701 -5
    endloop
  endfacet
  facet normal 0 0 -1
    outer loop
      vertex -5.25104 0.95962 -5
      vertex -5.23443 11.0566 -5
      vertex -5.23443 0.946402 -5
    endloop
  endfacet
  facet normal 0 0 -1
    outer loop
      vertex -5.25104 0.95962 -5
      vertex -5.25104 11.0434 -5
      vertex -5.23443 11.0566 -5
    endloop
  endfacet
  facet normal 0 0 -1
    outer loop
      vertex -5.26789 0.972544 -5
      vertex -5.25104 11.0434 -5
      vertex -5.25104 0.95962 -5
    endloop
  endfacet
  facet normal 0 0 -1
    outer loop
      vertex -5.26789 0.972544 -5
      vertex -5.26789 11.0305 -5
      vertex -5.25104 11.0434 -5
    endloop
  endfacet
  facet normal 0 0 -1
    outer loop
      vertex -5.28496 0.985174 -5
      vertex -5.26789 11.0305 -5
      vertex -5.26789 0.972544 -5
    endloop
  endfacet
  facet normal 0 0 -1
    outer loop
      vertex -5.28496 0.985174 -5
      vertex -5.28496 11.0178 -5
      vertex -5.26789 11.0305 -5
    endloop
  endfacet
  facet normal 0 0 -1
    outer loop
      vertex -5.30224 0.997503 -5
      vertex -5.28496 11.0178 -5
      vertex -5.28496 0.985174 -5
    endloop
  endfacet
  facet normal 0 0 -1
    outer loop
      vertex -5.30224 0.997503 -5
      vertex -5.30224 11.0055 -5
      vertex -5.28496 11.0178 -5
    endloop
  endfacet
  facet normal 0 0 -1
    outer loop
      vertex -5.31974 1.00953 -5
      vertex -5.30224 11.0055 -5
      vertex -5.30224 0.997503 -5
    endloop
  endfacet
  facet normal 0 0 -1
    outer loop
      vertex -5.31974 1.00953 -5
      vertex -5.31974 10.9935 -5
      vertex -5.30224 11.0055 -5
    endloop
  endfacet
  facet normal 0 0 -1
    outer loop
      vertex -5.33744 1.02125 -5
      vertex -5.31974 10.9935 -5
      vertex -5.31974 1.00953 -5
    endloop
  endfacet
  facet normal 0 0 -1
    outer loop
      vertex -5.33744 1.02125 -5
      vertex -5.33744 10.9818 -5
      vertex -5.31974 10.9935 -5
    endloop
  endfacet
  facet normal 0 0 -1
    outer loop
      vertex -5.35535 1.03266 -5
      vertex -5.33744 10.9818 -5
      vertex -5.33744 1.02125 -5
    endloop
  endfacet
  facet normal 0 0 -1
    outer loop
      vertex -5.35535 1.03266 -5
      vertex -5.35535 10.9703 -5
      vertex -5.33744 10.9818 -5
    endloop
  endfacet
  facet normal 0 0 -1
    outer loop
      vertex -5.37345 1.04375 -5
      vertex -5.35535 10.9703 -5
      vertex -5.35535 1.03266 -5
    endloop
  endfacet
  facet normal 0 0 -1
    outer loop
      vertex -5.37345 1.04375 -5
      vertex -5.37345 10.9593 -5
      vertex -5.35535 10.9703 -5
    endloop
  endfacet
  facet normal 0 0 -1
    outer loop
      vertex -5.39175 1.05453 -5
      vertex -5.37345 10.9593 -5
      vertex -5.37345 1.04375 -5
    endloop
  endfacet
  facet normal 0 0 -1
    outer loop
      vertex -5.39175 1.05453 -5
      vertex -5.39175 10.9485 -5
      vertex -5.37345 10.9593 -5
    endloop
  endfacet
  facet normal 0 0 -1
    outer loop
      vertex -5.41023 1.06498 -5
      vertex -5.39175 10.9485 -5
      vertex -5.39175 1.05453 -5
    endloop
  endfacet
  facet normal 0 0 -1
    outer loop
      vertex -5.41023 1.06498 -5
      vertex -5.41023 10.938 -5
      vertex -5.39175 10.9485 -5
    endloop
  endfacet
  facet normal 0 0 -1
    outer loop
      vertex -5.42889 1.07511 -5
      vertex -5.41023 10.938 -5
      vertex -5.41023 1.06498 -5
    endloop
  endfacet
  facet normal 0 0 -1
    outer loop
      vertex -5.42889 1.07511 -5
      vertex -5.42889 10.9279 -5
      vertex -5.41023 10.938 -5
    endloop
  endfacet
  facet normal 0 0 -1
    outer loop
      vertex -5.44772 1.08491 -5
      vertex -5.42889 10.9279 -5
      vertex -5.42889 1.07511 -5
    endloop
  endfacet
  facet normal 0 0 -1
    outer loop
      vertex -5.44772 1.08491 -5
      vertex -5.44772 10.9181 -5
      vertex -5.42889 10.9279 -5
    endloop
  endfacet
  facet normal 0 0 -1
    outer loop
      vertex -5.46672 1.09439 -5
      vertex -5.44772 10.9181 -5
      vertex -5.44772 1.08491 -5
    endloop
  endfacet
  facet normal 0 0 -1
    outer loop
      vertex -5.46672 1.09439 -5
      vertex -5.46672 10.9086 -5
      vertex -5.44772 10.9181 -5
    endloop
  endfacet
  facet normal 0 0 -1
    outer loop
      vertex -5.48588 1.10353 -5
      vertex -5.46672 10.9086 -5
      vertex -5.46672 1.09439 -5
    endloop
  endfacet
  facet normal 0 0 -1
    outer loop
      vertex -5.48588 1.10353 -5
      vertex -5.48588 10.8995 -5
      vertex -5.46672 10.9086 -5
    endloop
  endfacet
  facet normal 0 0 -1
    outer loop
      vertex -5.5052 1.11233 -5
      vertex -5.48588 10.8995 -5
      vertex -5.48588 1.10353 -5
    endloop
  endfacet
  facet normal 0 0 -1
    outer loop
      vertex -5.5052 1.11233 -5
      vertex -5.5052 10.8907 -5
      vertex -5.48588 10.8995 -5
    endloop
  endfacet
  facet normal 0 0 -1
    outer loop
      vertex -5.52467 1.1208 -5
      vertex -5.5052 10.8907 -5
      vertex -5.5052 1.11233 -5
    endloop
  endfacet
  facet normal 0 0 -1
    outer loop
      vertex -5.52467 1.1208 -5
      vertex -5.52467 10.8822 -5
      vertex -5.5052 10.8907 -5
    endloop
  endfacet
  facet normal 0 0 -1
    outer loop
      vertex -5.54429 1.12892 -5
      vertex -5.52467 10.8822 -5
      vertex -5.52467 1.1208 -5
    endloop
  endfacet
  facet normal 0 0 -1
    outer loop
      vertex -5.54429 1.12892 -5
      vertex -5.54429 10.8741 -5
      vertex -5.52467 10.8822 -5
    endloop
  endfacet
  facet normal 0 0 -1
    outer loop
      vertex -5.56404 1.13671 -5
      vertex -5.54429 10.8741 -5
      vertex -5.54429 1.12892 -5
    endloop
  endfacet
  facet normal 0 0 -1
    outer loop
      vertex -5.56404 1.13671 -5
      vertex -5.56404 10.8663 -5
      vertex -5.54429 10.8741 -5
    endloop
  endfacet
  facet normal 0 0 -1
    outer loop
      vertex -5.58393 1.14414 -5
      vertex -5.56404 10.8663 -5
      vertex -5.56404 1.13671 -5
    endloop
  endfacet
  facet normal 0 0 -1
    outer loop
      vertex -5.58393 1.14414 -5
      vertex -5.58393 10.8589 -5
      vertex -5.56404 10.8663 -5
    endloop
  endfacet
  facet normal 0 0 -1
    outer loop
      vertex -5.60394 1.15123 -5
      vertex -5.58393 10.8589 -5
      vertex -5.58393 1.14414 -5
    endloop
  endfacet
  facet normal 0 0 -1
    outer loop
      vertex -5.60394 1.15123 -5
      vertex -5.60394 10.8518 -5
      vertex -5.58393 10.8589 -5
    endloop
  endfacet
  facet normal 0 0 -1
    outer loop
      vertex -5.62408 1.15797 -5
      vertex -5.60394 10.8518 -5
      vertex -5.60394 1.15123 -5
    endloop
  endfacet
  facet normal 0 0 -1
    outer loop
      vertex -5.62408 1.15797 -5
      vertex -5.62408 10.845 -5
      vertex -5.60394 10.8518 -5
    endloop
  endfacet
  facet normal 0 0 -1
    outer loop
      vertex -5.64433 1.16435 -5
      vertex -5.62408 10.845 -5
      vertex -5.62408 1.15797 -5
    endloop
  endfacet
  facet normal 0 0 -1
    outer loop
      vertex -5.64433 1.16435 -5
      vertex -5.64433 10.8386 -5
      vertex -5.62408 10.845 -5
    endloop
  endfacet
  facet normal 0 0 -1
    outer loop
      vertex -5.66469 1.17038 -5
      vertex -5.64433 10.8386 -5
      vertex -5.64433 1.16435 -5
    endloop
  endfacet
  facet normal 0 0 -1
    outer loop
      vertex -5.66469 1.17038 -5
      vertex -5.66469 10.8326 -5
      vertex -5.64433 10.8386 -5
    endloop
  endfacet
  facet normal 0 0 -1
    outer loop
      vertex -5.68515 1.17605 -5
      vertex -5.66469 10.8326 -5
      vertex -5.66469 1.17038 -5
    endloop
  endfacet
  facet normal 0 0 -1
    outer loop
      vertex -5.68515 1.17605 -5
      vertex -5.68515 10.8269 -5
      vertex -5.66469 10.8326 -5
    endloop
  endfacet
  facet normal 0 0 -1
    outer loop
      vertex -5.7057 1.18137 -5
      vertex -5.68515 10.8269 -5
      vertex -5.68515 1.17605 -5
    endloop
  endfacet
  facet normal 0 0 -1
    outer loop
      vertex -5.7057 1.18137 -5
      vertex -5.7057 10.8216 -5
      vertex -5.68515 10.8269 -5
    endloop
  endfacet
  facet normal 0 0 -1
    outer loop
      vertex -5.72635 1.18633 -5
      vertex -5.7057 10.8216 -5
      vertex -5.7057 1.18137 -5
    endloop
  endfacet
  facet normal 0 0 -1
    outer loop
      vertex -5.72635 1.18633 -5
      vertex -5.72635 10.8167 -5
      vertex -5.7057 10.8216 -5
    endloop
  endfacet
  facet normal 0 0 -1
    outer loop
      vertex -5.74707 1.19092 -5
      vertex -5.72635 10.8167 -5
      vertex -5.72635 1.18633 -5
    endloop
  endfacet
  facet normal 0 0 -1
    outer loop
      vertex -5.74707 1.19092 -5
      vertex -5.74707 10.8121 -5
      vertex -5.72635 10.8167 -5
    endloop
  endfacet
  facet normal 0 0 -1
    outer loop
      vertex -5.76788 1.19516 -5
      vertex -5.74707 10.8121 -5
      vertex -5.74707 1.19092 -5
    endloop
  endfacet
  facet normal 0 0 -1
    outer loop
      vertex -5.76788 1.19516 -5
      vertex -5.76788 10.8078 -5
      vertex -5.74707 10.8121 -5
    endloop
  endfacet
  facet normal 0 0 -1
    outer loop
      vertex -5.78876 1.19902 -5
      vertex -5.76788 10.8078 -5
      vertex -5.76788 1.19516 -5
    endloop
  endfacet
  facet normal 0 0 -1
    outer loop
      vertex -5.78876 1.19902 -5
      vertex -5.78876 10.804 -5
      vertex -5.76788 10.8078 -5
    endloop
  endfacet
  facet normal 0 0 -1
    outer loop
      vertex -5.8097 1.20253 -5
      vertex -5.78876 10.804 -5
      vertex -5.78876 1.19902 -5
    endloop
  endfacet
  facet normal 0 0 -1
    outer loop
      vertex -5.8097 1.20253 -5
      vertex -5.8097 10.8005 -5
      vertex -5.78876 10.804 -5
    endloop
  endfacet
  facet normal 0 0 -1
    outer loop
      vertex -5.8307 1.20567 -5
      vertex -5.8097 10.8005 -5
      vertex -5.8097 1.20253 -5
    endloop
  endfacet
  facet normal 0 0 -1
    outer loop
      vertex -5.8307 1.20567 -5
      vertex -5.8307 10.7973 -5
      vertex -5.8097 10.8005 -5
    endloop
  endfacet
  facet normal 0 0 -1
    outer loop
      vertex -5.85175 1.20844 -5
      vertex -5.8307 10.7973 -5
      vertex -5.8307 1.20567 -5
    endloop
  endfacet
  facet normal 0 0 -1
    outer loop
      vertex -5.85175 1.20844 -5
      vertex -5.85175 10.7946 -5
      vertex -5.8307 10.7973 -5
    endloop
  endfacet
  facet normal 0 0 -1
    outer loop
      vertex -5.87284 1.21084 -5
      vertex -5.85175 10.7946 -5
      vertex -5.85175 1.20844 -5
    endloop
  endfacet
  facet normal 0 0 -1
    outer loop
      vertex -5.87284 1.21084 -5
      vertex -5.87284 10.7922 -5
      vertex -5.85175 10.7946 -5
    endloop
  endfacet
  facet normal 0 0 -1
    outer loop
      vertex -5.89398 1.21288 -5
      vertex -5.87284 10.7922 -5
      vertex -5.87284 1.21084 -5
    endloop
  endfacet
  facet normal 0 0 -1
    outer loop
      vertex -5.89398 1.21288 -5
      vertex -5.89398 10.7901 -5
      vertex -5.87284 10.7922 -5
    endloop
  endfacet
  facet normal 0 0 -1
    outer loop
      vertex -5.91514 1.21454 -5
      vertex -5.89398 10.7901 -5
      vertex -5.89398 1.21288 -5
    endloop
  endfacet
  facet normal 0 0 -1
    outer loop
      vertex -5.91514 1.21454 -5
      vertex -5.91514 10.7885 -5
      vertex -5.89398 10.7901 -5
    endloop
  endfacet
  facet normal 0 0 -1
    outer loop
      vertex -5.93633 1.21584 -5
      vertex -5.91514 10.7885 -5
      vertex -5.91514 1.21454 -5
    endloop
  endfacet
  facet normal 0 0 -1
    outer loop
      vertex -5.93633 1.21584 -5
      vertex -5.93633 10.7872 -5
      vertex -5.91514 10.7885 -5
    endloop
  endfacet
  facet normal 0 0 -1
    outer loop
      vertex -5.95755 1.21677 -5
      vertex -5.93633 10.7872 -5
      vertex -5.93633 1.21584 -5
    endloop
  endfacet
  facet normal 0 0 -1
    outer loop
      vertex -5.95755 1.21677 -5
      vertex -5.95755 10.7862 -5
      vertex -5.93633 10.7872 -5
    endloop
  endfacet
  facet normal 0 0 -1
    outer loop
      vertex -5.97877 1.21732 -5
      vertex -5.95755 10.7862 -5
      vertex -5.95755 1.21677 -5
    endloop
  endfacet
  facet normal 0 0 -1
    outer loop
      vertex -5.97877 1.21732 -5
      vertex -5.97877 10.7857 -5
      vertex -5.95755 10.7862 -5
    endloop
  endfacet
  facet normal 0 0 -1
    outer loop
      vertex -6 1.21751 -5
      vertex -5.97877 10.7857 -5
      vertex -5.97877 1.21732 -5
    endloop
  endfacet
  facet normal 0 0 -1
    outer loop
      vertex -6 1.21751 -5
      vertex -6 10.7855 -5
      vertex -5.97877 10.7857 -5
    endloop
  endfacet
  facet normal 0 0 -1
    outer loop
      vertex -6.02123 1.21732 -5
      vertex -6 10.7855 -5
      vertex -6 1.21751 -5
    endloop
  endfacet
  facet normal 0 0 -1
    outer loop
      vertex -6.02123 1.21732 -5
      vertex -6.02123 10.7857 -5
      vertex -6 10.7855 -5
    endloop
  endfacet
  facet normal 0 0 -1
    outer loop
      vertex -6.04245 1.21677 -5
      vertex -6.02123 10.7857 -5
      vertex -6.02123 1.21732 -5
    endloop
  endfacet
  facet normal 0 0 -1
    outer loop
      vertex -6.04245 1.21677 -5
      vertex -6.04245 10.7862 -5
      vertex -6.02123 10.7857 -5
    endloop
  endfacet
  facet normal 0 0 -1
    outer loop
      vertex -6.06367 1.21584 -5
      vertex -6.04245 10.7862 -5
      vertex -6.04245 1.21677 -5
    endloop
  endfacet
  facet normal 0 0 -1
    outer loop
      vertex -6.06367 1.21584 -5
      vertex -6.06367 10.7872 -5
      vertex -6.04245 10.7862 -5
    endloop
  endfacet
  facet normal 0 0 -1
    outer loop
      vertex -6.08486 1.21454 -5
      vertex -6.06367 10.7872 -5
      vertex -6.06367 1.21584 -5
    endloop
  endfacet
  facet normal 0 0 -1
    outer loop
      vertex -6.08486 1.21454 -5
      vertex -6.08486 10.7885 -5
      vertex -6.06367 10.7872 -5
    endloop
  endfacet
  facet normal 0 0 -1
    outer loop
      vertex -6.10602 1.21288 -5
      vertex -6.08486 10.7885 -5
      vertex -6.08486 1.21454 -5
    endloop
  endfacet
  facet normal 0 0 -1
    outer loop
      vertex -6.10602 1.21288 -5
      vertex -6.10602 10.7901 -5
      vertex -6.08486 10.7885 -5
    endloop
  endfacet
  facet normal 0 0 -1
    outer loop
      vertex -6.12716 1.21084 -5
      vertex -6.10602 10.7901 -5
      vertex -6.10602 1.21288 -5
    endloop
  endfacet
  facet normal 0 0 -1
    outer loop
      vertex -6.12716 1.21084 -5
      vertex -6.12716 10.7922 -5
      vertex -6.10602 10.7901 -5
    endloop
  endfacet
  facet normal 0 0 -1
    outer loop
      vertex -6.14825 1.20844 -5
      vertex -6.12716 10.7922 -5
      vertex -6.12716 1.21084 -5
    endloop
  endfacet
  facet normal 0 0 -1
    outer loop
      vertex -6.14825 1.20844 -5
      vertex -6.14825 10.7946 -5
      vertex -6.12716 10.7922 -5
    endloop
  endfacet
  facet normal 0 0 -1
    outer loop
      vertex -6.1693 1.20567 -5
      vertex -6.14825 10.7946 -5
      vertex -6.14825 1.20844 -5
    endloop
  endfacet
  facet normal 0 0 -1
    outer loop
      vertex -6.1693 1.20567 -5
      vertex -6.1693 10.7973 -5
      vertex -6.14825 10.7946 -5
    endloop
  endfacet
  facet normal 0 0 -1
    outer loop
      vertex -6.1903 1.20253 -5
      vertex -6.1693 10.7973 -5
      vertex -6.1693 1.20567 -5
    endloop
  endfacet
  facet normal 0 0 -1
    outer loop
      vertex -6.1903 1.20253 -5
      vertex -6.1903 10.8005 -5
      vertex -6.1693 10.7973 -5
    endloop
  endfacet
  facet normal 0 0 -1
    outer loop
      vertex -6.21124 1.19902 -5
      vertex -6.1903 10.8005 -5
      vertex -6.1903 1.20253 -5
    endloop
  endfacet
  facet normal 0 0 -1
    outer loop
      vertex -6.21124 1.19902 -5
      vertex -6.21124 10.804 -5
      vertex -6.1903 10.8005 -5
    endloop
  endfacet
  facet normal 0 0 -1
    outer loop
      vertex -6.23212 1.19516 -5
      vertex -6.21124 10.804 -5
      vertex -6.21124 1.19902 -5
    endloop
  endfacet
  facet normal 0 0 -1
    outer loop
      vertex -6.23212 1.19516 -5
      vertex -6.23212 10.8078 -5
      vertex -6.21124 10.804 -5
    endloop
  endfacet
  facet normal 0 0 -1
    outer loop
      vertex -6.25293 1.19092 -5
      vertex -6.23212 10.8078 -5
      vertex -6.23212 1.19516 -5
    endloop
  endfacet
  facet normal 0 0 -1
    outer loop
      vertex -6.25293 1.19092 -5
      vertex -6.25293 10.8121 -5
      vertex -6.23212 10.8078 -5
    endloop
  endfacet
  facet normal 0 0 -1
    outer loop
      vertex -6.27365 1.18633 -5
      vertex -6.25293 10.8121 -5
      vertex -6.25293 1.19092 -5
    endloop
  endfacet
  facet normal 0 0 -1
    outer loop
      vertex -6.27365 1.18633 -5
      vertex -6.27365 10.8167 -5
      vertex -6.25293 10.8121 -5
    endloop
  endfacet
  facet normal 0 0 -1
    outer loop
      vertex -6.2943 1.18137 -5
      vertex -6.27365 10.8167 -5
      vertex -6.27365 1.18633 -5
    endloop
  endfacet
  facet normal 0 0 -1
    outer loop
      vertex -6.2943 1.18137 -5
      vertex -6.2943 10.8216 -5
      vertex -6.27365 10.8167 -5
    endloop
  endfacet
  facet normal 0 0 -1
    outer loop
      vertex -6.31485 1.17605 -5
      vertex -6.2943 10.8216 -5
      vertex -6.2943 1.18137 -5
    endloop
  endfacet
  facet normal 0 0 -1
    outer loop
      vertex -6.31485 1.17605 -5
      vertex -6.31485 10.8269 -5
      vertex -6.2943 10.8216 -5
    endloop
  endfacet
  facet normal 0 0 -1
    outer loop
      vertex -6.33531 1.17038 -5
      vertex -6.31485 10.8269 -5
      vertex -6.31485 1.17605 -5
    endloop
  endfacet
  facet normal 0 0 -1
    outer loop
      vertex -6.33531 1.17038 -5
      vertex -6.33531 10.8326 -5
      vertex -6.31485 10.8269 -5
    endloop
  endfacet
  facet normal 0 0 -1
    outer loop
      vertex -6.35567 1.16435 -5
      vertex -6.33531 10.8326 -5
      vertex -6.33531 1.17038 -5
    endloop
  endfacet
  facet normal 0 0 -1
    outer loop
      vertex -6.35567 1.16435 -5
      vertex -6.35567 10.8386 -5
      vertex -6.33531 10.8326 -5
    endloop
  endfacet
  facet normal 0 0 -1
    outer loop
      vertex -6.37592 1.15797 -5
      vertex -6.35567 10.8386 -5
      vertex -6.35567 1.16435 -5
    endloop
  endfacet
  facet normal 0 0 -1
    outer loop
      vertex -6.37592 1.15797 -5
      vertex -6.37592 10.845 -5
      vertex -6.35567 10.8386 -5
    endloop
  endfacet
  facet normal 0 0 -1
    outer loop
      vertex -6.39606 1.15123 -5
      vertex -6.37592 10.845 -5
      vertex -6.37592 1.15797 -5
    endloop
  endfacet
  facet normal 0 0 -1
    outer loop
      vertex -6.39606 1.15123 -5
      vertex -6.39606 10.8518 -5
      vertex -6.37592 10.845 -5
    endloop
  endfacet
  facet normal 0 0 -1
    outer loop
      vertex -6.41607 1.14414 -5
      vertex -6.39606 10.8518 -5
      vertex -6.39606 1.15123 -5
    endloop
  endfacet
  facet normal 0 0 -1
    outer loop
      vertex -6.41607 1.14414 -5
      vertex -6.41607 10.8589 -5
      vertex -6.39606 10.8518 -5
    endloop
  endfacet
  facet normal 0 0 -1
    outer loop
      vertex -6.43596 1.13671 -5
      vertex -6.41607 10.8589 -5
      vertex -6.41607 1.14414 -5
    endloop
  endfacet
  facet normal 0 0 -1
    outer loop
      vertex -6.43596 1.13671 -5
      vertex -6.43596 10.8663 -5
      vertex -6.41607 10.8589 -5
    endloop
  endfacet
  facet normal 0 0 -1
    outer loop
      vertex -6.45571 1.12892 -5
      vertex -6.43596 10.8663 -5
      vertex -6.43596 1.13671 -5
    endloop
  endfacet
  facet normal 0 0 -1
    outer loop
      vertex -6.45571 1.12892 -5
      vertex -6.45571 10.8741 -5
      vertex -6.43596 10.8663 -5
    endloop
  endfacet
  facet normal 0 0 -1
    outer loop
      vertex -6.47533 1.1208 -5
      vertex -6.45571 10.8741 -5
      vertex -6.45571 1.12892 -5
    endloop
  endfacet
  facet normal 0 0 -1
    outer loop
      vertex -6.47533 1.1208 -5
      vertex -6.47533 10.8822 -5
      vertex -6.45571 10.8741 -5
    endloop
  endfacet
  facet normal 0 0 -1
    outer loop
      vertex -6.4948 1.11233 -5
      vertex -6.47533 10.8822 -5
      vertex -6.47533 1.1208 -5
    endloop
  endfacet
  facet normal 0 0 -1
    outer loop
      vertex -6.4948 1.11233 -5
      vertex -6.4948 10.8907 -5
      vertex -6.47533 10.8822 -5
    endloop
  endfacet
  facet normal 0 0 -1
    outer loop
      vertex -6.51412 1.10353 -5
      vertex -6.4948 10.8907 -5
      vertex -6.4948 1.11233 -5
    endloop
  endfacet
  facet normal 0 0 -1
    outer loop
      vertex -6.51412 1.10353 -5
      vertex -6.51412 10.8995 -5
      vertex -6.4948 10.8907 -5
    endloop
  endfacet
  facet normal 0 0 -1
    outer loop
      vertex -6.53328 1.09439 -5
      vertex -6.51412 10.8995 -5
      vertex -6.51412 1.10353 -5
    endloop
  endfacet
  facet normal 0 0 -1
    outer loop
      vertex -6.53328 1.09439 -5
      vertex -6.53328 10.9086 -5
      vertex -6.51412 10.8995 -5
    endloop
  endfacet
  facet normal 0 0 -1
    outer loop
      vertex -6.55228 1.08491 -5
      vertex -6.53328 10.9086 -5
      vertex -6.53328 1.09439 -5
    endloop
  endfacet
  facet normal 0 0 -1
    outer loop
      vertex -6.55228 1.08491 -5
      vertex -6.55228 10.9181 -5
      vertex -6.53328 10.9086 -5
    endloop
  endfacet
  facet normal 0 0 -1
    outer loop
      vertex -6.57111 1.07511 -5
      vertex -6.55228 10.9181 -5
      vertex -6.55228 1.08491 -5
    endloop
  endfacet
  facet normal 0 0 -1
    outer loop
      vertex -6.57111 1.07511 -5
      vertex -6.57111 10.9279 -5
      vertex -6.55228 10.9181 -5
    endloop
  endfacet
  facet normal 0 0 -1
    outer loop
      vertex -6.58977 1.06498 -5
      vertex -6.57111 10.9279 -5
      vertex -6.57111 1.07511 -5
    endloop
  endfacet
  facet normal 0 0 -1
    outer loop
      vertex -6.58977 1.06498 -5
      vertex -6.58977 10.938 -5
      vertex -6.57111 10.9279 -5
    endloop
  endfacet
  facet normal 0 0 -1
    outer loop
      vertex -6.60825 1.05453 -5
      vertex -6.58977 10.938 -5
      vertex -6.58977 1.06498 -5
    endloop
  endfacet
  facet normal 0 0 -1
    outer loop
      vertex -6.60825 1.05453 -5
      vertex -6.60825 10.9485 -5
      vertex -6.58977 10.938 -5
    endloop
  endfacet
  facet normal 0 0 -1
    outer loop
      vertex -6.62655 1.04375 -5
      vertex -6.60825 10.9485 -5
      vertex -6.60825 1.05453 -5
    endloop
  endfacet
  facet normal 0 0 -1
    outer loop
      vertex -6.62655 1.04375 -5
      vertex -6.62655 10.9593 -5
      vertex -6.60825 10.9485 -5
    endloop
  endfacet
  facet normal 0 0 -1
    outer loop
      vertex -6.64465 1.03266 -5
      vertex -6.62655 10.9593 -5
      vertex -6.62655 1.04375 -5
    endloop
  endfacet
  facet normal 0 0 -1
    outer loop
      vertex -6.64465 1.03266 -5
      vertex -6.64465 10.9703 -5
      vertex -6.62655 10.9593 -5
    endloop
  endfacet
  facet normal 0 0 -1
    outer loop
      vertex -6.66256 1.02125 -5
      vertex -6.64465 10.9703 -5
      vertex -6.64465 1.03266 -5
    endloop
  endfacet
  facet normal 0 0 -1
    outer loop
      vertex -6.66256 1.02125 -5
      vertex -6.66256 10.9818 -5
      vertex -6.64465 10.9703 -5
    endloop
  endfacet
  facet normal 0 0 -1
    outer loop
      vertex -6.68026 1.00953 -5
      vertex -6.66256 10.9818 -5
      vertex -6.66256 1.02125 -5
    endloop
  endfacet
  facet normal 0 0 -1
    outer loop
      vertex -6.68026 1.00953 -5
      vertex -6.68026 10.9935 -5
      vertex -6.66256 10.9818 -5
    endloop
  endfacet
  facet normal 0 0 -1
    outer loop
      vertex -6.69776 0.997503 -5
      vertex -6.68026 10.9935 -5
      vertex -6.68026 1.00953 -5
    endloop
  endfacet
  facet normal 0 0 -1
    outer loop
      vertex -6.69776 0.997503 -5
      vertex -6.69776 11.0055 -5
      vertex -6.68026 10.9935 -5
    endloop
  endfacet
  facet normal 0 0 -1
    outer loop
      vertex -6.71504 0.985174 -5
      vertex -6.69776 11.0055 -5
      vertex -6.69776 0.997503 -5
    endloop
  endfacet
  facet normal 0 0 -1
    outer loop
      vertex -6.71504 0.985174 -5
      vertex -6.71504 11.0178 -5
      vertex -6.69776 11.0055 -5
    endloop
  endfacet
  facet normal 0 0 -1
    outer loop
      vertex -6.73211 0.972544 -5
      vertex -6.71504 11.0178 -5
      vertex -6.71504 0.985174 -5
    endloop
  endfacet
  facet normal 0 0 -1
    outer loop
      vertex -6.73211 0.972544 -5
      vertex -6.73211 11.0305 -5
      vertex -6.71504 11.0178 -5
    endloop
  endfacet
  facet normal 0 0 -1
    outer loop
      vertex -6.74896 0.95962 -5
      vertex -6.73211 11.0305 -5
      vertex -6.73211 0.972544 -5
    endloop
  endfacet
  facet normal 0 0 -1
    outer loop
      vertex -6.74896 0.95962 -5
      vertex -6.74896 11.0434 -5
      vertex -6.73211 11.0305 -5
    endloop
  endfacet
  facet normal 0 0 -1
    outer loop
      vertex -6.76557 0.946402 -5
      vertex -6.74896 11.0434 -5
      vertex -6.74896 0.95962 -5
    endloop
  endfacet
  facet normal 0 0 -1
    outer loop
      vertex -6.76557 0.946402 -5
      vertex -6.76557 11.0566 -5
      vertex -6.74896 11.0434 -5
    endloop
  endfacet
  facet normal 0 0 -1
    outer loop
      vertex -6.78195 0.932897 -5
      vertex -6.76557 11.0566 -5
      vertex -6.76557 0.946402 -5
    endloop
  endfacet
  facet normal 0 0 -1
    outer loop
      vertex -6.78195 0.932897 -5
      vertex -6.78195 11.0701 -5
      vertex -6.76557 11.0566 -5
    endloop
  endfacet
  facet normal 0 0 -1
    outer loop
      vertex -6.7981 0.919109 -5
      vertex -6.78195 11.0701 -5
      vertex -6.78195 0.932897 -5
    endloop
  endfacet
  facet normal 0 0 -1
    outer loop
      vertex -6.7981 0.919109 -5
      vertex -6.7981 11.0839 -5
      vertex -6.78195 11.0701 -5
    endloop
  endfacet
  facet normal 0 0 -1
    outer loop
      vertex -6.814 0.90504 -5
      vertex -6.7981 11.0839 -5
      vertex -6.7981 0.919109 -5
    endloop
  endfacet
  facet normal 0 0 -1
    outer loop
      vertex -6.814 0.90504 -5
      vertex -6.814 11.098 -5
      vertex -6.7981 11.0839 -5
    endloop
  endfacet
  facet normal 0 0 -1
    outer loop
      vertex -6.82965 0.890696 -5
      vertex -6.814 11.098 -5
      vertex -6.814 0.90504 -5
    endloop
  endfacet
  facet normal 0 0 -1
    outer loop
      vertex -6.82965 0.890696 -5
      vertex -6.82965 11.1123 -5
      vertex -6.814 11.098 -5
    endloop
  endfacet
  facet normal 0 0 -1
    outer loop
      vertex -6.84506 0.876081 -5
      vertex -6.82965 11.1123 -5
      vertex -6.82965 0.890696 -5
    endloop
  endfacet
  facet normal 0 0 -1
    outer loop
      vertex -6.84506 0.876081 -5
      vertex -6.84506 11.1269 -5
      vertex -6.82965 11.1123 -5
    endloop
  endfacet
  facet normal 0 0 -1
    outer loop
      vertex -6.8602 0.861199 -5
      vertex -6.84506 11.1269 -5
      vertex -6.84506 0.876081 -5
    endloop
  endfacet
  facet normal 0 0 -1
    outer loop
      vertex -6.8602 0.861199 -5
      vertex -6.8602 11.1418 -5
      vertex -6.84506 11.1269 -5
    endloop
  endfacet
  facet normal 0 0 -1
    outer loop
      vertex -6.87508 0.846056 -5
      vertex -6.8602 11.1418 -5
      vertex -6.8602 0.861199 -5
    endloop
  endfacet
  facet normal 0 0 -1
    outer loop
      vertex -6.87508 0.846056 -5
      vertex -6.87508 11.1569 -5
      vertex -6.8602 11.1418 -5
    endloop
  endfacet
  facet normal 0 0 -1
    outer loop
      vertex -6.8897 0.830655 -5
      vertex -6.87508 11.1569 -5
      vertex -6.87508 0.846056 -5
    endloop
  endfacet
  facet normal 0 0 -1
    outer loop
      vertex -6.8897 0.830655 -5
      vertex -6.8897 11.1723 -5
      vertex -6.87508 11.1569 -5
    endloop
  endfacet
  facet normal 0 0 -1
    outer loop
      vertex -6.90404 0.815001 -5
      vertex -6.8897 11.1723 -5
      vertex -6.8897 0.830655 -5
    endloop
  endfacet
  facet normal 0 0 -1
    outer loop
      vertex -6.90404 0.815001 -5
      vertex -6.90404 11.188 -5
      vertex -6.8897 11.1723 -5
    endloop
  endfacet
  facet normal 0 0 -1
    outer loop
      vertex -6.91811 0.7991 -5
      vertex -6.90404 11.188 -5
      vertex -6.90404 0.815001 -5
    endloop
  endfacet
  facet normal 0 0 -1
    outer loop
      vertex -6.91811 0.7991 -5
      vertex -6.91811 11.2039 -5
      vertex -6.90404 11.188 -5
    endloop
  endfacet
  facet normal 0 0 -1
    outer loop
      vertex -6.9319 0.782955 -5
      vertex -6.91811 11.2039 -5
      vertex -6.91811 0.7991 -5
    endloop
  endfacet
  facet normal 0 0 -1
    outer loop
      vertex -6.9319 0.782955 -5
      vertex -6.9319 11.22 -5
      vertex -6.91811 11.2039 -5
    endloop
  endfacet
  facet normal 0 0 -1
    outer loop
      vertex -6.9454 0.766572 -5
      vertex -6.9319 11.22 -5
      vertex -6.9319 0.782955 -5
    endloop
  endfacet
  facet normal 0 0 -1
    outer loop
      vertex -6.9454 0.766572 -5
      vertex -6.9454 11.2364 -5
      vertex -6.9319 11.22 -5
    endloop
  endfacet
  facet normal 0 0 -1
    outer loop
      vertex -6.95862 0.749956 -5
      vertex -6.9454 11.2364 -5
      vertex -6.9454 0.766572 -5
    endloop
  endfacet
  facet normal 0 0 -1
    outer loop
      vertex -6.95862 0.749956 -5
      vertex -6.95862 11.253 -5
      vertex -6.9454 11.2364 -5
    endloop
  endfacet
  facet normal 0 0 -1
    outer loop
      vertex -6.97154 0.733111 -5
      vertex -6.95862 11.253 -5
      vertex -6.95862 0.749956 -5
    endloop
  endfacet
  facet normal 0 0 -1
    outer loop
      vertex -6.97154 0.733111 -5
      vertex -6.97154 11.2699 -5
      vertex -6.95862 11.253 -5
    endloop
  endfacet
  facet normal 0 0 -1
    outer loop
      vertex -6.98417 0.716044 -5
      vertex -6.97154 11.2699 -5
      vertex -6.97154 0.733111 -5
    endloop
  endfacet
  facet normal 0 0 -1
    outer loop
      vertex -6.98417 0.716044 -5
      vertex -6.98417 11.287 -5
      vertex -6.97154 11.2699 -5
    endloop
  endfacet
  facet normal 0 0 -1
    outer loop
      vertex -6.9965 0.698759 -5
      vertex -6.98417 11.287 -5
      vertex -6.98417 0.716044 -5
    endloop
  endfacet
  facet normal 0 0 -1
    outer loop
      vertex -6.9965 0.698759 -5
      vertex -6.9965 11.3042 -5
      vertex -6.98417 11.287 -5
    endloop
  endfacet
  facet normal 0 0 -1
    outer loop
      vertex -7.00853 0.681262 -5
      vertex -6.9965 11.3042 -5
      vertex -6.9965 0.698759 -5
    endloop
  endfacet
  facet normal 0 0 -1
    outer loop
      vertex -7.00853 0.681262 -5
      vertex -7.00853 11.3217 -5
      vertex -6.9965 11.3042 -5
    endloop
  endfacet
  facet normal 0 0 -1
    outer loop
      vertex -7.02025 0.663557 -5
      vertex -7.00853 11.3217 -5
      vertex -7.00853 0.681262 -5
    endloop
  endfacet
  facet normal 0 0 -1
    outer loop
      vertex -7.02025 0.663557 -5
      vertex -7.02025 11.3394 -5
      vertex -7.00853 11.3217 -5
    endloop
  endfacet
  facet normal 0 0 -1
    outer loop
      vertex -7.03166 0.645649 -5
      vertex -7.02025 11.3394 -5
      vertex -7.02025 0.663557 -5
    endloop
  endfacet
  facet normal 0 0 -1
    outer loop
      vertex -7.03166 0.645649 -5
      vertex -7.03166 11.3574 -5
      vertex -7.02025 11.3394 -5
    endloop
  endfacet
  facet normal 0 0 -1
    outer loop
      vertex -7.04275 0.627547 -5
      vertex -7.03166 11.3574 -5
      vertex -7.03166 0.645649 -5
    endloop
  endfacet
  facet normal 0 0 -1
    outer loop
      vertex -7.04275 0.627547 -5
      vertex -7.04275 11.3755 -5
      vertex -7.03166 11.3574 -5
    endloop
  endfacet
  facet normal 0 0 -1
    outer loop
      vertex -7.05352 0.609253 -5
      vertex -7.04275 11.3755 -5
      vertex -7.04275 0.627547 -5
    endloop
  endfacet
  facet normal 0 0 -1
    outer loop
      vertex -7.05352 0.609253 -5
      vertex -7.05352 11.3937 -5
      vertex -7.04275 11.3755 -5
    endloop
  endfacet
  facet normal 0 0 -1
    outer loop
      vertex -7.06398 0.590773 -5
      vertex -7.05352 11.3937 -5
      vertex -7.05352 0.609253 -5
    endloop
  endfacet
  facet normal 0 0 -1
    outer loop
      vertex -7.06398 0.590773 -5
      vertex -7.06398 11.4122 -5
      vertex -7.05352 11.3937 -5
    endloop
  endfacet
  facet normal 0 0 -1
    outer loop
      vertex -7.07411 0.572115 -5
      vertex -7.06398 11.4122 -5
      vertex -7.06398 0.590773 -5
    endloop
  endfacet
  facet normal 0 0 -1
    outer loop
      vertex -7.07411 0.572115 -5
      vertex -7.07411 11.4309 -5
      vertex -7.06398 11.4122 -5
    endloop
  endfacet
  facet normal 0 0 -1
    outer loop
      vertex -7.08391 0.553281 -5
      vertex -7.07411 11.4309 -5
      vertex -7.07411 0.572115 -5
    endloop
  endfacet
  facet normal 0 0 -1
    outer loop
      vertex -7.08391 0.553281 -5
      vertex -7.08391 11.4497 -5
      vertex -7.07411 11.4309 -5
    endloop
  endfacet
  facet normal 0 0 -1
    outer loop
      vertex -7.09339 0.53428 -5
      vertex -7.08391 11.4497 -5
      vertex -7.08391 0.553281 -5
    endloop
  endfacet
  facet normal 0 0 -1
    outer loop
      vertex -7.09339 0.53428 -5
      vertex -7.09339 11.4687 -5
      vertex -7.08391 11.4497 -5
    endloop
  endfacet
  facet normal 0 0 -1
    outer loop
      vertex -18 18 -5
      vertex -7.09339 0.53428 -5
      vertex -7.10253 0.515117 -5
    endloop
  endfacet
  facet normal 0 0 -1
    outer loop
      vertex -7.09339 0.53428 -5
      vertex -18 18 -5
      vertex -7.09339 11.4687 -5
    endloop
  endfacet
  facet normal 0 0 -1
    outer loop
      vertex -18 18 -5
      vertex -7.10253 0.515117 -5
      vertex -7.11133 0.495798 -5
    endloop
  endfacet
  facet normal 0 0 -1
    outer loop
      vertex -7.09339 11.4687 -5
      vertex -18 18 -5
      vertex -7.10253 11.4879 -5
    endloop
  endfacet
  facet normal 0 0 -1
    outer loop
      vertex -18 18 -5
      vertex -7.11133 0.495798 -5
      vertex -7.1198 0.476327 -5
    endloop
  endfacet
  facet normal 0 0 -1
    outer loop
      vertex -7.10253 11.4879 -5
      vertex -18 18 -5
      vertex -7.11133 11.5072 -5
    endloop
  endfacet
  facet normal 0 0 -1
    outer loop
      vertex -18 18 -5
      vertex -7.1198 0.476327 -5
      vertex -7.12792 0.45671 -5
    endloop
  endfacet
  facet normal 0 0 -1
    outer loop
      vertex -7.11133 11.5072 -5
      vertex -18 18 -5
      vertex -7.1198 11.5267 -5
    endloop
  endfacet
  facet normal 0 0 -1
    outer loop
      vertex -18 18 -5
      vertex -7.12792 0.45671 -5
      vertex -7.13571 0.436956 -5
    endloop
  endfacet
  facet normal 0 0 -1
    outer loop
      vertex -7.1198 11.5267 -5
      vertex -18 18 -5
      vertex -7.12792 11.5463 -5
    endloop
  endfacet
  facet normal 0 0 -1
    outer loop
      vertex -18 18 -5
      vertex -7.13571 0.436956 -5
      vertex -7.14314 0.417069 -5
    endloop
  endfacet
  facet normal 0 0 -1
    outer loop
      vertex -7.12792 11.5463 -5
      vertex -18 18 -5
      vertex -7.13571 11.566 -5
    endloop
  endfacet
  facet normal 0 0 -1
    outer loop
      vertex -18 18 -5
      vertex -7.14314 0.417069 -5
      vertex -7.15023 0.397055 -5
    endloop
  endfacet
  facet normal 0 0 -1
    outer loop
      vertex -7.13571 11.566 -5
      vertex -18 18 -5
      vertex -7.14314 11.5859 -5
    endloop
  endfacet
  facet normal 0 0 -1
    outer loop
      vertex -18 18 -5
      vertex -7.15023 0.397055 -5
      vertex -7.15697 0.37692 -5
    endloop
  endfacet
  facet normal 0 0 -1
    outer loop
      vertex -7.14314 11.5859 -5
      vertex -18 18 -5
      vertex -7.15023 11.6059 -5
    endloop
  endfacet
  facet normal 0 0 -1
    outer loop
      vertex -18 18 -5
      vertex -7.15697 0.37692 -5
      vertex -7.16335 0.356672 -5
    endloop
  endfacet
  facet normal 0 0 -1
    outer loop
      vertex -7.15023 11.6059 -5
      vertex -18 18 -5
      vertex -7.15697 11.6261 -5
    endloop
  endfacet
  facet normal 0 0 -1
    outer loop
      vertex -18 18 -5
      vertex -7.16335 0.356672 -5
      vertex -7.16938 0.336314 -5
    endloop
  endfacet
  facet normal 0 0 -1
    outer loop
      vertex -7.15697 11.6261 -5
      vertex -18 18 -5
      vertex -7.16335 11.6463 -5
    endloop
  endfacet
  facet normal 0 0 -1
    outer loop
      vertex -18 18 -5
      vertex -7.16938 0.336314 -5
      vertex -7.17505 0.315855 -5
    endloop
  endfacet
  facet normal 0 0 -1
    outer loop
      vertex -7.16335 11.6463 -5
      vertex -18 18 -5
      vertex -7.16938 11.6667 -5
    endloop
  endfacet
  facet normal 0 0 -1
    outer loop
      vertex -18 18 -5
      vertex -7.17505 0.315855 -5
      vertex -7.18037 0.295299 -5
    endloop
  endfacet
  facet normal 0 0 -1
    outer loop
      vertex -7.16938 11.6667 -5
      vertex -18 18 -5
      vertex -7.17505 11.6871 -5
    endloop
  endfacet
  facet normal 0 0 -1
    outer loop
      vertex -18 18 -5
      vertex -7.18037 0.295299 -5
      vertex -7.18533 0.274654 -5
    endloop
  endfacet
  facet normal 0 0 -1
    outer loop
      vertex -7.17505 11.6871 -5
      vertex -18 18 -5
      vertex -7.18037 11.7077 -5
    endloop
  endfacet
  facet normal 0 0 -1
    outer loop
      vertex -18 18 -5
      vertex -7.18533 0.274654 -5
      vertex -7.18992 0.253926 -5
    endloop
  endfacet
  facet normal 0 0 -1
    outer loop
      vertex -7.18037 11.7077 -5
      vertex -18 18 -5
      vertex -7.18533 11.7283 -5
    endloop
  endfacet
  facet normal 0 0 -1
    outer loop
      vertex -18 18 -5
      vertex -7.18992 0.253926 -5
      vertex -7.19416 0.23312 -5
    endloop
  endfacet
  facet normal 0 0 -1
    outer loop
      vertex -7.18533 11.7283 -5
      vertex -18 18 -5
      vertex -7.18992 11.7491 -5
    endloop
  endfacet
  facet normal 0 0 -1
    outer loop
      vertex -18 18 -5
      vertex -7.19416 0.23312 -5
      vertex -7.19802 0.212244 -5
    endloop
  endfacet
  facet normal 0 0 -1
    outer loop
      vertex -7.18992 11.7491 -5
      vertex -18 18 -5
      vertex -7.19416 11.7699 -5
    endloop
  endfacet
  facet normal 0 0 -1
    outer loop
      vertex -18 18 -5
      vertex -7.19802 0.212244 -5
      vertex -7.20153 0.191303 -5
    endloop
  endfacet
  facet normal 0 0 -1
    outer loop
      vertex -7.19416 11.7699 -5
      vertex -18 18 -5
      vertex -7.19802 11.7908 -5
    endloop
  endfacet
  facet normal 0 0 -1
    outer loop
      vertex -18 18 -5
      vertex -7.20153 0.191303 -5
      vertex -7.20467 0.170305 -5
    endloop
  endfacet
  facet normal 0 0 -1
    outer loop
      vertex -7.19802 11.7908 -5
      vertex -18 18 -5
      vertex -7.20153 11.8117 -5
    endloop
  endfacet
  facet normal 0 0 -1
    outer loop
      vertex -18 18 -5
      vertex -7.20467 0.170305 -5
      vertex -7.20744 0.149254 -5
    endloop
  endfacet
  facet normal 0 0 -1
    outer loop
      vertex -7.20153 11.8117 -5
      vertex -18 18 -5
      vertex -7.20467 11.8327 -5
    endloop
  endfacet
  facet normal 0 0 -1
    outer loop
      vertex -18 18 -5
      vertex -7.20744 0.149254 -5
      vertex -7.20984 0.128159 -5
    endloop
  endfacet
  facet normal 0 0 -1
    outer loop
      vertex -7.20467 11.8327 -5
      vertex -18 18 -5
      vertex -7.20744 11.8537 -5
    endloop
  endfacet
  facet normal 0 0 -1
    outer loop
      vertex -18 18 -5
      vertex -7.20984 0.128159 -5
      vertex -7.21188 0.107025 -5
    endloop
  endfacet
  facet normal 0 0 -1
    outer loop
      vertex -7.20744 11.8537 -5
      vertex -18 18 -5
      vertex -7.20984 11.8748 -5
    endloop
  endfacet
  facet normal 0 0 -1
    outer loop
      vertex -18 18 -5
      vertex -7.21188 0.107025 -5
      vertex -7.21354 0.0858589 -5
    endloop
  endfacet
  facet normal 0 0 -1
    outer loop
      vertex -7.20984 11.8748 -5
      vertex -18 18 -5
      vertex -7.21188 11.896 -5
    endloop
  endfacet
  facet normal 0 0 -1
    outer loop
      vertex -18 18 -5
      vertex -7.21354 0.0858589 -5
      vertex -7.21484 0.0646663 -5
    endloop
  endfacet
  facet normal 0 0 -1
    outer loop
      vertex -7.21188 11.896 -5
      vertex -18 18 -5
      vertex -7.21354 11.9171 -5
    endloop
  endfacet
  facet normal 0 0 -1
    outer loop
      vertex -18 18 -5
      vertex -7.21484 0.0646663 -5
      vertex -7.21576 0.0434547 -5
    endloop
  endfacet
  facet normal 0 0 -1
    outer loop
      vertex -7.21354 11.9171 -5
      vertex -18 18 -5
      vertex -7.21484 11.9383 -5
    endloop
  endfacet
  facet normal 0 0 -1
    outer loop
      vertex -18 18 -5
      vertex -7.21576 0.0434547 -5
      vertex -7.21632 0.0222307 -5
    endloop
  endfacet
  facet normal 0 0 -1
    outer loop
      vertex -7.21484 11.9383 -5
      vertex -18 18 -5
      vertex -7.21576 11.9595 -5
    endloop
  endfacet
  facet normal 0 0 -1
    outer loop
      vertex -18 18 -5
      vertex -7.21632 0.0222307 -5
      vertex -7.21651 0.001 -5
    endloop
  endfacet
  facet normal 0 0 -1
    outer loop
      vertex -7.21576 11.9595 -5
      vertex -18 18 -5
      vertex -7.21632 11.9808 -5
    endloop
  endfacet
  facet normal 0 0 -1
    outer loop
      vertex 7.21584 -11.9363 -5
      vertex 18 -18 -5
      vertex 7.21676 -11.9575 -5
    endloop
  endfacet
  facet normal 0 0 -1
    outer loop
      vertex 18 18 -5
      vertex 7.21732 11.9808 -5
      vertex 7.21751 12.002 -5
    endloop
  endfacet
  facet normal 0 0 -1
    outer loop
      vertex 7.21454 -11.9151 -5
      vertex 18 -18 -5
      vertex 7.21584 -11.9363 -5
    endloop
  endfacet
  facet normal 0 0 -1
    outer loop
      vertex 18 18 -5
      vertex 7.21676 11.9595 -5
      vertex 7.21732 11.9808 -5
    endloop
  endfacet
  facet normal 0 0 -1
    outer loop
      vertex 7.21288 -11.894 -5
      vertex 18 -18 -5
      vertex 7.21454 -11.9151 -5
    endloop
  endfacet
  facet normal 0 0 -1
    outer loop
      vertex 18 18 -5
      vertex 7.21584 11.9383 -5
      vertex 7.21676 11.9595 -5
    endloop
  endfacet
  facet normal 0 0 -1
    outer loop
      vertex 7.21084 -11.8728 -5
      vertex 18 -18 -5
      vertex 7.21288 -11.894 -5
    endloop
  endfacet
  facet normal 0 0 -1
    outer loop
      vertex 18 18 -5
      vertex 7.21454 11.9171 -5
      vertex 7.21584 11.9383 -5
    endloop
  endfacet
  facet normal 0 0 -1
    outer loop
      vertex 7.20844 -11.8517 -5
      vertex 18 -18 -5
      vertex 7.21084 -11.8728 -5
    endloop
  endfacet
  facet normal 0 0 -1
    outer loop
      vertex 18 18 -5
      vertex 7.21288 11.896 -5
      vertex 7.21454 11.9171 -5
    endloop
  endfacet
  facet normal 0 0 -1
    outer loop
      vertex 7.20567 -11.8307 -5
      vertex 18 -18 -5
      vertex 7.20844 -11.8517 -5
    endloop
  endfacet
  facet normal 0 0 -1
    outer loop
      vertex 18 18 -5
      vertex 7.21084 11.8748 -5
      vertex 7.21288 11.896 -5
    endloop
  endfacet
  facet normal 0 0 -1
    outer loop
      vertex 7.20253 -11.8097 -5
      vertex 18 -18 -5
      vertex 7.20567 -11.8307 -5
    endloop
  endfacet
  facet normal 0 0 -1
    outer loop
      vertex 18 18 -5
      vertex 7.20844 11.8537 -5
      vertex 7.21084 11.8748 -5
    endloop
  endfacet
  facet normal 0 0 -1
    outer loop
      vertex 7.19902 -11.7888 -5
      vertex 18 -18 -5
      vertex 7.20253 -11.8097 -5
    endloop
  endfacet
  facet normal 0 0 -1
    outer loop
      vertex 18 18 -5
      vertex 7.20567 11.8327 -5
      vertex 7.20844 11.8537 -5
    endloop
  endfacet
  facet normal 0 0 -1
    outer loop
      vertex 7.19516 -11.7679 -5
      vertex 18 -18 -5
      vertex 7.19902 -11.7888 -5
    endloop
  endfacet
  facet normal 0 0 -1
    outer loop
      vertex 18 18 -5
      vertex 7.20253 11.8117 -5
      vertex 7.20567 11.8327 -5
    endloop
  endfacet
  facet normal 0 0 -1
    outer loop
      vertex 7.19092 -11.7471 -5
      vertex 18 -18 -5
      vertex 7.19516 -11.7679 -5
    endloop
  endfacet
  facet normal 0 0 -1
    outer loop
      vertex 18 18 -5
      vertex 7.19902 11.7908 -5
      vertex 7.20253 11.8117 -5
    endloop
  endfacet
  facet normal 0 0 -1
    outer loop
      vertex 7.18633 -11.7263 -5
      vertex 18 -18 -5
      vertex 7.19092 -11.7471 -5
    endloop
  endfacet
  facet normal 0 0 -1
    outer loop
      vertex 18 18 -5
      vertex 7.19516 11.7699 -5
      vertex 7.19902 11.7908 -5
    endloop
  endfacet
  facet normal 0 0 -1
    outer loop
      vertex 7.18137 -11.7057 -5
      vertex 18 -18 -5
      vertex 7.18633 -11.7263 -5
    endloop
  endfacet
  facet normal 0 0 -1
    outer loop
      vertex 18 18 -5
      vertex 7.19092 11.7491 -5
      vertex 7.19516 11.7699 -5
    endloop
  endfacet
  facet normal 0 0 -1
    outer loop
      vertex 7.17605 -11.6851 -5
      vertex 18 -18 -5
      vertex 7.18137 -11.7057 -5
    endloop
  endfacet
  facet normal 0 0 -1
    outer loop
      vertex 18 18 -5
      vertex 7.18633 11.7283 -5
      vertex 7.19092 11.7491 -5
    endloop
  endfacet
  facet normal 0 0 -1
    outer loop
      vertex 7.17038 -11.6647 -5
      vertex 18 -18 -5
      vertex 7.17605 -11.6851 -5
    endloop
  endfacet
  facet normal 0 0 -1
    outer loop
      vertex 18 18 -5
      vertex 7.18137 11.7077 -5
      vertex 7.18633 11.7283 -5
    endloop
  endfacet
  facet normal 0 0 -1
    outer loop
      vertex 7.16435 -11.6443 -5
      vertex 18 -18 -5
      vertex 7.17038 -11.6647 -5
    endloop
  endfacet
  facet normal 0 0 -1
    outer loop
      vertex 18 18 -5
      vertex 7.17605 11.6871 -5
      vertex 7.18137 11.7077 -5
    endloop
  endfacet
  facet normal 0 0 -1
    outer loop
      vertex 7.15797 -11.6241 -5
      vertex 18 -18 -5
      vertex 7.16435 -11.6443 -5
    endloop
  endfacet
  facet normal 0 0 -1
    outer loop
      vertex 18 18 -5
      vertex 7.17038 11.6667 -5
      vertex 7.17605 11.6871 -5
    endloop
  endfacet
  facet normal 0 0 -1
    outer loop
      vertex 7.15123 -11.6039 -5
      vertex 18 -18 -5
      vertex 7.15797 -11.6241 -5
    endloop
  endfacet
  facet normal 0 0 -1
    outer loop
      vertex 18 18 -5
      vertex 7.16435 11.6463 -5
      vertex 7.17038 11.6667 -5
    endloop
  endfacet
  facet normal 0 0 -1
    outer loop
      vertex 7.14414 -11.5839 -5
      vertex 18 -18 -5
      vertex 7.15123 -11.6039 -5
    endloop
  endfacet
  facet normal 0 0 -1
    outer loop
      vertex 18 18 -5
      vertex 7.15797 11.6261 -5
      vertex 7.16435 11.6463 -5
    endloop
  endfacet
  facet normal 0 0 -1
    outer loop
      vertex 7.13671 -11.564 -5
      vertex 18 -18 -5
      vertex 7.14414 -11.5839 -5
    endloop
  endfacet
  facet normal 0 0 -1
    outer loop
      vertex 18 18 -5
      vertex 7.15123 11.6059 -5
      vertex 7.15797 11.6261 -5
    endloop
  endfacet
  facet normal 0 0 -1
    outer loop
      vertex 7.12892 -11.5443 -5
      vertex 18 -18 -5
      vertex 7.13671 -11.564 -5
    endloop
  endfacet
  facet normal 0 0 -1
    outer loop
      vertex 18 18 -5
      vertex 7.14414 11.5859 -5
      vertex 7.15123 11.6059 -5
    endloop
  endfacet
  facet normal 0 0 -1
    outer loop
      vertex 7.1208 -11.5247 -5
      vertex 18 -18 -5
      vertex 7.12892 -11.5443 -5
    endloop
  endfacet
  facet normal 0 0 -1
    outer loop
      vertex 18 18 -5
      vertex 7.13671 11.566 -5
      vertex 7.14414 11.5859 -5
    endloop
  endfacet
  facet normal 0 0 -1
    outer loop
      vertex 7.11233 -11.5052 -5
      vertex 18 -18 -5
      vertex 7.1208 -11.5247 -5
    endloop
  endfacet
  facet normal 0 0 -1
    outer loop
      vertex 18 18 -5
      vertex 7.12892 11.5463 -5
      vertex 7.13671 11.566 -5
    endloop
  endfacet
  facet normal 0 0 -1
    outer loop
      vertex 7.10353 -11.4859 -5
      vertex 18 -18 -5
      vertex 7.11233 -11.5052 -5
    endloop
  endfacet
  facet normal 0 0 -1
    outer loop
      vertex 18 18 -5
      vertex 7.1208 11.5267 -5
      vertex 7.12892 11.5463 -5
    endloop
  endfacet
  facet normal 0 0 -1
    outer loop
      vertex 7.09439 -11.4667 -5
      vertex 18 -18 -5
      vertex 7.10353 -11.4859 -5
    endloop
  endfacet
  facet normal 0 0 -1
    outer loop
      vertex 18 18 -5
      vertex 7.11233 11.5072 -5
      vertex 7.1208 11.5267 -5
    endloop
  endfacet
  facet normal 0 0 -1
    outer loop
      vertex 7.08491 -11.4477 -5
      vertex 18 -18 -5
      vertex 7.09439 -11.4667 -5
    endloop
  endfacet
  facet normal 0 0 -1
    outer loop
      vertex 18 18 -5
      vertex 7.10353 11.4879 -5
      vertex 7.11233 11.5072 -5
    endloop
  endfacet
  facet normal 0 0 -1
    outer loop
      vertex 7.07511 -11.4289 -5
      vertex 18 -18 -5
      vertex 7.08491 -11.4477 -5
    endloop
  endfacet
  facet normal 0 0 -1
    outer loop
      vertex 18 18 -5
      vertex 7.09439 11.4687 -5
      vertex 7.10353 11.4879 -5
    endloop
  endfacet
  facet normal 0 0 -1
    outer loop
      vertex 7.06498 -11.4102 -5
      vertex 18 -18 -5
      vertex 7.07511 -11.4289 -5
    endloop
  endfacet
  facet normal 0 0 -1
    outer loop
      vertex 18 18 -5
      vertex 7.08491 11.4497 -5
      vertex 7.09439 11.4687 -5
    endloop
  endfacet
  facet normal 0 0 -1
    outer loop
      vertex 7.05452 -11.3917 -5
      vertex 18 -18 -5
      vertex 7.06498 -11.4102 -5
    endloop
  endfacet
  facet normal 0 0 -1
    outer loop
      vertex 18 18 -5
      vertex 7.07511 11.4309 -5
      vertex 7.08491 11.4497 -5
    endloop
  endfacet
  facet normal 0 0 -1
    outer loop
      vertex 7.04375 -11.3735 -5
      vertex 18 -18 -5
      vertex 7.05452 -11.3917 -5
    endloop
  endfacet
  facet normal 0 0 -1
    outer loop
      vertex 18 18 -5
      vertex 7.06498 11.4122 -5
      vertex 7.07511 11.4309 -5
    endloop
  endfacet
  facet normal 0 0 -1
    outer loop
      vertex 7.03266 -11.3554 -5
      vertex 18 -18 -5
      vertex 7.04375 -11.3735 -5
    endloop
  endfacet
  facet normal 0 0 -1
    outer loop
      vertex 18 18 -5
      vertex 7.05452 11.3937 -5
      vertex 7.06498 11.4122 -5
    endloop
  endfacet
  facet normal 0 0 -1
    outer loop
      vertex 7.02125 -11.3374 -5
      vertex 18 -18 -5
      vertex 7.03266 -11.3554 -5
    endloop
  endfacet
  facet normal 0 0 -1
    outer loop
      vertex 18 18 -5
      vertex 7.04375 11.3755 -5
      vertex 7.05452 11.3937 -5
    endloop
  endfacet
  facet normal 0 0 -1
    outer loop
      vertex 7.00953 -11.3197 -5
      vertex 18 -18 -5
      vertex 7.02125 -11.3374 -5
    endloop
  endfacet
  facet normal 0 0 -1
    outer loop
      vertex 18 18 -5
      vertex 7.03266 11.3574 -5
      vertex 7.04375 11.3755 -5
    endloop
  endfacet
  facet normal 0 0 -1
    outer loop
      vertex 6.9975 -11.3022 -5
      vertex 18 -18 -5
      vertex 7.00953 -11.3197 -5
    endloop
  endfacet
  facet normal 0 0 -1
    outer loop
      vertex 18 18 -5
      vertex 7.02125 11.3394 -5
      vertex 7.03266 11.3574 -5
    endloop
  endfacet
  facet normal 0 0 -1
    outer loop
      vertex 6.98517 -11.285 -5
      vertex 18 -18 -5
      vertex 6.9975 -11.3022 -5
    endloop
  endfacet
  facet normal 0 0 -1
    outer loop
      vertex 18 18 -5
      vertex 7.00953 11.3217 -5
      vertex 7.02125 11.3394 -5
    endloop
  endfacet
  facet normal 0 0 -1
    outer loop
      vertex 6.97254 -11.2679 -5
      vertex 18 -18 -5
      vertex 6.98517 -11.285 -5
    endloop
  endfacet
  facet normal 0 0 -1
    outer loop
      vertex 18 18 -5
      vertex 6.9975 11.3042 -5
      vertex 7.00953 11.3217 -5
    endloop
  endfacet
  facet normal 0 0 -1
    outer loop
      vertex 18 -18 -5
      vertex 6.97254 -11.2679 -5
      vertex 18 18 -5
    endloop
  endfacet
  facet normal 0 0 -1
    outer loop
      vertex 18 18 -5
      vertex 6.98517 11.287 -5
      vertex 6.9975 11.3042 -5
    endloop
  endfacet
  facet normal 0 0 -1
    outer loop
      vertex 6.97254 11.2699 -5
      vertex 18 18 -5
      vertex 6.97254 -11.2679 -5
    endloop
  endfacet
  facet normal 0 0 -1
    outer loop
      vertex 18 18 -5
      vertex 6.97254 11.2699 -5
      vertex 6.98517 11.287 -5
    endloop
  endfacet
  facet normal 0 0 -1
    outer loop
      vertex 6.95962 -11.251 -5
      vertex 6.97254 11.2699 -5
      vertex 6.97254 -11.2679 -5
    endloop
  endfacet
  facet normal 0 0 -1
    outer loop
      vertex 6.95962 -11.251 -5
      vertex 6.95962 11.253 -5
      vertex 6.97254 11.2699 -5
    endloop
  endfacet
  facet normal 0 0 -1
    outer loop
      vertex 6.9464 -11.2344 -5
      vertex 6.95962 11.253 -5
      vertex 6.95962 -11.251 -5
    endloop
  endfacet
  facet normal 0 0 -1
    outer loop
      vertex 6.9464 -11.2344 -5
      vertex 6.9464 11.2364 -5
      vertex 6.95962 11.253 -5
    endloop
  endfacet
  facet normal 0 0 -1
    outer loop
      vertex 6.9329 -11.218 -5
      vertex 6.9464 11.2364 -5
      vertex 6.9464 -11.2344 -5
    endloop
  endfacet
  facet normal 0 0 -1
    outer loop
      vertex 6.9329 -11.218 -5
      vertex 6.9329 11.22 -5
      vertex 6.9464 11.2364 -5
    endloop
  endfacet
  facet normal 0 0 -1
    outer loop
      vertex 6.91911 -11.2019 -5
      vertex 6.9329 11.22 -5
      vertex 6.9329 -11.218 -5
    endloop
  endfacet
  facet normal 0 0 -1
    outer loop
      vertex 6.91911 -11.2019 -5
      vertex 6.91911 11.2039 -5
      vertex 6.9329 11.22 -5
    endloop
  endfacet
  facet normal 0 0 -1
    outer loop
      vertex 6.90504 -11.186 -5
      vertex 6.91911 11.2039 -5
      vertex 6.91911 -11.2019 -5
    endloop
  endfacet
  facet normal 0 0 -1
    outer loop
      vertex 6.90504 -11.186 -5
      vertex 6.90504 11.188 -5
      vertex 6.91911 11.2039 -5
    endloop
  endfacet
  facet normal 0 0 -1
    outer loop
      vertex 6.8907 -11.1703 -5
      vertex 6.90504 11.188 -5
      vertex 6.90504 -11.186 -5
    endloop
  endfacet
  facet normal 0 0 -1
    outer loop
      vertex 6.8907 -11.1703 -5
      vertex 6.8907 11.1723 -5
      vertex 6.90504 11.188 -5
    endloop
  endfacet
  facet normal 0 0 -1
    outer loop
      vertex 6.87608 -11.1549 -5
      vertex 6.8907 11.1723 -5
      vertex 6.8907 -11.1703 -5
    endloop
  endfacet
  facet normal 0 0 -1
    outer loop
      vertex 6.87608 -11.1549 -5
      vertex 6.87608 11.1569 -5
      vertex 6.8907 11.1723 -5
    endloop
  endfacet
  facet normal 0 0 -1
    outer loop
      vertex 6.8612 -11.1398 -5
      vertex 6.87608 11.1569 -5
      vertex 6.87608 -11.1549 -5
    endloop
  endfacet
  facet normal 0 0 -1
    outer loop
      vertex 6.8612 -11.1398 -5
      vertex 6.8612 11.1418 -5
      vertex 6.87608 11.1569 -5
    endloop
  endfacet
  facet normal 0 0 -1
    outer loop
      vertex 6.84606 -11.1249 -5
      vertex 6.8612 11.1418 -5
      vertex 6.8612 -11.1398 -5
    endloop
  endfacet
  facet normal 0 0 -1
    outer loop
      vertex 6.84606 -11.1249 -5
      vertex 6.84606 11.1269 -5
      vertex 6.8612 11.1418 -5
    endloop
  endfacet
  facet normal 0 0 -1
    outer loop
      vertex 6.83065 -11.1103 -5
      vertex 6.84606 11.1269 -5
      vertex 6.84606 -11.1249 -5
    endloop
  endfacet
  facet normal 0 0 -1
    outer loop
      vertex 6.83065 -11.1103 -5
      vertex 6.83065 11.1123 -5
      vertex 6.84606 11.1269 -5
    endloop
  endfacet
  facet normal 0 0 -1
    outer loop
      vertex 6.815 -11.096 -5
      vertex 6.83065 11.1123 -5
      vertex 6.83065 -11.1103 -5
    endloop
  endfacet
  facet normal 0 0 -1
    outer loop
      vertex 6.815 -11.096 -5
      vertex 6.815 11.098 -5
      vertex 6.83065 11.1123 -5
    endloop
  endfacet
  facet normal 0 0 -1
    outer loop
      vertex 6.7991 -11.0819 -5
      vertex 6.815 11.098 -5
      vertex 6.815 -11.096 -5
    endloop
  endfacet
  facet normal 0 0 -1
    outer loop
      vertex 6.7991 -11.0819 -5
      vertex 6.7991 11.0839 -5
      vertex 6.815 11.098 -5
    endloop
  endfacet
  facet normal 0 0 -1
    outer loop
      vertex 6.78295 -11.0681 -5
      vertex 6.7991 11.0839 -5
      vertex 6.7991 -11.0819 -5
    endloop
  endfacet
  facet normal 0 0 -1
    outer loop
      vertex 6.78295 -11.0681 -5
      vertex 6.78295 11.0701 -5
      vertex 6.7991 11.0839 -5
    endloop
  endfacet
  facet normal 0 0 -1
    outer loop
      vertex 6.76657 -11.0546 -5
      vertex 6.78295 11.0701 -5
      vertex 6.78295 -11.0681 -5
    endloop
  endfacet
  facet normal 0 0 -1
    outer loop
      vertex 6.76657 -11.0546 -5
      vertex 6.76657 11.0566 -5
      vertex 6.78295 11.0701 -5
    endloop
  endfacet
  facet normal 0 0 -1
    outer loop
      vertex 6.74996 -11.0414 -5
      vertex 6.76657 11.0566 -5
      vertex 6.76657 -11.0546 -5
    endloop
  endfacet
  facet normal 0 0 -1
    outer loop
      vertex 6.74996 -11.0414 -5
      vertex 6.74996 11.0434 -5
      vertex 6.76657 11.0566 -5
    endloop
  endfacet
  facet normal 0 0 -1
    outer loop
      vertex 6.73311 -11.0285 -5
      vertex 6.74996 11.0434 -5
      vertex 6.74996 -11.0414 -5
    endloop
  endfacet
  facet normal 0 0 -1
    outer loop
      vertex 6.73311 -11.0285 -5
      vertex 6.73311 11.0305 -5
      vertex 6.74996 11.0434 -5
    endloop
  endfacet
  facet normal 0 0 -1
    outer loop
      vertex 6.71604 -11.0158 -5
      vertex 6.73311 11.0305 -5
      vertex 6.73311 -11.0285 -5
    endloop
  endfacet
  facet normal 0 0 -1
    outer loop
      vertex 6.71604 -11.0158 -5
      vertex 6.71604 11.0178 -5
      vertex 6.73311 11.0305 -5
    endloop
  endfacet
  facet normal 0 0 -1
    outer loop
      vertex 6.69876 -11.0035 -5
      vertex 6.71604 11.0178 -5
      vertex 6.71604 -11.0158 -5
    endloop
  endfacet
  facet normal 0 0 -1
    outer loop
      vertex 6.69876 -11.0035 -5
      vertex 6.69876 11.0055 -5
      vertex 6.71604 11.0178 -5
    endloop
  endfacet
  facet normal 0 0 -1
    outer loop
      vertex 6.68126 -10.9915 -5
      vertex 6.69876 11.0055 -5
      vertex 6.69876 -11.0035 -5
    endloop
  endfacet
  facet normal 0 0 -1
    outer loop
      vertex 6.68126 -10.9915 -5
      vertex 6.68126 10.9935 -5
      vertex 6.69876 11.0055 -5
    endloop
  endfacet
  facet normal 0 0 -1
    outer loop
      vertex 6.66356 -10.9798 -5
      vertex 6.68126 10.9935 -5
      vertex 6.68126 -10.9915 -5
    endloop
  endfacet
  facet normal 0 0 -1
    outer loop
      vertex 6.66356 -10.9798 -5
      vertex 6.66356 10.9818 -5
      vertex 6.68126 10.9935 -5
    endloop
  endfacet
  facet normal 0 0 -1
    outer loop
      vertex 6.64565 -10.9683 -5
      vertex 6.66356 10.9818 -5
      vertex 6.66356 -10.9798 -5
    endloop
  endfacet
  facet normal 0 0 -1
    outer loop
      vertex 6.64565 -10.9683 -5
      vertex 6.64565 10.9703 -5
      vertex 6.66356 10.9818 -5
    endloop
  endfacet
  facet normal 0 0 -1
    outer loop
      vertex 6.62755 -10.9573 -5
      vertex 6.64565 10.9703 -5
      vertex 6.64565 -10.9683 -5
    endloop
  endfacet
  facet normal 0 0 -1
    outer loop
      vertex 6.62755 -10.9573 -5
      vertex 6.62755 10.9593 -5
      vertex 6.64565 10.9703 -5
    endloop
  endfacet
  facet normal 0 0 -1
    outer loop
      vertex 6.60925 -10.9465 -5
      vertex 6.62755 10.9593 -5
      vertex 6.62755 -10.9573 -5
    endloop
  endfacet
  facet normal 0 0 -1
    outer loop
      vertex 6.60925 -10.9465 -5
      vertex 6.60925 10.9485 -5
      vertex 6.62755 10.9593 -5
    endloop
  endfacet
  facet normal 0 0 -1
    outer loop
      vertex 6.59077 -10.936 -5
      vertex 6.60925 10.9485 -5
      vertex 6.60925 -10.9465 -5
    endloop
  endfacet
  facet normal 0 0 -1
    outer loop
      vertex 6.59077 -10.936 -5
      vertex 6.59077 10.938 -5
      vertex 6.60925 10.9485 -5
    endloop
  endfacet
  facet normal 0 0 -1
    outer loop
      vertex 6.57211 -10.9259 -5
      vertex 6.59077 10.938 -5
      vertex 6.59077 -10.936 -5
    endloop
  endfacet
  facet normal 0 0 -1
    outer loop
      vertex 6.57211 -10.9259 -5
      vertex 6.57211 10.9279 -5
      vertex 6.59077 10.938 -5
    endloop
  endfacet
  facet normal 0 0 -1
    outer loop
      vertex 6.55328 -10.9161 -5
      vertex 6.57211 10.9279 -5
      vertex 6.57211 -10.9259 -5
    endloop
  endfacet
  facet normal 0 0 -1
    outer loop
      vertex 6.55328 -10.9161 -5
      vertex 6.55328 10.9181 -5
      vertex 6.57211 10.9279 -5
    endloop
  endfacet
  facet normal 0 0 -1
    outer loop
      vertex 6.53428 -10.9066 -5
      vertex 6.55328 10.9181 -5
      vertex 6.55328 -10.9161 -5
    endloop
  endfacet
  facet normal 0 0 -1
    outer loop
      vertex 6.53428 -10.9066 -5
      vertex 6.53428 10.9086 -5
      vertex 6.55328 10.9181 -5
    endloop
  endfacet
  facet normal 0 0 -1
    outer loop
      vertex 6.51512 -10.8975 -5
      vertex 6.53428 10.9086 -5
      vertex 6.53428 -10.9066 -5
    endloop
  endfacet
  facet normal 0 0 -1
    outer loop
      vertex 6.51512 -10.8975 -5
      vertex 6.51512 10.8995 -5
      vertex 6.53428 10.9086 -5
    endloop
  endfacet
  facet normal 0 0 -1
    outer loop
      vertex 6.4958 -10.8887 -5
      vertex 6.51512 10.8995 -5
      vertex 6.51512 -10.8975 -5
    endloop
  endfacet
  facet normal 0 0 -1
    outer loop
      vertex 6.4958 -10.8887 -5
      vertex 6.4958 10.8907 -5
      vertex 6.51512 10.8995 -5
    endloop
  endfacet
  facet normal 0 0 -1
    outer loop
      vertex 6.47633 -10.8802 -5
      vertex 6.4958 10.8907 -5
      vertex 6.4958 -10.8887 -5
    endloop
  endfacet
  facet normal 0 0 -1
    outer loop
      vertex 6.47633 -10.8802 -5
      vertex 6.47633 10.8822 -5
      vertex 6.4958 10.8907 -5
    endloop
  endfacet
  facet normal 0 0 -1
    outer loop
      vertex 6.45671 -10.8721 -5
      vertex 6.47633 10.8822 -5
      vertex 6.47633 -10.8802 -5
    endloop
  endfacet
  facet normal 0 0 -1
    outer loop
      vertex 6.45671 -10.8721 -5
      vertex 6.45671 10.8741 -5
      vertex 6.47633 10.8822 -5
    endloop
  endfacet
  facet normal 0 0 -1
    outer loop
      vertex 6.43696 -10.8643 -5
      vertex 6.45671 10.8741 -5
      vertex 6.45671 -10.8721 -5
    endloop
  endfacet
  facet normal 0 0 -1
    outer loop
      vertex 6.43696 -10.8643 -5
      vertex 6.43696 10.8663 -5
      vertex 6.45671 10.8741 -5
    endloop
  endfacet
  facet normal 0 0 -1
    outer loop
      vertex 6.41707 -10.8569 -5
      vertex 6.43696 10.8663 -5
      vertex 6.43696 -10.8643 -5
    endloop
  endfacet
  facet normal 0 0 -1
    outer loop
      vertex 6.41707 -10.8569 -5
      vertex 6.41707 10.8589 -5
      vertex 6.43696 10.8663 -5
    endloop
  endfacet
  facet normal 0 0 -1
    outer loop
      vertex 6.39706 -10.8498 -5
      vertex 6.41707 10.8589 -5
      vertex 6.41707 -10.8569 -5
    endloop
  endfacet
  facet normal 0 0 -1
    outer loop
      vertex 6.39706 -10.8498 -5
      vertex 6.39706 10.8518 -5
      vertex 6.41707 10.8589 -5
    endloop
  endfacet
  facet normal 0 0 -1
    outer loop
      vertex 6.37692 -10.843 -5
      vertex 6.39706 10.8518 -5
      vertex 6.39706 -10.8498 -5
    endloop
  endfacet
  facet normal 0 0 -1
    outer loop
      vertex 6.37692 -10.843 -5
      vertex 6.37692 10.845 -5
      vertex 6.39706 10.8518 -5
    endloop
  endfacet
  facet normal 0 0 -1
    outer loop
      vertex 6.35667 -10.8366 -5
      vertex 6.37692 10.845 -5
      vertex 6.37692 -10.843 -5
    endloop
  endfacet
  facet normal 0 0 -1
    outer loop
      vertex 6.35667 -10.8366 -5
      vertex 6.35667 10.8386 -5
      vertex 6.37692 10.845 -5
    endloop
  endfacet
  facet normal 0 0 -1
    outer loop
      vertex 6.33631 -10.8306 -5
      vertex 6.35667 10.8386 -5
      vertex 6.35667 -10.8366 -5
    endloop
  endfacet
  facet normal 0 0 -1
    outer loop
      vertex 6.33631 -10.8306 -5
      vertex 6.33631 10.8326 -5
      vertex 6.35667 10.8386 -5
    endloop
  endfacet
  facet normal 0 0 -1
    outer loop
      vertex 6.31585 -10.8249 -5
      vertex 6.33631 10.8326 -5
      vertex 6.33631 -10.8306 -5
    endloop
  endfacet
  facet normal 0 0 -1
    outer loop
      vertex 6.31585 -10.8249 -5
      vertex 6.31585 10.8269 -5
      vertex 6.33631 10.8326 -5
    endloop
  endfacet
  facet normal 0 0 -1
    outer loop
      vertex 6.2953 -10.8196 -5
      vertex 6.31585 10.8269 -5
      vertex 6.31585 -10.8249 -5
    endloop
  endfacet
  facet normal 0 0 -1
    outer loop
      vertex 6.2953 -10.8196 -5
      vertex 6.2953 10.8216 -5
      vertex 6.31585 10.8269 -5
    endloop
  endfacet
  facet normal 0 0 -1
    outer loop
      vertex 6.27465 -10.8147 -5
      vertex 6.2953 10.8216 -5
      vertex 6.2953 -10.8196 -5
    endloop
  endfacet
  facet normal 0 0 -1
    outer loop
      vertex 6.27465 -10.8147 -5
      vertex 6.27465 10.8167 -5
      vertex 6.2953 10.8216 -5
    endloop
  endfacet
  facet normal 0 0 -1
    outer loop
      vertex 6.25393 -10.8101 -5
      vertex 6.27465 10.8167 -5
      vertex 6.27465 -10.8147 -5
    endloop
  endfacet
  facet normal 0 0 -1
    outer loop
      vertex 6.25393 -10.8101 -5
      vertex 6.25393 10.8121 -5
      vertex 6.27465 10.8167 -5
    endloop
  endfacet
  facet normal 0 0 -1
    outer loop
      vertex 6.23312 -10.8058 -5
      vertex 6.25393 10.8121 -5
      vertex 6.25393 -10.8101 -5
    endloop
  endfacet
  facet normal 0 0 -1
    outer loop
      vertex 6.23312 -10.8058 -5
      vertex 6.23312 10.8078 -5
      vertex 6.25393 10.8121 -5
    endloop
  endfacet
  facet normal 0 0 -1
    outer loop
      vertex 6.21224 -10.802 -5
      vertex 6.23312 10.8078 -5
      vertex 6.23312 -10.8058 -5
    endloop
  endfacet
  facet normal 0 0 -1
    outer loop
      vertex 6.21224 -10.802 -5
      vertex 6.21224 10.804 -5
      vertex 6.23312 10.8078 -5
    endloop
  endfacet
  facet normal 0 0 -1
    outer loop
      vertex 6.1913 -10.7985 -5
      vertex 6.21224 10.804 -5
      vertex 6.21224 -10.802 -5
    endloop
  endfacet
  facet normal 0 0 -1
    outer loop
      vertex 6.1913 -10.7985 -5
      vertex 6.1913 10.8005 -5
      vertex 6.21224 10.804 -5
    endloop
  endfacet
  facet normal 0 0 -1
    outer loop
      vertex 6.1703 -10.7953 -5
      vertex 6.1913 10.8005 -5
      vertex 6.1913 -10.7985 -5
    endloop
  endfacet
  facet normal 0 0 -1
    outer loop
      vertex 6.1703 -10.7953 -5
      vertex 6.1703 10.7973 -5
      vertex 6.1913 10.8005 -5
    endloop
  endfacet
  facet normal 0 0 -1
    outer loop
      vertex 6.14925 -10.7926 -5
      vertex 6.1703 10.7973 -5
      vertex 6.1703 -10.7953 -5
    endloop
  endfacet
  facet normal 0 0 -1
    outer loop
      vertex 6.14925 -10.7926 -5
      vertex 6.14925 10.7946 -5
      vertex 6.1703 10.7973 -5
    endloop
  endfacet
  facet normal 0 0 -1
    outer loop
      vertex 6.12816 -10.7902 -5
      vertex 6.14925 10.7946 -5
      vertex 6.14925 -10.7926 -5
    endloop
  endfacet
  facet normal 0 0 -1
    outer loop
      vertex 6.12816 -10.7902 -5
      vertex 6.12816 10.7922 -5
      vertex 6.14925 10.7946 -5
    endloop
  endfacet
  facet normal 0 0 -1
    outer loop
      vertex 6.10702 -10.7881 -5
      vertex 6.12816 10.7922 -5
      vertex 6.12816 -10.7902 -5
    endloop
  endfacet
  facet normal 0 0 -1
    outer loop
      vertex 6.10702 -10.7881 -5
      vertex 6.10702 10.7901 -5
      vertex 6.12816 10.7922 -5
    endloop
  endfacet
  facet normal 0 0 -1
    outer loop
      vertex 6.08586 -10.7865 -5
      vertex 6.10702 10.7901 -5
      vertex 6.10702 -10.7881 -5
    endloop
  endfacet
  facet normal 0 0 -1
    outer loop
      vertex 6.08586 -10.7865 -5
      vertex 6.08586 10.7885 -5
      vertex 6.10702 10.7901 -5
    endloop
  endfacet
  facet normal 0 0 -1
    outer loop
      vertex 6.06467 -10.7852 -5
      vertex 6.08586 10.7885 -5
      vertex 6.08586 -10.7865 -5
    endloop
  endfacet
  facet normal 0 0 -1
    outer loop
      vertex 6.06467 -10.7852 -5
      vertex 6.06467 10.7872 -5
      vertex 6.08586 10.7885 -5
    endloop
  endfacet
  facet normal 0 0 -1
    outer loop
      vertex 6.04345 -10.7842 -5
      vertex 6.06467 10.7872 -5
      vertex 6.06467 -10.7852 -5
    endloop
  endfacet
  facet normal 0 0 -1
    outer loop
      vertex 6.04345 -10.7842 -5
      vertex 6.04345 10.7862 -5
      vertex 6.06467 10.7872 -5
    endloop
  endfacet
  facet normal 0 0 -1
    outer loop
      vertex 6.02223 -10.7837 -5
      vertex 6.04345 10.7862 -5
      vertex 6.04345 -10.7842 -5
    endloop
  endfacet
  facet normal 0 0 -1
    outer loop
      vertex 6.02223 -10.7837 -5
      vertex 6.02223 10.7857 -5
      vertex 6.04345 10.7862 -5
    endloop
  endfacet
  facet normal 0 0 -1
    outer loop
      vertex 6.001 -10.7835 -5
      vertex 6.02223 10.7857 -5
      vertex 6.02223 -10.7837 -5
    endloop
  endfacet
  facet normal 0 0 -1
    outer loop
      vertex 6.001 -10.7835 -5
      vertex 6.001 10.7855 -5
      vertex 6.02223 10.7857 -5
    endloop
  endfacet
  facet normal 0 0 -1
    outer loop
      vertex 5.97977 -10.7837 -5
      vertex 6.001 10.7855 -5
      vertex 6.001 -10.7835 -5
    endloop
  endfacet
  facet normal 0 0 -1
    outer loop
      vertex 5.97977 -10.7837 -5
      vertex 5.97977 10.7857 -5
      vertex 6.001 10.7855 -5
    endloop
  endfacet
  facet normal 0 0 -1
    outer loop
      vertex -4.78368 -0.0202307 -5
      vertex 5.97977 -10.7837 -5
      vertex 5.95855 -10.7842 -5
    endloop
  endfacet
  facet normal 0 0 -1
    outer loop
      vertex 5.97977 -10.7837 -5
      vertex -4.78349 0.001 -5
      vertex 5.97977 10.7857 -5
    endloop
  endfacet
  facet normal 0 0 -1
    outer loop
      vertex -4.78424 -0.0414547 -5
      vertex 5.95855 -10.7842 -5
      vertex 5.93733 -10.7852 -5
    endloop
  endfacet
  facet normal 0 0 -1
    outer loop
      vertex -4.78368 0.0222307 -5
      vertex 5.97977 10.7857 -5
      vertex -4.78349 0.001 -5
    endloop
  endfacet
  facet normal 0 0 -1
    outer loop
      vertex -4.78516 -0.0626663 -5
      vertex 5.93733 -10.7852 -5
      vertex 5.91614 -10.7865 -5
    endloop
  endfacet
  facet normal -0 0 -1
    outer loop
      vertex 5.97977 10.7857 -5
      vertex -4.78368 0.0222307 -5
      vertex 5.95855 10.7862 -5
    endloop
  endfacet
  facet normal 0 0 -1
    outer loop
      vertex -4.78646 -0.0838589 -5
      vertex 5.91614 -10.7865 -5
      vertex 5.89498 -10.7881 -5
    endloop
  endfacet
  facet normal 0 0 -1
    outer loop
      vertex -4.78424 0.0434547 -5
      vertex 5.95855 10.7862 -5
      vertex -4.78368 0.0222307 -5
    endloop
  endfacet
  facet normal 0 0 -1
    outer loop
      vertex -4.78812 -0.105025 -5
      vertex 5.89498 -10.7881 -5
      vertex 5.87384 -10.7902 -5
    endloop
  endfacet
  facet normal -0 0 -1
    outer loop
      vertex 5.95855 10.7862 -5
      vertex -4.78424 0.0434547 -5
      vertex 5.93733 10.7872 -5
    endloop
  endfacet
  facet normal 0 0 -1
    outer loop
      vertex -4.79016 -0.126159 -5
      vertex 5.87384 -10.7902 -5
      vertex 5.85275 -10.7926 -5
    endloop
  endfacet
  facet normal 0 0 -1
    outer loop
      vertex -4.78516 0.0646663 -5
      vertex 5.93733 10.7872 -5
      vertex -4.78424 0.0434547 -5
    endloop
  endfacet
  facet normal 0 0 -1
    outer loop
      vertex -4.79256 -0.147254 -5
      vertex 5.85275 -10.7926 -5
      vertex 5.8317 -10.7953 -5
    endloop
  endfacet
  facet normal -0 0 -1
    outer loop
      vertex 5.93733 10.7872 -5
      vertex -4.78516 0.0646663 -5
      vertex 5.91614 10.7885 -5
    endloop
  endfacet
  facet normal 0 0 -1
    outer loop
      vertex -4.79533 -0.168305 -5
      vertex 5.8317 -10.7953 -5
      vertex 5.8107 -10.7985 -5
    endloop
  endfacet
  facet normal 0 0 -1
    outer loop
      vertex -4.78646 0.0858589 -5
      vertex 5.91614 10.7885 -5
      vertex -4.78516 0.0646663 -5
    endloop
  endfacet
  facet normal 0 0 -1
    outer loop
      vertex -4.79847 -0.189303 -5
      vertex 5.8107 -10.7985 -5
      vertex 5.78976 -10.802 -5
    endloop
  endfacet
  facet normal -0 0 -1
    outer loop
      vertex 5.91614 10.7885 -5
      vertex -4.78646 0.0858589 -5
      vertex 5.89498 10.7901 -5
    endloop
  endfacet
  facet normal 0 0 -1
    outer loop
      vertex -4.80198 -0.210244 -5
      vertex 5.78976 -10.802 -5
      vertex 5.76888 -10.8058 -5
    endloop
  endfacet
  facet normal 0 0 -1
    outer loop
      vertex -4.78812 0.107025 -5
      vertex 5.89498 10.7901 -5
      vertex -4.78646 0.0858589 -5
    endloop
  endfacet
  facet normal 0 0 -1
    outer loop
      vertex -4.80584 -0.23112 -5
      vertex 5.76888 -10.8058 -5
      vertex 5.74807 -10.8101 -5
    endloop
  endfacet
  facet normal -0 0 -1
    outer loop
      vertex 5.89498 10.7901 -5
      vertex -4.78812 0.107025 -5
      vertex 5.87384 10.7922 -5
    endloop
  endfacet
  facet normal 0 0 -1
    outer loop
      vertex -4.81008 -0.251926 -5
      vertex 5.74807 -10.8101 -5
      vertex 5.72735 -10.8147 -5
    endloop
  endfacet
  facet normal 0 0 -1
    outer loop
      vertex -4.79016 0.128159 -5
      vertex 5.87384 10.7922 -5
      vertex -4.78812 0.107025 -5
    endloop
  endfacet
  facet normal 0 0 -1
    outer loop
      vertex -4.81467 -0.272654 -5
      vertex 5.72735 -10.8147 -5
      vertex 5.7067 -10.8196 -5
    endloop
  endfacet
  facet normal -0 0 -1
    outer loop
      vertex 5.87384 10.7922 -5
      vertex -4.79016 0.128159 -5
      vertex 5.85275 10.7946 -5
    endloop
  endfacet
  facet normal 0 0 -1
    outer loop
      vertex -4.81963 -0.293299 -5
      vertex 5.7067 -10.8196 -5
      vertex 5.68615 -10.8249 -5
    endloop
  endfacet
  facet normal 0 0 -1
    outer loop
      vertex -4.79256 0.149254 -5
      vertex 5.85275 10.7946 -5
      vertex -4.79016 0.128159 -5
    endloop
  endfacet
  facet normal 0 0 -1
    outer loop
      vertex -4.82495 -0.313855 -5
      vertex 5.68615 -10.8249 -5
      vertex 5.66569 -10.8306 -5
    endloop
  endfacet
  facet normal -0 0 -1
    outer loop
      vertex 5.85275 10.7946 -5
      vertex -4.79256 0.149254 -5
      vertex 5.8317 10.7973 -5
    endloop
  endfacet
  facet normal 0 0 -1
    outer loop
      vertex -4.83062 -0.334314 -5
      vertex 5.66569 -10.8306 -5
      vertex 5.64533 -10.8366 -5
    endloop
  endfacet
  facet normal 0 0 -1
    outer loop
      vertex -4.79533 0.170305 -5
      vertex 5.8317 10.7973 -5
      vertex -4.79256 0.149254 -5
    endloop
  endfacet
  facet normal 0 0 -1
    outer loop
      vertex -4.83665 -0.354672 -5
      vertex 5.64533 -10.8366 -5
      vertex 5.62508 -10.843 -5
    endloop
  endfacet
  facet normal -0 0 -1
    outer loop
      vertex 5.8317 10.7973 -5
      vertex -4.79533 0.170305 -5
      vertex 5.8107 10.8005 -5
    endloop
  endfacet
  facet normal 0 0 -1
    outer loop
      vertex -4.84303 -0.37492 -5
      vertex 5.62508 -10.843 -5
      vertex 5.60494 -10.8498 -5
    endloop
  endfacet
  facet normal 0 0 -1
    outer loop
      vertex -4.79847 0.191303 -5
      vertex 5.8107 10.8005 -5
      vertex -4.79533 0.170305 -5
    endloop
  endfacet
  facet normal 0 0 -1
    outer loop
      vertex -4.84977 -0.395055 -5
      vertex 5.60494 -10.8498 -5
      vertex 5.58493 -10.8569 -5
    endloop
  endfacet
  facet normal -0 0 -1
    outer loop
      vertex 5.8107 10.8005 -5
      vertex -4.79847 0.191303 -5
      vertex 5.78976 10.804 -5
    endloop
  endfacet
  facet normal 0 0 -1
    outer loop
      vertex -4.85686 -0.415069 -5
      vertex 5.58493 -10.8569 -5
      vertex 5.56504 -10.8643 -5
    endloop
  endfacet
  facet normal 0 0 -1
    outer loop
      vertex -4.80198 0.212244 -5
      vertex 5.78976 10.804 -5
      vertex -4.79847 0.191303 -5
    endloop
  endfacet
  facet normal 0 0 -1
    outer loop
      vertex -4.86429 -0.434956 -5
      vertex 5.56504 -10.8643 -5
      vertex 5.54529 -10.8721 -5
    endloop
  endfacet
  facet normal -0 0 -1
    outer loop
      vertex 5.78976 10.804 -5
      vertex -4.80198 0.212244 -5
      vertex 5.76888 10.8078 -5
    endloop
  endfacet
  facet normal 0 0 -1
    outer loop
      vertex -4.87208 -0.45471 -5
      vertex 5.54529 -10.8721 -5
      vertex 5.52567 -10.8802 -5
    endloop
  endfacet
  facet normal 0 0 -1
    outer loop
      vertex -4.80584 0.23312 -5
      vertex 5.76888 10.8078 -5
      vertex -4.80198 0.212244 -5
    endloop
  endfacet
  facet normal 0 0 -1
    outer loop
      vertex -4.8802 -0.474327 -5
      vertex 5.52567 -10.8802 -5
      vertex 5.5062 -10.8887 -5
    endloop
  endfacet
  facet normal -0 0 -1
    outer loop
      vertex 5.76888 10.8078 -5
      vertex -4.80584 0.23312 -5
      vertex 5.74807 10.8121 -5
    endloop
  endfacet
  facet normal 0 0 -1
    outer loop
      vertex -4.88867 -0.493798 -5
      vertex 5.5062 -10.8887 -5
      vertex 5.48688 -10.8975 -5
    endloop
  endfacet
  facet normal 0 0 -1
    outer loop
      vertex -4.81008 0.253926 -5
      vertex 5.74807 10.8121 -5
      vertex -4.80584 0.23312 -5
    endloop
  endfacet
  facet normal 0 0 -1
    outer loop
      vertex -4.89747 -0.513117 -5
      vertex 5.48688 -10.8975 -5
      vertex 5.46772 -10.9066 -5
    endloop
  endfacet
  facet normal -0 0 -1
    outer loop
      vertex 5.74807 10.8121 -5
      vertex -4.81008 0.253926 -5
      vertex 5.72735 10.8167 -5
    endloop
  endfacet
  facet normal 0 0 -1
    outer loop
      vertex -4.90661 -0.53228 -5
      vertex 5.46772 -10.9066 -5
      vertex 5.44872 -10.9161 -5
    endloop
  endfacet
  facet normal 0 0 -1
    outer loop
      vertex -4.81467 0.274654 -5
      vertex 5.72735 10.8167 -5
      vertex -4.81008 0.253926 -5
    endloop
  endfacet
  facet normal 0 0 -1
    outer loop
      vertex -4.91609 -0.551281 -5
      vertex 5.44872 -10.9161 -5
      vertex 5.42989 -10.9259 -5
    endloop
  endfacet
  facet normal -0 0 -1
    outer loop
      vertex 5.72735 10.8167 -5
      vertex -4.81467 0.274654 -5
      vertex 5.7067 10.8216 -5
    endloop
  endfacet
  facet normal 0 0 -1
    outer loop
      vertex -4.92589 -0.570115 -5
      vertex 5.42989 -10.9259 -5
      vertex 5.41123 -10.936 -5
    endloop
  endfacet
  facet normal 0 0 -1
    outer loop
      vertex -4.81963 0.295299 -5
      vertex 5.7067 10.8216 -5
      vertex -4.81467 0.274654 -5
    endloop
  endfacet
  facet normal 0 0 -1
    outer loop
      vertex -4.93602 -0.588773 -5
      vertex 5.41123 -10.936 -5
      vertex 5.39275 -10.9465 -5
    endloop
  endfacet
  facet normal -0 0 -1
    outer loop
      vertex 5.7067 10.8216 -5
      vertex -4.81963 0.295299 -5
      vertex 5.68615 10.8269 -5
    endloop
  endfacet
  facet normal 0 0 -1
    outer loop
      vertex -4.94648 -0.607253 -5
      vertex 5.39275 -10.9465 -5
      vertex 5.37445 -10.9573 -5
    endloop
  endfacet
  facet normal 0 0 -1
    outer loop
      vertex -4.82495 0.315855 -5
      vertex 5.68615 10.8269 -5
      vertex -4.81963 0.295299 -5
    endloop
  endfacet
  facet normal 0 0 -1
    outer loop
      vertex -4.95725 -0.625547 -5
      vertex 5.37445 -10.9573 -5
      vertex 5.35635 -10.9683 -5
    endloop
  endfacet
  facet normal -0 0 -1
    outer loop
      vertex 5.68615 10.8269 -5
      vertex -4.82495 0.315855 -5
      vertex 5.66569 10.8326 -5
    endloop
  endfacet
  facet normal 0 0 -1
    outer loop
      vertex -4.96834 -0.64365 -5
      vertex 5.35635 -10.9683 -5
      vertex 5.33844 -10.9798 -5
    endloop
  endfacet
  facet normal 0 0 -1
    outer loop
      vertex -4.83062 0.336314 -5
      vertex 5.66569 10.8326 -5
      vertex -4.82495 0.315855 -5
    endloop
  endfacet
  facet normal 0 0 -1
    outer loop
      vertex -4.97975 -0.661557 -5
      vertex 5.33844 -10.9798 -5
      vertex 5.32074 -10.9915 -5
    endloop
  endfacet
  facet normal -0 0 -1
    outer loop
      vertex 5.66569 10.8326 -5
      vertex -4.83062 0.336314 -5
      vertex 5.64533 10.8386 -5
    endloop
  endfacet
  facet normal 0 0 -1
    outer loop
      vertex -4.99147 -0.679262 -5
      vertex 5.32074 -10.9915 -5
      vertex 5.30324 -11.0035 -5
    endloop
  endfacet
  facet normal 0 0 -1
    outer loop
      vertex -4.83665 0.356672 -5
      vertex 5.64533 10.8386 -5
      vertex -4.83062 0.336314 -5
    endloop
  endfacet
  facet normal 0 0 -1
    outer loop
      vertex -5.0035 -0.696759 -5
      vertex 5.30324 -11.0035 -5
      vertex 5.28596 -11.0158 -5
    endloop
  endfacet
  facet normal -0 0 -1
    outer loop
      vertex 5.64533 10.8386 -5
      vertex -4.83665 0.356672 -5
      vertex 5.62508 10.845 -5
    endloop
  endfacet
  facet normal 0 0 -1
    outer loop
      vertex -5.01583 -0.714044 -5
      vertex 5.28596 -11.0158 -5
      vertex 5.26889 -11.0285 -5
    endloop
  endfacet
  facet normal 0 0 -1
    outer loop
      vertex -4.84303 0.37692 -5
      vertex 5.62508 10.845 -5
      vertex -4.83665 0.356672 -5
    endloop
  endfacet
  facet normal 0 0 -1
    outer loop
      vertex -5.02846 -0.731111 -5
      vertex 5.26889 -11.0285 -5
      vertex 5.25204 -11.0414 -5
    endloop
  endfacet
  facet normal -0 0 -1
    outer loop
      vertex 5.62508 10.845 -5
      vertex -4.84303 0.37692 -5
      vertex 5.60494 10.8518 -5
    endloop
  endfacet
  facet normal 0 0 -1
    outer loop
      vertex -5.04138 -0.747956 -5
      vertex 5.25204 -11.0414 -5
      vertex 5.23543 -11.0546 -5
    endloop
  endfacet
  facet normal 0 0 -1
    outer loop
      vertex -4.84977 0.397055 -5
      vertex 5.60494 10.8518 -5
      vertex -4.84303 0.37692 -5
    endloop
  endfacet
  facet normal 0 0 -1
    outer loop
      vertex -5.0546 -0.764572 -5
      vertex 5.23543 -11.0546 -5
      vertex 5.21905 -11.0681 -5
    endloop
  endfacet
  facet normal -0 0 -1
    outer loop
      vertex 5.60494 10.8518 -5
      vertex -4.84977 0.397055 -5
      vertex 5.58493 10.8589 -5
    endloop
  endfacet
  facet normal 0 0 -1
    outer loop
      vertex -5.0681 -0.780955 -5
      vertex 5.21905 -11.0681 -5
      vertex 5.2029 -11.0819 -5
    endloop
  endfacet
  facet normal 0 0 -1
    outer loop
      vertex -4.85686 0.417069 -5
      vertex 5.58493 10.8589 -5
      vertex -4.84977 0.397055 -5
    endloop
  endfacet
  facet normal 0 0 -1
    outer loop
      vertex -5.08189 -0.7971 -5
      vertex 5.2029 -11.0819 -5
      vertex 5.187 -11.096 -5
    endloop
  endfacet
  facet normal -0 0 -1
    outer loop
      vertex 5.58493 10.8589 -5
      vertex -4.85686 0.417069 -5
      vertex 5.56504 10.8663 -5
    endloop
  endfacet
  facet normal 0 0 -1
    outer loop
      vertex -5.09596 -0.813001 -5
      vertex 5.187 -11.096 -5
      vertex 5.17135 -11.1103 -5
    endloop
  endfacet
  facet normal 0 0 -1
    outer loop
      vertex -4.86429 0.436956 -5
      vertex 5.56504 10.8663 -5
      vertex -4.85686 0.417069 -5
    endloop
  endfacet
  facet normal 0 0 -1
    outer loop
      vertex -5.1103 -0.828655 -5
      vertex 5.17135 -11.1103 -5
      vertex 5.15594 -11.1249 -5
    endloop
  endfacet
  facet normal -0 0 -1
    outer loop
      vertex 5.56504 10.8663 -5
      vertex -4.86429 0.436956 -5
      vertex 5.54529 10.8741 -5
    endloop
  endfacet
  facet normal 0 0 -1
    outer loop
      vertex -5.12492 -0.844056 -5
      vertex 5.15594 -11.1249 -5
      vertex 5.1408 -11.1398 -5
    endloop
  endfacet
  facet normal 0 0 -1
    outer loop
      vertex -4.87208 0.45671 -5
      vertex 5.54529 10.8741 -5
      vertex -4.86429 0.436956 -5
    endloop
  endfacet
  facet normal 0 0 -1
    outer loop
      vertex -5.1398 -0.859199 -5
      vertex 5.1408 -11.1398 -5
      vertex 5.12592 -11.1549 -5
    endloop
  endfacet
  facet normal -0 0 -1
    outer loop
      vertex 5.54529 10.8741 -5
      vertex -4.87208 0.45671 -5
      vertex 5.52567 10.8822 -5
    endloop
  endfacet
  facet normal 0 0 -1
    outer loop
      vertex -5.15494 -0.874081 -5
      vertex 5.12592 -11.1549 -5
      vertex 5.1113 -11.1703 -5
    endloop
  endfacet
  facet normal 0 0 -1
    outer loop
      vertex -4.8802 0.476327 -5
      vertex 5.52567 10.8822 -5
      vertex -4.87208 0.45671 -5
    endloop
  endfacet
  facet normal 0 0 -1
    outer loop
      vertex -5.17035 -0.888696 -5
      vertex 5.1113 -11.1703 -5
      vertex 5.09696 -11.186 -5
    endloop
  endfacet
  facet normal -0 0 -1
    outer loop
      vertex 5.52567 10.8822 -5
      vertex -4.8802 0.476327 -5
      vertex 5.5062 10.8907 -5
    endloop
  endfacet
  facet normal 0 0 -1
    outer loop
      vertex -5.186 -0.90304 -5
      vertex 5.09696 -11.186 -5
      vertex 5.08289 -11.2019 -5
    endloop
  endfacet
  facet normal 0 0 -1
    outer loop
      vertex -4.88867 0.495798 -5
      vertex 5.5062 10.8907 -5
      vertex -4.8802 0.476327 -5
    endloop
  endfacet
  facet normal 0 0 -1
    outer loop
      vertex -5.2019 -0.917109 -5
      vertex 5.08289 -11.2019 -5
      vertex 5.0691 -11.218 -5
    endloop
  endfacet
  facet normal 0 0 -1
    outer loop
      vertex 5.1113 11.1723 -5
      vertex -4.78349 12.002 -5
      vertex 5.09696 11.188 -5
    endloop
  endfacet
  facet normal 0 0 -1
    outer loop
      vertex -5.21805 -0.930897 -5
      vertex 5.0691 -11.218 -5
      vertex 5.0556 -11.2344 -5
    endloop
  endfacet
  facet normal 0 0 -1
    outer loop
      vertex 5.09696 11.188 -5
      vertex -4.78349 12.002 -5
      vertex 5.08289 11.2039 -5
    endloop
  endfacet
  facet normal 0 0 -1
    outer loop
      vertex -5.23443 -0.944402 -5
      vertex 5.0556 -11.2344 -5
      vertex 5.04238 -11.251 -5
    endloop
  endfacet
  facet normal 0 0 -1
    outer loop
      vertex 5.08289 11.2039 -5
      vertex -4.78349 12.002 -5
      vertex 5.0691 11.22 -5
    endloop
  endfacet
  facet normal 0 0 -1
    outer loop
      vertex -5.25104 -0.95762 -5
      vertex 5.04238 -11.251 -5
      vertex 5.02946 -11.2679 -5
    endloop
  endfacet
  facet normal 0 0 -1
    outer loop
      vertex 5.0691 11.22 -5
      vertex -4.78349 12.002 -5
      vertex 5.0556 11.2364 -5
    endloop
  endfacet
  facet normal 0 0 -1
    outer loop
      vertex -5.26789 -0.970544 -5
      vertex 5.02946 -11.2679 -5
      vertex 5.01683 -11.285 -5
    endloop
  endfacet
  facet normal 0 0 -1
    outer loop
      vertex 5.0556 11.2364 -5
      vertex -4.78349 12.002 -5
      vertex 5.04238 11.253 -5
    endloop
  endfacet
  facet normal 0 0 -1
    outer loop
      vertex -5.28496 -0.983174 -5
      vertex 5.01683 -11.285 -5
      vertex 5.0045 -11.3022 -5
    endloop
  endfacet
  facet normal 0 0 -1
    outer loop
      vertex 5.04238 11.253 -5
      vertex -4.78349 12.002 -5
      vertex 5.02946 11.2699 -5
    endloop
  endfacet
  facet normal 0 0 -1
    outer loop
      vertex -5.30224 -0.995503 -5
      vertex 5.0045 -11.3022 -5
      vertex 4.99247 -11.3197 -5
    endloop
  endfacet
  facet normal 0 0 -1
    outer loop
      vertex 5.02946 11.2699 -5
      vertex -4.78349 12.002 -5
      vertex 5.01683 11.287 -5
    endloop
  endfacet
  facet normal 0 0 -1
    outer loop
      vertex -5.31974 -1.00753 -5
      vertex 4.99247 -11.3197 -5
      vertex 4.98075 -11.3374 -5
    endloop
  endfacet
  facet normal 0 0 -1
    outer loop
      vertex 5.01683 11.287 -5
      vertex -4.78349 12.002 -5
      vertex 5.0045 11.3042 -5
    endloop
  endfacet
  facet normal 0 0 -1
    outer loop
      vertex -5.33744 -1.01925 -5
      vertex 4.98075 -11.3374 -5
      vertex 4.96934 -11.3554 -5
    endloop
  endfacet
  facet normal 0 0 -1
    outer loop
      vertex 5.0045 11.3042 -5
      vertex -4.78349 12.002 -5
      vertex 4.99247 11.3217 -5
    endloop
  endfacet
  facet normal 0 0 -1
    outer loop
      vertex -5.35535 -1.03066 -5
      vertex 4.96934 -11.3554 -5
      vertex 4.95825 -11.3735 -5
    endloop
  endfacet
  facet normal 0 0 -1
    outer loop
      vertex 4.99247 11.3217 -5
      vertex -4.78349 12.002 -5
      vertex 4.98075 11.3394 -5
    endloop
  endfacet
  facet normal 0 0 -1
    outer loop
      vertex -5.37345 -1.04175 -5
      vertex 4.95825 -11.3735 -5
      vertex 4.94747 -11.3917 -5
    endloop
  endfacet
  facet normal 0 0 -1
    outer loop
      vertex 4.98075 11.3394 -5
      vertex -4.78349 12.002 -5
      vertex 4.96934 11.3574 -5
    endloop
  endfacet
  facet normal 0 0 -1
    outer loop
      vertex -5.39175 -1.05252 -5
      vertex 4.94747 -11.3917 -5
      vertex 4.93702 -11.4102 -5
    endloop
  endfacet
  facet normal 0 0 -1
    outer loop
      vertex 4.96934 11.3574 -5
      vertex -4.78349 12.002 -5
      vertex 4.95825 11.3755 -5
    endloop
  endfacet
  facet normal 0 0 -1
    outer loop
      vertex -5.41023 -1.06298 -5
      vertex 4.93702 -11.4102 -5
      vertex 4.92689 -11.4289 -5
    endloop
  endfacet
  facet normal 0 0 -1
    outer loop
      vertex 4.95825 11.3755 -5
      vertex -4.78349 12.002 -5
      vertex 4.94747 11.3937 -5
    endloop
  endfacet
  facet normal 0 0 -1
    outer loop
      vertex -5.42889 -1.07311 -5
      vertex 4.92689 -11.4289 -5
      vertex 4.91709 -11.4477 -5
    endloop
  endfacet
  facet normal 0 0 -1
    outer loop
      vertex 4.94747 11.3937 -5
      vertex -4.78349 12.002 -5
      vertex 4.93702 11.4122 -5
    endloop
  endfacet
  facet normal 0 0 -1
    outer loop
      vertex -5.44772 -1.08291 -5
      vertex 4.91709 -11.4477 -5
      vertex 4.90761 -11.4667 -5
    endloop
  endfacet
  facet normal 0 0 -1
    outer loop
      vertex 4.93702 11.4122 -5
      vertex -4.78349 12.002 -5
      vertex 4.92689 11.4309 -5
    endloop
  endfacet
  facet normal 0 0 -1
    outer loop
      vertex -5.46672 -1.09239 -5
      vertex 4.90761 -11.4667 -5
      vertex 4.89847 -11.4859 -5
    endloop
  endfacet
  facet normal 0 0 -1
    outer loop
      vertex 4.92689 11.4309 -5
      vertex -4.78349 12.002 -5
      vertex 4.91709 11.4497 -5
    endloop
  endfacet
  facet normal 0 0 -1
    outer loop
      vertex -5.48588 -1.10153 -5
      vertex 4.89847 -11.4859 -5
      vertex 4.88967 -11.5052 -5
    endloop
  endfacet
  facet normal 0 0 -1
    outer loop
      vertex 4.91709 11.4497 -5
      vertex -4.78349 12.002 -5
      vertex 4.90761 11.4687 -5
    endloop
  endfacet
  facet normal 0 0 -1
    outer loop
      vertex -5.5052 -1.11033 -5
      vertex 4.88967 -11.5052 -5
      vertex 4.8812 -11.5247 -5
    endloop
  endfacet
  facet normal 0 0 -1
    outer loop
      vertex 4.90761 11.4687 -5
      vertex -4.78349 12.002 -5
      vertex 4.89847 11.4879 -5
    endloop
  endfacet
  facet normal 0 0 -1
    outer loop
      vertex -5.52467 -1.1188 -5
      vertex 4.8812 -11.5247 -5
      vertex 4.87308 -11.5443 -5
    endloop
  endfacet
  facet normal 0 0 -1
    outer loop
      vertex 4.89847 11.4879 -5
      vertex -4.78349 12.002 -5
      vertex 4.88967 11.5072 -5
    endloop
  endfacet
  facet normal 0 0 -1
    outer loop
      vertex -5.54429 -1.12692 -5
      vertex 4.87308 -11.5443 -5
      vertex 4.86529 -11.564 -5
    endloop
  endfacet
  facet normal 0 0 -1
    outer loop
      vertex 4.88967 11.5072 -5
      vertex -4.78349 12.002 -5
      vertex 4.8812 11.5267 -5
    endloop
  endfacet
  facet normal 0 0 -1
    outer loop
      vertex -5.56404 -1.13471 -5
      vertex 4.86529 -11.564 -5
      vertex 4.85786 -11.5839 -5
    endloop
  endfacet
  facet normal 0 0 -1
    outer loop
      vertex 4.8812 11.5267 -5
      vertex -4.78349 12.002 -5
      vertex 4.87308 11.5463 -5
    endloop
  endfacet
  facet normal 0 0 -1
    outer loop
      vertex -5.58393 -1.14214 -5
      vertex 4.85786 -11.5839 -5
      vertex 4.85077 -11.6039 -5
    endloop
  endfacet
  facet normal 0 0 -1
    outer loop
      vertex 4.87308 11.5463 -5
      vertex -4.78349 12.002 -5
      vertex 4.86529 11.566 -5
    endloop
  endfacet
  facet normal 0 0 -1
    outer loop
      vertex -5.60394 -1.14923 -5
      vertex 4.85077 -11.6039 -5
      vertex 4.84403 -11.6241 -5
    endloop
  endfacet
  facet normal 0 0 -1
    outer loop
      vertex 4.86529 11.566 -5
      vertex -4.78349 12.002 -5
      vertex 4.85786 11.5859 -5
    endloop
  endfacet
  facet normal 0 0 -1
    outer loop
      vertex -5.62408 -1.15597 -5
      vertex 4.84403 -11.6241 -5
      vertex 4.83765 -11.6443 -5
    endloop
  endfacet
  facet normal 0 0 -1
    outer loop
      vertex 4.85786 11.5859 -5
      vertex -4.78349 12.002 -5
      vertex 4.85077 11.6059 -5
    endloop
  endfacet
  facet normal 0 0 -1
    outer loop
      vertex -5.64433 -1.16235 -5
      vertex 4.83765 -11.6443 -5
      vertex 4.83162 -11.6647 -5
    endloop
  endfacet
  facet normal 0 0 -1
    outer loop
      vertex 4.85077 11.6059 -5
      vertex -4.78349 12.002 -5
      vertex 4.84403 11.6261 -5
    endloop
  endfacet
  facet normal 0 0 -1
    outer loop
      vertex -5.66469 -1.16838 -5
      vertex 4.83162 -11.6647 -5
      vertex 4.82595 -11.6851 -5
    endloop
  endfacet
  facet normal 0 0 -1
    outer loop
      vertex 4.84403 11.6261 -5
      vertex -4.78349 12.002 -5
      vertex 4.83765 11.6463 -5
    endloop
  endfacet
  facet normal 0 0 -1
    outer loop
      vertex -5.68515 -1.17405 -5
      vertex 4.82595 -11.6851 -5
      vertex 4.82063 -11.7057 -5
    endloop
  endfacet
  facet normal 0 0 -1
    outer loop
      vertex 4.83765 11.6463 -5
      vertex -4.78349 12.002 -5
      vertex 4.83162 11.6667 -5
    endloop
  endfacet
  facet normal 0 0 -1
    outer loop
      vertex -5.7057 -1.17937 -5
      vertex 4.82063 -11.7057 -5
      vertex 4.81567 -11.7263 -5
    endloop
  endfacet
  facet normal 0 0 -1
    outer loop
      vertex 4.83162 11.6667 -5
      vertex -4.78349 12.002 -5
      vertex 4.82595 11.6871 -5
    endloop
  endfacet
  facet normal 0 0 -1
    outer loop
      vertex -5.72635 -1.18433 -5
      vertex 4.81567 -11.7263 -5
      vertex 4.81108 -11.7471 -5
    endloop
  endfacet
  facet normal 0 0 -1
    outer loop
      vertex 4.82595 11.6871 -5
      vertex -4.78349 12.002 -5
      vertex 4.82063 11.7077 -5
    endloop
  endfacet
  facet normal 0 0 -1
    outer loop
      vertex -5.74707 -1.18892 -5
      vertex 4.81108 -11.7471 -5
      vertex 4.80684 -11.7679 -5
    endloop
  endfacet
  facet normal 0 0 -1
    outer loop
      vertex 4.82063 11.7077 -5
      vertex -4.78349 12.002 -5
      vertex 4.81567 11.7283 -5
    endloop
  endfacet
  facet normal 0 0 -1
    outer loop
      vertex -5.76788 -1.19316 -5
      vertex 4.80684 -11.7679 -5
      vertex 4.80298 -11.7888 -5
    endloop
  endfacet
  facet normal 0 0 -1
    outer loop
      vertex 4.81567 11.7283 -5
      vertex -4.78349 12.002 -5
      vertex 4.81108 11.7491 -5
    endloop
  endfacet
  facet normal 0 0 -1
    outer loop
      vertex -5.78876 -1.19702 -5
      vertex 4.80298 -11.7888 -5
      vertex 4.79947 -11.8097 -5
    endloop
  endfacet
  facet normal 0 0 -1
    outer loop
      vertex 4.81108 11.7491 -5
      vertex -4.78349 12.002 -5
      vertex 4.80684 11.7699 -5
    endloop
  endfacet
  facet normal 0 0 -1
    outer loop
      vertex -5.8097 -1.20053 -5
      vertex 4.79947 -11.8097 -5
      vertex 4.79633 -11.8307 -5
    endloop
  endfacet
  facet normal 0 0 -1
    outer loop
      vertex 4.80684 11.7699 -5
      vertex -4.78349 12.002 -5
      vertex 4.80298 11.7908 -5
    endloop
  endfacet
  facet normal 0 0 -1
    outer loop
      vertex -5.8307 -1.20367 -5
      vertex 4.79633 -11.8307 -5
      vertex 4.79356 -11.8517 -5
    endloop
  endfacet
  facet normal 0 0 -1
    outer loop
      vertex 4.80298 11.7908 -5
      vertex -4.78349 12.002 -5
      vertex 4.79947 11.8117 -5
    endloop
  endfacet
  facet normal 0 0 -1
    outer loop
      vertex -5.85175 -1.20644 -5
      vertex 4.79356 -11.8517 -5
      vertex 4.79116 -11.8728 -5
    endloop
  endfacet
  facet normal 0 0 -1
    outer loop
      vertex 4.79947 11.8117 -5
      vertex -4.78349 12.002 -5
      vertex 4.79633 11.8327 -5
    endloop
  endfacet
  facet normal 0 0 -1
    outer loop
      vertex -5.87284 -1.20884 -5
      vertex 4.79116 -11.8728 -5
      vertex 4.78912 -11.894 -5
    endloop
  endfacet
  facet normal 0 0 -1
    outer loop
      vertex 4.79633 11.8327 -5
      vertex -4.78349 12.002 -5
      vertex 4.79356 11.8537 -5
    endloop
  endfacet
  facet normal 0 0 -1
    outer loop
      vertex -5.89398 -1.21088 -5
      vertex 4.78912 -11.894 -5
      vertex 4.78746 -11.9151 -5
    endloop
  endfacet
  facet normal 0 0 -1
    outer loop
      vertex 4.79356 11.8537 -5
      vertex -4.78349 12.002 -5
      vertex 4.79116 11.8748 -5
    endloop
  endfacet
  facet normal 0 0 -1
    outer loop
      vertex -5.91514 -1.21254 -5
      vertex 4.78746 -11.9151 -5
      vertex 4.78616 -11.9363 -5
    endloop
  endfacet
  facet normal 0 0 -1
    outer loop
      vertex 4.79116 11.8748 -5
      vertex -4.78349 12.002 -5
      vertex 4.78912 11.896 -5
    endloop
  endfacet
  facet normal 0 0 -1
    outer loop
      vertex -5.93633 -1.21384 -5
      vertex 4.78616 -11.9363 -5
      vertex 4.78523 -11.9575 -5
    endloop
  endfacet
  facet normal 0 0 -1
    outer loop
      vertex 4.78912 11.896 -5
      vertex -4.78349 12.002 -5
      vertex 4.78746 11.9171 -5
    endloop
  endfacet
  facet normal 0 0 -1
    outer loop
      vertex -5.95755 -1.21476 -5
      vertex 4.78523 -11.9575 -5
      vertex 4.78468 -11.9788 -5
    endloop
  endfacet
  facet normal 0 0 -1
    outer loop
      vertex 4.78746 11.9171 -5
      vertex -4.78349 12.002 -5
      vertex 4.78616 11.9383 -5
    endloop
  endfacet
  facet normal 0 0 -1
    outer loop
      vertex -5.97877 -1.21532 -5
      vertex 4.78468 -11.9788 -5
      vertex 4.78449 -12 -5
    endloop
  endfacet
  facet normal 0 0 -1
    outer loop
      vertex 4.78616 11.9383 -5
      vertex -4.78349 12.002 -5
      vertex 4.78523 11.9595 -5
    endloop
  endfacet
  facet normal 0 0 -1
    outer loop
      vertex 7.21732 -11.9788 -5
      vertex 18 -18 -5
      vertex 7.21751 -12 -5
    endloop
  endfacet
  facet normal 0 0 -1
    outer loop
      vertex 18 -18 -5
      vertex 7.21732 -12.0212 -5
      vertex 7.21751 -12 -5
    endloop
  endfacet
  facet normal 0 0 -1
    outer loop
      vertex 18 -18 -5
      vertex 7.21676 -12.0425 -5
      vertex 7.21732 -12.0212 -5
    endloop
  endfacet
  facet normal 0 0 -1
    outer loop
      vertex 18 -18 -5
      vertex 7.21584 -12.0637 -5
      vertex 7.21676 -12.0425 -5
    endloop
  endfacet
  facet normal 0 0 -1
    outer loop
      vertex 18 -18 -5
      vertex 7.21454 -12.0849 -5
      vertex 7.21584 -12.0637 -5
    endloop
  endfacet
  facet normal 0 0 -1
    outer loop
      vertex 18 -18 -5
      vertex 7.21288 -12.106 -5
      vertex 7.21454 -12.0849 -5
    endloop
  endfacet
  facet normal 0 0 -1
    outer loop
      vertex 18 -18 -5
      vertex 7.21084 -12.1272 -5
      vertex 7.21288 -12.106 -5
    endloop
  endfacet
  facet normal 0 0 -1
    outer loop
      vertex 18 -18 -5
      vertex 7.20844 -12.1483 -5
      vertex 7.21084 -12.1272 -5
    endloop
  endfacet
  facet normal 0 0 -1
    outer loop
      vertex 18 -18 -5
      vertex 7.20567 -12.1693 -5
      vertex 7.20844 -12.1483 -5
    endloop
  endfacet
  facet normal 0 0 -1
    outer loop
      vertex 18 -18 -5
      vertex 7.20253 -12.1903 -5
      vertex 7.20567 -12.1693 -5
    endloop
  endfacet
  facet normal 0 0 -1
    outer loop
      vertex 18 -18 -5
      vertex 7.19902 -12.2112 -5
      vertex 7.20253 -12.1903 -5
    endloop
  endfacet
  facet normal 0 0 -1
    outer loop
      vertex 18 -18 -5
      vertex 7.19516 -12.2321 -5
      vertex 7.19902 -12.2112 -5
    endloop
  endfacet
  facet normal 0 0 -1
    outer loop
      vertex 18 -18 -5
      vertex 7.19092 -12.2529 -5
      vertex 7.19516 -12.2321 -5
    endloop
  endfacet
  facet normal 0 0 -1
    outer loop
      vertex 18 -18 -5
      vertex 7.18633 -12.2737 -5
      vertex 7.19092 -12.2529 -5
    endloop
  endfacet
  facet normal 0 0 -1
    outer loop
      vertex 18 -18 -5
      vertex 7.18137 -12.2943 -5
      vertex 7.18633 -12.2737 -5
    endloop
  endfacet
  facet normal 0 0 -1
    outer loop
      vertex 18 -18 -5
      vertex 7.17605 -12.3149 -5
      vertex 7.18137 -12.2943 -5
    endloop
  endfacet
  facet normal 0 0 -1
    outer loop
      vertex 18 -18 -5
      vertex 7.17038 -12.3353 -5
      vertex 7.17605 -12.3149 -5
    endloop
  endfacet
  facet normal 0 0 -1
    outer loop
      vertex 18 -18 -5
      vertex 7.16435 -12.3557 -5
      vertex 7.17038 -12.3353 -5
    endloop
  endfacet
  facet normal 0 0 -1
    outer loop
      vertex 18 -18 -5
      vertex 7.15797 -12.3759 -5
      vertex 7.16435 -12.3557 -5
    endloop
  endfacet
  facet normal 0 0 -1
    outer loop
      vertex 18 -18 -5
      vertex 7.15123 -12.3961 -5
      vertex 7.15797 -12.3759 -5
    endloop
  endfacet
  facet normal 0 0 -1
    outer loop
      vertex 18 -18 -5
      vertex 7.14414 -12.4161 -5
      vertex 7.15123 -12.3961 -5
    endloop
  endfacet
  facet normal 0 0 -1
    outer loop
      vertex 18 -18 -5
      vertex 7.13671 -12.436 -5
      vertex 7.14414 -12.4161 -5
    endloop
  endfacet
  facet normal 0 0 -1
    outer loop
      vertex 18 -18 -5
      vertex 7.12892 -12.4557 -5
      vertex 7.13671 -12.436 -5
    endloop
  endfacet
  facet normal 0 0 -1
    outer loop
      vertex 18 -18 -5
      vertex 7.1208 -12.4753 -5
      vertex 7.12892 -12.4557 -5
    endloop
  endfacet
  facet normal 0 0 -1
    outer loop
      vertex 18 -18 -5
      vertex 7.11233 -12.4948 -5
      vertex 7.1208 -12.4753 -5
    endloop
  endfacet
  facet normal 0 0 -1
    outer loop
      vertex 18 -18 -5
      vertex 7.10353 -12.5141 -5
      vertex 7.11233 -12.4948 -5
    endloop
  endfacet
  facet normal 0 0 -1
    outer loop
      vertex 18 -18 -5
      vertex 7.09439 -12.5333 -5
      vertex 7.10353 -12.5141 -5
    endloop
  endfacet
  facet normal 0 0 -1
    outer loop
      vertex 18 -18 -5
      vertex 7.08491 -12.5523 -5
      vertex 7.09439 -12.5333 -5
    endloop
  endfacet
  facet normal 0 0 -1
    outer loop
      vertex 18 -18 -5
      vertex 7.07511 -12.5711 -5
      vertex 7.08491 -12.5523 -5
    endloop
  endfacet
  facet normal 0 0 -1
    outer loop
      vertex 18 -18 -5
      vertex 7.06498 -12.5898 -5
      vertex 7.07511 -12.5711 -5
    endloop
  endfacet
  facet normal 0 0 -1
    outer loop
      vertex 18 -18 -5
      vertex 7.05452 -12.6083 -5
      vertex 7.06498 -12.5898 -5
    endloop
  endfacet
  facet normal 0 0 -1
    outer loop
      vertex 18 -18 -5
      vertex 7.04375 -12.6265 -5
      vertex 7.05452 -12.6083 -5
    endloop
  endfacet
  facet normal 0 0 -1
    outer loop
      vertex 18 -18 -5
      vertex 7.03266 -12.6446 -5
      vertex 7.04375 -12.6265 -5
    endloop
  endfacet
  facet normal 0 0 -1
    outer loop
      vertex 18 -18 -5
      vertex 7.02125 -12.6626 -5
      vertex 7.03266 -12.6446 -5
    endloop
  endfacet
  facet normal 0 0 -1
    outer loop
      vertex 18 -18 -5
      vertex 7.00953 -12.6803 -5
      vertex 7.02125 -12.6626 -5
    endloop
  endfacet
  facet normal 0 0 -1
    outer loop
      vertex 18 -18 -5
      vertex 6.9975 -12.6978 -5
      vertex 7.00953 -12.6803 -5
    endloop
  endfacet
  facet normal 0 0 -1
    outer loop
      vertex 18 -18 -5
      vertex 6.98517 -12.715 -5
      vertex 6.9975 -12.6978 -5
    endloop
  endfacet
  facet normal 0 0 -1
    outer loop
      vertex 18 -18 -5
      vertex 6.97254 -12.7321 -5
      vertex 6.98517 -12.715 -5
    endloop
  endfacet
  facet normal 0 0 -1
    outer loop
      vertex 18 -18 -5
      vertex 6.95962 -12.749 -5
      vertex 6.97254 -12.7321 -5
    endloop
  endfacet
  facet normal 0 0 -1
    outer loop
      vertex 18 -18 -5
      vertex 6.9464 -12.7656 -5
      vertex 6.95962 -12.749 -5
    endloop
  endfacet
  facet normal 0 0 -1
    outer loop
      vertex 18 -18 -5
      vertex 6.9329 -12.782 -5
      vertex 6.9464 -12.7656 -5
    endloop
  endfacet
  facet normal 0 0 -1
    outer loop
      vertex 18 -18 -5
      vertex 6.91911 -12.7981 -5
      vertex 6.9329 -12.782 -5
    endloop
  endfacet
  facet normal 0 0 -1
    outer loop
      vertex 18 -18 -5
      vertex 6.90504 -12.814 -5
      vertex 6.91911 -12.7981 -5
    endloop
  endfacet
  facet normal 0 0 -1
    outer loop
      vertex 18 -18 -5
      vertex 6.8907 -12.8297 -5
      vertex 6.90504 -12.814 -5
    endloop
  endfacet
  facet normal 0 0 -1
    outer loop
      vertex 18 -18 -5
      vertex 6.87608 -12.8451 -5
      vertex 6.8907 -12.8297 -5
    endloop
  endfacet
  facet normal 0 0 -1
    outer loop
      vertex 18 -18 -5
      vertex 6.8612 -12.8602 -5
      vertex 6.87608 -12.8451 -5
    endloop
  endfacet
  facet normal 0 0 -1
    outer loop
      vertex 18 -18 -5
      vertex 6.84606 -12.8751 -5
      vertex 6.8612 -12.8602 -5
    endloop
  endfacet
  facet normal 0 0 -1
    outer loop
      vertex 18 -18 -5
      vertex 6.83065 -12.8897 -5
      vertex 6.84606 -12.8751 -5
    endloop
  endfacet
  facet normal 0 0 -1
    outer loop
      vertex 18 -18 -5
      vertex 6.815 -12.904 -5
      vertex 6.83065 -12.8897 -5
    endloop
  endfacet
  facet normal 0 0 -1
    outer loop
      vertex 18 -18 -5
      vertex 6.7991 -12.9181 -5
      vertex 6.815 -12.904 -5
    endloop
  endfacet
  facet normal 0 0 -1
    outer loop
      vertex 18 -18 -5
      vertex 6.78295 -12.9319 -5
      vertex 6.7991 -12.9181 -5
    endloop
  endfacet
  facet normal 0 0 -1
    outer loop
      vertex 18 -18 -5
      vertex 6.76657 -12.9454 -5
      vertex 6.78295 -12.9319 -5
    endloop
  endfacet
  facet normal 0 0 -1
    outer loop
      vertex 18 -18 -5
      vertex 6.74996 -12.9586 -5
      vertex 6.76657 -12.9454 -5
    endloop
  endfacet
  facet normal 0 0 -1
    outer loop
      vertex 18 -18 -5
      vertex 6.73311 -12.9715 -5
      vertex 6.74996 -12.9586 -5
    endloop
  endfacet
  facet normal 0 0 -1
    outer loop
      vertex 18 -18 -5
      vertex 6.71604 -12.9842 -5
      vertex 6.73311 -12.9715 -5
    endloop
  endfacet
  facet normal 0 0 -1
    outer loop
      vertex 18 -18 -5
      vertex 6.69876 -12.9965 -5
      vertex 6.71604 -12.9842 -5
    endloop
  endfacet
  facet normal 0 0 -1
    outer loop
      vertex 18 -18 -5
      vertex 6.68126 -13.0085 -5
      vertex 6.69876 -12.9965 -5
    endloop
  endfacet
  facet normal 0 0 -1
    outer loop
      vertex 18 -18 -5
      vertex 6.66356 -13.0202 -5
      vertex 6.68126 -13.0085 -5
    endloop
  endfacet
  facet normal 0 0 -1
    outer loop
      vertex 18 -18 -5
      vertex 6.64565 -13.0317 -5
      vertex 6.66356 -13.0202 -5
    endloop
  endfacet
  facet normal 0 0 -1
    outer loop
      vertex 18 -18 -5
      vertex 6.62755 -13.0427 -5
      vertex 6.64565 -13.0317 -5
    endloop
  endfacet
  facet normal 0 0 -1
    outer loop
      vertex 18 -18 -5
      vertex 6.60925 -13.0535 -5
      vertex 6.62755 -13.0427 -5
    endloop
  endfacet
  facet normal 0 0 -1
    outer loop
      vertex 18 -18 -5
      vertex 6.59077 -13.064 -5
      vertex 6.60925 -13.0535 -5
    endloop
  endfacet
  facet normal 0 0 -1
    outer loop
      vertex 18 -18 -5
      vertex 6.57211 -13.0741 -5
      vertex 6.59077 -13.064 -5
    endloop
  endfacet
  facet normal 0 0 -1
    outer loop
      vertex 18 -18 -5
      vertex 6.55328 -13.0839 -5
      vertex 6.57211 -13.0741 -5
    endloop
  endfacet
  facet normal 0 0 -1
    outer loop
      vertex 18 -18 -5
      vertex 6.53428 -13.0934 -5
      vertex 6.55328 -13.0839 -5
    endloop
  endfacet
  facet normal 0 0 -1
    outer loop
      vertex 18 -18 -5
      vertex 6.51512 -13.1025 -5
      vertex 6.53428 -13.0934 -5
    endloop
  endfacet
  facet normal 0 0 -1
    outer loop
      vertex 18 -18 -5
      vertex 6.4958 -13.1113 -5
      vertex 6.51512 -13.1025 -5
    endloop
  endfacet
  facet normal 0 0 -1
    outer loop
      vertex 18 -18 -5
      vertex 6.47633 -13.1198 -5
      vertex 6.4958 -13.1113 -5
    endloop
  endfacet
  facet normal 0 0 -1
    outer loop
      vertex 18 -18 -5
      vertex 6.45671 -13.1279 -5
      vertex 6.47633 -13.1198 -5
    endloop
  endfacet
  facet normal 0 0 -1
    outer loop
      vertex 18 -18 -5
      vertex 6.43696 -13.1357 -5
      vertex 6.45671 -13.1279 -5
    endloop
  endfacet
  facet normal 0 0 -1
    outer loop
      vertex 18 -18 -5
      vertex 6.41707 -13.1431 -5
      vertex 6.43696 -13.1357 -5
    endloop
  endfacet
  facet normal 0 0 -1
    outer loop
      vertex 18 -18 -5
      vertex 6.39706 -13.1502 -5
      vertex 6.41707 -13.1431 -5
    endloop
  endfacet
  facet normal 0 0 -1
    outer loop
      vertex 18 -18 -5
      vertex 6.37692 -13.157 -5
      vertex 6.39706 -13.1502 -5
    endloop
  endfacet
  facet normal 0 0 -1
    outer loop
      vertex 18 -18 -5
      vertex 6.35667 -13.1634 -5
      vertex 6.37692 -13.157 -5
    endloop
  endfacet
  facet normal 0 0 -1
    outer loop
      vertex 18 -18 -5
      vertex 6.33631 -13.1694 -5
      vertex 6.35667 -13.1634 -5
    endloop
  endfacet
  facet normal 0 0 -1
    outer loop
      vertex 18 -18 -5
      vertex 6.31585 -13.1751 -5
      vertex 6.33631 -13.1694 -5
    endloop
  endfacet
  facet normal 0 0 -1
    outer loop
      vertex 18 -18 -5
      vertex 6.2953 -13.1804 -5
      vertex 6.31585 -13.1751 -5
    endloop
  endfacet
  facet normal 0 0 -1
    outer loop
      vertex 18 -18 -5
      vertex 6.27465 -13.1853 -5
      vertex 6.2953 -13.1804 -5
    endloop
  endfacet
  facet normal 0 0 -1
    outer loop
      vertex 18 -18 -5
      vertex 6.25393 -13.1899 -5
      vertex 6.27465 -13.1853 -5
    endloop
  endfacet
  facet normal 0 0 -1
    outer loop
      vertex 18 -18 -5
      vertex 6.23312 -13.1942 -5
      vertex 6.25393 -13.1899 -5
    endloop
  endfacet
  facet normal 0 0 -1
    outer loop
      vertex 18 -18 -5
      vertex 6.21224 -13.198 -5
      vertex 6.23312 -13.1942 -5
    endloop
  endfacet
  facet normal 0 0 -1
    outer loop
      vertex 18 -18 -5
      vertex 6.1913 -13.2015 -5
      vertex 6.21224 -13.198 -5
    endloop
  endfacet
  facet normal 0 0 -1
    outer loop
      vertex 18 -18 -5
      vertex 6.1703 -13.2047 -5
      vertex 6.1913 -13.2015 -5
    endloop
  endfacet
  facet normal 0 0 -1
    outer loop
      vertex 18 -18 -5
      vertex 6.14925 -13.2074 -5
      vertex 6.1703 -13.2047 -5
    endloop
  endfacet
  facet normal 0 0 -1
    outer loop
      vertex 18 -18 -5
      vertex 6.12816 -13.2098 -5
      vertex 6.14925 -13.2074 -5
    endloop
  endfacet
  facet normal 0 0 -1
    outer loop
      vertex 18 -18 -5
      vertex 6.10702 -13.2119 -5
      vertex 6.12816 -13.2098 -5
    endloop
  endfacet
  facet normal 0 0 -1
    outer loop
      vertex 18 -18 -5
      vertex 6.08586 -13.2135 -5
      vertex 6.10702 -13.2119 -5
    endloop
  endfacet
  facet normal 0 0 -1
    outer loop
      vertex 18 -18 -5
      vertex 6.06467 -13.2148 -5
      vertex 6.08586 -13.2135 -5
    endloop
  endfacet
  facet normal 0 0 -1
    outer loop
      vertex 18 -18 -5
      vertex 6.04345 -13.2158 -5
      vertex 6.06467 -13.2148 -5
    endloop
  endfacet
  facet normal 0 0 -1
    outer loop
      vertex 18 -18 -5
      vertex 6.02223 -13.2163 -5
      vertex 6.04345 -13.2158 -5
    endloop
  endfacet
  facet normal 0 0 -1
    outer loop
      vertex 18 -18 -5
      vertex 6.001 -13.2165 -5
      vertex 6.02223 -13.2163 -5
    endloop
  endfacet
  facet normal 0 0 -1
    outer loop
      vertex 18 -18 -5
      vertex 5.97977 -13.2163 -5
      vertex 6.001 -13.2165 -5
    endloop
  endfacet
  facet normal 0 0 -1
    outer loop
      vertex 18 -18 -5
      vertex 5.95855 -13.2158 -5
      vertex 5.97977 -13.2163 -5
    endloop
  endfacet
  facet normal 0 0 -1
    outer loop
      vertex 18 -18 -5
      vertex 5.93733 -13.2148 -5
      vertex 5.95855 -13.2158 -5
    endloop
  endfacet
  facet normal 0 0 -1
    outer loop
      vertex 18 -18 -5
      vertex 5.91614 -13.2135 -5
      vertex 5.93733 -13.2148 -5
    endloop
  endfacet
  facet normal 0 0 -1
    outer loop
      vertex 18 -18 -5
      vertex 5.89498 -13.2119 -5
      vertex 5.91614 -13.2135 -5
    endloop
  endfacet
  facet normal 0 0 -1
    outer loop
      vertex 18 -18 -5
      vertex 5.87384 -13.2098 -5
      vertex 5.89498 -13.2119 -5
    endloop
  endfacet
  facet normal 0 0 -1
    outer loop
      vertex 18 -18 -5
      vertex 5.85275 -13.2074 -5
      vertex 5.87384 -13.2098 -5
    endloop
  endfacet
  facet normal 0 0 -1
    outer loop
      vertex 18 -18 -5
      vertex 5.8317 -13.2047 -5
      vertex 5.85275 -13.2074 -5
    endloop
  endfacet
  facet normal 0 0 -1
    outer loop
      vertex 18 -18 -5
      vertex 5.8107 -13.2015 -5
      vertex 5.8317 -13.2047 -5
    endloop
  endfacet
  facet normal 0 0 -1
    outer loop
      vertex 18 -18 -5
      vertex 5.78976 -13.198 -5
      vertex 5.8107 -13.2015 -5
    endloop
  endfacet
  facet normal 0 0 -1
    outer loop
      vertex 18 -18 -5
      vertex 5.76888 -13.1942 -5
      vertex 5.78976 -13.198 -5
    endloop
  endfacet
  facet normal 0 0 -1
    outer loop
      vertex -18 -18 -5
      vertex 5.76888 -13.1942 -5
      vertex 18 -18 -5
    endloop
  endfacet
  facet normal -0 0 -1
    outer loop
      vertex 5.76888 -13.1942 -5
      vertex -18 -18 -5
      vertex 5.74807 -13.1899 -5
    endloop
  endfacet
  facet normal -0 0 -1
    outer loop
      vertex 5.74807 -13.1899 -5
      vertex -18 -18 -5
      vertex 5.72735 -13.1853 -5
    endloop
  endfacet
  facet normal -0 0 -1
    outer loop
      vertex 5.72735 -13.1853 -5
      vertex -18 -18 -5
      vertex 5.7067 -13.1804 -5
    endloop
  endfacet
  facet normal -0 0 -1
    outer loop
      vertex 5.7067 -13.1804 -5
      vertex -18 -18 -5
      vertex 5.68615 -13.1751 -5
    endloop
  endfacet
  facet normal -0 0 -1
    outer loop
      vertex 5.68615 -13.1751 -5
      vertex -18 -18 -5
      vertex 5.66569 -13.1694 -5
    endloop
  endfacet
  facet normal -0 0 -1
    outer loop
      vertex 5.66569 -13.1694 -5
      vertex -18 -18 -5
      vertex 5.64533 -13.1634 -5
    endloop
  endfacet
  facet normal -0 0 -1
    outer loop
      vertex 5.64533 -13.1634 -5
      vertex -18 -18 -5
      vertex 5.62508 -13.157 -5
    endloop
  endfacet
  facet normal -0 0 -1
    outer loop
      vertex 5.62508 -13.157 -5
      vertex -18 -18 -5
      vertex 5.60494 -13.1502 -5
    endloop
  endfacet
  facet normal -0 0 -1
    outer loop
      vertex 5.60494 -13.1502 -5
      vertex -18 -18 -5
      vertex 5.58493 -13.1431 -5
    endloop
  endfacet
  facet normal 0 0 -1
    outer loop
      vertex 4.78523 11.9595 -5
      vertex -4.78349 12.002 -5
      vertex 4.78468 11.9808 -5
    endloop
  endfacet
  facet normal 0 0 -1
    outer loop
      vertex -6 -1.21551 -5
      vertex 4.78449 -12 -5
      vertex 4.78468 -12.0212 -5
    endloop
  endfacet
  facet normal 0 0 -1
    outer loop
      vertex -6.02123 -1.21532 -5
      vertex 4.78468 -12.0212 -5
      vertex 4.78523 -12.0425 -5
    endloop
  endfacet
  facet normal 0 0 -1
    outer loop
      vertex -6.04245 -1.21476 -5
      vertex 4.78523 -12.0425 -5
      vertex 4.78616 -12.0637 -5
    endloop
  endfacet
  facet normal 0 0 -1
    outer loop
      vertex -6.06367 -1.21384 -5
      vertex 4.78616 -12.0637 -5
      vertex 4.78746 -12.0849 -5
    endloop
  endfacet
  facet normal 0 0 -1
    outer loop
      vertex -6.08486 -1.21254 -5
      vertex 4.78746 -12.0849 -5
      vertex 4.78912 -12.106 -5
    endloop
  endfacet
  facet normal 0 0 -1
    outer loop
      vertex -18 -18 -5
      vertex 4.78912 -12.106 -5
      vertex 4.79116 -12.1272 -5
    endloop
  endfacet
  facet normal 0 0 -1
    outer loop
      vertex -18 -18 -5
      vertex 4.79116 -12.1272 -5
      vertex 4.79356 -12.1483 -5
    endloop
  endfacet
  facet normal 0 0 -1
    outer loop
      vertex -18 -18 -5
      vertex 4.79356 -12.1483 -5
      vertex 4.79633 -12.1693 -5
    endloop
  endfacet
  facet normal 0 0 -1
    outer loop
      vertex -18 -18 -5
      vertex 4.79633 -12.1693 -5
      vertex 4.79947 -12.1903 -5
    endloop
  endfacet
  facet normal 0 0 -1
    outer loop
      vertex -18 -18 -5
      vertex 4.79947 -12.1903 -5
      vertex 4.80298 -12.2112 -5
    endloop
  endfacet
  facet normal 0 0 -1
    outer loop
      vertex -18 -18 -5
      vertex 4.80298 -12.2112 -5
      vertex 4.80684 -12.2321 -5
    endloop
  endfacet
  facet normal 0 0 -1
    outer loop
      vertex -18 -18 -5
      vertex 4.80684 -12.2321 -5
      vertex 4.81108 -12.2529 -5
    endloop
  endfacet
  facet normal 0 0 -1
    outer loop
      vertex -18 -18 -5
      vertex 4.81108 -12.2529 -5
      vertex 4.81567 -12.2737 -5
    endloop
  endfacet
  facet normal 0 0 -1
    outer loop
      vertex -18 -18 -5
      vertex 4.81567 -12.2737 -5
      vertex 4.82063 -12.2943 -5
    endloop
  endfacet
  facet normal 0 0 -1
    outer loop
      vertex -18 -18 -5
      vertex 4.82063 -12.2943 -5
      vertex 4.82595 -12.3149 -5
    endloop
  endfacet
  facet normal 0 0 -1
    outer loop
      vertex -18 -18 -5
      vertex 4.82595 -12.3149 -5
      vertex 4.83162 -12.3353 -5
    endloop
  endfacet
  facet normal 0 0 -1
    outer loop
      vertex -18 -18 -5
      vertex 4.83162 -12.3353 -5
      vertex 4.83765 -12.3557 -5
    endloop
  endfacet
  facet normal 0 0 -1
    outer loop
      vertex -18 -18 -5
      vertex 4.83765 -12.3557 -5
      vertex 4.84403 -12.3759 -5
    endloop
  endfacet
  facet normal 0 0 -1
    outer loop
      vertex -18 -18 -5
      vertex 4.84403 -12.3759 -5
      vertex 4.85077 -12.3961 -5
    endloop
  endfacet
  facet normal 0 0 -1
    outer loop
      vertex -18 -18 -5
      vertex 4.85077 -12.3961 -5
      vertex 4.85786 -12.4161 -5
    endloop
  endfacet
  facet normal 0 0 -1
    outer loop
      vertex -18 -18 -5
      vertex 4.85786 -12.4161 -5
      vertex 4.86529 -12.436 -5
    endloop
  endfacet
  facet normal 0 0 -1
    outer loop
      vertex -18 -18 -5
      vertex 4.86529 -12.436 -5
      vertex 4.87308 -12.4557 -5
    endloop
  endfacet
  facet normal 0 0 -1
    outer loop
      vertex -18 -18 -5
      vertex 4.87308 -12.4557 -5
      vertex 4.8812 -12.4753 -5
    endloop
  endfacet
  facet normal 0 0 -1
    outer loop
      vertex -18 -18 -5
      vertex 4.8812 -12.4753 -5
      vertex 4.88967 -12.4948 -5
    endloop
  endfacet
  facet normal 0 0 -1
    outer loop
      vertex -18 -18 -5
      vertex 4.88967 -12.4948 -5
      vertex 4.89847 -12.5141 -5
    endloop
  endfacet
  facet normal 0 0 -1
    outer loop
      vertex -18 -18 -5
      vertex 4.89847 -12.5141 -5
      vertex 4.90761 -12.5333 -5
    endloop
  endfacet
  facet normal 0 0 -1
    outer loop
      vertex -18 -18 -5
      vertex 4.90761 -12.5333 -5
      vertex 4.91709 -12.5523 -5
    endloop
  endfacet
  facet normal 0 0 -1
    outer loop
      vertex -18 -18 -5
      vertex 4.91709 -12.5523 -5
      vertex 4.92689 -12.5711 -5
    endloop
  endfacet
  facet normal 0 0 -1
    outer loop
      vertex -18 -18 -5
      vertex 4.92689 -12.5711 -5
      vertex 4.93702 -12.5898 -5
    endloop
  endfacet
  facet normal 0 0 -1
    outer loop
      vertex -18 -18 -5
      vertex 4.93702 -12.5898 -5
      vertex 4.94747 -12.6083 -5
    endloop
  endfacet
  facet normal 0 0 -1
    outer loop
      vertex -18 -18 -5
      vertex 4.94747 -12.6083 -5
      vertex 4.95825 -12.6265 -5
    endloop
  endfacet
  facet normal 0 0 -1
    outer loop
      vertex -18 -18 -5
      vertex 4.95825 -12.6265 -5
      vertex 4.96934 -12.6446 -5
    endloop
  endfacet
  facet normal 0 0 -1
    outer loop
      vertex -18 -18 -5
      vertex 4.96934 -12.6446 -5
      vertex 4.98075 -12.6626 -5
    endloop
  endfacet
  facet normal 0 0 -1
    outer loop
      vertex -18 -18 -5
      vertex 4.98075 -12.6626 -5
      vertex 4.99247 -12.6803 -5
    endloop
  endfacet
  facet normal 0 0 -1
    outer loop
      vertex -18 -18 -5
      vertex 4.99247 -12.6803 -5
      vertex 5.0045 -12.6978 -5
    endloop
  endfacet
  facet normal 0 0 -1
    outer loop
      vertex -18 -18 -5
      vertex 5.0045 -12.6978 -5
      vertex 5.01683 -12.715 -5
    endloop
  endfacet
  facet normal 0 0 -1
    outer loop
      vertex -18 -18 -5
      vertex 5.01683 -12.715 -5
      vertex 5.02946 -12.7321 -5
    endloop
  endfacet
  facet normal 0 0 -1
    outer loop
      vertex -18 -18 -5
      vertex 5.02946 -12.7321 -5
      vertex 5.04238 -12.749 -5
    endloop
  endfacet
  facet normal 0 0 -1
    outer loop
      vertex 5.97977 -10.7837 -5
      vertex -4.78368 -0.0202307 -5
      vertex -4.78349 0.001 -5
    endloop
  endfacet
  facet normal 0 0 -1
    outer loop
      vertex 5.95855 -10.7842 -5
      vertex -4.78424 -0.0414547 -5
      vertex -4.78368 -0.0202307 -5
    endloop
  endfacet
  facet normal 0 0 -1
    outer loop
      vertex 5.93733 -10.7852 -5
      vertex -4.78516 -0.0626663 -5
      vertex -4.78424 -0.0414547 -5
    endloop
  endfacet
  facet normal 0 0 -1
    outer loop
      vertex 5.91614 -10.7865 -5
      vertex -4.78646 -0.0838589 -5
      vertex -4.78516 -0.0626663 -5
    endloop
  endfacet
  facet normal 0 0 -1
    outer loop
      vertex 5.89498 -10.7881 -5
      vertex -4.78812 -0.105025 -5
      vertex -4.78646 -0.0838589 -5
    endloop
  endfacet
  facet normal 0 0 -1
    outer loop
      vertex 5.87384 -10.7902 -5
      vertex -4.79016 -0.126159 -5
      vertex -4.78812 -0.105025 -5
    endloop
  endfacet
  facet normal 0 0 -1
    outer loop
      vertex 5.85275 -10.7926 -5
      vertex -4.79256 -0.147254 -5
      vertex -4.79016 -0.126159 -5
    endloop
  endfacet
  facet normal 0 0 -1
    outer loop
      vertex 5.8317 -10.7953 -5
      vertex -4.79533 -0.168305 -5
      vertex -4.79256 -0.147254 -5
    endloop
  endfacet
  facet normal 0 0 -1
    outer loop
      vertex 5.8107 -10.7985 -5
      vertex -4.79847 -0.189303 -5
      vertex -4.79533 -0.168305 -5
    endloop
  endfacet
  facet normal 0 0 -1
    outer loop
      vertex 5.78976 -10.802 -5
      vertex -4.80198 -0.210244 -5
      vertex -4.79847 -0.189303 -5
    endloop
  endfacet
  facet normal 0 0 -1
    outer loop
      vertex 5.76888 -10.8058 -5
      vertex -4.80584 -0.23112 -5
      vertex -4.80198 -0.210244 -5
    endloop
  endfacet
  facet normal 0 0 -1
    outer loop
      vertex 5.74807 -10.8101 -5
      vertex -4.81008 -0.251926 -5
      vertex -4.80584 -0.23112 -5
    endloop
  endfacet
  facet normal 0 0 -1
    outer loop
      vertex 5.72735 -10.8147 -5
      vertex -4.81467 -0.272654 -5
      vertex -4.81008 -0.251926 -5
    endloop
  endfacet
  facet normal 0 0 -1
    outer loop
      vertex 5.7067 -10.8196 -5
      vertex -4.81963 -0.293299 -5
      vertex -4.81467 -0.272654 -5
    endloop
  endfacet
  facet normal 0 0 -1
    outer loop
      vertex 5.68615 -10.8249 -5
      vertex -4.82495 -0.313855 -5
      vertex -4.81963 -0.293299 -5
    endloop
  endfacet
  facet normal 0 0 -1
    outer loop
      vertex 5.66569 -10.8306 -5
      vertex -4.83062 -0.334314 -5
      vertex -4.82495 -0.313855 -5
    endloop
  endfacet
  facet normal 0 0 -1
    outer loop
      vertex 5.64533 -10.8366 -5
      vertex -4.83665 -0.354672 -5
      vertex -4.83062 -0.334314 -5
    endloop
  endfacet
  facet normal 0 0 -1
    outer loop
      vertex -18 -18 -5
      vertex 5.04238 -12.749 -5
      vertex 5.0556 -12.7656 -5
    endloop
  endfacet
  facet normal 0 0 -1
    outer loop
      vertex 5.62508 -10.843 -5
      vertex -4.84303 -0.37492 -5
      vertex -4.83665 -0.354672 -5
    endloop
  endfacet
  facet normal 0 0 -1
    outer loop
      vertex 5.60494 -10.8498 -5
      vertex -4.84977 -0.395055 -5
      vertex -4.84303 -0.37492 -5
    endloop
  endfacet
  facet normal 0 0 -1
    outer loop
      vertex 5.58493 -10.8569 -5
      vertex -4.85686 -0.415069 -5
      vertex -4.84977 -0.395055 -5
    endloop
  endfacet
  facet normal 0 0 -1
    outer loop
      vertex 5.56504 -10.8643 -5
      vertex -4.86429 -0.434956 -5
      vertex -4.85686 -0.415069 -5
    endloop
  endfacet
  facet normal 0 0 -1
    outer loop
      vertex 5.54529 -10.8721 -5
      vertex -4.87208 -0.45471 -5
      vertex -4.86429 -0.434956 -5
    endloop
  endfacet
  facet normal 0 0 -1
    outer loop
      vertex 5.52567 -10.8802 -5
      vertex -4.8802 -0.474327 -5
      vertex -4.87208 -0.45471 -5
    endloop
  endfacet
  facet normal 0 0 -1
    outer loop
      vertex 5.5062 -10.8887 -5
      vertex -4.88867 -0.493798 -5
      vertex -4.8802 -0.474327 -5
    endloop
  endfacet
  facet normal 0 0 -1
    outer loop
      vertex 5.48688 -10.8975 -5
      vertex -4.89747 -0.513117 -5
      vertex -4.88867 -0.493798 -5
    endloop
  endfacet
  facet normal 0 0 -1
    outer loop
      vertex 5.46772 -10.9066 -5
      vertex -4.90661 -0.53228 -5
      vertex -4.89747 -0.513117 -5
    endloop
  endfacet
  facet normal 0 0 -1
    outer loop
      vertex 5.44872 -10.9161 -5
      vertex -4.91609 -0.551281 -5
      vertex -4.90661 -0.53228 -5
    endloop
  endfacet
  facet normal 0 0 -1
    outer loop
      vertex 5.42989 -10.9259 -5
      vertex -4.92589 -0.570115 -5
      vertex -4.91609 -0.551281 -5
    endloop
  endfacet
  facet normal 0 0 -1
    outer loop
      vertex 5.41123 -10.936 -5
      vertex -4.93602 -0.588773 -5
      vertex -4.92589 -0.570115 -5
    endloop
  endfacet
  facet normal 0 0 -1
    outer loop
      vertex 5.39275 -10.9465 -5
      vertex -4.94648 -0.607253 -5
      vertex -4.93602 -0.588773 -5
    endloop
  endfacet
  facet normal 0 0 -1
    outer loop
      vertex 5.37445 -10.9573 -5
      vertex -4.95725 -0.625547 -5
      vertex -4.94648 -0.607253 -5
    endloop
  endfacet
  facet normal 0 0 -1
    outer loop
      vertex -18 -18 -5
      vertex 5.0556 -12.7656 -5
      vertex 5.0691 -12.782 -5
    endloop
  endfacet
  facet normal 0 0 -1
    outer loop
      vertex 5.35635 -10.9683 -5
      vertex -4.96834 -0.64365 -5
      vertex -4.95725 -0.625547 -5
    endloop
  endfacet
  facet normal 0 0 -1
    outer loop
      vertex 5.33844 -10.9798 -5
      vertex -4.97975 -0.661557 -5
      vertex -4.96834 -0.64365 -5
    endloop
  endfacet
  facet normal 0 0 -1
    outer loop
      vertex 5.32074 -10.9915 -5
      vertex -4.99147 -0.679262 -5
      vertex -4.97975 -0.661557 -5
    endloop
  endfacet
  facet normal 0 0 -1
    outer loop
      vertex 5.30324 -11.0035 -5
      vertex -5.0035 -0.696759 -5
      vertex -4.99147 -0.679262 -5
    endloop
  endfacet
  facet normal 0 0 -1
    outer loop
      vertex 5.28596 -11.0158 -5
      vertex -5.01583 -0.714044 -5
      vertex -5.0035 -0.696759 -5
    endloop
  endfacet
  facet normal 0 0 -1
    outer loop
      vertex 5.26889 -11.0285 -5
      vertex -5.02846 -0.731111 -5
      vertex -5.01583 -0.714044 -5
    endloop
  endfacet
  facet normal 0 0 -1
    outer loop
      vertex 5.25204 -11.0414 -5
      vertex -5.04138 -0.747956 -5
      vertex -5.02846 -0.731111 -5
    endloop
  endfacet
  facet normal 0 0 -1
    outer loop
      vertex 5.23543 -11.0546 -5
      vertex -5.0546 -0.764572 -5
      vertex -5.04138 -0.747956 -5
    endloop
  endfacet
  facet normal 0 0 -1
    outer loop
      vertex 5.21905 -11.0681 -5
      vertex -5.0681 -0.780955 -5
      vertex -5.0546 -0.764572 -5
    endloop
  endfacet
  facet normal 0 0 -1
    outer loop
      vertex 5.2029 -11.0819 -5
      vertex -5.08189 -0.7971 -5
      vertex -5.0681 -0.780955 -5
    endloop
  endfacet
  facet normal 0 0 -1
    outer loop
      vertex 5.187 -11.096 -5
      vertex -5.09596 -0.813001 -5
      vertex -5.08189 -0.7971 -5
    endloop
  endfacet
  facet normal 0 0 -1
    outer loop
      vertex 5.17135 -11.1103 -5
      vertex -5.1103 -0.828655 -5
      vertex -5.09596 -0.813001 -5
    endloop
  endfacet
  facet normal 0 0 -1
    outer loop
      vertex 5.15594 -11.1249 -5
      vertex -5.12492 -0.844056 -5
      vertex -5.1103 -0.828655 -5
    endloop
  endfacet
  facet normal 0 0 -1
    outer loop
      vertex 5.1408 -11.1398 -5
      vertex -5.1398 -0.859199 -5
      vertex -5.12492 -0.844056 -5
    endloop
  endfacet
  facet normal 0 0 -1
    outer loop
      vertex -18 -18 -5
      vertex 5.0691 -12.782 -5
      vertex 5.08289 -12.7981 -5
    endloop
  endfacet
  facet normal 0 0 -1
    outer loop
      vertex 5.12592 -11.1549 -5
      vertex -5.15494 -0.874081 -5
      vertex -5.1398 -0.859199 -5
    endloop
  endfacet
  facet normal 0 0 -1
    outer loop
      vertex 5.1113 -11.1703 -5
      vertex -5.17035 -0.888696 -5
      vertex -5.15494 -0.874081 -5
    endloop
  endfacet
  facet normal 0 0 -1
    outer loop
      vertex 5.09696 -11.186 -5
      vertex -5.186 -0.90304 -5
      vertex -5.17035 -0.888696 -5
    endloop
  endfacet
  facet normal 0 0 -1
    outer loop
      vertex 5.08289 -11.2019 -5
      vertex -5.2019 -0.917109 -5
      vertex -5.186 -0.90304 -5
    endloop
  endfacet
  facet normal 0 0 -1
    outer loop
      vertex 5.0691 -11.218 -5
      vertex -5.21805 -0.930897 -5
      vertex -5.2019 -0.917109 -5
    endloop
  endfacet
  facet normal 0 0 -1
    outer loop
      vertex 5.0556 -11.2344 -5
      vertex -5.23443 -0.944402 -5
      vertex -5.21805 -0.930897 -5
    endloop
  endfacet
  facet normal 0 0 -1
    outer loop
      vertex 5.04238 -11.251 -5
      vertex -5.25104 -0.95762 -5
      vertex -5.23443 -0.944402 -5
    endloop
  endfacet
  facet normal 0 0 -1
    outer loop
      vertex 5.02946 -11.2679 -5
      vertex -5.26789 -0.970544 -5
      vertex -5.25104 -0.95762 -5
    endloop
  endfacet
  facet normal 0 0 -1
    outer loop
      vertex 5.01683 -11.285 -5
      vertex -5.28496 -0.983174 -5
      vertex -5.26789 -0.970544 -5
    endloop
  endfacet
  facet normal 0 0 -1
    outer loop
      vertex 5.0045 -11.3022 -5
      vertex -5.30224 -0.995503 -5
      vertex -5.28496 -0.983174 -5
    endloop
  endfacet
  facet normal 0 0 -1
    outer loop
      vertex 4.99247 -11.3197 -5
      vertex -5.31974 -1.00753 -5
      vertex -5.30224 -0.995503 -5
    endloop
  endfacet
  facet normal 0 0 -1
    outer loop
      vertex 4.98075 -11.3374 -5
      vertex -5.33744 -1.01925 -5
      vertex -5.31974 -1.00753 -5
    endloop
  endfacet
  facet normal 0 0 -1
    outer loop
      vertex 4.96934 -11.3554 -5
      vertex -5.35535 -1.03066 -5
      vertex -5.33744 -1.01925 -5
    endloop
  endfacet
  facet normal 0 0 -1
    outer loop
      vertex -18 -18 -5
      vertex 5.08289 -12.7981 -5
      vertex 5.09696 -12.814 -5
    endloop
  endfacet
  facet normal 0 0 -1
    outer loop
      vertex 4.95825 -11.3735 -5
      vertex -5.37345 -1.04175 -5
      vertex -5.35535 -1.03066 -5
    endloop
  endfacet
  facet normal 0 0 -1
    outer loop
      vertex 4.94747 -11.3917 -5
      vertex -5.39175 -1.05252 -5
      vertex -5.37345 -1.04175 -5
    endloop
  endfacet
  facet normal 0 0 -1
    outer loop
      vertex 4.93702 -11.4102 -5
      vertex -5.41023 -1.06298 -5
      vertex -5.39175 -1.05252 -5
    endloop
  endfacet
  facet normal 0 0 -1
    outer loop
      vertex 4.92689 -11.4289 -5
      vertex -5.42889 -1.07311 -5
      vertex -5.41023 -1.06298 -5
    endloop
  endfacet
  facet normal 0 0 -1
    outer loop
      vertex 4.91709 -11.4477 -5
      vertex -5.44772 -1.08291 -5
      vertex -5.42889 -1.07311 -5
    endloop
  endfacet
  facet normal 0 0 -1
    outer loop
      vertex 4.90761 -11.4667 -5
      vertex -5.46672 -1.09239 -5
      vertex -5.44772 -1.08291 -5
    endloop
  endfacet
  facet normal 0 0 -1
    outer loop
      vertex 4.89847 -11.4859 -5
      vertex -5.48588 -1.10153 -5
      vertex -5.46672 -1.09239 -5
    endloop
  endfacet
  facet normal 0 0 -1
    outer loop
      vertex 4.88967 -11.5052 -5
      vertex -5.5052 -1.11033 -5
      vertex -5.48588 -1.10153 -5
    endloop
  endfacet
  facet normal 0 0 -1
    outer loop
      vertex 4.8812 -11.5247 -5
      vertex -5.52467 -1.1188 -5
      vertex -5.5052 -1.11033 -5
    endloop
  endfacet
  facet normal 0 0 -1
    outer loop
      vertex 4.87308 -11.5443 -5
      vertex -5.54429 -1.12692 -5
      vertex -5.52467 -1.1188 -5
    endloop
  endfacet
  facet normal 0 0 -1
    outer loop
      vertex 4.86529 -11.564 -5
      vertex -5.56404 -1.13471 -5
      vertex -5.54429 -1.12692 -5
    endloop
  endfacet
  facet normal 0 0 -1
    outer loop
      vertex 4.85786 -11.5839 -5
      vertex -5.58393 -1.14214 -5
      vertex -5.56404 -1.13471 -5
    endloop
  endfacet
  facet normal 0 0 -1
    outer loop
      vertex 4.85077 -11.6039 -5
      vertex -5.60394 -1.14923 -5
      vertex -5.58393 -1.14214 -5
    endloop
  endfacet
  facet normal 0 0 -1
    outer loop
      vertex -18 -18 -5
      vertex 5.09696 -12.814 -5
      vertex 5.1113 -12.8297 -5
    endloop
  endfacet
  facet normal 0 0 -1
    outer loop
      vertex 4.84403 -11.6241 -5
      vertex -5.62408 -1.15597 -5
      vertex -5.60394 -1.14923 -5
    endloop
  endfacet
  facet normal 0 0 -1
    outer loop
      vertex 4.83765 -11.6443 -5
      vertex -5.64433 -1.16235 -5
      vertex -5.62408 -1.15597 -5
    endloop
  endfacet
  facet normal 0 0 -1
    outer loop
      vertex 4.83162 -11.6647 -5
      vertex -5.66469 -1.16838 -5
      vertex -5.64433 -1.16235 -5
    endloop
  endfacet
  facet normal 0 0 -1
    outer loop
      vertex 4.82595 -11.6851 -5
      vertex -5.68515 -1.17405 -5
      vertex -5.66469 -1.16838 -5
    endloop
  endfacet
  facet normal 0 0 -1
    outer loop
      vertex 4.82063 -11.7057 -5
      vertex -5.7057 -1.17937 -5
      vertex -5.68515 -1.17405 -5
    endloop
  endfacet
  facet normal 0 0 -1
    outer loop
      vertex 4.81567 -11.7263 -5
      vertex -5.72635 -1.18433 -5
      vertex -5.7057 -1.17937 -5
    endloop
  endfacet
  facet normal 0 0 -1
    outer loop
      vertex 4.81108 -11.7471 -5
      vertex -5.74707 -1.18892 -5
      vertex -5.72635 -1.18433 -5
    endloop
  endfacet
  facet normal 0 0 -1
    outer loop
      vertex 4.80684 -11.7679 -5
      vertex -5.76788 -1.19316 -5
      vertex -5.74707 -1.18892 -5
    endloop
  endfacet
  facet normal 0 0 -1
    outer loop
      vertex 4.80298 -11.7888 -5
      vertex -5.78876 -1.19702 -5
      vertex -5.76788 -1.19316 -5
    endloop
  endfacet
  facet normal 0 0 -1
    outer loop
      vertex 4.79947 -11.8097 -5
      vertex -5.8097 -1.20053 -5
      vertex -5.78876 -1.19702 -5
    endloop
  endfacet
  facet normal 0 0 -1
    outer loop
      vertex 4.79633 -11.8307 -5
      vertex -5.8307 -1.20367 -5
      vertex -5.8097 -1.20053 -5
    endloop
  endfacet
  facet normal 0 0 -1
    outer loop
      vertex 4.79356 -11.8517 -5
      vertex -5.85175 -1.20644 -5
      vertex -5.8307 -1.20367 -5
    endloop
  endfacet
  facet normal 0 0 -1
    outer loop
      vertex 4.79116 -11.8728 -5
      vertex -5.87284 -1.20884 -5
      vertex -5.85175 -1.20644 -5
    endloop
  endfacet
  facet normal 0 0 -1
    outer loop
      vertex 4.78912 -11.894 -5
      vertex -5.89398 -1.21088 -5
      vertex -5.87284 -1.20884 -5
    endloop
  endfacet
  facet normal 0 0 -1
    outer loop
      vertex 4.78746 -11.9151 -5
      vertex -5.91514 -1.21254 -5
      vertex -5.89398 -1.21088 -5
    endloop
  endfacet
  facet normal 0 0 -1
    outer loop
      vertex -18 -18 -5
      vertex 5.1113 -12.8297 -5
      vertex 5.12592 -12.8451 -5
    endloop
  endfacet
  facet normal 0 0 -1
    outer loop
      vertex 4.78616 -11.9363 -5
      vertex -5.93633 -1.21384 -5
      vertex -5.91514 -1.21254 -5
    endloop
  endfacet
  facet normal 0 0 -1
    outer loop
      vertex 4.78523 -11.9575 -5
      vertex -5.95755 -1.21476 -5
      vertex -5.93633 -1.21384 -5
    endloop
  endfacet
  facet normal 0 0 -1
    outer loop
      vertex 4.78468 -11.9788 -5
      vertex -5.97877 -1.21532 -5
      vertex -5.95755 -1.21476 -5
    endloop
  endfacet
  facet normal 0 0 -1
    outer loop
      vertex 4.78449 -12 -5
      vertex -6 -1.21551 -5
      vertex -5.97877 -1.21532 -5
    endloop
  endfacet
  facet normal 0 0 -1
    outer loop
      vertex 4.78468 -12.0212 -5
      vertex -6.02123 -1.21532 -5
      vertex -6 -1.21551 -5
    endloop
  endfacet
  facet normal 0 0 -1
    outer loop
      vertex 4.78523 -12.0425 -5
      vertex -6.04245 -1.21476 -5
      vertex -6.02123 -1.21532 -5
    endloop
  endfacet
  facet normal 0 0 -1
    outer loop
      vertex 4.78616 -12.0637 -5
      vertex -6.06367 -1.21384 -5
      vertex -6.04245 -1.21476 -5
    endloop
  endfacet
  facet normal 0 0 -1
    outer loop
      vertex 4.78746 -12.0849 -5
      vertex -6.08486 -1.21254 -5
      vertex -6.06367 -1.21384 -5
    endloop
  endfacet
  facet normal 0 0 -1
    outer loop
      vertex 4.78912 -12.106 -5
      vertex -6.10602 -1.21088 -5
      vertex -6.08486 -1.21254 -5
    endloop
  endfacet
  facet normal -0 0 -1
    outer loop
      vertex 4.78912 -12.106 -5
      vertex -18 -18 -5
      vertex -6.10602 -1.21088 -5
    endloop
  endfacet
  facet normal -0 0 -1
    outer loop
      vertex -6.10602 -1.21088 -5
      vertex -18 -18 -5
      vertex -6.12716 -1.20884 -5
    endloop
  endfacet
  facet normal -0 0 -1
    outer loop
      vertex -6.12716 -1.20884 -5
      vertex -18 -18 -5
      vertex -6.14825 -1.20644 -5
    endloop
  endfacet
  facet normal -0 0 -1
    outer loop
      vertex -6.14825 -1.20644 -5
      vertex -18 -18 -5
      vertex -6.1693 -1.20367 -5
    endloop
  endfacet
  facet normal -0 0 -1
    outer loop
      vertex -6.1693 -1.20367 -5
      vertex -18 -18 -5
      vertex -6.1903 -1.20053 -5
    endloop
  endfacet
  facet normal -0 0 -1
    outer loop
      vertex -6.1903 -1.20053 -5
      vertex -18 -18 -5
      vertex -6.21124 -1.19702 -5
    endloop
  endfacet
  facet normal -0 0 -1
    outer loop
      vertex -6.21124 -1.19702 -5
      vertex -18 -18 -5
      vertex -6.23212 -1.19316 -5
    endloop
  endfacet
  facet normal -0 0 -1
    outer loop
      vertex -6.23212 -1.19316 -5
      vertex -18 -18 -5
      vertex -6.25293 -1.18892 -5
    endloop
  endfacet
  facet normal -0 0 -1
    outer loop
      vertex -6.25293 -1.18892 -5
      vertex -18 -18 -5
      vertex -6.27365 -1.18433 -5
    endloop
  endfacet
  facet normal -0 0 -1
    outer loop
      vertex -6.27365 -1.18433 -5
      vertex -18 -18 -5
      vertex -6.2943 -1.17937 -5
    endloop
  endfacet
  facet normal -0 0 -1
    outer loop
      vertex -6.2943 -1.17937 -5
      vertex -18 -18 -5
      vertex -6.31485 -1.17405 -5
    endloop
  endfacet
  facet normal -0 0 -1
    outer loop
      vertex -6.31485 -1.17405 -5
      vertex -18 -18 -5
      vertex -6.33531 -1.16838 -5
    endloop
  endfacet
  facet normal 0 0 -1
    outer loop
      vertex -18 -18 -5
      vertex 5.12592 -12.8451 -5
      vertex 5.1408 -12.8602 -5
    endloop
  endfacet
  facet normal -0 0 -1
    outer loop
      vertex -6.33531 -1.16838 -5
      vertex -18 -18 -5
      vertex -6.35567 -1.16235 -5
    endloop
  endfacet
  facet normal -0 0 -1
    outer loop
      vertex -6.35567 -1.16235 -5
      vertex -18 -18 -5
      vertex -6.37592 -1.15597 -5
    endloop
  endfacet
  facet normal -0 0 -1
    outer loop
      vertex -6.37592 -1.15597 -5
      vertex -18 -18 -5
      vertex -6.39606 -1.14923 -5
    endloop
  endfacet
  facet normal -0 0 -1
    outer loop
      vertex -6.39606 -1.14923 -5
      vertex -18 -18 -5
      vertex -6.41607 -1.14214 -5
    endloop
  endfacet
  facet normal -0 0 -1
    outer loop
      vertex -6.41607 -1.14214 -5
      vertex -18 -18 -5
      vertex -6.43596 -1.13471 -5
    endloop
  endfacet
  facet normal -0 0 -1
    outer loop
      vertex -6.43596 -1.13471 -5
      vertex -18 -18 -5
      vertex -6.45571 -1.12692 -5
    endloop
  endfacet
  facet normal -0 0 -1
    outer loop
      vertex -6.45571 -1.12692 -5
      vertex -18 -18 -5
      vertex -6.47533 -1.1188 -5
    endloop
  endfacet
  facet normal -0 0 -1
    outer loop
      vertex -6.47533 -1.1188 -5
      vertex -18 -18 -5
      vertex -6.4948 -1.11033 -5
    endloop
  endfacet
  facet normal -0 0 -1
    outer loop
      vertex -6.4948 -1.11033 -5
      vertex -18 -18 -5
      vertex -6.51412 -1.10153 -5
    endloop
  endfacet
  facet normal -0 0 -1
    outer loop
      vertex -6.51412 -1.10153 -5
      vertex -18 -18 -5
      vertex -6.53328 -1.09239 -5
    endloop
  endfacet
  facet normal -0 0 -1
    outer loop
      vertex -6.53328 -1.09239 -5
      vertex -18 -18 -5
      vertex -6.55228 -1.08291 -5
    endloop
  endfacet
  facet normal -0 0 -1
    outer loop
      vertex -6.55228 -1.08291 -5
      vertex -18 -18 -5
      vertex -6.57111 -1.07311 -5
    endloop
  endfacet
  facet normal -0 0 -1
    outer loop
      vertex -6.57111 -1.07311 -5
      vertex -18 -18 -5
      vertex -6.58977 -1.06298 -5
    endloop
  endfacet
  facet normal -0 0 -1
    outer loop
      vertex -6.58977 -1.06298 -5
      vertex -18 -18 -5
      vertex -6.60825 -1.05252 -5
    endloop
  endfacet
  facet normal -0 0 -1
    outer loop
      vertex -6.60825 -1.05252 -5
      vertex -18 -18 -5
      vertex -6.62655 -1.04175 -5
    endloop
  endfacet
  facet normal -0 0 -1
    outer loop
      vertex -6.62655 -1.04175 -5
      vertex -18 -18 -5
      vertex -6.64465 -1.03066 -5
    endloop
  endfacet
  facet normal -0 0 -1
    outer loop
      vertex -6.64465 -1.03066 -5
      vertex -18 -18 -5
      vertex -6.66256 -1.01925 -5
    endloop
  endfacet
  facet normal -0 0 -1
    outer loop
      vertex -6.66256 -1.01925 -5
      vertex -18 -18 -5
      vertex -6.68026 -1.00753 -5
    endloop
  endfacet
  facet normal -0 0 -1
    outer loop
      vertex -6.68026 -1.00753 -5
      vertex -18 -18 -5
      vertex -6.69776 -0.995503 -5
    endloop
  endfacet
  facet normal -0 0 -1
    outer loop
      vertex -6.69776 -0.995503 -5
      vertex -18 -18 -5
      vertex -6.71504 -0.983174 -5
    endloop
  endfacet
  facet normal -0 0 -1
    outer loop
      vertex -6.71504 -0.983174 -5
      vertex -18 -18 -5
      vertex -6.73211 -0.970544 -5
    endloop
  endfacet
  facet normal -0 0 -1
    outer loop
      vertex -6.73211 -0.970544 -5
      vertex -18 -18 -5
      vertex -6.74896 -0.95762 -5
    endloop
  endfacet
  facet normal -0 0 -1
    outer loop
      vertex -6.74896 -0.95762 -5
      vertex -18 -18 -5
      vertex -6.76557 -0.944402 -5
    endloop
  endfacet
  facet normal -0 0 -1
    outer loop
      vertex -6.76557 -0.944402 -5
      vertex -18 -18 -5
      vertex -6.78195 -0.930897 -5
    endloop
  endfacet
  facet normal -0 0 -1
    outer loop
      vertex -6.78195 -0.930897 -5
      vertex -18 -18 -5
      vertex -6.7981 -0.917109 -5
    endloop
  endfacet
  facet normal -0 0 -1
    outer loop
      vertex -6.7981 -0.917109 -5
      vertex -18 -18 -5
      vertex -6.814 -0.90304 -5
    endloop
  endfacet
  facet normal -0 0 -1
    outer loop
      vertex -6.814 -0.90304 -5
      vertex -18 -18 -5
      vertex -6.82965 -0.888696 -5
    endloop
  endfacet
  facet normal -0 0 -1
    outer loop
      vertex -6.82965 -0.888696 -5
      vertex -18 -18 -5
      vertex -6.84506 -0.874081 -5
    endloop
  endfacet
  facet normal 0 0 -1
    outer loop
      vertex -18 18 -5
      vertex -7.21651 0.001 -5
      vertex -18 -18 -5
    endloop
  endfacet
  facet normal -0 0 -1
    outer loop
      vertex -7.21632 -0.0202307 -5
      vertex -18 -18 -5
      vertex -7.21651 0.001 -5
    endloop
  endfacet
  facet normal -0 0 -1
    outer loop
      vertex -7.21576 -0.0414547 -5
      vertex -18 -18 -5
      vertex -7.21632 -0.0202307 -5
    endloop
  endfacet
  facet normal -0 0 -1
    outer loop
      vertex -7.21484 -0.0626663 -5
      vertex -18 -18 -5
      vertex -7.21576 -0.0414547 -5
    endloop
  endfacet
  facet normal -0 0 -1
    outer loop
      vertex -7.21354 -0.0838589 -5
      vertex -18 -18 -5
      vertex -7.21484 -0.0626663 -5
    endloop
  endfacet
  facet normal -0 0 -1
    outer loop
      vertex -7.21188 -0.105025 -5
      vertex -18 -18 -5
      vertex -7.21354 -0.0838589 -5
    endloop
  endfacet
  facet normal -0 0 -1
    outer loop
      vertex -7.20984 -0.126159 -5
      vertex -18 -18 -5
      vertex -7.21188 -0.105025 -5
    endloop
  endfacet
  facet normal -0 0 -1
    outer loop
      vertex -7.20744 -0.147254 -5
      vertex -18 -18 -5
      vertex -7.20984 -0.126159 -5
    endloop
  endfacet
  facet normal -0 0 -1
    outer loop
      vertex -7.20467 -0.168305 -5
      vertex -18 -18 -5
      vertex -7.20744 -0.147254 -5
    endloop
  endfacet
  facet normal -0 0 -1
    outer loop
      vertex -7.20153 -0.189303 -5
      vertex -18 -18 -5
      vertex -7.20467 -0.168305 -5
    endloop
  endfacet
  facet normal -0 0 -1
    outer loop
      vertex -7.19802 -0.210244 -5
      vertex -18 -18 -5
      vertex -7.20153 -0.189303 -5
    endloop
  endfacet
  facet normal -0 0 -1
    outer loop
      vertex -7.19416 -0.23112 -5
      vertex -18 -18 -5
      vertex -7.19802 -0.210244 -5
    endloop
  endfacet
  facet normal -0 0 -1
    outer loop
      vertex -7.18992 -0.251926 -5
      vertex -18 -18 -5
      vertex -7.19416 -0.23112 -5
    endloop
  endfacet
  facet normal -0 0 -1
    outer loop
      vertex -7.18533 -0.272654 -5
      vertex -18 -18 -5
      vertex -7.18992 -0.251926 -5
    endloop
  endfacet
  facet normal -0 0 -1
    outer loop
      vertex -7.18037 -0.293299 -5
      vertex -18 -18 -5
      vertex -7.18533 -0.272654 -5
    endloop
  endfacet
  facet normal -0 0 -1
    outer loop
      vertex -7.17505 -0.313855 -5
      vertex -18 -18 -5
      vertex -7.18037 -0.293299 -5
    endloop
  endfacet
  facet normal -0 0 -1
    outer loop
      vertex -7.16938 -0.334314 -5
      vertex -18 -18 -5
      vertex -7.17505 -0.313855 -5
    endloop
  endfacet
  facet normal -0 0 -1
    outer loop
      vertex -7.16335 -0.354672 -5
      vertex -18 -18 -5
      vertex -7.16938 -0.334314 -5
    endloop
  endfacet
  facet normal -0 0 -1
    outer loop
      vertex -7.15697 -0.37492 -5
      vertex -18 -18 -5
      vertex -7.16335 -0.354672 -5
    endloop
  endfacet
  facet normal -0 0 -1
    outer loop
      vertex -7.15023 -0.395055 -5
      vertex -18 -18 -5
      vertex -7.15697 -0.37492 -5
    endloop
  endfacet
  facet normal -0 0 -1
    outer loop
      vertex -7.14314 -0.415069 -5
      vertex -18 -18 -5
      vertex -7.15023 -0.395055 -5
    endloop
  endfacet
  facet normal -0 0 -1
    outer loop
      vertex -7.13571 -0.434956 -5
      vertex -18 -18 -5
      vertex -7.14314 -0.415069 -5
    endloop
  endfacet
  facet normal -0 0 -1
    outer loop
      vertex -7.12792 -0.45471 -5
      vertex -18 -18 -5
      vertex -7.13571 -0.434956 -5
    endloop
  endfacet
  facet normal -0 0 -1
    outer loop
      vertex -7.1198 -0.474327 -5
      vertex -18 -18 -5
      vertex -7.12792 -0.45471 -5
    endloop
  endfacet
  facet normal -0 0 -1
    outer loop
      vertex -7.11133 -0.493798 -5
      vertex -18 -18 -5
      vertex -7.1198 -0.474327 -5
    endloop
  endfacet
  facet normal -0 0 -1
    outer loop
      vertex -7.10253 -0.513117 -5
      vertex -18 -18 -5
      vertex -7.11133 -0.493798 -5
    endloop
  endfacet
  facet normal -0 0 -1
    outer loop
      vertex -7.09339 -0.53228 -5
      vertex -18 -18 -5
      vertex -7.10253 -0.513117 -5
    endloop
  endfacet
  facet normal -0 0 -1
    outer loop
      vertex -7.08391 -0.551281 -5
      vertex -18 -18 -5
      vertex -7.09339 -0.53228 -5
    endloop
  endfacet
  facet normal -0 0 -1
    outer loop
      vertex -7.07411 -0.570115 -5
      vertex -18 -18 -5
      vertex -7.08391 -0.551281 -5
    endloop
  endfacet
  facet normal -0 0 -1
    outer loop
      vertex -7.06398 -0.588773 -5
      vertex -18 -18 -5
      vertex -7.07411 -0.570115 -5
    endloop
  endfacet
  facet normal -0 0 -1
    outer loop
      vertex -7.05352 -0.607253 -5
      vertex -18 -18 -5
      vertex -7.06398 -0.588773 -5
    endloop
  endfacet
  facet normal -0 0 -1
    outer loop
      vertex -7.04275 -0.625547 -5
      vertex -18 -18 -5
      vertex -7.05352 -0.607253 -5
    endloop
  endfacet
  facet normal -0 0 -1
    outer loop
      vertex -7.03166 -0.64365 -5
      vertex -18 -18 -5
      vertex -7.04275 -0.625547 -5
    endloop
  endfacet
  facet normal -0 0 -1
    outer loop
      vertex -7.02025 -0.661557 -5
      vertex -18 -18 -5
      vertex -7.03166 -0.64365 -5
    endloop
  endfacet
  facet normal -0 0 -1
    outer loop
      vertex -7.00853 -0.679262 -5
      vertex -18 -18 -5
      vertex -7.02025 -0.661557 -5
    endloop
  endfacet
  facet normal -0 0 -1
    outer loop
      vertex -6.9965 -0.696759 -5
      vertex -18 -18 -5
      vertex -7.00853 -0.679262 -5
    endloop
  endfacet
  facet normal -0 0 -1
    outer loop
      vertex -6.98417 -0.714044 -5
      vertex -18 -18 -5
      vertex -6.9965 -0.696759 -5
    endloop
  endfacet
  facet normal -0 0 -1
    outer loop
      vertex -6.97154 -0.731111 -5
      vertex -18 -18 -5
      vertex -6.98417 -0.714044 -5
    endloop
  endfacet
  facet normal -0 0 -1
    outer loop
      vertex -6.95862 -0.747956 -5
      vertex -18 -18 -5
      vertex -6.97154 -0.731111 -5
    endloop
  endfacet
  facet normal -0 0 -1
    outer loop
      vertex -6.9454 -0.764572 -5
      vertex -18 -18 -5
      vertex -6.95862 -0.747956 -5
    endloop
  endfacet
  facet normal -0 0 -1
    outer loop
      vertex -6.9319 -0.780955 -5
      vertex -18 -18 -5
      vertex -6.9454 -0.764572 -5
    endloop
  endfacet
  facet normal -0 0 -1
    outer loop
      vertex -6.91811 -0.7971 -5
      vertex -18 -18 -5
      vertex -6.9319 -0.780955 -5
    endloop
  endfacet
  facet normal -0 0 -1
    outer loop
      vertex -6.90404 -0.813001 -5
      vertex -18 -18 -5
      vertex -6.91811 -0.7971 -5
    endloop
  endfacet
  facet normal -0 0 -1
    outer loop
      vertex -6.8897 -0.828655 -5
      vertex -18 -18 -5
      vertex -6.90404 -0.813001 -5
    endloop
  endfacet
  facet normal -0 0 -1
    outer loop
      vertex -6.87508 -0.844056 -5
      vertex -18 -18 -5
      vertex -6.8897 -0.828655 -5
    endloop
  endfacet
  facet normal -0 0 -1
    outer loop
      vertex -6.8602 -0.859199 -5
      vertex -18 -18 -5
      vertex -6.87508 -0.844056 -5
    endloop
  endfacet
  facet normal -0 0 -1
    outer loop
      vertex -6.84506 -0.874081 -5
      vertex -18 -18 -5
      vertex -6.8602 -0.859199 -5
    endloop
  endfacet
  facet normal -0 0 -1
    outer loop
      vertex 5.15594 -12.8751 -5
      vertex -18 -18 -5
      vertex 5.1408 -12.8602 -5
    endloop
  endfacet
  facet normal -0 0 -1
    outer loop
      vertex 5.17135 -12.8897 -5
      vertex -18 -18 -5
      vertex 5.15594 -12.8751 -5
    endloop
  endfacet
  facet normal -0 0 -1
    outer loop
      vertex 5.187 -12.904 -5
      vertex -18 -18 -5
      vertex 5.17135 -12.8897 -5
    endloop
  endfacet
  facet normal -0 0 -1
    outer loop
      vertex 5.2029 -12.9181 -5
      vertex -18 -18 -5
      vertex 5.187 -12.904 -5
    endloop
  endfacet
  facet normal -0 0 -1
    outer loop
      vertex 5.21905 -12.9319 -5
      vertex -18 -18 -5
      vertex 5.2029 -12.9181 -5
    endloop
  endfacet
  facet normal -0 0 -1
    outer loop
      vertex 5.23543 -12.9454 -5
      vertex -18 -18 -5
      vertex 5.21905 -12.9319 -5
    endloop
  endfacet
  facet normal -0 0 -1
    outer loop
      vertex 5.25204 -12.9586 -5
      vertex -18 -18 -5
      vertex 5.23543 -12.9454 -5
    endloop
  endfacet
  facet normal -0 0 -1
    outer loop
      vertex 5.26889 -12.9715 -5
      vertex -18 -18 -5
      vertex 5.25204 -12.9586 -5
    endloop
  endfacet
  facet normal -0 0 -1
    outer loop
      vertex 5.28596 -12.9842 -5
      vertex -18 -18 -5
      vertex 5.26889 -12.9715 -5
    endloop
  endfacet
  facet normal -0 0 -1
    outer loop
      vertex 5.30324 -12.9965 -5
      vertex -18 -18 -5
      vertex 5.28596 -12.9842 -5
    endloop
  endfacet
  facet normal -0 0 -1
    outer loop
      vertex 5.32074 -13.0085 -5
      vertex -18 -18 -5
      vertex 5.30324 -12.9965 -5
    endloop
  endfacet
  facet normal -0 0 -1
    outer loop
      vertex 5.33844 -13.0202 -5
      vertex -18 -18 -5
      vertex 5.32074 -13.0085 -5
    endloop
  endfacet
  facet normal -0 0 -1
    outer loop
      vertex 5.35635 -13.0317 -5
      vertex -18 -18 -5
      vertex 5.33844 -13.0202 -5
    endloop
  endfacet
  facet normal -0 0 -1
    outer loop
      vertex 5.37445 -13.0427 -5
      vertex -18 -18 -5
      vertex 5.35635 -13.0317 -5
    endloop
  endfacet
  facet normal -0 0 -1
    outer loop
      vertex 5.39275 -13.0535 -5
      vertex -18 -18 -5
      vertex 5.37445 -13.0427 -5
    endloop
  endfacet
  facet normal -0 0 -1
    outer loop
      vertex 5.41123 -13.064 -5
      vertex -18 -18 -5
      vertex 5.39275 -13.0535 -5
    endloop
  endfacet
  facet normal -0 0 -1
    outer loop
      vertex 5.42989 -13.0741 -5
      vertex -18 -18 -5
      vertex 5.41123 -13.064 -5
    endloop
  endfacet
  facet normal -0 0 -1
    outer loop
      vertex 5.44872 -13.0839 -5
      vertex -18 -18 -5
      vertex 5.42989 -13.0741 -5
    endloop
  endfacet
  facet normal -0 0 -1
    outer loop
      vertex 5.46772 -13.0934 -5
      vertex -18 -18 -5
      vertex 5.44872 -13.0839 -5
    endloop
  endfacet
  facet normal -0 0 -1
    outer loop
      vertex 5.48688 -13.1025 -5
      vertex -18 -18 -5
      vertex 5.46772 -13.0934 -5
    endloop
  endfacet
  facet normal -0 0 -1
    outer loop
      vertex 5.5062 -13.1113 -5
      vertex -18 -18 -5
      vertex 5.48688 -13.1025 -5
    endloop
  endfacet
  facet normal -0 0 -1
    outer loop
      vertex 5.52567 -13.1198 -5
      vertex -18 -18 -5
      vertex 5.5062 -13.1113 -5
    endloop
  endfacet
  facet normal -0 0 -1
    outer loop
      vertex 5.54529 -13.1279 -5
      vertex -18 -18 -5
      vertex 5.52567 -13.1198 -5
    endloop
  endfacet
  facet normal -0 0 -1
    outer loop
      vertex 5.56504 -13.1357 -5
      vertex -18 -18 -5
      vertex 5.54529 -13.1279 -5
    endloop
  endfacet
  facet normal -0 0 -1
    outer loop
      vertex 5.58493 -13.1431 -5
      vertex -18 -18 -5
      vertex 5.56504 -13.1357 -5
    endloop
  endfacet
  facet normal 0 0 -1
    outer loop
      vertex 7.21676 -11.9575 -5
      vertex 18 -18 -5
      vertex 7.21732 -11.9788 -5
    endloop
  endfacet
  facet normal 0 0 -1
    outer loop
      vertex 7.21732 12.0232 -5
      vertex 18 18 -5
      vertex 7.21751 12.002 -5
    endloop
  endfacet
  facet normal 0 0 -1
    outer loop
      vertex 7.21676 12.0445 -5
      vertex 18 18 -5
      vertex 7.21732 12.0232 -5
    endloop
  endfacet
  facet normal 0 0 -1
    outer loop
      vertex 7.21584 12.0657 -5
      vertex 18 18 -5
      vertex 7.21676 12.0445 -5
    endloop
  endfacet
  facet normal 0 0 -1
    outer loop
      vertex 7.21454 12.0869 -5
      vertex 18 18 -5
      vertex 7.21584 12.0657 -5
    endloop
  endfacet
  facet normal 0 0 -1
    outer loop
      vertex 7.21288 12.108 -5
      vertex 18 18 -5
      vertex 7.21454 12.0869 -5
    endloop
  endfacet
  facet normal 0 0 -1
    outer loop
      vertex 7.21084 12.1292 -5
      vertex 18 18 -5
      vertex 7.21288 12.108 -5
    endloop
  endfacet
  facet normal 0 0 -1
    outer loop
      vertex 7.20844 12.1503 -5
      vertex 18 18 -5
      vertex 7.21084 12.1292 -5
    endloop
  endfacet
  facet normal 0 0 -1
    outer loop
      vertex 7.20567 12.1713 -5
      vertex 18 18 -5
      vertex 7.20844 12.1503 -5
    endloop
  endfacet
  facet normal 0 0 -1
    outer loop
      vertex 7.20253 12.1923 -5
      vertex 18 18 -5
      vertex 7.20567 12.1713 -5
    endloop
  endfacet
  facet normal 0 0 -1
    outer loop
      vertex 7.19902 12.2132 -5
      vertex 18 18 -5
      vertex 7.20253 12.1923 -5
    endloop
  endfacet
  facet normal 0 0 -1
    outer loop
      vertex 7.19516 12.2341 -5
      vertex 18 18 -5
      vertex 7.19902 12.2132 -5
    endloop
  endfacet
  facet normal 0 0 -1
    outer loop
      vertex 7.19092 12.2549 -5
      vertex 18 18 -5
      vertex 7.19516 12.2341 -5
    endloop
  endfacet
  facet normal 0 0 -1
    outer loop
      vertex 7.18633 12.2757 -5
      vertex 18 18 -5
      vertex 7.19092 12.2549 -5
    endloop
  endfacet
  facet normal 0 0 -1
    outer loop
      vertex 7.18137 12.2963 -5
      vertex 18 18 -5
      vertex 7.18633 12.2757 -5
    endloop
  endfacet
  facet normal 0 0 -1
    outer loop
      vertex 7.17605 12.3169 -5
      vertex 18 18 -5
      vertex 7.18137 12.2963 -5
    endloop
  endfacet
  facet normal 0 0 -1
    outer loop
      vertex 7.17038 12.3373 -5
      vertex 18 18 -5
      vertex 7.17605 12.3169 -5
    endloop
  endfacet
  facet normal 0 0 -1
    outer loop
      vertex 7.16435 12.3577 -5
      vertex 18 18 -5
      vertex 7.17038 12.3373 -5
    endloop
  endfacet
  facet normal 0 0 -1
    outer loop
      vertex 7.15797 12.3779 -5
      vertex 18 18 -5
      vertex 7.16435 12.3577 -5
    endloop
  endfacet
  facet normal 0 0 -1
    outer loop
      vertex 7.15123 12.3981 -5
      vertex 18 18 -5
      vertex 7.15797 12.3779 -5
    endloop
  endfacet
  facet normal 0 0 -1
    outer loop
      vertex 7.14414 12.4181 -5
      vertex 18 18 -5
      vertex 7.15123 12.3981 -5
    endloop
  endfacet
  facet normal 0 0 -1
    outer loop
      vertex 7.13671 12.438 -5
      vertex 18 18 -5
      vertex 7.14414 12.4181 -5
    endloop
  endfacet
  facet normal 0 0 -1
    outer loop
      vertex 7.12892 12.4577 -5
      vertex 18 18 -5
      vertex 7.13671 12.438 -5
    endloop
  endfacet
  facet normal 0 0 -1
    outer loop
      vertex 7.1208 12.4773 -5
      vertex 18 18 -5
      vertex 7.12892 12.4577 -5
    endloop
  endfacet
  facet normal 0 0 -1
    outer loop
      vertex 7.11233 12.4968 -5
      vertex 18 18 -5
      vertex 7.1208 12.4773 -5
    endloop
  endfacet
  facet normal 0 0 -1
    outer loop
      vertex 7.10353 12.5161 -5
      vertex 18 18 -5
      vertex 7.11233 12.4968 -5
    endloop
  endfacet
  facet normal 0 0 -1
    outer loop
      vertex 7.09439 12.5353 -5
      vertex 18 18 -5
      vertex 7.10353 12.5161 -5
    endloop
  endfacet
  facet normal 0 0 -1
    outer loop
      vertex 7.08491 12.5543 -5
      vertex 18 18 -5
      vertex 7.09439 12.5353 -5
    endloop
  endfacet
  facet normal 0 0 -1
    outer loop
      vertex 7.07511 12.5731 -5
      vertex 18 18 -5
      vertex 7.08491 12.5543 -5
    endloop
  endfacet
  facet normal 0 0 -1
    outer loop
      vertex 7.06498 12.5918 -5
      vertex 18 18 -5
      vertex 7.07511 12.5731 -5
    endloop
  endfacet
  facet normal 0 0 -1
    outer loop
      vertex 7.05452 12.6103 -5
      vertex 18 18 -5
      vertex 7.06498 12.5918 -5
    endloop
  endfacet
  facet normal 0 0 -1
    outer loop
      vertex 7.04375 12.6285 -5
      vertex 18 18 -5
      vertex 7.05452 12.6103 -5
    endloop
  endfacet
  facet normal 0 0 -1
    outer loop
      vertex 7.03266 12.6466 -5
      vertex 18 18 -5
      vertex 7.04375 12.6285 -5
    endloop
  endfacet
  facet normal 0 0 -1
    outer loop
      vertex 7.02125 12.6646 -5
      vertex 18 18 -5
      vertex 7.03266 12.6466 -5
    endloop
  endfacet
  facet normal 0 0 -1
    outer loop
      vertex 7.00953 12.6823 -5
      vertex 18 18 -5
      vertex 7.02125 12.6646 -5
    endloop
  endfacet
  facet normal 0 0 -1
    outer loop
      vertex 6.9975 12.6998 -5
      vertex 18 18 -5
      vertex 7.00953 12.6823 -5
    endloop
  endfacet
  facet normal 0 0 -1
    outer loop
      vertex 6.98517 12.717 -5
      vertex 18 18 -5
      vertex 6.9975 12.6998 -5
    endloop
  endfacet
  facet normal 0 0 -1
    outer loop
      vertex 6.97254 12.7341 -5
      vertex 18 18 -5
      vertex 6.98517 12.717 -5
    endloop
  endfacet
  facet normal 0 0 -1
    outer loop
      vertex 6.95962 12.751 -5
      vertex 18 18 -5
      vertex 6.97254 12.7341 -5
    endloop
  endfacet
  facet normal 0 0 -1
    outer loop
      vertex 6.9464 12.7676 -5
      vertex 18 18 -5
      vertex 6.95962 12.751 -5
    endloop
  endfacet
  facet normal 0 0 -1
    outer loop
      vertex 6.9329 12.784 -5
      vertex 18 18 -5
      vertex 6.9464 12.7676 -5
    endloop
  endfacet
  facet normal 0 0 -1
    outer loop
      vertex 6.91911 12.8001 -5
      vertex 18 18 -5
      vertex 6.9329 12.784 -5
    endloop
  endfacet
  facet normal 0 0 -1
    outer loop
      vertex 6.90504 12.816 -5
      vertex 18 18 -5
      vertex 6.91911 12.8001 -5
    endloop
  endfacet
  facet normal 0 0 -1
    outer loop
      vertex 6.8907 12.8317 -5
      vertex 18 18 -5
      vertex 6.90504 12.816 -5
    endloop
  endfacet
  facet normal 0 0 -1
    outer loop
      vertex 6.87608 12.8471 -5
      vertex 18 18 -5
      vertex 6.8907 12.8317 -5
    endloop
  endfacet
  facet normal 0 0 -1
    outer loop
      vertex 6.8612 12.8622 -5
      vertex 18 18 -5
      vertex 6.87608 12.8471 -5
    endloop
  endfacet
  facet normal 0 0 -1
    outer loop
      vertex 6.84606 12.8771 -5
      vertex 18 18 -5
      vertex 6.8612 12.8622 -5
    endloop
  endfacet
  facet normal 0 0 -1
    outer loop
      vertex 6.83065 12.8917 -5
      vertex 18 18 -5
      vertex 6.84606 12.8771 -5
    endloop
  endfacet
  facet normal 0 0 -1
    outer loop
      vertex 6.815 12.906 -5
      vertex 18 18 -5
      vertex 6.83065 12.8917 -5
    endloop
  endfacet
  facet normal 0 0 -1
    outer loop
      vertex 6.7991 12.9201 -5
      vertex 18 18 -5
      vertex 6.815 12.906 -5
    endloop
  endfacet
  facet normal 0 0 -1
    outer loop
      vertex 6.78295 12.9339 -5
      vertex 18 18 -5
      vertex 6.7991 12.9201 -5
    endloop
  endfacet
  facet normal 0 0 -1
    outer loop
      vertex 6.76657 12.9474 -5
      vertex 18 18 -5
      vertex 6.78295 12.9339 -5
    endloop
  endfacet
  facet normal 0 0 -1
    outer loop
      vertex 6.74996 12.9606 -5
      vertex 18 18 -5
      vertex 6.76657 12.9474 -5
    endloop
  endfacet
  facet normal 0 0 -1
    outer loop
      vertex 6.73311 12.9735 -5
      vertex 18 18 -5
      vertex 6.74996 12.9606 -5
    endloop
  endfacet
  facet normal 0 0 -1
    outer loop
      vertex 6.71604 12.9862 -5
      vertex 18 18 -5
      vertex 6.73311 12.9735 -5
    endloop
  endfacet
  facet normal 0 0 -1
    outer loop
      vertex 6.69876 12.9985 -5
      vertex 18 18 -5
      vertex 6.71604 12.9862 -5
    endloop
  endfacet
  facet normal 0 0 -1
    outer loop
      vertex 6.68126 13.0105 -5
      vertex 18 18 -5
      vertex 6.69876 12.9985 -5
    endloop
  endfacet
  facet normal 0 0 -1
    outer loop
      vertex 6.66356 13.0222 -5
      vertex 18 18 -5
      vertex 6.68126 13.0105 -5
    endloop
  endfacet
  facet normal 0 0 -1
    outer loop
      vertex 6.64565 13.0337 -5
      vertex 18 18 -5
      vertex 6.66356 13.0222 -5
    endloop
  endfacet
  facet normal 0 0 -1
    outer loop
      vertex 6.62755 13.0447 -5
      vertex 18 18 -5
      vertex 6.64565 13.0337 -5
    endloop
  endfacet
  facet normal 0 0 -1
    outer loop
      vertex 6.60925 13.0555 -5
      vertex 18 18 -5
      vertex 6.62755 13.0447 -5
    endloop
  endfacet
  facet normal 0 0 -1
    outer loop
      vertex 6.59077 13.066 -5
      vertex 18 18 -5
      vertex 6.60925 13.0555 -5
    endloop
  endfacet
  facet normal 0 0 -1
    outer loop
      vertex 6.57211 13.0761 -5
      vertex 18 18 -5
      vertex 6.59077 13.066 -5
    endloop
  endfacet
  facet normal 0 0 -1
    outer loop
      vertex 6.55328 13.0859 -5
      vertex 18 18 -5
      vertex 6.57211 13.0761 -5
    endloop
  endfacet
  facet normal 0 0 -1
    outer loop
      vertex 6.53428 13.0954 -5
      vertex 18 18 -5
      vertex 6.55328 13.0859 -5
    endloop
  endfacet
  facet normal 0 0 -1
    outer loop
      vertex 6.51512 13.1045 -5
      vertex 18 18 -5
      vertex 6.53428 13.0954 -5
    endloop
  endfacet
  facet normal 0 0 -1
    outer loop
      vertex 6.4958 13.1133 -5
      vertex 18 18 -5
      vertex 6.51512 13.1045 -5
    endloop
  endfacet
  facet normal 0 0 -1
    outer loop
      vertex 6.47633 13.1218 -5
      vertex 18 18 -5
      vertex 6.4958 13.1133 -5
    endloop
  endfacet
  facet normal 0 0 -1
    outer loop
      vertex 6.45671 13.1299 -5
      vertex 18 18 -5
      vertex 6.47633 13.1218 -5
    endloop
  endfacet
  facet normal 0 0 -1
    outer loop
      vertex 6.43696 13.1377 -5
      vertex 18 18 -5
      vertex 6.45671 13.1299 -5
    endloop
  endfacet
  facet normal 0 0 -1
    outer loop
      vertex 6.41707 13.1451 -5
      vertex 18 18 -5
      vertex 6.43696 13.1377 -5
    endloop
  endfacet
  facet normal 0 0 -1
    outer loop
      vertex 6.39706 13.1522 -5
      vertex 18 18 -5
      vertex 6.41707 13.1451 -5
    endloop
  endfacet
  facet normal 0 0 -1
    outer loop
      vertex 6.37692 13.159 -5
      vertex 18 18 -5
      vertex 6.39706 13.1522 -5
    endloop
  endfacet
  facet normal 0 0 -1
    outer loop
      vertex 6.35667 13.1653 -5
      vertex 18 18 -5
      vertex 6.37692 13.159 -5
    endloop
  endfacet
  facet normal 0 0 -1
    outer loop
      vertex 6.33631 13.1714 -5
      vertex 18 18 -5
      vertex 6.35667 13.1653 -5
    endloop
  endfacet
  facet normal 0 0 -1
    outer loop
      vertex 6.31585 13.1771 -5
      vertex 18 18 -5
      vertex 6.33631 13.1714 -5
    endloop
  endfacet
  facet normal 0 0 -1
    outer loop
      vertex 6.2953 13.1824 -5
      vertex 18 18 -5
      vertex 6.31585 13.1771 -5
    endloop
  endfacet
  facet normal 0 0 -1
    outer loop
      vertex 6.27465 13.1873 -5
      vertex 18 18 -5
      vertex 6.2953 13.1824 -5
    endloop
  endfacet
  facet normal 0 0 -1
    outer loop
      vertex 6.25393 13.1919 -5
      vertex 18 18 -5
      vertex 6.27465 13.1873 -5
    endloop
  endfacet
  facet normal 0 0 -1
    outer loop
      vertex 6.23312 13.1962 -5
      vertex 18 18 -5
      vertex 6.25393 13.1919 -5
    endloop
  endfacet
  facet normal 0 0 -1
    outer loop
      vertex 6.21224 13.2 -5
      vertex 18 18 -5
      vertex 6.23312 13.1962 -5
    endloop
  endfacet
  facet normal 0 0 -1
    outer loop
      vertex 6.1913 13.2035 -5
      vertex 18 18 -5
      vertex 6.21224 13.2 -5
    endloop
  endfacet
  facet normal 0 0 -1
    outer loop
      vertex 6.1703 13.2067 -5
      vertex 18 18 -5
      vertex 6.1913 13.2035 -5
    endloop
  endfacet
  facet normal 0 0 -1
    outer loop
      vertex 6.14925 13.2094 -5
      vertex 18 18 -5
      vertex 6.1703 13.2067 -5
    endloop
  endfacet
  facet normal 0 0 -1
    outer loop
      vertex 6.12816 13.2118 -5
      vertex 18 18 -5
      vertex 6.14925 13.2094 -5
    endloop
  endfacet
  facet normal 0 0 -1
    outer loop
      vertex 6.10702 13.2139 -5
      vertex 18 18 -5
      vertex 6.12816 13.2118 -5
    endloop
  endfacet
  facet normal 0 0 -1
    outer loop
      vertex 6.08586 13.2155 -5
      vertex 18 18 -5
      vertex 6.10702 13.2139 -5
    endloop
  endfacet
  facet normal 0 0 -1
    outer loop
      vertex 6.06467 13.2168 -5
      vertex 18 18 -5
      vertex 6.08586 13.2155 -5
    endloop
  endfacet
  facet normal 0 0 -1
    outer loop
      vertex 6.04345 13.2178 -5
      vertex 18 18 -5
      vertex 6.06467 13.2168 -5
    endloop
  endfacet
  facet normal 0 0 -1
    outer loop
      vertex 6.02223 13.2183 -5
      vertex 18 18 -5
      vertex 6.04345 13.2178 -5
    endloop
  endfacet
  facet normal 0 0 -1
    outer loop
      vertex 6.001 13.2185 -5
      vertex 18 18 -5
      vertex 6.02223 13.2183 -5
    endloop
  endfacet
  facet normal 0 0 -1
    outer loop
      vertex 5.97977 13.2183 -5
      vertex 18 18 -5
      vertex 6.001 13.2185 -5
    endloop
  endfacet
  facet normal 0 0 -1
    outer loop
      vertex 5.95855 13.2178 -5
      vertex 18 18 -5
      vertex 5.97977 13.2183 -5
    endloop
  endfacet
  facet normal 0 0 -1
    outer loop
      vertex 5.93733 13.2168 -5
      vertex 18 18 -5
      vertex 5.95855 13.2178 -5
    endloop
  endfacet
  facet normal 0 0 -1
    outer loop
      vertex 5.91614 13.2155 -5
      vertex 18 18 -5
      vertex 5.93733 13.2168 -5
    endloop
  endfacet
  facet normal 0 0 -1
    outer loop
      vertex 5.89498 13.2139 -5
      vertex 18 18 -5
      vertex 5.91614 13.2155 -5
    endloop
  endfacet
  facet normal 0 0 -1
    outer loop
      vertex 5.87384 13.2118 -5
      vertex 18 18 -5
      vertex 5.89498 13.2139 -5
    endloop
  endfacet
  facet normal 0 0 -1
    outer loop
      vertex 5.85275 13.2094 -5
      vertex 18 18 -5
      vertex 5.87384 13.2118 -5
    endloop
  endfacet
  facet normal 0 0 -1
    outer loop
      vertex 5.8317 13.2067 -5
      vertex 18 18 -5
      vertex 5.85275 13.2094 -5
    endloop
  endfacet
  facet normal 0 0 -1
    outer loop
      vertex 5.8107 13.2035 -5
      vertex 18 18 -5
      vertex 5.8317 13.2067 -5
    endloop
  endfacet
  facet normal 0 0 -1
    outer loop
      vertex 5.78976 13.2 -5
      vertex 18 18 -5
      vertex 5.8107 13.2035 -5
    endloop
  endfacet
  facet normal 0 0 -1
    outer loop
      vertex 5.76888 13.1962 -5
      vertex 18 18 -5
      vertex 5.78976 13.2 -5
    endloop
  endfacet
  facet normal 0 0 -1
    outer loop
      vertex -5.76788 13.1962 -5
      vertex 5.76888 13.1962 -5
      vertex 5.74807 13.1919 -5
    endloop
  endfacet
  facet normal 0 0 -1
    outer loop
      vertex -5.74707 13.1919 -5
      vertex 5.74807 13.1919 -5
      vertex 5.72735 13.1873 -5
    endloop
  endfacet
  facet normal 0 0 -1
    outer loop
      vertex -5.72635 13.1873 -5
      vertex 5.72735 13.1873 -5
      vertex 5.7067 13.1824 -5
    endloop
  endfacet
  facet normal 0 0 -1
    outer loop
      vertex -5.7057 13.1824 -5
      vertex 5.7067 13.1824 -5
      vertex 5.68615 13.1771 -5
    endloop
  endfacet
  facet normal 0 0 -1
    outer loop
      vertex -5.68515 13.1771 -5
      vertex 5.68615 13.1771 -5
      vertex 5.66569 13.1714 -5
    endloop
  endfacet
  facet normal 0 0 -1
    outer loop
      vertex -5.66469 13.1714 -5
      vertex 5.66569 13.1714 -5
      vertex 5.64533 13.1653 -5
    endloop
  endfacet
  facet normal 0 0 -1
    outer loop
      vertex -5.64433 13.1653 -5
      vertex 5.64533 13.1653 -5
      vertex 5.62508 13.159 -5
    endloop
  endfacet
  facet normal 0 0 -1
    outer loop
      vertex -5.62408 13.159 -5
      vertex 5.62508 13.159 -5
      vertex 5.60494 13.1522 -5
    endloop
  endfacet
  facet normal 0 0 -1
    outer loop
      vertex -5.60394 13.1522 -5
      vertex 5.60494 13.1522 -5
      vertex 5.58493 13.1451 -5
    endloop
  endfacet
  facet normal 0 0 -1
    outer loop
      vertex -5.58393 13.1451 -5
      vertex 5.58493 13.1451 -5
      vertex 5.56504 13.1377 -5
    endloop
  endfacet
  facet normal 0 0 -1
    outer loop
      vertex 4.78468 11.9808 -5
      vertex -4.78349 12.002 -5
      vertex 4.78449 12.002 -5
    endloop
  endfacet
  facet normal 0 0 -1
    outer loop
      vertex 4.78449 12.002 -5
      vertex -4.78349 12.002 -5
      vertex 4.78468 12.0232 -5
    endloop
  endfacet
  facet normal 0 0 -1
    outer loop
      vertex -4.78368 12.0232 -5
      vertex 4.78468 12.0232 -5
      vertex -4.78349 12.002 -5
    endloop
  endfacet
  facet normal 0 0 -1
    outer loop
      vertex 4.78468 12.0232 -5
      vertex -4.78368 12.0232 -5
      vertex 4.78523 12.0445 -5
    endloop
  endfacet
  facet normal 0 0 -1
    outer loop
      vertex -4.78424 12.0445 -5
      vertex 4.78523 12.0445 -5
      vertex -4.78368 12.0232 -5
    endloop
  endfacet
  facet normal 0 0 -1
    outer loop
      vertex 4.78523 12.0445 -5
      vertex -4.78424 12.0445 -5
      vertex 4.78616 12.0657 -5
    endloop
  endfacet
  facet normal 0 0 -1
    outer loop
      vertex -4.78516 12.0657 -5
      vertex 4.78616 12.0657 -5
      vertex -4.78424 12.0445 -5
    endloop
  endfacet
  facet normal 0 0 -1
    outer loop
      vertex 4.78616 12.0657 -5
      vertex -4.78516 12.0657 -5
      vertex 4.78746 12.0869 -5
    endloop
  endfacet
  facet normal 0 0 -1
    outer loop
      vertex -4.78646 12.0869 -5
      vertex 4.78746 12.0869 -5
      vertex -4.78516 12.0657 -5
    endloop
  endfacet
  facet normal 0 0 -1
    outer loop
      vertex 4.78746 12.0869 -5
      vertex -4.78646 12.0869 -5
      vertex 4.78912 12.108 -5
    endloop
  endfacet
  facet normal 0 0 -1
    outer loop
      vertex -4.78812 12.108 -5
      vertex 4.78912 12.108 -5
      vertex -4.78646 12.0869 -5
    endloop
  endfacet
  facet normal 0 0 -1
    outer loop
      vertex 4.78912 12.108 -5
      vertex -4.78812 12.108 -5
      vertex 4.79116 12.1292 -5
    endloop
  endfacet
  facet normal 0 0 -1
    outer loop
      vertex -4.79016 12.1292 -5
      vertex 4.79116 12.1292 -5
      vertex -4.78812 12.108 -5
    endloop
  endfacet
  facet normal 0 0 -1
    outer loop
      vertex 4.79116 12.1292 -5
      vertex -4.79016 12.1292 -5
      vertex 4.79356 12.1503 -5
    endloop
  endfacet
  facet normal 0 0 -1
    outer loop
      vertex -4.79256 12.1503 -5
      vertex 4.79356 12.1503 -5
      vertex -4.79016 12.1292 -5
    endloop
  endfacet
  facet normal 0 0 -1
    outer loop
      vertex 4.79356 12.1503 -5
      vertex -4.79256 12.1503 -5
      vertex 4.79633 12.1713 -5
    endloop
  endfacet
  facet normal 0 0 -1
    outer loop
      vertex -4.79533 12.1713 -5
      vertex 4.79633 12.1713 -5
      vertex -4.79256 12.1503 -5
    endloop
  endfacet
  facet normal 0 0 -1
    outer loop
      vertex 4.79633 12.1713 -5
      vertex -4.79533 12.1713 -5
      vertex 4.79947 12.1923 -5
    endloop
  endfacet
  facet normal 0 0 -1
    outer loop
      vertex -4.79847 12.1923 -5
      vertex 4.79947 12.1923 -5
      vertex -4.79533 12.1713 -5
    endloop
  endfacet
  facet normal 0 0 -1
    outer loop
      vertex 4.79947 12.1923 -5
      vertex -4.79847 12.1923 -5
      vertex 4.80298 12.2132 -5
    endloop
  endfacet
  facet normal 0 0 -1
    outer loop
      vertex -4.80198 12.2132 -5
      vertex 4.80298 12.2132 -5
      vertex -4.79847 12.1923 -5
    endloop
  endfacet
  facet normal 0 0 -1
    outer loop
      vertex 4.80298 12.2132 -5
      vertex -4.80198 12.2132 -5
      vertex 4.80684 12.2341 -5
    endloop
  endfacet
  facet normal 0 0 -1
    outer loop
      vertex -4.80584 12.2341 -5
      vertex 4.80684 12.2341 -5
      vertex -4.80198 12.2132 -5
    endloop
  endfacet
  facet normal 0 0 -1
    outer loop
      vertex 4.80684 12.2341 -5
      vertex -4.80584 12.2341 -5
      vertex 4.81108 12.2549 -5
    endloop
  endfacet
  facet normal 0 0 -1
    outer loop
      vertex -4.81008 12.2549 -5
      vertex 4.81108 12.2549 -5
      vertex -4.80584 12.2341 -5
    endloop
  endfacet
  facet normal 0 0 -1
    outer loop
      vertex 4.81108 12.2549 -5
      vertex -4.81008 12.2549 -5
      vertex 4.81567 12.2757 -5
    endloop
  endfacet
  facet normal 0 0 -1
    outer loop
      vertex -4.81467 12.2757 -5
      vertex 4.81567 12.2757 -5
      vertex -4.81008 12.2549 -5
    endloop
  endfacet
  facet normal 0 0 -1
    outer loop
      vertex 4.81567 12.2757 -5
      vertex -4.81467 12.2757 -5
      vertex 4.82063 12.2963 -5
    endloop
  endfacet
  facet normal 0 0 -1
    outer loop
      vertex -4.81963 12.2963 -5
      vertex 4.82063 12.2963 -5
      vertex -4.81467 12.2757 -5
    endloop
  endfacet
  facet normal 0 0 -1
    outer loop
      vertex 4.82063 12.2963 -5
      vertex -4.81963 12.2963 -5
      vertex 4.82595 12.3169 -5
    endloop
  endfacet
  facet normal 0 0 -1
    outer loop
      vertex -4.82495 12.3169 -5
      vertex 4.82595 12.3169 -5
      vertex -4.81963 12.2963 -5
    endloop
  endfacet
  facet normal 0 0 -1
    outer loop
      vertex 4.82595 12.3169 -5
      vertex -4.82495 12.3169 -5
      vertex 4.83162 12.3373 -5
    endloop
  endfacet
  facet normal 0 0 -1
    outer loop
      vertex -4.83062 12.3373 -5
      vertex 4.83162 12.3373 -5
      vertex -4.82495 12.3169 -5
    endloop
  endfacet
  facet normal 0 0 -1
    outer loop
      vertex 4.83162 12.3373 -5
      vertex -4.83062 12.3373 -5
      vertex 4.83765 12.3577 -5
    endloop
  endfacet
  facet normal 0 0 -1
    outer loop
      vertex -4.83665 12.3577 -5
      vertex 4.83765 12.3577 -5
      vertex -4.83062 12.3373 -5
    endloop
  endfacet
  facet normal 0 0 -1
    outer loop
      vertex 4.83765 12.3577 -5
      vertex -4.83665 12.3577 -5
      vertex 4.84403 12.3779 -5
    endloop
  endfacet
  facet normal 0 0 -1
    outer loop
      vertex -4.84303 12.3779 -5
      vertex 4.84403 12.3779 -5
      vertex -4.83665 12.3577 -5
    endloop
  endfacet
  facet normal 0 0 -1
    outer loop
      vertex 4.84403 12.3779 -5
      vertex -4.84303 12.3779 -5
      vertex 4.85077 12.3981 -5
    endloop
  endfacet
  facet normal 0 0 -1
    outer loop
      vertex -4.84977 12.3981 -5
      vertex 4.85077 12.3981 -5
      vertex -4.84303 12.3779 -5
    endloop
  endfacet
  facet normal 0 0 -1
    outer loop
      vertex 4.85077 12.3981 -5
      vertex -4.84977 12.3981 -5
      vertex 4.85786 12.4181 -5
    endloop
  endfacet
  facet normal 0 0 -1
    outer loop
      vertex -4.85686 12.4181 -5
      vertex 4.85786 12.4181 -5
      vertex -4.84977 12.3981 -5
    endloop
  endfacet
  facet normal 0 0 -1
    outer loop
      vertex 4.85786 12.4181 -5
      vertex -4.85686 12.4181 -5
      vertex 4.86529 12.438 -5
    endloop
  endfacet
  facet normal 0 0 -1
    outer loop
      vertex -4.86429 12.438 -5
      vertex 4.86529 12.438 -5
      vertex -4.85686 12.4181 -5
    endloop
  endfacet
  facet normal 0 0 -1
    outer loop
      vertex 4.86529 12.438 -5
      vertex -4.86429 12.438 -5
      vertex 4.87308 12.4577 -5
    endloop
  endfacet
  facet normal 0 0 -1
    outer loop
      vertex -4.87208 12.4577 -5
      vertex 4.87308 12.4577 -5
      vertex -4.86429 12.438 -5
    endloop
  endfacet
  facet normal 0 0 -1
    outer loop
      vertex 4.87308 12.4577 -5
      vertex -4.87208 12.4577 -5
      vertex 4.8812 12.4773 -5
    endloop
  endfacet
  facet normal 0 0 -1
    outer loop
      vertex -4.8802 12.4773 -5
      vertex 4.8812 12.4773 -5
      vertex -4.87208 12.4577 -5
    endloop
  endfacet
  facet normal 0 0 -1
    outer loop
      vertex 4.8812 12.4773 -5
      vertex -4.8802 12.4773 -5
      vertex 4.88967 12.4968 -5
    endloop
  endfacet
  facet normal 0 0 -1
    outer loop
      vertex -4.88867 12.4968 -5
      vertex 4.88967 12.4968 -5
      vertex -4.8802 12.4773 -5
    endloop
  endfacet
  facet normal 0 0 -1
    outer loop
      vertex 4.88967 12.4968 -5
      vertex -4.88867 12.4968 -5
      vertex 4.89847 12.5161 -5
    endloop
  endfacet
  facet normal 0 0 -1
    outer loop
      vertex -4.89747 12.5161 -5
      vertex 4.89847 12.5161 -5
      vertex -4.88867 12.4968 -5
    endloop
  endfacet
  facet normal 0 0 -1
    outer loop
      vertex 4.89847 12.5161 -5
      vertex -4.89747 12.5161 -5
      vertex 4.90761 12.5353 -5
    endloop
  endfacet
  facet normal 0 0 -1
    outer loop
      vertex -4.90661 12.5353 -5
      vertex 4.90761 12.5353 -5
      vertex -4.89747 12.5161 -5
    endloop
  endfacet
  facet normal 0 0 -1
    outer loop
      vertex 4.90761 12.5353 -5
      vertex -4.90661 12.5353 -5
      vertex 4.91709 12.5543 -5
    endloop
  endfacet
  facet normal 0 0 -1
    outer loop
      vertex -4.91609 12.5543 -5
      vertex 4.91709 12.5543 -5
      vertex -4.90661 12.5353 -5
    endloop
  endfacet
  facet normal 0 0 -1
    outer loop
      vertex 4.91709 12.5543 -5
      vertex -4.91609 12.5543 -5
      vertex 4.92689 12.5731 -5
    endloop
  endfacet
  facet normal 0 0 -1
    outer loop
      vertex -4.92589 12.5731 -5
      vertex 4.92689 12.5731 -5
      vertex -4.91609 12.5543 -5
    endloop
  endfacet
  facet normal 0 0 -1
    outer loop
      vertex 4.92689 12.5731 -5
      vertex -4.92589 12.5731 -5
      vertex 4.93702 12.5918 -5
    endloop
  endfacet
  facet normal 0 0 -1
    outer loop
      vertex -4.93602 12.5918 -5
      vertex 4.93702 12.5918 -5
      vertex -4.92589 12.5731 -5
    endloop
  endfacet
  facet normal 0 0 -1
    outer loop
      vertex 4.93702 12.5918 -5
      vertex -4.93602 12.5918 -5
      vertex 4.94747 12.6103 -5
    endloop
  endfacet
  facet normal 0 0 -1
    outer loop
      vertex -4.94648 12.6103 -5
      vertex 4.94747 12.6103 -5
      vertex -4.93602 12.5918 -5
    endloop
  endfacet
  facet normal 0 0 -1
    outer loop
      vertex 4.94747 12.6103 -5
      vertex -4.94648 12.6103 -5
      vertex 4.95825 12.6285 -5
    endloop
  endfacet
  facet normal 0 0 -1
    outer loop
      vertex -4.95725 12.6285 -5
      vertex 4.95825 12.6285 -5
      vertex -4.94648 12.6103 -5
    endloop
  endfacet
  facet normal 0 0 -1
    outer loop
      vertex 4.95825 12.6285 -5
      vertex -4.95725 12.6285 -5
      vertex 4.96934 12.6466 -5
    endloop
  endfacet
  facet normal 0 0 -1
    outer loop
      vertex -4.96834 12.6466 -5
      vertex 4.96934 12.6466 -5
      vertex -4.95725 12.6285 -5
    endloop
  endfacet
  facet normal 0 0 -1
    outer loop
      vertex 4.96934 12.6466 -5
      vertex -4.96834 12.6466 -5
      vertex 4.98075 12.6646 -5
    endloop
  endfacet
  facet normal 0 0 -1
    outer loop
      vertex -4.97975 12.6646 -5
      vertex 4.98075 12.6646 -5
      vertex -4.96834 12.6466 -5
    endloop
  endfacet
  facet normal 0 0 -1
    outer loop
      vertex 4.98075 12.6646 -5
      vertex -4.97975 12.6646 -5
      vertex 4.99247 12.6823 -5
    endloop
  endfacet
  facet normal 0 0 -1
    outer loop
      vertex -4.99147 12.6823 -5
      vertex 4.99247 12.6823 -5
      vertex -4.97975 12.6646 -5
    endloop
  endfacet
  facet normal 0 0 -1
    outer loop
      vertex 4.99247 12.6823 -5
      vertex -4.99147 12.6823 -5
      vertex 5.0045 12.6998 -5
    endloop
  endfacet
  facet normal 0 0 -1
    outer loop
      vertex -5.0035 12.6998 -5
      vertex 5.0045 12.6998 -5
      vertex -4.99147 12.6823 -5
    endloop
  endfacet
  facet normal 0 0 -1
    outer loop
      vertex 5.0045 12.6998 -5
      vertex -5.0035 12.6998 -5
      vertex 5.01683 12.717 -5
    endloop
  endfacet
  facet normal 0 0 -1
    outer loop
      vertex -5.01583 12.717 -5
      vertex 5.01683 12.717 -5
      vertex -5.0035 12.6998 -5
    endloop
  endfacet
  facet normal 0 0 -1
    outer loop
      vertex 5.01683 12.717 -5
      vertex -5.01583 12.717 -5
      vertex 5.02946 12.7341 -5
    endloop
  endfacet
  facet normal 0 0 -1
    outer loop
      vertex -5.02846 12.7341 -5
      vertex 5.02946 12.7341 -5
      vertex -5.01583 12.717 -5
    endloop
  endfacet
  facet normal 0 0 -1
    outer loop
      vertex 5.02946 12.7341 -5
      vertex -5.02846 12.7341 -5
      vertex 5.04238 12.751 -5
    endloop
  endfacet
  facet normal 0 0 -1
    outer loop
      vertex -5.04138 12.751 -5
      vertex 5.04238 12.751 -5
      vertex -5.02846 12.7341 -5
    endloop
  endfacet
  facet normal 0 0 -1
    outer loop
      vertex 5.04238 12.751 -5
      vertex -5.04138 12.751 -5
      vertex 5.0556 12.7676 -5
    endloop
  endfacet
  facet normal 0 0 -1
    outer loop
      vertex -5.0546 12.7676 -5
      vertex 5.0556 12.7676 -5
      vertex -5.04138 12.751 -5
    endloop
  endfacet
  facet normal 0 0 -1
    outer loop
      vertex 5.0556 12.7676 -5
      vertex -5.0546 12.7676 -5
      vertex 5.0691 12.784 -5
    endloop
  endfacet
  facet normal 0 0 -1
    outer loop
      vertex -5.0681 12.784 -5
      vertex 5.0691 12.784 -5
      vertex -5.0546 12.7676 -5
    endloop
  endfacet
  facet normal 0 0 -1
    outer loop
      vertex 5.0691 12.784 -5
      vertex -5.0681 12.784 -5
      vertex 5.08289 12.8001 -5
    endloop
  endfacet
  facet normal 0 0 -1
    outer loop
      vertex -5.08189 12.8001 -5
      vertex 5.08289 12.8001 -5
      vertex -5.0681 12.784 -5
    endloop
  endfacet
  facet normal 0 0 -1
    outer loop
      vertex 5.08289 12.8001 -5
      vertex -5.08189 12.8001 -5
      vertex 5.09696 12.816 -5
    endloop
  endfacet
  facet normal 0 0 -1
    outer loop
      vertex -5.09596 12.816 -5
      vertex 5.09696 12.816 -5
      vertex -5.08189 12.8001 -5
    endloop
  endfacet
  facet normal 0 0 -1
    outer loop
      vertex 5.09696 12.816 -5
      vertex -5.09596 12.816 -5
      vertex 5.1113 12.8317 -5
    endloop
  endfacet
  facet normal 0 0 -1
    outer loop
      vertex -5.1103 12.8317 -5
      vertex 5.1113 12.8317 -5
      vertex -5.09596 12.816 -5
    endloop
  endfacet
  facet normal 0 0 -1
    outer loop
      vertex 5.1113 12.8317 -5
      vertex -5.1103 12.8317 -5
      vertex 5.12592 12.8471 -5
    endloop
  endfacet
  facet normal 0 0 -1
    outer loop
      vertex -5.12492 12.8471 -5
      vertex 5.12592 12.8471 -5
      vertex -5.1103 12.8317 -5
    endloop
  endfacet
  facet normal 0 0 -1
    outer loop
      vertex 5.12592 12.8471 -5
      vertex -5.12492 12.8471 -5
      vertex 5.1408 12.8622 -5
    endloop
  endfacet
  facet normal 0 0 -1
    outer loop
      vertex -5.1398 12.8622 -5
      vertex 5.1408 12.8622 -5
      vertex -5.12492 12.8471 -5
    endloop
  endfacet
  facet normal 0 0 -1
    outer loop
      vertex 5.1408 12.8622 -5
      vertex -5.1398 12.8622 -5
      vertex 5.15594 12.8771 -5
    endloop
  endfacet
  facet normal 0 0 -1
    outer loop
      vertex -5.15494 12.8771 -5
      vertex 5.15594 12.8771 -5
      vertex -5.1398 12.8622 -5
    endloop
  endfacet
  facet normal 0 0 -1
    outer loop
      vertex 5.15594 12.8771 -5
      vertex -5.15494 12.8771 -5
      vertex 5.17135 12.8917 -5
    endloop
  endfacet
  facet normal 0 0 -1
    outer loop
      vertex -5.17035 12.8917 -5
      vertex 5.17135 12.8917 -5
      vertex -5.15494 12.8771 -5
    endloop
  endfacet
  facet normal 0 0 -1
    outer loop
      vertex 5.17135 12.8917 -5
      vertex -5.17035 12.8917 -5
      vertex 5.187 12.906 -5
    endloop
  endfacet
  facet normal 0 0 -1
    outer loop
      vertex -5.186 12.906 -5
      vertex 5.187 12.906 -5
      vertex -5.17035 12.8917 -5
    endloop
  endfacet
  facet normal 0 0 -1
    outer loop
      vertex 5.187 12.906 -5
      vertex -5.186 12.906 -5
      vertex 5.2029 12.9201 -5
    endloop
  endfacet
  facet normal 0 0 -1
    outer loop
      vertex -5.2019 12.9201 -5
      vertex 5.2029 12.9201 -5
      vertex -5.186 12.906 -5
    endloop
  endfacet
  facet normal 0 0 -1
    outer loop
      vertex 5.2029 12.9201 -5
      vertex -5.2019 12.9201 -5
      vertex 5.21905 12.9339 -5
    endloop
  endfacet
  facet normal 0 0 -1
    outer loop
      vertex -5.21805 12.9339 -5
      vertex 5.21905 12.9339 -5
      vertex -5.2019 12.9201 -5
    endloop
  endfacet
  facet normal 0 0 -1
    outer loop
      vertex 5.21905 12.9339 -5
      vertex -5.21805 12.9339 -5
      vertex 5.23543 12.9474 -5
    endloop
  endfacet
  facet normal 0 0 -1
    outer loop
      vertex -5.23443 12.9474 -5
      vertex 5.23543 12.9474 -5
      vertex -5.21805 12.9339 -5
    endloop
  endfacet
  facet normal 0 0 -1
    outer loop
      vertex 5.23543 12.9474 -5
      vertex -5.23443 12.9474 -5
      vertex 5.25204 12.9606 -5
    endloop
  endfacet
  facet normal 0 0 -1
    outer loop
      vertex -5.25104 12.9606 -5
      vertex 5.25204 12.9606 -5
      vertex -5.23443 12.9474 -5
    endloop
  endfacet
  facet normal 0 0 -1
    outer loop
      vertex 5.25204 12.9606 -5
      vertex -5.25104 12.9606 -5
      vertex 5.26889 12.9735 -5
    endloop
  endfacet
  facet normal 0 0 -1
    outer loop
      vertex -5.26789 12.9735 -5
      vertex 5.26889 12.9735 -5
      vertex -5.25104 12.9606 -5
    endloop
  endfacet
  facet normal 0 0 -1
    outer loop
      vertex 5.26889 12.9735 -5
      vertex -5.26789 12.9735 -5
      vertex 5.28596 12.9862 -5
    endloop
  endfacet
  facet normal 0 0 -1
    outer loop
      vertex -5.28496 12.9862 -5
      vertex 5.28596 12.9862 -5
      vertex -5.26789 12.9735 -5
    endloop
  endfacet
  facet normal 0 0 -1
    outer loop
      vertex 5.28596 12.9862 -5
      vertex -5.28496 12.9862 -5
      vertex 5.30324 12.9985 -5
    endloop
  endfacet
  facet normal 0 0 -1
    outer loop
      vertex -5.30224 12.9985 -5
      vertex 5.30324 12.9985 -5
      vertex -5.28496 12.9862 -5
    endloop
  endfacet
  facet normal 0 0 -1
    outer loop
      vertex 5.30324 12.9985 -5
      vertex -5.30224 12.9985 -5
      vertex 5.32074 13.0105 -5
    endloop
  endfacet
  facet normal 0 0 -1
    outer loop
      vertex -5.31974 13.0105 -5
      vertex 5.32074 13.0105 -5
      vertex -5.30224 12.9985 -5
    endloop
  endfacet
  facet normal 0 0 -1
    outer loop
      vertex 5.32074 13.0105 -5
      vertex -5.31974 13.0105 -5
      vertex 5.33844 13.0222 -5
    endloop
  endfacet
  facet normal 0 0 -1
    outer loop
      vertex -5.33744 13.0222 -5
      vertex 5.33844 13.0222 -5
      vertex -5.31974 13.0105 -5
    endloop
  endfacet
  facet normal 0 0 -1
    outer loop
      vertex 5.33844 13.0222 -5
      vertex -5.33744 13.0222 -5
      vertex 5.35635 13.0337 -5
    endloop
  endfacet
  facet normal 0 0 -1
    outer loop
      vertex -5.35535 13.0337 -5
      vertex 5.35635 13.0337 -5
      vertex -5.33744 13.0222 -5
    endloop
  endfacet
  facet normal 0 0 -1
    outer loop
      vertex 5.35635 13.0337 -5
      vertex -5.35535 13.0337 -5
      vertex 5.37445 13.0447 -5
    endloop
  endfacet
  facet normal 0 0 -1
    outer loop
      vertex -5.37345 13.0447 -5
      vertex 5.37445 13.0447 -5
      vertex -5.35535 13.0337 -5
    endloop
  endfacet
  facet normal 0 0 -1
    outer loop
      vertex 5.37445 13.0447 -5
      vertex -5.37345 13.0447 -5
      vertex 5.39275 13.0555 -5
    endloop
  endfacet
  facet normal 0 0 -1
    outer loop
      vertex -5.39175 13.0555 -5
      vertex 5.39275 13.0555 -5
      vertex -5.37345 13.0447 -5
    endloop
  endfacet
  facet normal 0 0 -1
    outer loop
      vertex 5.39275 13.0555 -5
      vertex -5.39175 13.0555 -5
      vertex 5.41123 13.066 -5
    endloop
  endfacet
  facet normal 0 0 -1
    outer loop
      vertex -5.41023 13.066 -5
      vertex 5.41123 13.066 -5
      vertex -5.39175 13.0555 -5
    endloop
  endfacet
  facet normal 0 0 -1
    outer loop
      vertex 5.41123 13.066 -5
      vertex -5.41023 13.066 -5
      vertex 5.42989 13.0761 -5
    endloop
  endfacet
  facet normal 0 0 -1
    outer loop
      vertex -5.42889 13.0761 -5
      vertex 5.42989 13.0761 -5
      vertex -5.41023 13.066 -5
    endloop
  endfacet
  facet normal 0 0 -1
    outer loop
      vertex 5.42989 13.0761 -5
      vertex -5.42889 13.0761 -5
      vertex 5.44872 13.0859 -5
    endloop
  endfacet
  facet normal 0 0 -1
    outer loop
      vertex -5.44772 13.0859 -5
      vertex 5.44872 13.0859 -5
      vertex -5.42889 13.0761 -5
    endloop
  endfacet
  facet normal 0 0 -1
    outer loop
      vertex 5.44872 13.0859 -5
      vertex -5.44772 13.0859 -5
      vertex 5.46772 13.0954 -5
    endloop
  endfacet
  facet normal 0 0 -1
    outer loop
      vertex -5.46672 13.0954 -5
      vertex 5.46772 13.0954 -5
      vertex -5.44772 13.0859 -5
    endloop
  endfacet
  facet normal 0 0 -1
    outer loop
      vertex 5.46772 13.0954 -5
      vertex -5.46672 13.0954 -5
      vertex 5.48688 13.1045 -5
    endloop
  endfacet
  facet normal 0 0 -1
    outer loop
      vertex -5.48588 13.1045 -5
      vertex 5.48688 13.1045 -5
      vertex -5.46672 13.0954 -5
    endloop
  endfacet
  facet normal 0 0 -1
    outer loop
      vertex 5.48688 13.1045 -5
      vertex -5.48588 13.1045 -5
      vertex 5.5062 13.1133 -5
    endloop
  endfacet
  facet normal 0 0 -1
    outer loop
      vertex -5.5052 13.1133 -5
      vertex 5.5062 13.1133 -5
      vertex -5.48588 13.1045 -5
    endloop
  endfacet
  facet normal 0 0 -1
    outer loop
      vertex 5.5062 13.1133 -5
      vertex -5.5052 13.1133 -5
      vertex 5.52567 13.1218 -5
    endloop
  endfacet
  facet normal 0 0 -1
    outer loop
      vertex -5.52467 13.1218 -5
      vertex 5.52567 13.1218 -5
      vertex -5.5052 13.1133 -5
    endloop
  endfacet
  facet normal 0 0 -1
    outer loop
      vertex 5.52567 13.1218 -5
      vertex -5.52467 13.1218 -5
      vertex 5.54529 13.1299 -5
    endloop
  endfacet
  facet normal 0 0 -1
    outer loop
      vertex -5.54429 13.1299 -5
      vertex 5.54529 13.1299 -5
      vertex -5.52467 13.1218 -5
    endloop
  endfacet
  facet normal 0 0 -1
    outer loop
      vertex 5.54529 13.1299 -5
      vertex -5.54429 13.1299 -5
      vertex 5.56504 13.1377 -5
    endloop
  endfacet
  facet normal 0 0 -1
    outer loop
      vertex -5.56404 13.1377 -5
      vertex 5.56504 13.1377 -5
      vertex -5.54429 13.1299 -5
    endloop
  endfacet
  facet normal 0 0 -1
    outer loop
      vertex -5.58393 13.1451 -5
      vertex 5.56504 13.1377 -5
      vertex -5.56404 13.1377 -5
    endloop
  endfacet
  facet normal 0 0 -1
    outer loop
      vertex 5.58493 13.1451 -5
      vertex -5.58393 13.1451 -5
      vertex -5.60394 13.1522 -5
    endloop
  endfacet
  facet normal 0 0 -1
    outer loop
      vertex 5.60494 13.1522 -5
      vertex -5.60394 13.1522 -5
      vertex -5.62408 13.159 -5
    endloop
  endfacet
  facet normal 0 0 -1
    outer loop
      vertex 5.62508 13.159 -5
      vertex -5.62408 13.159 -5
      vertex -5.64433 13.1653 -5
    endloop
  endfacet
  facet normal 0 0 -1
    outer loop
      vertex 5.64533 13.1653 -5
      vertex -5.64433 13.1653 -5
      vertex -5.66469 13.1714 -5
    endloop
  endfacet
  facet normal 0 0 -1
    outer loop
      vertex 5.66569 13.1714 -5
      vertex -5.66469 13.1714 -5
      vertex -5.68515 13.1771 -5
    endloop
  endfacet
  facet normal 0 0 -1
    outer loop
      vertex 5.68615 13.1771 -5
      vertex -5.68515 13.1771 -5
      vertex -5.7057 13.1824 -5
    endloop
  endfacet
  facet normal 0 0 -1
    outer loop
      vertex 5.7067 13.1824 -5
      vertex -5.7057 13.1824 -5
      vertex -5.72635 13.1873 -5
    endloop
  endfacet
  facet normal 0 0 -1
    outer loop
      vertex 5.72735 13.1873 -5
      vertex -5.72635 13.1873 -5
      vertex -5.74707 13.1919 -5
    endloop
  endfacet
  facet normal 0 0 -1
    outer loop
      vertex 5.74807 13.1919 -5
      vertex -5.74707 13.1919 -5
      vertex -5.76788 13.1962 -5
    endloop
  endfacet
  facet normal 0 0 -1
    outer loop
      vertex 5.76888 13.1962 -5
      vertex -5.76788 13.1962 -5
      vertex 18 18 -5
    endloop
  endfacet
  facet normal 0 0 -1
    outer loop
      vertex -5.78876 13.2 -5
      vertex 18 18 -5
      vertex -5.76788 13.1962 -5
    endloop
  endfacet
  facet normal 0 0 -1
    outer loop
      vertex -5.8097 13.2035 -5
      vertex 18 18 -5
      vertex -5.78876 13.2 -5
    endloop
  endfacet
  facet normal 0 0 -1
    outer loop
      vertex -18 18 -5
      vertex -5.8097 13.2035 -5
      vertex -5.8307 13.2067 -5
    endloop
  endfacet
  facet normal 0 0 -1
    outer loop
      vertex -18 18 -5
      vertex -5.8307 13.2067 -5
      vertex -5.85175 13.2094 -5
    endloop
  endfacet
  facet normal 0 0 -1
    outer loop
      vertex -18 18 -5
      vertex -5.85175 13.2094 -5
      vertex -5.87284 13.2118 -5
    endloop
  endfacet
  facet normal 0 0 -1
    outer loop
      vertex -18 18 -5
      vertex -5.87284 13.2118 -5
      vertex -5.89398 13.2139 -5
    endloop
  endfacet
  facet normal 0 0 -1
    outer loop
      vertex -18 18 -5
      vertex -5.89398 13.2139 -5
      vertex -5.91514 13.2155 -5
    endloop
  endfacet
  facet normal 0 0 -1
    outer loop
      vertex -18 18 -5
      vertex -5.91514 13.2155 -5
      vertex -5.93633 13.2168 -5
    endloop
  endfacet
  facet normal 0 0 -1
    outer loop
      vertex -18 18 -5
      vertex -5.93633 13.2168 -5
      vertex -5.95755 13.2178 -5
    endloop
  endfacet
  facet normal 0 0 -1
    outer loop
      vertex -18 18 -5
      vertex -5.95755 13.2178 -5
      vertex -5.97877 13.2183 -5
    endloop
  endfacet
  facet normal 0 0 -1
    outer loop
      vertex -18 18 -5
      vertex -5.97877 13.2183 -5
      vertex -6 13.2185 -5
    endloop
  endfacet
  facet normal 0 0 -1
    outer loop
      vertex -18 18 -5
      vertex -6 13.2185 -5
      vertex -6.02123 13.2183 -5
    endloop
  endfacet
  facet normal 0 0 -1
    outer loop
      vertex -18 18 -5
      vertex -6.02123 13.2183 -5
      vertex -6.04245 13.2178 -5
    endloop
  endfacet
  facet normal 0 0 -1
    outer loop
      vertex -18 18 -5
      vertex -6.04245 13.2178 -5
      vertex -6.06367 13.2168 -5
    endloop
  endfacet
  facet normal 0 0 -1
    outer loop
      vertex -18 18 -5
      vertex -6.06367 13.2168 -5
      vertex -6.08486 13.2155 -5
    endloop
  endfacet
  facet normal 0 0 -1
    outer loop
      vertex -18 18 -5
      vertex -6.08486 13.2155 -5
      vertex -6.10602 13.2139 -5
    endloop
  endfacet
  facet normal 0 0 -1
    outer loop
      vertex -18 18 -5
      vertex -6.10602 13.2139 -5
      vertex -6.12716 13.2118 -5
    endloop
  endfacet
  facet normal 0 0 -1
    outer loop
      vertex -18 18 -5
      vertex -6.12716 13.2118 -5
      vertex -6.14825 13.2094 -5
    endloop
  endfacet
  facet normal 0 0 -1
    outer loop
      vertex -18 18 -5
      vertex -6.14825 13.2094 -5
      vertex -6.1693 13.2067 -5
    endloop
  endfacet
  facet normal 0 0 -1
    outer loop
      vertex -18 18 -5
      vertex -6.1693 13.2067 -5
      vertex -6.1903 13.2035 -5
    endloop
  endfacet
  facet normal 0 0 -1
    outer loop
      vertex -18 18 -5
      vertex -6.1903 13.2035 -5
      vertex -6.21124 13.2 -5
    endloop
  endfacet
  facet normal 0 0 -1
    outer loop
      vertex -18 18 -5
      vertex -6.21124 13.2 -5
      vertex -6.23212 13.1962 -5
    endloop
  endfacet
  facet normal 0 0 -1
    outer loop
      vertex -7.21632 11.9808 -5
      vertex -18 18 -5
      vertex -7.21651 12.002 -5
    endloop
  endfacet
  facet normal 0 0 -1
    outer loop
      vertex -7.21651 12.002 -5
      vertex -18 18 -5
      vertex -7.21632 12.0232 -5
    endloop
  endfacet
  facet normal 0 0 -1
    outer loop
      vertex -7.21632 12.0232 -5
      vertex -18 18 -5
      vertex -7.21576 12.0445 -5
    endloop
  endfacet
  facet normal 0 0 -1
    outer loop
      vertex -7.21576 12.0445 -5
      vertex -18 18 -5
      vertex -7.21484 12.0657 -5
    endloop
  endfacet
  facet normal 0 0 -1
    outer loop
      vertex -7.21484 12.0657 -5
      vertex -18 18 -5
      vertex -7.21354 12.0869 -5
    endloop
  endfacet
  facet normal 0 0 -1
    outer loop
      vertex -7.21354 12.0869 -5
      vertex -18 18 -5
      vertex -7.21188 12.108 -5
    endloop
  endfacet
  facet normal 0 0 -1
    outer loop
      vertex -7.21188 12.108 -5
      vertex -18 18 -5
      vertex -7.20984 12.1292 -5
    endloop
  endfacet
  facet normal 0 0 -1
    outer loop
      vertex -7.20984 12.1292 -5
      vertex -18 18 -5
      vertex -7.20744 12.1503 -5
    endloop
  endfacet
  facet normal 0 0 -1
    outer loop
      vertex -7.20744 12.1503 -5
      vertex -18 18 -5
      vertex -7.20467 12.1713 -5
    endloop
  endfacet
  facet normal 0 0 -1
    outer loop
      vertex -7.20467 12.1713 -5
      vertex -18 18 -5
      vertex -7.20153 12.1923 -5
    endloop
  endfacet
  facet normal 0 0 -1
    outer loop
      vertex -7.20153 12.1923 -5
      vertex -18 18 -5
      vertex -7.19802 12.2132 -5
    endloop
  endfacet
  facet normal 0 0 -1
    outer loop
      vertex -7.19802 12.2132 -5
      vertex -18 18 -5
      vertex -7.19416 12.2341 -5
    endloop
  endfacet
  facet normal 0 0 -1
    outer loop
      vertex -7.19416 12.2341 -5
      vertex -18 18 -5
      vertex -7.18992 12.2549 -5
    endloop
  endfacet
  facet normal 0 0 -1
    outer loop
      vertex -7.18992 12.2549 -5
      vertex -18 18 -5
      vertex -7.18533 12.2757 -5
    endloop
  endfacet
  facet normal 0 0 -1
    outer loop
      vertex -7.18533 12.2757 -5
      vertex -18 18 -5
      vertex -7.18037 12.2963 -5
    endloop
  endfacet
  facet normal 0 0 -1
    outer loop
      vertex -7.18037 12.2963 -5
      vertex -18 18 -5
      vertex -7.17505 12.3169 -5
    endloop
  endfacet
  facet normal 0 0 -1
    outer loop
      vertex -7.17505 12.3169 -5
      vertex -18 18 -5
      vertex -7.16938 12.3373 -5
    endloop
  endfacet
  facet normal 0 0 -1
    outer loop
      vertex -7.16938 12.3373 -5
      vertex -18 18 -5
      vertex -7.16335 12.3577 -5
    endloop
  endfacet
  facet normal 0 0 -1
    outer loop
      vertex -7.16335 12.3577 -5
      vertex -18 18 -5
      vertex -7.15697 12.3779 -5
    endloop
  endfacet
  facet normal 0 0 -1
    outer loop
      vertex -7.15697 12.3779 -5
      vertex -18 18 -5
      vertex -7.15023 12.3981 -5
    endloop
  endfacet
  facet normal 0 0 -1
    outer loop
      vertex -5.8097 13.2035 -5
      vertex -18 18 -5
      vertex 18 18 -5
    endloop
  endfacet
  facet normal 0 0 -1
    outer loop
      vertex -6.25293 13.1919 -5
      vertex -18 18 -5
      vertex -6.23212 13.1962 -5
    endloop
  endfacet
  facet normal 0 0 -1
    outer loop
      vertex -6.27365 13.1873 -5
      vertex -18 18 -5
      vertex -6.25293 13.1919 -5
    endloop
  endfacet
  facet normal 0 0 -1
    outer loop
      vertex -6.2943 13.1824 -5
      vertex -18 18 -5
      vertex -6.27365 13.1873 -5
    endloop
  endfacet
  facet normal 0 0 -1
    outer loop
      vertex -6.31485 13.1771 -5
      vertex -18 18 -5
      vertex -6.2943 13.1824 -5
    endloop
  endfacet
  facet normal 0 0 -1
    outer loop
      vertex -6.33531 13.1714 -5
      vertex -18 18 -5
      vertex -6.31485 13.1771 -5
    endloop
  endfacet
  facet normal 0 0 -1
    outer loop
      vertex -6.35567 13.1653 -5
      vertex -18 18 -5
      vertex -6.33531 13.1714 -5
    endloop
  endfacet
  facet normal 0 0 -1
    outer loop
      vertex -6.37592 13.159 -5
      vertex -18 18 -5
      vertex -6.35567 13.1653 -5
    endloop
  endfacet
  facet normal 0 0 -1
    outer loop
      vertex -6.39606 13.1522 -5
      vertex -18 18 -5
      vertex -6.37592 13.159 -5
    endloop
  endfacet
  facet normal 0 0 -1
    outer loop
      vertex -6.41607 13.1451 -5
      vertex -18 18 -5
      vertex -6.39606 13.1522 -5
    endloop
  endfacet
  facet normal 0 0 -1
    outer loop
      vertex -6.43596 13.1377 -5
      vertex -18 18 -5
      vertex -6.41607 13.1451 -5
    endloop
  endfacet
  facet normal 0 0 -1
    outer loop
      vertex -6.45571 13.1299 -5
      vertex -18 18 -5
      vertex -6.43596 13.1377 -5
    endloop
  endfacet
  facet normal 0 0 -1
    outer loop
      vertex -6.47533 13.1218 -5
      vertex -18 18 -5
      vertex -6.45571 13.1299 -5
    endloop
  endfacet
  facet normal 0 0 -1
    outer loop
      vertex -6.4948 13.1133 -5
      vertex -18 18 -5
      vertex -6.47533 13.1218 -5
    endloop
  endfacet
  facet normal 0 0 -1
    outer loop
      vertex -6.51412 13.1045 -5
      vertex -18 18 -5
      vertex -6.4948 13.1133 -5
    endloop
  endfacet
  facet normal 0 0 -1
    outer loop
      vertex -6.53328 13.0954 -5
      vertex -18 18 -5
      vertex -6.51412 13.1045 -5
    endloop
  endfacet
  facet normal 0 0 -1
    outer loop
      vertex -6.55228 13.0859 -5
      vertex -18 18 -5
      vertex -6.53328 13.0954 -5
    endloop
  endfacet
  facet normal 0 0 -1
    outer loop
      vertex -6.57111 13.0761 -5
      vertex -18 18 -5
      vertex -6.55228 13.0859 -5
    endloop
  endfacet
  facet normal 0 0 -1
    outer loop
      vertex -6.58977 13.066 -5
      vertex -18 18 -5
      vertex -6.57111 13.0761 -5
    endloop
  endfacet
  facet normal 0 0 -1
    outer loop
      vertex -6.60825 13.0555 -5
      vertex -18 18 -5
      vertex -6.58977 13.066 -5
    endloop
  endfacet
  facet normal 0 0 -1
    outer loop
      vertex -6.62655 13.0447 -5
      vertex -18 18 -5
      vertex -6.60825 13.0555 -5
    endloop
  endfacet
  facet normal 0 0 -1
    outer loop
      vertex -6.64465 13.0337 -5
      vertex -18 18 -5
      vertex -6.62655 13.0447 -5
    endloop
  endfacet
  facet normal 0 0 -1
    outer loop
      vertex -6.66256 13.0222 -5
      vertex -18 18 -5
      vertex -6.64465 13.0337 -5
    endloop
  endfacet
  facet normal 0 0 -1
    outer loop
      vertex -6.68026 13.0105 -5
      vertex -18 18 -5
      vertex -6.66256 13.0222 -5
    endloop
  endfacet
  facet normal 0 0 -1
    outer loop
      vertex -6.69776 12.9985 -5
      vertex -18 18 -5
      vertex -6.68026 13.0105 -5
    endloop
  endfacet
  facet normal 0 0 -1
    outer loop
      vertex -6.71504 12.9862 -5
      vertex -18 18 -5
      vertex -6.69776 12.9985 -5
    endloop
  endfacet
  facet normal 0 0 -1
    outer loop
      vertex -6.73211 12.9735 -5
      vertex -18 18 -5
      vertex -6.71504 12.9862 -5
    endloop
  endfacet
  facet normal 0 0 -1
    outer loop
      vertex -6.74896 12.9606 -5
      vertex -18 18 -5
      vertex -6.73211 12.9735 -5
    endloop
  endfacet
  facet normal 0 0 -1
    outer loop
      vertex -6.76557 12.9474 -5
      vertex -18 18 -5
      vertex -6.74896 12.9606 -5
    endloop
  endfacet
  facet normal 0 0 -1
    outer loop
      vertex -6.78195 12.9339 -5
      vertex -18 18 -5
      vertex -6.76557 12.9474 -5
    endloop
  endfacet
  facet normal 0 0 -1
    outer loop
      vertex -6.7981 12.9201 -5
      vertex -18 18 -5
      vertex -6.78195 12.9339 -5
    endloop
  endfacet
  facet normal 0 0 -1
    outer loop
      vertex -6.814 12.906 -5
      vertex -18 18 -5
      vertex -6.7981 12.9201 -5
    endloop
  endfacet
  facet normal 0 0 -1
    outer loop
      vertex -6.82965 12.8917 -5
      vertex -18 18 -5
      vertex -6.814 12.906 -5
    endloop
  endfacet
  facet normal 0 0 -1
    outer loop
      vertex -6.84506 12.8771 -5
      vertex -18 18 -5
      vertex -6.82965 12.8917 -5
    endloop
  endfacet
  facet normal 0 0 -1
    outer loop
      vertex -6.8602 12.8622 -5
      vertex -18 18 -5
      vertex -6.84506 12.8771 -5
    endloop
  endfacet
  facet normal 0 0 -1
    outer loop
      vertex -6.87508 12.8471 -5
      vertex -18 18 -5
      vertex -6.8602 12.8622 -5
    endloop
  endfacet
  facet normal 0 0 -1
    outer loop
      vertex -6.8897 12.8317 -5
      vertex -18 18 -5
      vertex -6.87508 12.8471 -5
    endloop
  endfacet
  facet normal 0 0 -1
    outer loop
      vertex -6.90404 12.816 -5
      vertex -18 18 -5
      vertex -6.8897 12.8317 -5
    endloop
  endfacet
  facet normal 0 0 -1
    outer loop
      vertex -6.91811 12.8001 -5
      vertex -18 18 -5
      vertex -6.90404 12.816 -5
    endloop
  endfacet
  facet normal 0 0 -1
    outer loop
      vertex -6.9319 12.784 -5
      vertex -18 18 -5
      vertex -6.91811 12.8001 -5
    endloop
  endfacet
  facet normal 0 0 -1
    outer loop
      vertex -6.9454 12.7676 -5
      vertex -18 18 -5
      vertex -6.9319 12.784 -5
    endloop
  endfacet
  facet normal 0 0 -1
    outer loop
      vertex -6.95862 12.751 -5
      vertex -18 18 -5
      vertex -6.9454 12.7676 -5
    endloop
  endfacet
  facet normal 0 0 -1
    outer loop
      vertex -6.97154 12.7341 -5
      vertex -18 18 -5
      vertex -6.95862 12.751 -5
    endloop
  endfacet
  facet normal 0 0 -1
    outer loop
      vertex -6.98417 12.717 -5
      vertex -18 18 -5
      vertex -6.97154 12.7341 -5
    endloop
  endfacet
  facet normal 0 0 -1
    outer loop
      vertex -6.9965 12.6998 -5
      vertex -18 18 -5
      vertex -6.98417 12.717 -5
    endloop
  endfacet
  facet normal 0 0 -1
    outer loop
      vertex -7.00853 12.6823 -5
      vertex -18 18 -5
      vertex -6.9965 12.6998 -5
    endloop
  endfacet
  facet normal 0 0 -1
    outer loop
      vertex -7.02025 12.6646 -5
      vertex -18 18 -5
      vertex -7.00853 12.6823 -5
    endloop
  endfacet
  facet normal 0 0 -1
    outer loop
      vertex -7.03166 12.6466 -5
      vertex -18 18 -5
      vertex -7.02025 12.6646 -5
    endloop
  endfacet
  facet normal 0 0 -1
    outer loop
      vertex -7.04275 12.6285 -5
      vertex -18 18 -5
      vertex -7.03166 12.6466 -5
    endloop
  endfacet
  facet normal 0 0 -1
    outer loop
      vertex -7.05352 12.6103 -5
      vertex -18 18 -5
      vertex -7.04275 12.6285 -5
    endloop
  endfacet
  facet normal 0 0 -1
    outer loop
      vertex -7.06398 12.5918 -5
      vertex -18 18 -5
      vertex -7.05352 12.6103 -5
    endloop
  endfacet
  facet normal 0 0 -1
    outer loop
      vertex -7.07411 12.5731 -5
      vertex -18 18 -5
      vertex -7.06398 12.5918 -5
    endloop
  endfacet
  facet normal 0 0 -1
    outer loop
      vertex -7.08391 12.5543 -5
      vertex -18 18 -5
      vertex -7.07411 12.5731 -5
    endloop
  endfacet
  facet normal 0 0 -1
    outer loop
      vertex -7.09339 12.5353 -5
      vertex -18 18 -5
      vertex -7.08391 12.5543 -5
    endloop
  endfacet
  facet normal 0 0 -1
    outer loop
      vertex -7.10253 12.5161 -5
      vertex -18 18 -5
      vertex -7.09339 12.5353 -5
    endloop
  endfacet
  facet normal 0 0 -1
    outer loop
      vertex -7.11133 12.4968 -5
      vertex -18 18 -5
      vertex -7.10253 12.5161 -5
    endloop
  endfacet
  facet normal 0 0 -1
    outer loop
      vertex -7.1198 12.4773 -5
      vertex -18 18 -5
      vertex -7.11133 12.4968 -5
    endloop
  endfacet
  facet normal 0 0 -1
    outer loop
      vertex -7.12792 12.4577 -5
      vertex -18 18 -5
      vertex -7.1198 12.4773 -5
    endloop
  endfacet
  facet normal 0 0 -1
    outer loop
      vertex -7.13571 12.438 -5
      vertex -18 18 -5
      vertex -7.12792 12.4577 -5
    endloop
  endfacet
  facet normal 0 0 -1
    outer loop
      vertex -7.14314 12.4181 -5
      vertex -18 18 -5
      vertex -7.13571 12.438 -5
    endloop
  endfacet
  facet normal 0 0 -1
    outer loop
      vertex -7.15023 12.3981 -5
      vertex -18 18 -5
      vertex -7.14314 12.4181 -5
    endloop
  endfacet
  facet normal -1 0 0
    outer loop
      vertex -18 -18 -5
      vertex -18 18 5
      vertex -18 18 -5
    endloop
  endfacet
  facet normal -1 -0 0
    outer loop
      vertex -18 18 5
      vertex -18 -18 -5
      vertex -18 -18 5
    endloop
  endfacet
  facet normal 0 1 -0
    outer loop
      vertex 18 18 -5
      vertex -18 18 5
      vertex 18 18 5
    endloop
  endfacet
  facet normal 0 1 0
    outer loop
      vertex -18 18 5
      vertex 18 18 -5
      vertex -18 18 -5
    endloop
  endfacet
  facet normal 0 -1 0
    outer loop
      vertex -18 -18 -5
      vertex 18 -18 5
      vertex -18 -18 5
    endloop
  endfacet
  facet normal 0 -1 -0
    outer loop
      vertex 18 -18 5
      vertex -18 -18 -5
      vertex 18 -18 -5
    endloop
  endfacet
endsolid OpenSCAD_Model
